Nome Super;Faturamento Sup.;Faturamento Pad.;Economia ICMS;Pago a Maior ICMS;Pago a menor ICMS;Alíquota Incorreta;CST;CFOP;NCM;Alíquota PIS/COFINS;CST PIS/COFINS;Risco PIS;Risco COFINS;Monofásico;Alíquota Zero;Mês;Ano;CBENEF;Situação;Cidade;Envio;Padaria;Tipo Cliente;ID;Categoria
AÇOUGUE DO PEDRO;392555,07;0;0;42,65;29,12;16;4;3;0;6;6;2,6;11,88;0;32,38;7;2026;178;ATIVO;TRINDADE;Dia 10;NÃO;SUPERMERCADO;130;BRONZE
AÇOUGUE DO PEDRO;372532,1;0;0;1,48;20,4;24;2;2;0;5;5;0,65;0;0;10,77;6;2026;166;ATIVO;TRINDADE;Dia 10;NÃO;SUPERMERCADO;130;BRONZE
AÇOUGUE DO PEDRO;354664,36;0;0;7,34;52,97;47;1;1;0;11;67;3,36;15,45;0;62,49;5;2026;81;ATIVO;TRINDADE;Dia 10;NÃO;SUPERMERCADO;130;BRONZE
AÇOUGUE DO PEDRO;349388;0;0;14,68;54,9;9;2;1;0;4;4;0,99;3,29;0;5,59;8;2026;162;ATIVO;TRINDADE;Dia 10;NÃO;SUPERMERCADO;130;BRONZE
AÇOUGUE DO PEDRO;345714,67;0;0;27,63;1696,1;969;1;1;0;17;198;5,82;26,68;0;0;3;2026;0;ATIVO;TRINDADE;Dia 10;NÃO;SUPERMERCADO;130;BRONZE
AÇOUGUE DO PEDRO;330876,57;0;0;16,01;1371,93;763;112;0;0;15;125;3,64;16,79;0;76;4;2026;0;ATIVO;TRINDADE;Dia 10;NÃO;SUPERMERCADO;130;BRONZE
AÇOUGUE DO PEDRO;221429,86;0;0;1507,12;861,3;133;55;30;15;928;216;380,25;526,53;14,65;20,44;11;2025;68;ATIVO;TRINDADE;Dia 10;NÃO;SUPERMERCADO;130;BRONZE
AMM OLIVEIRA - BRUNO´S SUPER;412505,41;0;0;211,69;151,6;78;51;22;0;47;64;17,17;78,87;33,71;69,21;12;2024;38;INATIVO;GOIÂNIA;Dia 30;NÃO;SUPERMERCADO;60;BRONZE
AMM OLIVEIRA - BRUNO´S SUPER;381363,26;0;0;235,07;67,42;61;30;1;192;61;64;10,44;47,83;10,25;151,89;9;2024;48;INATIVO;GOIÂNIA;Dia 30;NÃO;SUPERMERCADO;60;BRONZE
AMM OLIVEIRA - BRUNO´S SUPER;378539,53;0;0;169,93;135,34;55;40;17;0;40;54;11,63;53,54;4,32;74,5;11;2024;24;INATIVO;GOIÂNIA;Dia 30;NÃO;SUPERMERCADO;60;BRONZE
AMM OLIVEIRA - BRUNO´S SUPER;369928,1;0;0;105,13;86,58;51;35;12;195;35;58;7,45;34,49;12,72;70,71;10;2024;27;INATIVO;GOIÂNIA;Dia 30;NÃO;SUPERMERCADO;60;BRONZE
AMM OLIVEIRA - BRUNO´S SUPER;358934,54;0;0;255,7;221,27;109;70;21;186;94;118;25,85;119,13;16,19;153,31;8;2024;78;INATIVO;GOIÂNIA;Dia 30;NÃO;SUPERMERCADO;60;BRONZE
AMM OLIVEIRA - BRUNO´S SUPER;345829,57;0;0;803,95;329,83;135;98;30;182;146;173;45,69;210,81;21,79;682,79;7;2024;91;INATIVO;GOIÂNIA;Dia 30;NÃO;SUPERMERCADO;60;BRONZE
AMM OLIVEIRA - BRUNO´S SUPER;339170,77;0;0;661,04;290,63;103;65;17;189;105;126;45,08;207,76;13,68;582,8;6;2024;71;INATIVO;GOIÂNIA;Dia 30;NÃO;SUPERMERCADO;60;BRONZE
AMM OLIVEIRA - BRUNO´S SUPER;338507,3;0;0;564,34;276,72;92;44;13;192;91;115;39,24;180,97;14,61;536,57;5;2024;65;INATIVO;GOIÂNIA;Dia 30;NÃO;SUPERMERCADO;60;BRONZE
AMM OLIVEIRA - BRUNO´S SUPER;331534,51;0;0;3073,31;1566,64;564;197;121;182;1066;1066;0;0;795,51;18486,81;3;2024;239;INATIVO;GOIÂNIA;Dia 30;NÃO;SUPERMERCADO;60;BRONZE
AMM OLIVEIRA - BRUNO´S SUPER;322772,45;0;0;3058,7;1563,13;564;199;122;168;1101;1101;0;0;844,25;18433,1;1;2024;245;INATIVO;GOIÂNIA;Dia 30;NÃO;SUPERMERCADO;60;BRONZE
AMM OLIVEIRA - BRUNO´S SUPER;309411,67;0;0;2983,05;1583,34;583;211;129;167;1078;1078;0;0;729,05;17260,99;2;2024;260;INATIVO;GOIÂNIA;Dia 30;NÃO;SUPERMERCADO;60;BRONZE
AMM OLIVEIRA - BRUNO´S SUPER;305452,54;0;0;2635,69;1625,27;569;204;132;164;1057;1057;0;0;775,78;17185,13;12;2023;217;INATIVO;GOIÂNIA;Dia 30;NÃO;SUPERMERCADO;60;BRONZE
AMM OLIVEIRA - BRUNO´S SUPER;287640,21;0;0;1951,68;1681,57;1457;195;114;180;900;902;17,9;82,72;394,26;9500,33;4;2024;214;INATIVO;GOIÂNIA;Dia 30;NÃO;SUPERMERCADO;60;BRONZE
AMM OLIVEIRA - BRUNO´S SUPER;190657,4;0;0;1455,34;1371,12;631;221;148;138;1101;965;78,22;378,72;386,59;8263,55;11;2023;207;INATIVO;GOIÂNIA;Dia 30;NÃO;SUPERMERCADO;60;BRONZE
AMM OLIVEIRA - BRUNO´S SUPER;80997,63;0;0;2448,39;1240,94;479;164;82;119;416;217;133,73;646,08;3,98;266,73;9;2023;196;INATIVO;GOIÂNIA;Dia 30;NÃO;SUPERMERCADO;60;BRONZE
ARMARINHOS ANA;990676,41;0;0;1202,68;141,37;118;82;12;0;1484;1782;630,76;2987,03;3,01;255,7;12;2025;285;ATIVO;PARAÚNA;Dia 30;NÃO;SUPERMERCADO;228;BRONZE
ARMARINHOS ANA;980368,45;0;0;2102,55;375,27;284;96;14;0;969;1354;600,65;2811,55;3,65;149,03;5;2025;340;ATIVO;PARAÚNA;Dia 30;NÃO;SUPERMERCADO;228;BRONZE
ARMARINHOS ANA;944268,18;0;0;1616,69;263,37;270;89;7;0;1014;1410;604,1;2846,3;0;220,95;4;2025;357;ATIVO;PARAÚNA;Dia 30;NÃO;SUPERMERCADO;228;BRONZE
ARMARINHOS ANA;937906,39;0;0;3283,96;136,3;246;95;8;0;880;987;437,83;2052,28;2,36;200,79;1;2026;480;ATIVO;PARAÚNA;Dia 30;NÃO;SUPERMERCADO;228;BRONZE
ARMARINHOS ANA;936179,31;0;0;1559,03;83,25;284;81;7;0;992;1385;450,03;2230,4;0,73;112,95;3;2025;370;ATIVO;PARAÚNA;Dia 30;NÃO;SUPERMERCADO;228;BRONZE
ARMARINHOS ANA;911447,83;0;0;1333,28;284,48;274;108;12;0;972;1359;419,46;2036,62;5,22;169,9;7;2025;360;ATIVO;PARAÚNA;Dia 30;NÃO;SUPERMERCADO;228;BRONZE
ARMARINHOS ANA;869452,11;0;0;1087,12;97,73;112;73;6;0;1507;1887;526,59;2504,21;1,46;233,77;10;2025;279;ATIVO;PARAÚNA;Dia 30;NÃO;SUPERMERCADO;228;BRONZE
ARMARINHOS ANA;866451,78;0;0;1186,07;127,62;303;92;7;0;951;1269;491,47;2313,53;4,49;130,45;8;2025;394;ATIVO;PARAÚNA;Dia 30;NÃO;SUPERMERCADO;228;BRONZE
ARMARINHOS ANA;839839,47;0;0;299,74;103,58;111;81;4;0;959;1082;0;2150,58;3,78;249,53;7;2026;307;ATIVO;PARAÚNA;Dia 30;NÃO;SUPERMERCADO;228;BRONZE
ARMARINHOS ANA;827438,88;0;0;458,67;188,49;124;83;6;0;944;1074;438,68;2077,81;3,43;288,09;6;2026;300;ATIVO;PARAÚNA;Dia 30;NÃO;SUPERMERCADO;228;BRONZE
ARMARINHOS ANA;827385,01;0;0;1830,4;349,51;254;101;12;0;909;1294;494,46;2319,42;6,68;172,64;6;2025;323;ATIVO;PARAÚNA;Dia 30;NÃO;SUPERMERCADO;228;BRONZE
ARMARINHOS ANA;823763,87;0;0;1078,4;107,28;225;77;9;0;1004;1260;482,93;2269,88;1,46;106,71;9;2025;311;ATIVO;PARAÚNA;Dia 30;NÃO;SUPERMERCADO;228;BRONZE
ARMARINHOS ANA;823460,27;0;0;714,14;120,47;149;105;6;0;961;1082;474,05;2248,12;3,56;302,8;3;2026;331;ATIVO;PARAÚNA;Dia 30;NÃO;SUPERMERCADO;228;BRONZE
ARMARINHOS ANA;820413,41;0;0;524,04;302,99;134;86;9;0;992;1;465,82;2209,51;2,34;304,31;5;2026;304;ATIVO;PARAÚNA;Dia 30;NÃO;SUPERMERCADO;228;BRONZE
ARMARINHOS ANA;809946,5;0;0;3752,36;6678,83;3442;1028;47;0;4267;3467;1089,43;5361,23;1,02;1,96;2;2025;1651;ATIVO;PARAÚNA;Dia 30;NÃO;SUPERMERCADO;228;BRONZE
ARMARINHOS ANA;808155,91;0;0;977,46;152,75;121;80;15;0;1892;2385;630,72;2975,1;0,73;178,28;11;2025;282;ATIVO;PARAÚNA;Dia 30;NÃO;SUPERMERCADO;228;BRONZE
ARMARINHOS ANA;802465,35;0;0;556,75;247,76;123;84;7;0;977;1105;484,26;2291,46;3,22;294,74;4;2026;285;ATIVO;PARAÚNA;Dia 30;NÃO;SUPERMERCADO;228;BRONZE
ARMARINHOS ANA;760271,55;0;0;827,31;51,54;142;91;4;0;899;1002;423,76;2002,58;0;271,04;2;2026;339;ATIVO;PARAÚNA;Dia 30;NÃO;SUPERMERCADO;228;BRONZE
ATACAREJO SUPER MARQUES;3053086,13;0;0;497,86;43,18;16;6;1;0;0;0;0;0;0;0;5;2025;9;ATIVO;PLANALTINA;Dia 30;NÃO;SUPERMERCADO;211;BRONZE
ATACAREJO SUPER MARQUES;3044178,29;0;0;1152,77;147,15;23;11;2;0;0;0;0;0;0;0;7;2025;15;ATIVO;PLANALTINA;Dia 30;NÃO;SUPERMERCADO;211;BRONZE
ATACAREJO SUPER MARQUES;3001873,99;0;0;164,74;37,25;31;8;0;0;0;0;0;0;0;0;5;2026;21;ATIVO;PLANALTINA;Dia 30;NÃO;SUPERMERCADO;211;BRONZE
ATACAREJO SUPER MARQUES;2991714,32;0;0;55,35;373,11;38;16;0;19;0;0;0;0;0;0;7;2024;15;ATIVO;PLANALTINA;Dia 30;NÃO;SUPERMERCADO;211;BRONZE
ATACAREJO SUPER MARQUES;2925642,96;0;0;389,55;623,65;41;32;0;0;0;0;0;0;0;0;7;2026;29;ATIVO;PLANALTINA;Dia 30;NÃO;SUPERMERCADO;211;BRONZE
ATACAREJO SUPER MARQUES;2912195,48;0;0;50,71;496,51;14;5;0;0;0;0;0;0;0;0;4;2025;9;ATIVO;PLANALTINA;Dia 30;NÃO;SUPERMERCADO;211;BRONZE
ATACAREJO SUPER MARQUES;2840413,66;0;0;284,67;328,69;40;11;0;0;0;0;0;0;0;0;3;2025;24;ATIVO;PLANALTINA;Dia 30;NÃO;SUPERMERCADO;211;BRONZE
ATACAREJO SUPER MARQUES;2837234,44;0;0;920,73;114,45;40;9;2;0;0;0;0;0;0;0;8;2025;15;ATIVO;PLANALTINA;Dia 30;NÃO;SUPERMERCADO;211;BRONZE
ATACAREJO SUPER MARQUES;2806566,38;0;0;60,85;801,14;17;58;1;19;0;0;0;0;0;0;8;2024;9;ATIVO;PLANALTINA;Dia 30;NÃO;SUPERMERCADO;211;BRONZE
ATACAREJO SUPER MARQUES;2806464,89;0;0;530,94;188,91;38;102;2;0;0;0;0;0;0;0;12;2024;25;ATIVO;PLANALTINA;Dia 30;NÃO;SUPERMERCADO;211;BRONZE
ATACAREJO SUPER MARQUES;2769430,81;0;0;309,68;472,17;53;6;1;20;0;0;0;0;0;0;6;2024;15;ATIVO;PLANALTINA;Dia 30;NÃO;SUPERMERCADO;211;BRONZE
ATACAREJO SUPER MARQUES;2763466,33;0;0;577,91;340,08;40;30;0;0;0;0;0;0;0;0;6;2026;32;ATIVO;PLANALTINA;Dia 30;NÃO;SUPERMERCADO;211;BRONZE
ATACAREJO SUPER MARQUES;2761384,37;0;0;347,74;399,24;62;96;7;25;0;0;0;0;0;0;5;2024;14;ATIVO;PLANALTINA;Dia 30;NÃO;SUPERMERCADO;211;BRONZE
ATACAREJO SUPER MARQUES;2728545,57;0;0;1072,09;140,8;50;19;0;0;0;0;19175,89;88526,23;0;0;4;2026;36;ATIVO;PLANALTINA;Dia 30;NÃO;SUPERMERCADO;211;BRONZE
ATACAREJO SUPER MARQUES;2715041,85;0;0;110,72;11,6;5;0;0;0;0;0;0;0;0;0;10;2025;0;ATIVO;PLANALTINA;Dia 30;NÃO;SUPERMERCADO;211;BRONZE
ATACAREJO SUPER MARQUES;2712515,74;0;0;603,86;262,93;49;20;3;0;0;0;0;0;0;0;1;2025;44;ATIVO;PLANALTINA;Dia 30;NÃO;SUPERMERCADO;211;BRONZE
ATACAREJO SUPER MARQUES;2709556,98;0;0;324,15;293,87;33;97;0;0;0;0;0;0;0;0;11;2024;24;ATIVO;PLANALTINA;Dia 30;NÃO;SUPERMERCADO;211;BRONZE
ATACAREJO SUPER MARQUES;2707353,46;0;0;280,32;156,25;19;11;2;0;0;0;0;0;0;0;6;2025;11;ATIVO;PLANALTINA;Dia 30;NÃO;SUPERMERCADO;211;BRONZE
ATACAREJO SUPER MARQUES;2699017,11;0;0;209,45;96,26;30;575;0;28;0;0;0;0;0;0;12;2023;29;ATIVO;PLANALTINA;Dia 30;NÃO;SUPERMERCADO;211;BRONZE
ATACAREJO SUPER MARQUES;2681544,13;0;0;546,53;103,54;5;2;1;0;0;0;0;0;0;0;11;2025;2;ATIVO;PLANALTINA;Dia 30;NÃO;SUPERMERCADO;211;BRONZE
ATACAREJO SUPER MARQUES;2669909,73;0;0;133,7;74,69;22;546;1;28;0;0;0;0;0;0;1;2024;27;ATIVO;PLANALTINA;Dia 30;NÃO;SUPERMERCADO;211;BRONZE
ATACAREJO SUPER MARQUES;2659679,97;0;0;193,08;2538,42;10;4;0;0;0;0;0;0;0;0;12;2025;5;ATIVO;PLANALTINA;Dia 30;NÃO;SUPERMERCADO;211;BRONZE
ATACAREJO SUPER MARQUES;2657207,24;0;0;262,73;859,07;47;2;7;19;0;0;0;0;0;0;8;2023;1105;ATIVO;PLANALTINA;Dia 30;NÃO;SUPERMERCADO;211;BRONZE
ATACAREJO SUPER MARQUES;2646595,92;0;0;1027,87;114,78;41;16;1;0;0;0;0;0;0;0;3;2026;31;ATIVO;PLANALTINA;Dia 30;NÃO;SUPERMERCADO;211;BRONZE
ATACAREJO SUPER MARQUES;2614668,23;0;0;654,89;328,47;26;5;0;0;0;0;0;0;0;0;1;2026;23;ATIVO;PLANALTINA;Dia 30;NÃO;SUPERMERCADO;211;BRONZE
ATACAREJO SUPER MARQUES;2605143,98;0;0;546,8;655,68;45;15;1;0;0;0;0;0;0;0;2;2025;32;ATIVO;PLANALTINA;Dia 30;NÃO;SUPERMERCADO;211;BRONZE
ATACAREJO SUPER MARQUES;2604975,65;0;0;102,1;131,35;21;552;0;27;0;0;0;0;0;0;2;2024;44;ATIVO;PLANALTINA;Dia 30;NÃO;SUPERMERCADO;211;BRONZE
ATACAREJO SUPER MARQUES;2575007,84;0;0;30,09;272,97;37;1;0;15;0;0;0;0;0;0;9;2023;1115;ATIVO;PLANALTINA;Dia 30;NÃO;SUPERMERCADO;211;BRONZE
ATACAREJO SUPER MARQUES;2510817,23;0;0;98,69;549,45;58;92;0;23;0;0;0;0;0;0;4;2024;7;ATIVO;PLANALTINA;Dia 30;NÃO;SUPERMERCADO;211;BRONZE
ATACAREJO SUPER MARQUES;2444551,49;0;0;27,7;208,54;14;463;0;12;0;0;0;0;0;0;10;2023;1029;ATIVO;PLANALTINA;Dia 30;NÃO;SUPERMERCADO;211;BRONZE
ATACAREJO SUPER MARQUES;2429753,11;0;0;739,71;587,79;31;5;0;0;0;0;0;0;0;0;2;2026;25;ATIVO;PLANALTINA;Dia 30;NÃO;SUPERMERCADO;211;BRONZE
ATACAREJO SUPER MARQUES;2394219,19;0;0;700,55;48,48;26;0;0;13;0;0;0;0;0;0;11;2023;29;ATIVO;PLANALTINA;Dia 30;NÃO;SUPERMERCADO;211;BRONZE
ATACAREJO SUPER MARQUES;2321634,59;0;0;67,13;51,13;227;2;0;26;0;0;0;0;0;0;3;2024;5;ATIVO;PLANALTINA;Dia 30;NÃO;SUPERMERCADO;211;BRONZE
ATACAREJO SUPER MARQUES;2241422,76;0;0;3650,16;2565,03;296;43;20;196;0;0;0;0;0;0;5;2023;1034;ATIVO;PLANALTINA;Dia 30;NÃO;SUPERMERCADO;211;BRONZE
ATACAREJO SUPER MARQUES;2220799,37;0;0;1860,9;3501,63;395;71;19;288;0;0;0;0;0;0;6;2023;0;ATIVO;PLANALTINA;Dia 30;NÃO;SUPERMERCADO;211;BRONZE
ATACAREJO SUPER MARQUES;252466,78;0;0;232,98;1129,11;118;19;2;22;0;0;0;0;0;0;7;2023;1067;ATIVO;PLANALTINA;Dia 30;NÃO;SUPERMERCADO;211;BRONZE
ATACAREJO 3M LTDA;74789,2;0;0;411,5;102,74;123;45;9;1;277;367;112,84;520,71;1,8;150,74;11;2024;219;INATIVO;APARECIDA DE GOIÂNIA;Dia 10;NÃO;SUPERMERCADO;47;INATIVO
ATACAREJO 3M LTDA;74689,66;0;0;2334,44;112,9;241;46;22;0;299;372;150,49;695,58;9,72;591,47;8;2024;252;INATIVO;APARECIDA DE GOIÂNIA;Dia 10;NÃO;SUPERMERCADO;47;INATIVO
ATACAREJO 3M LTDA;60242,46;0;0;595,33;112,58;150;45;12;0;222;286;118,7;547,05;5,4;182,5;9;2024;226;INATIVO;APARECIDA DE GOIÂNIA;Dia 10;NÃO;SUPERMERCADO;47;INATIVO
ATACAREJO 3M LTDA;56509,8;0;0;502,3;115,32;163;52;23;0;289;372;113,48;523,85;5,4;157,82;10;2024;231;INATIVO;APARECIDA DE GOIÂNIA;Dia 10;NÃO;SUPERMERCADO;47;INATIVO
B MAIS SUPERMERCADO;6566668,72;0;0;247,13;113,28;50;9;1;0;66;67;578,8;3198,78;157,7;621,26;8;2025;481;ATIVO;NERÓPOLIS;Dia 30;NÃO;SUPERMERCADO;230;OURO
B MAIS SUPERMERCADO;6211627,89;0;0;2316,29;7351,8;390;102;6;641;4415;4458;219,4;1014,69;17074,08;320623,98;3;2025;399;ATIVO;NERÓPOLIS;Dia 30;NÃO;SUPERMERCADO;230;OURO
B MAIS SUPERMERCADO;6116658,76;0;0;1130,92;1903,46;305;82;1;0;3157;3174;356,35;1693,48;4436,81;76187,4;4;2025;426;ATIVO;NERÓPOLIS;Dia 30;NÃO;SUPERMERCADO;230;OURO
B MAIS SUPERMERCADO;6097074,01;0;0;38,81;68,8;15;6;0;0;14;15;28,34;163,69;9,99;94,77;3;2026;64;ATIVO;NERÓPOLIS;Dia 30;NÃO;SUPERMERCADO;230;OURO
B MAIS SUPERMERCADO;6090676,39;0;0;42,66;80,09;9;2;0;0;10;7;11,01;72,48;0;13,43;4;2026;59;ATIVO;NERÓPOLIS;Dia 30;NÃO;SUPERMERCADO;230;OURO
B MAIS SUPERMERCADO;6089259,18;0;0;420,21;249,27;121;18;0;0;140;140;920,71;2551,82;259,64;798,44;9;2025;409;ATIVO;NERÓPOLIS;Dia 30;NÃO;SUPERMERCADO;230;OURO
B MAIS SUPERMERCADO;6075136,66;0;0;2,87;153,16;11;8;0;0;25;16;21,75;118,85;10,73;28,42;5;2026;49;ATIVO;NERÓPOLIS;Dia 30;NÃO;SUPERMERCADO;230;OURO
B MAIS SUPERMERCADO;6048377,14;0;0;610,55;1080,69;89;31;0;0;59;59;403,54;1868,6;209,97;142,83;5;2025;453;ATIVO;NERÓPOLIS;Dia 30;NÃO;SUPERMERCADO;230;OURO
B MAIS SUPERMERCADO;6015917,88;0;0;197,22;420,94;265;36;0;0;34;36;278,01;1285,64;68,54;60,82;10;2025;195;ATIVO;NERÓPOLIS;Dia 30;NÃO;SUPERMERCADO;230;OURO
B MAIS SUPERMERCADO;6001598,27;0;0;2799,28;37652,24;530;290;9;83;4050;4083;253,51;1172,18;14453,64;276320,91;1;2025;644;ATIVO;NERÓPOLIS;Dia 30;NÃO;SUPERMERCADO;230;OURO
B MAIS SUPERMERCADO;5961105,96;0;0;166;591,88;168;15;0;0;26;27;52,72;243,64;10,6;133,4;11;2025;158;ATIVO;NERÓPOLIS;Dia 30;NÃO;SUPERMERCADO;230;OURO
B MAIS SUPERMERCADO;5812230,18;0;0;611,63;789,49;80;6;0;0;74;72;811,41;3748,19;154,71;246,17;6;2025;474;ATIVO;NERÓPOLIS;Dia 30;NÃO;SUPERMERCADO;230;OURO
B MAIS SUPERMERCADO;5487253,81;0;0;63,18;14,38;13;3;0;0;24;25;4,93;58,14;22,6;75,87;2;2026;131;ATIVO;NERÓPOLIS;Dia 30;NÃO;SUPERMERCADO;230;OURO
B MAIS SUPERMERCADO;5390474,43;0;0;57,35;229,49;19;8;0;0;32;28;15,24;99,65;12,37;33,93;6;2026;67;ATIVO;NERÓPOLIS;Dia 30;NÃO;SUPERMERCADO;230;OURO
B MAIS SUPERMERCADO;5377195,21;0;0;137,47;113,42;34;9;0;0;19;19;0,36;3,78;24,2;156,31;1;2026;147;ATIVO;NERÓPOLIS;Dia 30;NÃO;SUPERMERCADO;230;OURO
B MAIS SUPERMERCADO;5177620;0;0;373,08;186,65;58;7;0;0;40;41;1249,69;5756,16;61,87;265,25;7;2025;400;ATIVO;NERÓPOLIS;Dia 30;NÃO;SUPERMERCADO;230;OURO
B MAIS SUPERMERCADO;4772216,45;0;0;14,36;217,65;100;1;0;0;15;20;4,78;22,45;6,29;149,93;12;2025;107;ATIVO;NERÓPOLIS;Dia 30;NÃO;SUPERMERCADO;230;OURO
BEM QUERER SUPERMERCADO;1700660,82;0;0;54,18;302,71;36;20;1;0;67;113;37,61;173,02;0;381,14;7;2025;35;INATIVO;GOIÂNIA;Dia 10;NÃO;SUPERMERCADO;83;INATIVO
BEM QUERER SUPERMERCADO;1532721,99;0;0;102,74;275,54;59;30;3;0;83;131;44;202,59;8,28;493,03;6;2025;42;INATIVO;GOIÂNIA;Dia 10;NÃO;SUPERMERCADO;83;INATIVO
BEM QUERER SUPERMERCADO;1524384,56;0;0;133,92;401,84;43;20;2;0;65;105;26,59;122,97;0;297,64;8;2025;29;INATIVO;GOIÂNIA;Dia 10;NÃO;SUPERMERCADO;83;INATIVO
BEM QUERER SUPERMERCADO;1488653,02;0;0;229,57;1451,03;52;33;2;0;72;111;39,99;185,27;0;300,88;9;2025;41;INATIVO;GOIÂNIA;Dia 10;NÃO;SUPERMERCADO;83;INATIVO
BEM QUERER SUPERMERCADO;1482453,29;0;0;67,89;1263,76;26;18;0;0;38;78;72,32;334,57;0;169,83;10;2025;20;INATIVO;GOIÂNIA;Dia 10;NÃO;SUPERMERCADO;83;INATIVO
BEM QUERER SUPERMERCADO;1449617,01;0;0;31,71;1098,74;22;17;0;0;11;48;6,85;31,56;0;39,1;11;2025;18;INATIVO;GOIÂNIA;Dia 10;NÃO;SUPERMERCADO;83;INATIVO
BEM QUERER SUPERMERCADO;1445194,7;0;0;140,44;264,03;53;21;4;0;79;120;59,32;275,14;0;288,68;5;2025;32;INATIVO;GOIÂNIA;Dia 10;NÃO;SUPERMERCADO;83;INATIVO
BEM QUERER SUPERMERCADO;1358580,09;0;0;388,92;1763,65;50;27;3;0;24;48;7,53;34,67;0;296,72;12;2025;42;INATIVO;GOIÂNIA;Dia 10;NÃO;SUPERMERCADO;83;INATIVO
BEM QUERER SUPERMERCADO;1278675,85;0;0;238,06;187,3;44;12;2;0;39;76;13,03;60,3;0;291,76;4;2025;40;INATIVO;GOIÂNIA;Dia 10;NÃO;SUPERMERCADO;83;INATIVO
BEM QUERER SUPERMERCADO;1122608,98;0;0;200,15;155,46;34;10;4;0;47;79;36,77;171,61;0;265,29;3;2025;27;INATIVO;GOIÂNIA;Dia 10;NÃO;SUPERMERCADO;83;INATIVO
BEM QUERER SUPERMERCADO;1115942,89;0;0;4958,42;1474,42;74;49;22;0;42;47;8,16;37,38;0;258,76;1;2026;51;INATIVO;GOIÂNIA;Dia 10;NÃO;SUPERMERCADO;83;INATIVO
BEM QUERER SUPERMERCADO;1020435,19;0;0;1328,65;1940,03;120;47;18;0;25;56;34,83;159,42;0;159,42;3;2026;52;INATIVO;GOIÂNIA;Dia 10;NÃO;SUPERMERCADO;83;INATIVO
BEM QUERER SUPERMERCADO;908155,49;0;0;6201,73;1545,5;89;44;14;0;36;51;11,77;54,43;0;135,31;2;2026;42;INATIVO;GOIÂNIA;Dia 10;NÃO;SUPERMERCADO;83;INATIVO
CARREIRO ATACAREJO;582113,44;0;0;1381,08;1255,09;518;111;77;0;1154;1155;14,88;67,39;2182,44;15815,44;12;2025;195;ATIVO;MOSSÂMEDES;Dia 10;NÃO;SUPERMERCADO;109;BRONZE
CARREIRO ATACAREJO;574805,45;0;0;302,78;770,75;166;95;5;0;1096;1102;14,58;66,01;2129,53;15562,19;8;2026;24;ATIVO;MOSSÂMEDES;Dia 10;NÃO;SUPERMERCADO;109;BRONZE
CARREIRO ATACAREJO;574805,45;0;0;302,78;770,75;166;95;5;0;1096;1102;14,58;66,01;2129,53;15562,19;8;2026;24;ATIVO;MOSSÂMEDES;Dia 10;NÃO;SUPERMERCADO;109;BRONZE
CARREIRO ATACAREJO;523731,53;0;0;4746,73;16290,08;2973;209;11;0;1101;1103;76,64;352,09;1946,01;13821,77;4;2025;236;ATIVO;MOSSÂMEDES;Dia 10;NÃO;SUPERMERCADO;109;BRONZE
CARREIRO ATACAREJO;485241,72;0;0;617;625,2;229;188;31;0;1097;1110;3,78;17,31;2141,76;16082,48;7;2026;55;ATIVO;MOSSÂMEDES;Dia 10;NÃO;SUPERMERCADO;109;BRONZE
CARREIRO ATACAREJO;480855,62;0;0;2004,12;595,1;372;98;58;0;1115;1115;0,18;0,27;1871,28;15452,67;8;2025;119;ATIVO;MOSSÂMEDES;Dia 10;NÃO;SUPERMERCADO;109;BRONZE
CARREIRO ATACAREJO;475644,47;0;0;3043,61;10545,86;1688;183;24;0;1128;1129;8,18;36,69;1963,87;14248,81;5;2025;428;ATIVO;MOSSÂMEDES;Dia 10;NÃO;SUPERMERCADO;109;BRONZE
CARREIRO ATACAREJO;472524,71;0;0;1219,45;1031,43;412;63;55;0;1123;1123;0;0,02;2039;15334,46;7;2025;200;ATIVO;MOSSÂMEDES;Dia 10;NÃO;SUPERMERCADO;109;BRONZE
CARREIRO ATACAREJO;472363,43;0;0;3587,19;275,36;608;648;58;0;1058;1;0,94;4,16;1947,75;15153,52;5;2026;84;ATIVO;MOSSÂMEDES;Dia 10;NÃO;SUPERMERCADO;109;BRONZE
CARREIRO ATACAREJO;436396,29;0;0;872,45;1787,71;481;100;64;0;1030;1030;35,4;162,17;1699,47;16633;1;2026;186;ATIVO;MOSSÂMEDES;Dia 10;NÃO;SUPERMERCADO;109;BRONZE
CARREIRO ATACAREJO;433269,3;0;0;5113,9;4641,59;3174;227;11;0;1140;1187;9,15;41,13;1747,04;13120,37;3;2025;258;ATIVO;MOSSÂMEDES;Dia 10;NÃO;SUPERMERCADO;109;BRONZE
CARREIRO ATACAREJO;413624,05;0;0;1421,94;786,49;534;585;55;0;1021;1;3,22;14,81;1708,87;14220,85;6;2026;93;ATIVO;MOSSÂMEDES;Dia 10;NÃO;SUPERMERCADO;109;BRONZE
CARREIRO ATACAREJO;409435,27;0;0;1155,33;255,47;458;68;50;0;1063;1070;0,76;2,82;2025,49;12972,23;4;2026;62;ATIVO;MOSSÂMEDES;Dia 10;NÃO;SUPERMERCADO;109;BRONZE
CARREIRO ATACAREJO;403620,02;0;0;558,49;535,34;285;90;86;0;1142;1142;0,01;0,02;2036,74;13309,71;10;2025;109;ATIVO;MOSSÂMEDES;Dia 10;NÃO;SUPERMERCADO;109;BRONZE
CARREIRO ATACAREJO;401669,09;0;0;554,67;249,31;367;86;53;0;1049;1065;1,71;7,76;1824,87;11409,38;3;2026;80;ATIVO;MOSSÂMEDES;Dia 10;NÃO;SUPERMERCADO;109;BRONZE
CARREIRO ATACAREJO;385389,38;0;0;1039,5;644,56;338;98;68;0;1050;1050;0;0,01;1660,72;12817,3;9;2025;90;ATIVO;MOSSÂMEDES;Dia 10;NÃO;SUPERMERCADO;109;BRONZE
CARREIRO ATACAREJO;380929,15;0;0;3097,33;634,84;568;58;34;0;1086;1086;0,01;0,04;1700,32;13006,11;6;2025;471;ATIVO;MOSSÂMEDES;Dia 10;NÃO;SUPERMERCADO;109;BRONZE
CARREIRO ATACAREJO;372507,69;0;0;4262,32;3625,73;2931;247;14;0;1089;1126;9,97;45,73;1501,19;12410,55;2;2025;233;ATIVO;MOSSÂMEDES;Dia 10;NÃO;SUPERMERCADO;109;BRONZE
CARREIRO ATACAREJO;359843,67;0;0;432,86;342,77;325;64;48;0;1007;1015;0,98;4,55;1732,03;11468,85;2;2026;54;ATIVO;MOSSÂMEDES;Dia 10;NÃO;SUPERMERCADO;109;BRONZE
CASA DE CARNE E COMERCIAL MM;7089328,87;84483,28;9979,85;3334,29;2486,28;476;479;27;133;0;0;0;0;0;0;5;2026;435;ATIVO;RIO VERDE;Dia 15;SIM;SUPERMERCADO;3;DIAMANTE
CASA DE CARNE E COMERCIAL MM;6978014,71;75639,84;9050,16;962,47;522,39;355;483;17;133;0;0;0;0;0;0;6;2026;352;ATIVO;RIO VERDE;Dia 15;SIM;SUPERMERCADO;3;DIAMANTE
CASA DE CARNE E COMERCIAL MM;6806202,6;72926,32;8723,54;4059,35;5535,89;482;639;30;133;0;0;0;0;0;0;4;2026;437;ATIVO;RIO VERDE;Dia 15;SIM;SUPERMERCADO;3;DIAMANTE
CASA DE CARNE E COMERCIAL MM;6748749,64;83025,31;9892,38;860,01;712,6;330;50;7;133;0;0;0;0;0;0;7;2026;358;ATIVO;RIO VERDE;Dia 15;SIM;SUPERMERCADO;3;DIAMANTE
CASA DE CARNE E COMERCIAL MM;6748749,64;83025,31;9892,38;860,01;712,6;330;50;7;133;0;0;0;0;0;0;7;2026;358;ATIVO;RIO VERDE;Dia 15;SIM;SUPERMERCADO;3;DIAMANTE
CASA DE CARNE E COMERCIAL MM;6641058,03;82803,13;9899,99;742,58;2605,95;376;121;7;133;0;0;0;0;0;0;8;2026;370;ATIVO;RIO VERDE;Dia 15;SIM;SUPERMERCADO;3;DIAMANTE
CASA DE CARNE E COMERCIAL MM;6584947,83;85687,74;8858,62;6878,23;6794,55;529;99;24;133;0;0;0;0;0;0;3;2026;572;ATIVO;RIO VERDE;Dia 15;SIM;SUPERMERCADO;3;DIAMANTE
CASA DE CARNE E COMERCIAL MM;5996598,88;73558,95;0;52026,35;8291,8;582;92;19;328;3642;5583;19705;90768,63;0;62,28;2;2026;551;ATIVO;RIO VERDE;Dia 15;SIM;SUPERMERCADO;3;DIAMANTE
CASA DO PADEIRO;514298,94;0;0;15,02;10,33;5;1;0;0;3;3;1,62;0,06;0;76,55;12;2025;4;ATIVO;CALDAS NOVAS;Dia 10;NÃO;SUPERMERCADO;103;PRATA
CASA DO PADEIRO;485879,21;0;0;24,84;0;4;1;0;0;3;3;0,84;0,08;0;24,19;7;2026;2;ATIVO;CALDAS NOVAS;Dia 10;NÃO;SUPERMERCADO;103;PRATA
CASA DO PADEIRO;443536,7;0;0;24,02;1,09;7;3;0;0;1;1;1,73;0,12;0;3,92;7;2025;7;ATIVO;CALDAS NOVAS;Dia 10;NÃO;SUPERMERCADO;103;PRATA
CASA DO PADEIRO;423092,02;0;0;46,03;2,5;13;7;1;0;10;10;0,93;0,88;0;98,75;6;2026;6;ATIVO;CALDAS NOVAS;Dia 10;NÃO;SUPERMERCADO;103;PRATA
CASA DO PADEIRO;413209,43;0;0;47,13;517,25;99;8;5;11;77;77;94,22;432,05;0;0;7;2024;50;ATIVO;CALDAS NOVAS;Dia 10;NÃO;SUPERMERCADO;103;PRATA
CASA DO PADEIRO;401910,27;0;0;38,51;32,65;15;5;3;0;13;13;8,97;39,49;0;4,19;12;2024;6;ATIVO;CALDAS NOVAS;Dia 10;NÃO;SUPERMERCADO;103;PRATA
CASA DO PADEIRO;396056,27;0;0;0;2,38;1;1;0;0;0;0;0;0;0;0;8;2026;1;ATIVO;CALDAS NOVAS;Dia 10;NÃO;SUPERMERCADO;103;PRATA
CASA DO PADEIRO;390905,3;0;0;16,77;32,36;17;3;2;0;12;12;4,69;19,36;0;32,14;1;2025;8;ATIVO;CALDAS NOVAS;Dia 10;NÃO;SUPERMERCADO;103;PRATA
CASA DO PADEIRO;386797,58;0;0;71,86;0,72;6;0;0;0;3;3;1,62;0,08;0;27,05;1;2026;7;ATIVO;CALDAS NOVAS;Dia 10;NÃO;SUPERMERCADO;103;PRATA
CASA DO PADEIRO;370444,37;0;0;20,01;106,77;11;8;0;0;6;10;7,75;28,04;0;40,75;10;2025;11;ATIVO;CALDAS NOVAS;Dia 10;NÃO;SUPERMERCADO;103;PRATA
CASA DO PADEIRO;365745,7;0;0;478,86;500,03;21;8;2;0;13;13;7,02;24,9;0;14,03;4;2025;13;ATIVO;CALDAS NOVAS;Dia 10;NÃO;SUPERMERCADO;103;PRATA
CASA DO PADEIRO;363174,73;0;0;25,78;1,1;5;6;0;0;5;0;0,6;0,06;0;38,25;4;2026;4;ATIVO;CALDAS NOVAS;Dia 10;NÃO;SUPERMERCADO;103;PRATA
CASA DO PADEIRO;362287,63;0;0;52,02;10,29;14;16;1;0;6;6;0,72;0,02;0;74,55;5;2026;8;ATIVO;CALDAS NOVAS;Dia 10;NÃO;SUPERMERCADO;103;PRATA
CASA DO PADEIRO;358518,01;0;0;27,54;0,9;6;0;0;0;0;0;1,4;0,18;0;0;8;2025;6;ATIVO;CALDAS NOVAS;Dia 10;NÃO;SUPERMERCADO;103;PRATA
CASA DO PADEIRO;357500,56;0;0;410,01;337,69;15;6;0;0;6;6;4,76;13,88;0;13,01;5;2025;12;ATIVO;CALDAS NOVAS;Dia 10;NÃO;SUPERMERCADO;103;PRATA
CASA DO PADEIRO;348246,47;0;0;204,08;135,79;22;6;3;0;15;15;26,17;113,2;0;68,3;3;2025;11;ATIVO;CALDAS NOVAS;Dia 10;NÃO;SUPERMERCADO;103;PRATA
CASA DO PADEIRO;346668,78;0;0;188,39;260,44;26;7;2;0;10;10;3,54;9,11;0;115,59;6;2025;11;ATIVO;CALDAS NOVAS;Dia 10;NÃO;SUPERMERCADO;103;PRATA
CASA DO PADEIRO;337605,08;0;0;15,38;12,83;7;2;0;0;6;6;1,65;2,48;0;69,39;3;2026;5;ATIVO;CALDAS NOVAS;Dia 10;NÃO;SUPERMERCADO;103;PRATA
CASA DO PADEIRO;335312,44;0;0;11,55;102,22;22;1;1;9;24;24;27,39;124,52;14,24;8,32;10;2024;7;ATIVO;CALDAS NOVAS;Dia 10;NÃO;SUPERMERCADO;103;PRATA
CASA DO PADEIRO;334894,76;0;0;45,41;110,32;59;10;8;11;71;71;37,39;169,78;0;80,6;8;2024;11;ATIVO;CALDAS NOVAS;Dia 10;NÃO;SUPERMERCADO;103;PRATA
CASA DO PADEIRO;327538,78;0;0;48,12;3,15;7;0;0;0;3;3;1,35;0,08;0;7,31;9;2025;6;ATIVO;CALDAS NOVAS;Dia 10;NÃO;SUPERMERCADO;103;PRATA
CASA DO PADEIRO;323899,15;0;0;105,73;69,06;22;5;4;12;14;14;8,84;38,9;0;20,34;11;2024;5;ATIVO;CALDAS NOVAS;Dia 10;NÃO;SUPERMERCADO;103;PRATA
CASA DO PADEIRO;322595,49;0;0;476,74;852,98;290;24;10;11;1087;100;915,9;4213,26;0;16,96;6;2024;59;ATIVO;CALDAS NOVAS;Dia 10;NÃO;SUPERMERCADO;103;PRATA
CASA DO PADEIRO;315335,73;0;0;12,64;3,33;6;1;0;0;3;3;1,69;0,09;0;34,89;2;2026;7;ATIVO;CALDAS NOVAS;Dia 10;NÃO;SUPERMERCADO;103;PRATA
CASA DO PADEIRO;312664,18;0;0;27,85;97,17;46;9;9;9;39;39;21,91;98,74;0;0;9;2024;7;ATIVO;CALDAS NOVAS;Dia 10;NÃO;SUPERMERCADO;103;PRATA
CASA DO PADEIRO;309239,94;0;0;65,63;132,11;17;2;1;0;15;15;30,77;139,01;0;84,92;2;2025;8;ATIVO;CALDAS NOVAS;Dia 10;NÃO;SUPERMERCADO;103;PRATA
CASA DO PADEIRO;279872,53;0;0;976,85;4700,89;1387;19;6;12;1441;36;2168,04;9966,31;0;137,04;5;2024;37;ATIVO;CALDAS NOVAS;Dia 10;NÃO;SUPERMERCADO;103;PRATA
CASA JUNQUEIRA;3667137,44;0;0;1728,04;437,78;65;44;7;0;38;90;27,47;110,58;64,48;1120,18;12;2025;58;ATIVO;MARA ROSA;Dia 20;NÃO;SUPERMERCADO;179;OURO
CASA JUNQUEIRA;3182972,15;0;0;454,35;264,14;61;19;4;0;28;52;11,99;49,86;52,1;101,2;5;2025;47;ATIVO;MARA ROSA;Dia 20;NÃO;SUPERMERCADO;179;OURO
CASA JUNQUEIRA;3145670,36;0;0;106,1;209,25;25;26;3;0;6788;6822;21189,32;97590,93;0;22,06;7;2026;18;ATIVO;MARA ROSA;Dia 20;NÃO;SUPERMERCADO;179;OURO
CASA JUNQUEIRA;3145670,36;;;106,1;209,25;25;26;3;0;6788;6822;21189,32;97590,93;0;22,06;7;2026;18;ATIVO;MARA ROSA;Dia 20;NÃO;SUPERMERCADO;179;OURO
CASA JUNQUEIRA;3118083,81;0;0;201,67;438,16;36;14;5;0;33;37;41,94;186,46;36,3;43,84;7;2025;32;ATIVO;MARA ROSA;Dia 20;NÃO;SUPERMERCADO;179;OURO
CASA JUNQUEIRA;3068805,5;0;0;157,99;184,01;40;36;4;0;3431;3;4242,63;19523,17;17,79;43,08;5;2026;34;ATIVO;MARA ROSA;Dia 20;NÃO;SUPERMERCADO;179;OURO
CASA JUNQUEIRA;3033346,41;0;0;273,02;537,22;53;19;7;0;40;54;84,3;382,34;25,41;178,1;8;2025;38;ATIVO;MARA ROSA;Dia 20;NÃO;SUPERMERCADO;179;OURO
CASA JUNQUEIRA;2963529,03;0;0;324,53;156,64;58;16;3;0;33;45;25,01;104,86;33,8;249,03;10;2025;41;ATIVO;MARA ROSA;Dia 20;NÃO;SUPERMERCADO;179;OURO
CASA JUNQUEIRA;2941921,47;0;0;511,63;418,3;54;20;6;0;23;48;26,1;115,63;20,21;77,07;3;2025;37;ATIVO;MARA ROSA;Dia 20;NÃO;SUPERMERCADO;179;OURO
CASA JUNQUEIRA;2936837,21;0;0;1591,15;349,69;60;39;5;0;30;54;41,62;179,98;28,07;804,93;11;2025;57;ATIVO;MARA ROSA;Dia 20;NÃO;SUPERMERCADO;179;OURO
CASA JUNQUEIRA;2935650,83;0;0;55,75;97,44;36;135;5;0;22;48;10,58;36,64;49,66;12,66;3;2026;142;ATIVO;MARA ROSA;Dia 20;NÃO;SUPERMERCADO;179;OURO
CASA JUNQUEIRA;2931499,6;0;0;238,55;264,11;49;102;12;0;26;223;10,89;33,27;67,23;35,94;4;2026;94;ATIVO;MARA ROSA;Dia 20;NÃO;SUPERMERCADO;179;OURO
CASA JUNQUEIRA;2927035,75;0;0;162,25;194,98;51;74;5;0;27;35;12,41;37,73;44,49;145,89;1;2026;85;ATIVO;MARA ROSA;Dia 20;NÃO;SUPERMERCADO;179;OURO
CASA JUNQUEIRA;2916280,91;0;0;99,34;498,94;21;33;3;0;6636;6653;19678,1;90653,42;0;11,5;6;2026;21;ATIVO;MARA ROSA;Dia 20;NÃO;SUPERMERCADO;179;OURO
CASA JUNQUEIRA;2878899,7;0;0;489,62;450,55;52;19;5;0;20;32;21,94;97,01;12,77;159,82;4;2025;40;ATIVO;MARA ROSA;Dia 20;NÃO;SUPERMERCADO;179;OURO
CASA JUNQUEIRA;2856096,37;0;0;389,97;182,24;52;20;6;0;24;36;39,29;170,74;14,43;158;9;2025;37;ATIVO;MARA ROSA;Dia 20;NÃO;SUPERMERCADO;179;OURO
CASA JUNQUEIRA;2833117,47;0;0;319,16;448,39;32;17;8;0;21;42;29,26;130,64;27,51;146,44;1;2025;29;ATIVO;MARA ROSA;Dia 20;NÃO;SUPERMERCADO;179;OURO
CASA JUNQUEIRA;2771230,95;0;0;45,2;115,04;38;117;7;0;26;50;9,29;31,67;48,14;39,86;2;2026;131;ATIVO;MARA ROSA;Dia 20;NÃO;SUPERMERCADO;179;OURO
CASA JUNQUEIRA;2735860,52;0;0;335,65;301,15;53;19;7;0;21;43;27,42;122,2;15,89;47,28;2;2025;33;ATIVO;MARA ROSA;Dia 20;NÃO;SUPERMERCADO;179;OURO
CASA JUNQUEIRA;2730177,47;0;0;206,97;303,52;58;12;12;0;43;51;27,31;122,33;83,22;74,19;6;2025;38;ATIVO;MARA ROSA;Dia 20;NÃO;SUPERMERCADO;179;OURO
CASA RURAL ITARUMÃ;473883,74;0;0;508,5;9,79;26;10;35;0;7;9;14,74;62,7;11,52;138,52;9;2025;21;ATIVO;ITARUMÃ;Dia 10;NÃO;SUPERMERCADO;164;BRONZE
CASAHORT SUPERMERCADO;506706,21;0;0;9329,23;4490,23;812;152;58;208;458;460;32,8;155,37;184,12;2978,75;4;2024;519;ATIVO;GOIÂNIA;Dia 15;NÃO;SUPERMERCADO;138;PRATA
CASAHORT SUPERMERCADO;410461,84;0;0;765,61;90,88;66;15;7;230;200;209;68,55;316,59;24,1;2502,64;6;2024;20;ATIVO;GOIÂNIA;Dia 15;NÃO;SUPERMERCADO;138;PRATA
CASAHORT SUPERMERCADO;398122,77;0;0;1201,51;56,79;69;14;3;204;334;345;87,54;404,86;172,28;1575,67;8;2024;21;ATIVO;GOIÂNIA;Dia 15;NÃO;SUPERMERCADO;138;PRATA
CASAHORT SUPERMERCADO;386134,25;0;0;655,03;113,85;57;17;5;218;115;118;81,84;377,5;16,96;1858,39;7;2024;24;ATIVO;GOIÂNIA;Dia 15;NÃO;SUPERMERCADO;138;PRATA
CASAHORT SUPERMERCADO;360775,56;0;0;486,65;18,4;53;9;2;185;399;411;81,2;375,85;246,17;1659,52;9;2024;16;ATIVO;GOIÂNIA;Dia 15;NÃO;SUPERMERCADO;138;PRATA
CASAHORT SUPERMERCADO;357081,16;0;0;235,26;35,17;18;5;0;174;329;338;11,29;53,49;192,34;1216,45;10;2024;16;ATIVO;GOIÂNIA;Dia 15;NÃO;SUPERMERCADO;138;PRATA
CASAHORT SUPERMERCADO;346976,67;0;0;90,91;57,09;40;8;0;0;59;63;3,77;16,18;26,44;150,1;7;2026;12;ATIVO;GOIÂNIA;Dia 15;NÃO;SUPERMERCADO;138;PRATA
CASAHORT SUPERMERCADO;346976,67;0;0;90,91;57,09;40;8;0;0;59;63;3,77;16,18;26,44;150,1;7;2026;12;ATIVO;GOIÂNIA;Dia 15;NÃO;SUPERMERCADO;138;PRATA
CASAHORT SUPERMERCADO;340595,9;0;0;142,65;63,22;45;45;0;0;70;81;5,24;23,36;18,09;218,02;6;2026;17;ATIVO;GOIÂNIA;Dia 15;NÃO;SUPERMERCADO;138;PRATA
CASAHORT SUPERMERCADO;323489,03;0;0;159,85;84,05;58;23;5;0;86;96;7,42;33,28;31,2;173,69;5;2026;22;ATIVO;GOIÂNIA;Dia 15;NÃO;SUPERMERCADO;138;PRATA
CASAHORT SUPERMERCADO;322963,57;0;0;1160,53;56,44;114;6;3;0;77;79;26,5;108,42;32,78;194,77;12;2025;13;ATIVO;GOIÂNIA;Dia 15;NÃO;SUPERMERCADO;138;PRATA
CASAHORT SUPERMERCADO;318380,13;0;0;284,61;11,17;31;6;0;0;68;69;10,09;46,75;31,82;373,09;5;2025;28;ATIVO;GOIÂNIA;Dia 15;NÃO;SUPERMERCADO;138;PRATA
CASAHORT SUPERMERCADO;316833,72;0;0;473,39;23,61;83;7;3;0;179;184;2,89;13,71;107,92;391,97;12;2024;33;ATIVO;GOIÂNIA;Dia 15;NÃO;SUPERMERCADO;138;PRATA
CASAHORT SUPERMERCADO;305819,51;0;0;561,31;29,36;59;11;1;140;217;223;12,61;58,45;114,23;517,66;11;2024;22;ATIVO;GOIÂNIA;Dia 15;NÃO;SUPERMERCADO;138;PRATA
CASAHORT SUPERMERCADO;303419,96;0;0;25,66;1,38;8;6;0;0;43;47;0,61;1,55;15,3;97,27;8;2026;5;ATIVO;GOIÂNIA;Dia 15;NÃO;SUPERMERCADO;138;PRATA
CASAHORT SUPERMERCADO;303204,57;0;0;48,14;74,87;8;4;0;0;84;86;12,07;56,9;36,02;313,45;8;2025;7;ATIVO;GOIÂNIA;Dia 15;NÃO;SUPERMERCADO;138;PRATA
CASAHORT SUPERMERCADO;302412,22;0;0;127,98;0,15;12;1;0;0;87;88;6,92;32,32;43,73;361,39;6;2025;7;ATIVO;GOIÂNIA;Dia 15;NÃO;SUPERMERCADO;138;PRATA
CASAHORT SUPERMERCADO;299275,88;0;0;309,69;0,71;30;3;0;0;112;115;4,63;21,43;65,43;390,31;3;2025;20;ATIVO;GOIÂNIA;Dia 15;NÃO;SUPERMERCADO;138;PRATA
CASAHORT SUPERMERCADO;296904,18;0;0;318,02;13,32;46;7;0;0;95;97;3,03;14,13;60,65;451,38;4;2025;35;ATIVO;GOIÂNIA;Dia 15;NÃO;SUPERMERCADO;138;PRATA
CASAHORT SUPERMERCADO;292291,3;0;0;93,48;82,05;81;12;11;0;70;76;7,98;35,16;26,66;152,93;3;2026;9;ATIVO;GOIÂNIA;Dia 15;NÃO;SUPERMERCADO;138;PRATA
CASAHORT SUPERMERCADO;291244,04;0;0;1041,68;51,54;103;5;3;0;74;76;32,65;130,12;17,18;150,67;1;2026;13;ATIVO;GOIÂNIA;Dia 15;NÃO;SUPERMERCADO;138;PRATA
CASAHORT SUPERMERCADO;290727,13;0;0;23,29;120,63;13;7;0;0;82;83;18,29;83,73;28,39;210,15;7;2025;10;ATIVO;GOIÂNIA;Dia 15;NÃO;SUPERMERCADO;138;PRATA
CASAHORT SUPERMERCADO;289133,99;0;0;179,89;38,14;60;20;13;0;67;71;5,1;22,86;26,6;179,45;4;2026;17;ATIVO;GOIÂNIA;Dia 15;NÃO;SUPERMERCADO;138;PRATA
CASAHORT SUPERMERCADO;287037,21;0;0;207,86;29,01;72;9;4;0;165;168;3,34;15,71;82,55;384,64;1;2025;37;ATIVO;GOIÂNIA;Dia 15;NÃO;SUPERMERCADO;138;PRATA
CASAHORT SUPERMERCADO;279192,04;0;0;32,09;45,47;78;3;2;0;57;62;17,07;57,14;23,3;133,66;2;2026;4;ATIVO;GOIÂNIA;Dia 15;NÃO;SUPERMERCADO;138;PRATA
CASAHORT SUPERMERCADO;262528,17;0;0;150,43;7,86;33;5;2;0;127;131;4,73;22,23;80,93;261,64;2;2025;14;ATIVO;GOIÂNIA;Dia 15;NÃO;SUPERMERCADO;138;PRATA
CASAHORT SUPERMERCADO;260460,62;0;0;299,56;13,17;26;6;1;0;76;79;8,75;36,2;34,89;190,14;10;2025;7;ATIVO;GOIÂNIA;Dia 15;NÃO;SUPERMERCADO;138;PRATA
CASAHORT SUPERMERCADO;234331,19;0;0;4445,47;1907;653;136;50;152;314;315;11,06;53,15;93,51;1382,98;5;2024;455;ATIVO;GOIÂNIA;Dia 15;NÃO;SUPERMERCADO;138;PRATA
CESTÃO HORTIFRUT;548519,96;0;0;7,12;8,07;7;5;1;0;0;0;1,56;7,71;0;0;8;2026;1;ATIVO;APARECIDA DE GOIÂNIA;Dia 10;NÃO;SUPERMERCADO;110;BRONZE
CESTÃO HORTIFRUT;518526,89;0;0;7,46;54,68;11;3;0;0;2;1;5,93;28,15;0;0;10;2025;48;ATIVO;APARECIDA DE GOIÂNIA;Dia 10;NÃO;SUPERMERCADO;110;BRONZE
CESTÃO HORTIFRUT;495735,4;0;0;12,58;23,56;10;10;2;0;4;4;0,72;3,4;0;16,59;5;2026;8;ATIVO;APARECIDA DE GOIÂNIA;Dia 10;NÃO;SUPERMERCADO;110;BRONZE
CESTÃO HORTIFRUT;479694,89;0;0;16,42;38,53;10;12;5;0;10;9;10,2;46,6;0;5,28;4;2026;10;ATIVO;APARECIDA DE GOIÂNIA;Dia 10;NÃO;SUPERMERCADO;110;BRONZE
CESTÃO HORTIFRUT;474609,99;0;0;7,29;316,34;17;7;0;0;5;5;4,77;22,28;0;0;9;2025;7;ATIVO;APARECIDA DE GOIÂNIA;Dia 10;NÃO;SUPERMERCADO;110;BRONZE
CESTÃO HORTIFRUT;472542,03;0;0;8,72;49,21;17;14;0;0;7;7;1,96;9,65;0;59,72;12;2025;60;ATIVO;APARECIDA DE GOIÂNIA;Dia 10;NÃO;SUPERMERCADO;110;BRONZE
CESTÃO HORTIFRUT;464202,25;0;0;2,26;318,61;18;6;0;0;39;39;80,15;369,72;0;4,34;8;2025;8;ATIVO;APARECIDA DE GOIÂNIA;Dia 10;NÃO;SUPERMERCADO;110;BRONZE
CESTÃO HORTIFRUT;462234,28;0;0;20;71,59;19;18;7;0;7;7;3,34;15,36;1,39;12,88;3;2026;15;ATIVO;APARECIDA DE GOIÂNIA;Dia 10;NÃO;SUPERMERCADO;110;BRONZE
CESTÃO HORTIFRUT;461844,16;0;0;18,83;10,21;7;6;1;2;0;0;1,13;6;0;0;7;2026;3;ATIVO;APARECIDA DE GOIÂNIA;Dia 10;NÃO;SUPERMERCADO;110;BRONZE
CESTÃO HORTIFRUT;457619,9;0;0;33,42;10,6;11;11;1;0;12;12;8,29;41,5;0;58,04;6;2026;8;ATIVO;APARECIDA DE GOIÂNIA;Dia 10;NÃO;SUPERMERCADO;110;BRONZE
CESTÃO HORTIFRUT;406515,65;0;0;12,75;98,5;32;22;2;0;10;11;1,73;8,34;0;85,31;1;2026;76;ATIVO;APARECIDA DE GOIÂNIA;Dia 10;NÃO;SUPERMERCADO;110;BRONZE
CESTÃO HORTIFRUT;397634,35;0;0;0,6;346,2;12;7;0;0;23;26;87,32;402,26;0;0;7;2025;7;ATIVO;APARECIDA DE GOIÂNIA;Dia 10;NÃO;SUPERMERCADO;110;BRONZE
CESTÃO HORTIFRUT;365682,13;0;0;8,65;60,72;18;16;4;0;7;6;3,15;14,87;0;12,07;2;2026;17;ATIVO;APARECIDA DE GOIÂNIA;Dia 10;NÃO;SUPERMERCADO;110;BRONZE
CESTÃO HORTIFRUT;326682,75;0;0;10,39;64,74;15;5;0;0;18;18;19,47;89,54;1,6;405,23;6;2025;7;ATIVO;APARECIDA DE GOIÂNIA;Dia 10;NÃO;SUPERMERCADO;110;BRONZE
CESTÃO HORTIFRUT;290513,96;0;0;7,24;112,17;9;5;1;0;12;12;10,07;45,71;0;416,41;5;2025;6;ATIVO;APARECIDA DE GOIÂNIA;Dia 10;NÃO;SUPERMERCADO;110;BRONZE
CESTÃO HORTIFRUT;273405,22;0;0;6,37;175,08;4;1;0;0;9;9;5,13;23,31;0;443,65;4;2025;2;ATIVO;APARECIDA DE GOIÂNIA;Dia 10;NÃO;SUPERMERCADO;110;BRONZE
CESTÃO HORTIFRUT;265366,91;0;0;16,88;154,06;6;2;0;0;25;25;11,04;50;1,6;673,48;3;2025;5;ATIVO;APARECIDA DE GOIÂNIA;Dia 10;NÃO;SUPERMERCADO;110;BRONZE
CL BRASIL ALIMENTOS;14595383,26;0;0;130,89;83053,6;134;119;19;0;20;19;153,74;674,13;16,7;106,35;5;2026;116;ATIVO;GOIANÉSIA;Dia 10;NÃO;SUPERMERCADO;4;DIAMANTE
CL BRASIL ALIMENTOS;13869526,93;0;0;179,76;79083,05;120;121;17;0;21;22;60,81;249,17;13,54;105,09;6;2026;119;ATIVO;GOIANÉSIA;Dia 10;NÃO;SUPERMERCADO;4;DIAMANTE
CL BRASIL ALIMENTOS;13536404,81;0;0;118,63;76476,85;121;116;19;0;23;23;99,03;426,27;0;18,1;7;2026;119;ATIVO;GOIANÉSIA;Dia 10;NÃO;SUPERMERCADO;4;DIAMANTE
CL BRASIL ALIMENTOS;13463034,17;0;0;0;71785,81;116;116;19;0;24;21;71,57;293,26;14,57;6,61;8;2026;115;ATIVO;GOIANÉSIA;Dia 10;NÃO;SUPERMERCADO;4;DIAMANTE
CLASSIBON ATACAREJO;1515429,51;0;0;170,02;446,45;19;7;1;0;19;20;9,42;42,5;8,75;154,52;12;2024;12;INATIVO;BONFINÓPOLIS;Dia 30;NÃO;SUPERMERCADO;49;INATIVO
CLASSIBON ATACAREJO;1434613,62;0;0;208,73;73,42;18;10;1;0;9;10;2,9;12,51;0;289,62;4;2025;18;INATIVO;BONFINÓPOLIS;Dia 30;NÃO;SUPERMERCADO;49;INATIVO
CLASSIBON ATACAREJO;1426097,37;0;0;340,82;97,09;20;7;1;0;9;10;7,29;32,62;0;25,61;3;2025;35;INATIVO;BONFINÓPOLIS;Dia 30;NÃO;SUPERMERCADO;49;INATIVO
CLASSIBON ATACAREJO;1344251,04;0;0;131,21;43,2;10;6;1;0;4;5;1,28;4,82;0;121,95;6;2025;11;INATIVO;BONFINÓPOLIS;Dia 30;NÃO;SUPERMERCADO;49;INATIVO
CLASSIBON ATACAREJO;1322752,86;0;0;166,17;52,83;17;11;1;0;9;10;3,5;14,89;0;106,27;5;2025;14;INATIVO;BONFINÓPOLIS;Dia 30;NÃO;SUPERMERCADO;49;INATIVO
CLASSIBON ATACAREJO;1270284,32;0;0;306,78;49,75;24;6;1;0;11;11;4,72;21,21;0;26,31;2;2025;35;INATIVO;BONFINÓPOLIS;Dia 30;NÃO;SUPERMERCADO;49;INATIVO
CLASSIBON ATACAREJO;1198306,53;0;0;2975,76;2573,02;233;48;13;7;310;352;211,34;984,72;706,33;4777,18;10;2024;81;INATIVO;BONFINÓPOLIS;Dia 30;NÃO;SUPERMERCADO;49;INATIVO
CLASSIBON ATACAREJO;1179525,77;0;0;134,34;242,73;27;14;1;0;19;21;2,34;9,53;18,3;286,43;7;2025;15;INATIVO;BONFINÓPOLIS;Dia 30;NÃO;SUPERMERCADO;49;INATIVO
CLASSIBON ATACAREJO;1165688,16;0;0;111,47;73,66;17;8;1;0;15;15;6,05;27,42;5,25;63,88;1;2025;11;INATIVO;BONFINÓPOLIS;Dia 30;NÃO;SUPERMERCADO;49;INATIVO
CLASSIBON ATACAREJO;1058014,28;0;0;171,3;257,46;39;12;1;0;22;24;2,4;9,69;73,96;245,03;8;2025;13;INATIVO;BONFINÓPOLIS;Dia 30;NÃO;SUPERMERCADO;49;INATIVO
CLASSIBON ATACAREJO;574468,42;0;0;226,33;121,11;34;16;0;0;21;23;5,55;25,51;63,44;211,99;9;2025;20;INATIVO;BONFINÓPOLIS;Dia 30;NÃO;SUPERMERCADO;49;INATIVO
COMERCIAL 3E;16709268,38;0;0;460,15;46113,83;120;89;1;0;32;33;396,68;1774,25;5,12;74,32;7;2026;98;ATIVO;GOIANÉSIA;Dia 10;NÃO;SUPERMERCADO;5;DIAMANTE
COMERCIAL 3E;16028324,99;0;0;19,95;42543,85;98;87;1;0;25;26;76;290,98;0;75,62;8;2026;87;ATIVO;GOIANÉSIA;Dia 10;NÃO;SUPERMERCADO;5;DIAMANTE
COMERCIAL 3E;15998945,44;0;0;327,98;47507,3;109;108;1;0;27;22;204,48;890,98;24,44;87,99;6;2026;95;ATIVO;GOIANÉSIA;Dia 10;NÃO;SUPERMERCADO;5;DIAMANTE
COMERCIAL 3E;12667849,48;0;0;64,35;33700,94;106;106;1;0;15;15;60,19;239,83;1,73;62,4;5;2026;93;ATIVO;GOIANÉSIA;Dia 10;NÃO;SUPERMERCADO;5;DIAMANTE
COMERCIAL ARAGUAIA;112893,04;0;0;82,89;724;238;57;12;0;145;268;76,77;353,51;0;276,14;7;2025;78;INATIVO;JATAÍ;Dia 30;NÃO;SUPERMERCADO;69;INATIVO
COMERCIAL ARAGUAIA;104488,22;0;0;106,38;666,33;226;54;5;0;141;244;65,17;300,56;13,76;218,49;3;2025;83;INATIVO;JATAÍ;Dia 30;NÃO;SUPERMERCADO;69;INATIVO
COMERCIAL ARAGUAIA;103488,27;0;0;1315,59;560,04;234;48;5;0;89;221;29,57;137,22;0;244,01;2;2025;84;INATIVO;JATAÍ;Dia 30;NÃO;SUPERMERCADO;69;INATIVO
COMERCIAL ARAGUAIA;97194,76;0;0;63,82;430,75;197;50;8;0;124;220;62,05;285,55;2,54;200,87;6;2025;81;INATIVO;JATAÍ;Dia 30;NÃO;SUPERMERCADO;69;INATIVO
COMERCIAL ARAGUAIA;91334,26;0;0;128,78;542,74;193;53;7;0;146;234;62,66;290,48;20,07;201,44;4;2025;82;INATIVO;JATAÍ;Dia 30;NÃO;SUPERMERCADO;69;INATIVO
COMERCIAL ARAGUAIA;80381,8;0;0;52,11;392,31;151;48;6;0;131;213;54,65;252,46;1,19;214,02;5;2025;73;INATIVO;JATAÍ;Dia 30;NÃO;SUPERMERCADO;69;INATIVO
COMERCIAL FREITAS;652428,22;0;0;3948,42;3992,09;369;143;60;0;262;286;90,89;419,45;82,61;3614,3;4;2026;604;ATIVO;NOVO BRASIL;Dia 10;NÃO;SUPERMERCADO;22;PRATA
COMERCIAL FREITAS;626540,9;0;0;498,87;333,92;106;27;26;0;93;87;99,87;457,92;85,18;649,67;3;2026;41;ATIVO;NOVO BRASIL;Dia 10;NÃO;SUPERMERCADO;22;PRATA
COMERCIAL FREITAS;587860,17;0;0;4676,28;1638,2;444;166;68;0;318;366;116,28;538,58;186,81;3095,52;5;2026;672;ATIVO;NOVO BRASIL;Dia 10;NÃO;SUPERMERCADO;22;PRATA
COMERCIAL FREITAS;587144,06;0;0;589,04;374,32;103;37;40;0;99;90;82,16;376,51;90,42;714,49;2;2026;37;ATIVO;NOVO BRASIL;Dia 10;NÃO;SUPERMERCADO;22;PRATA
COMERCIAL FREITAS;552701,09;0;0;284,37;44,13;19;17;6;44;11;20;2,46;11,43;1,18;66,72;8;2026;10;ATIVO;NOVO BRASIL;Dia 10;NÃO;SUPERMERCADO;22;PRATA
COMERCIAL FREITAS;539835,91;0;0;611,55;207,67;125;75;22;0;86;97;31,75;147,79;47,77;70,12;7;2026;92;ATIVO;NOVO BRASIL;Dia 10;NÃO;SUPERMERCADO;22;PRATA
COMERCIAL FREITAS;514429,1;0;0;1319,64;614,5;316;122;55;0;217;247;68,05;313,78;109,38;1121,25;6;2026;519;ATIVO;NOVO BRASIL;Dia 10;NÃO;SUPERMERCADO;22;PRATA
COMERCIAL J LÍDER;1744149,3;41350,54;4962,06;396,24;106,99;81;83;14;0;84;101;4,48;21,23;202,98;429,55;5;2026;18;ATIVO;RIO VERDE;Dia 20;SIM;SUPERMERCADO;173;PRATA
COMERCIAL J LÍDER;1706886,64;42708,49;5125,02;536,38;138,94;69;19;13;0;163;163;5,9;27,97;366,95;866,39;7;2026;26;ATIVO;RIO VERDE;Dia 20;SIM;SUPERMERCADO;173;PRATA
COMERCIAL J LÍDER;1664066,75;42781,22;5133,75;242,12;28,2;50;51;4;0;93;110;8,9;41,76;305,5;587,68;6;2026;20;ATIVO;RIO VERDE;Dia 20;SIM;SUPERMERCADO;173;PRATA
COMERCIAL J LÍDER;1656909,34;39790,3;4774,84;1262,18;404,97;220;47;28;0;141;143;52,56;242,17;406,3;1160,96;12;2025;97;ATIVO;RIO VERDE;Dia 20;SIM;SUPERMERCADO;173;PRATA
COMERCIAL J LÍDER;1637020,58;41098,07;4931,77;646,72;320,23;121;126;28;0;86;104;7,17;32,99;169,84;518,34;4;2026;44;ATIVO;RIO VERDE;Dia 20;SIM;SUPERMERCADO;173;PRATA
COMERCIAL J LÍDER;1590845,33;43658,15;5238,98;544,94;336,75;87;37;24;0;53;55;7,57;35,07;93,78;266,8;3;2026;38;ATIVO;RIO VERDE;Dia 20;SIM;SUPERMERCADO;173;PRATA
COMERCIAL J LÍDER;1454096,46;38963,96;4675,68;1769,87;421,77;187;35;19;0;123;125;48,2;222,45;311,46;1236,17;1;2026;87;ATIVO;RIO VERDE;Dia 20;SIM;SUPERMERCADO;173;PRATA
COMERCIAL J LÍDER;1426896,33;37044,71;4445,37;1441,41;558,36;173;39;27;0;120;120;34,92;161,3;165,3;1115,08;2;2026;78;ATIVO;RIO VERDE;Dia 20;SIM;SUPERMERCADO;173;PRATA
COMERCIAL J LÍDER;1406396,52;36666,29;2127,75;953,13;246,26;175;10;28;0;83;84;42,25;195,2;185,17;474,59;10;2025;82;ATIVO;RIO VERDE;Dia 20;SIM;SUPERMERCADO;173;PRATA
COMERCIAL J LÍDER;1402957,24;0;0;718,05;246,07;102;20;16;0;41;41;3,44;16,33;110,38;64,12;8;2025;50;ATIVO;RIO VERDE;Dia 20;NÃO;SUPERMERCADO;173;PRATA
COMERCIAL J LÍDER;1309928,62;0;0;180,75;232,3;56;10;8;0;35;36;0,41;1,98;152,75;84,92;7;2025;26;ATIVO;RIO VERDE;Dia 20;NÃO;SUPERMERCADO;173;PRATA
COMERCIAL J LÍDER;1280820,53;0;0;243,06;589,38;113;38;25;0;69;79;20,35;94,44;233,7;548,08;5;2025;44;ATIVO;RIO VERDE;Dia 20;NÃO;SUPERMERCADO;173;PRATA
COMERCIAL J LÍDER;1267745,17;0;0;707,27;187,22;81;13;11;0;46;47;5,02;23,32;105,57;426,92;6;2025;36;ATIVO;RIO VERDE;Dia 20;NÃO;SUPERMERCADO;173;PRATA
COMERCIAL J LÍDER;1213575,7;0;0;94,73;150,59;67;22;19;0;48;48;0,61;3,1;107,21;236,45;3;2025;29;ATIVO;RIO VERDE;Dia 20;NÃO;SUPERMERCADO;173;PRATA
COMERCIAL J LÍDER;1208817,17;0;0;248,23;471,8;122;42;27;0;80;89;1,57;7,4;214,7;722,02;4;2025;47;ATIVO;RIO VERDE;Dia 20;NÃO;SUPERMERCADO;173;PRATA
COMERCIAL J LÍDER;1180194,58;0;0;343,78;618,94;182;31;29;264;137;137;5,27;21,89;327,12;453,82;12;2024;28;ATIVO;RIO VERDE;Dia 20;NÃO;SUPERMERCADO;173;PRATA
COMERCIAL J LÍDER;1067461,69;0;0;757,83;416,46;182;32;29;259;129;129;0,58;1,18;211,58;866,46;11;2024;54;ATIVO;RIO VERDE;Dia 20;NÃO;SUPERMERCADO;173;PRATA
COMERCIAL J LÍDER;1050578,65;0;0;508,04;371,06;172;33;32;0;118;118;1,16;2,9;193,33;737,26;1;2025;43;ATIVO;RIO VERDE;Dia 20;NÃO;SUPERMERCADO;173;PRATA
COMERCIAL J LÍDER;1039937,93;0;0;1315,25;744,21;417;67;63;240;324;324;0,97;2,14;739,7;1626,85;10;2024;119;ATIVO;RIO VERDE;Dia 20;NÃO;SUPERMERCADO;173;PRATA
COMERCIAL J LÍDER;991456,75;0;0;206,44;183,35;93;18;15;0;63;63;0,78;3,7;104,93;487,48;2;2025;36;ATIVO;RIO VERDE;Dia 20;NÃO;SUPERMERCADO;173;PRATA
COMERCIAL J LÍDER;942952,26;0;0;5605,17;2185,62;1359;240;182;236;1234;1234;3,73;14,38;1998,24;28354,9;9;2024;520;ATIVO;RIO VERDE;Dia 20;NÃO;SUPERMERCADO;173;PRATA
COMERCIAL J LÍDER;941655,35;0;0;4989,54;3346,15;1121;218;188;217;1294;1471;1786,37;8257,8;576,08;12587,2;8;2024;384;ATIVO;RIO VERDE;Dia 20;NÃO;SUPERMERCADO;173;PRATA
COMERCIAL J LÍDER;902490,78;0;0;8264,06;5436,48;1292;291;267;270;1299;1457;1713,84;7922,31;705,56;11895,79;7;2024;450;ATIVO;RIO VERDE;Dia 20;NÃO;SUPERMERCADO;173;PRATA
COMERCIAL J LÍDER;888469,53;0;0;27428,85;11375,77;1339;304;259;389;1184;1307;1552,74;7175,14;780,81;14279,88;6;2024;457;ATIVO;RIO VERDE;Dia 20;NÃO;SUPERMERCADO;173;PRATA
COMERCIAL J LÍDER;859633,43;0;0;23220,47;12523,23;1868;460;393;421;2925;3716;3643,59;16847,66;251,39;4657,48;5;2024;469;ATIVO;RIO VERDE;Dia 20;NÃO;SUPERMERCADO;173;PRATA
COMERCIAL J LÍDER;792161,3;0;0;20481,89;9143,6;1522;384;309;150;0;0;0;0;0;0;3;2024;338;ATIVO;RIO VERDE;Dia 20;NÃO;SUPERMERCADO;173;PRATA
COMERCIAL JACÓ;1618243,29;65525,32;7863,04;341,57;427,93;31;25;0;0;20;21;68,24;316,64;6,74;113,66;8;2026;34;ATIVO;RIO VERDE;Dia 10;SIM;SUPERMERCADO;95;BRONZE
COMERCIAL JACÓ;1618243,29;65525,32;7863,04;341,57;427,93;31;25;0;0;20;21;68,24;316,64;6,74;113,66;8;2026;34;ATIVO;RIO VERDE;Dia 10;SIM;SUPERMERCADO;95;BRONZE
COMERCIAL JACÓ;1521244,19;66112,89;7933,55;308,12;312,43;25;26;0;0;17;18;47,34;221,73;0;112,29;7;2026;21;ATIVO;RIO VERDE;Dia 10;SIM;SUPERMERCADO;95;BRONZE
COMERCIAL JACÓ;1500580,13;73703,13;8400,07;582,34;149,24;33;27;0;0;17;18;12,95;67,89;21,37;94,34;5;2026;26;ATIVO;RIO VERDE;Dia 10;SIM;SUPERMERCADO;95;BRONZE
COMERCIAL JACÓ;1462275,21;67125,73;8055,09;1336,78;197,77;20;23;0;0;10;11;25,96;128,19;1,84;8,87;6;2026;18;ATIVO;RIO VERDE;Dia 10;SIM;SUPERMERCADO;95;BRONZE
COMERCIAL JACÓ;1394124,13;60887,36;7306,48;198,56;339,67;40;31;9;0;36;38;34,79;164,06;23,44;302,59;4;2026;26;ATIVO;RIO VERDE;Dia 10;SIM;SUPERMERCADO;95;BRONZE
COMERCIAL JACÓ;1358182,06;69248,12;7204,94;92,4;265,98;21;29;5;0;20;21;18,86;90,19;18,04;115,86;3;2026;19;ATIVO;RIO VERDE;Dia 10;SIM;SUPERMERCADO;95;BRONZE
COMERCIAL JACÓ;1313350,09;63171,92;7468,98;108,31;131,65;25;27;1;0;12;12;10,61;51,46;0;34,63;12;2025;27;ATIVO;RIO VERDE;Dia 10;SIM;SUPERMERCADO;95;BRONZE
COMERCIAL JACÓ;1266612,27;0;0;178,53;558,26;47;34;5;0;13;21;24,32;115,39;5,38;29,92;8;2025;33;ATIVO;RIO VERDE;Dia 10;NÃO;SUPERMERCADO;95;BRONZE
COMERCIAL JACÓ;1243909,95;58527,73;58527,73;9969,15;117,45;52;38;3;0;18;19;1,73;12,18;0;3891,84;10;2025;57;ATIVO;RIO VERDE;Dia 10;SIM;SUPERMERCADO;95;BRONZE
COMERCIAL JACÓ;1233140,32;57773,43;6822,73;99,57;130,25;27;29;1;0;15;16;10,11;49,29;5,4;39,9;11;2025;24;ATIVO;RIO VERDE;Dia 10;SIM;SUPERMERCADO;95;BRONZE
COMERCIAL JACÓ;1231374,33;0;0;150,13;427,01;52;38;3;0;178;24;16,22;76,98;16,97;23,9;5;2025;42;ATIVO;RIO VERDE;Dia 10;NÃO;SUPERMERCADO;95;BRONZE
COMERCIAL JACÓ;1224832,15;0;0;159,83;485,54;41;28;5;0;17;25;18,38;88,55;17,55;43,86;7;2025;28;ATIVO;RIO VERDE;Dia 10;NÃO;SUPERMERCADO;95;BRONZE
COMERCIAL JACÓ;1205474,56;57777,71;6933,33;2328,37;178,53;29;30;1;0;12;13;10,11;50,13;0;30,58;1;2026;31;ATIVO;RIO VERDE;Dia 10;SIM;SUPERMERCADO;95;BRONZE
COMERCIAL JACÓ;1204008,15;62986,36;6652,42;103,41;459,35;24;37;1;0;19;21;11,71;57,66;29,95;100,17;2;2026;35;ATIVO;RIO VERDE;Dia 10;SIM;SUPERMERCADO;95;BRONZE
COMERCIAL JACÓ;1191362,55;0;0;149,91;120,98;32;24;3;0;17;20;1,66;9,59;1,64;53,76;3;2025;20;ATIVO;RIO VERDE;Dia 10;NÃO;SUPERMERCADO;95;BRONZE
COMERCIAL JACÓ;1190956,89;0;0;96,28;464,76;45;28;5;0;14;24;12,2;58,66;11,74;25,29;6;2025;39;ATIVO;RIO VERDE;Dia 10;NÃO;SUPERMERCADO;95;BRONZE
COMERCIAL JACÓ;1138018,22;0;0;179,02;229,5;40;24;1;29;19;20;4,22;21,55;21,86;63,13;4;2025;29;ATIVO;RIO VERDE;Dia 10;NÃO;SUPERMERCADO;95;BRONZE
COMERCIAL JACÓ;1097945,55;0;0;76,48;87,2;26;15;0;0;12;12;5,93;26,47;4,43;89,36;12;2024;13;ATIVO;RIO VERDE;Dia 10;NÃO;SUPERMERCADO;95;BRONZE
COMERCIAL JACÓ;1029494;0;0;20,74;105,35;23;13;0;0;13;13;4,54;21,26;0;391,4;1;2025;9;ATIVO;RIO VERDE;Dia 10;NÃO;SUPERMERCADO;95;BRONZE
COMERCIAL JACÓ;1021235,39;0;0;117,14;73,33;25;17;0;0;19;19;7,37;35,49;9,76;460,78;2;2025;14;ATIVO;RIO VERDE;Dia 10;NÃO;SUPERMERCADO;95;BRONZE
COMERCIAL JACÓ;996952;0;0;7,32;75,17;22;16;0;191;9;9;5,36;22,98;1,25;62,78;11;2024;10;ATIVO;RIO VERDE;Dia 10;NÃO;SUPERMERCADO;95;BRONZE
COMERCIAL JACÓ;958323,62;0;0;20,35;168,83;37;27;1;193;13;13;6,2;26,2;3,45;26,94;10;2024;18;ATIVO;RIO VERDE;Dia 10;NÃO;SUPERMERCADO;95;BRONZE
COMERCIAL JACÓ;919474,52;0;0;78,21;103,75;30;11;1;176;11;11;2,81;13,84;13,16;69,47;8;2024;19;ATIVO;RIO VERDE;Dia 10;NÃO;SUPERMERCADO;95;BRONZE
COMERCIAL JACÓ;913409,08;0;0;31,42;236,98;39;18;1;191;15;15;9,88;45,45;3,45;43,61;9;2024;18;ATIVO;RIO VERDE;Dia 10;NÃO;SUPERMERCADO;95;BRONZE
COMERCIAL JACÓ;868336,23;0;0;40,26;53,52;28;8;1;183;20;20;7,36;34,4;1,25;27,27;7;2024;15;ATIVO;RIO VERDE;Dia 10;NÃO;SUPERMERCADO;95;BRONZE
COMERCIAL JACÓ;792802,37;0;0;94,45;81,1;45;8;2;177;33;33;19,38;88,36;10,28;71,59;6;2024;35;ATIVO;RIO VERDE;Dia 10;NÃO;SUPERMERCADO;95;BRONZE
COMERCIAL JACÓ;780216,6;0;0;146,11;150,27;44;12;5;171;33;34;22,55;103,59;43,29;58,352;5;2024;40;ATIVO;RIO VERDE;Dia 10;NÃO;SUPERMERCADO;95;BRONZE
COMERCIAL JACÓ;725550,38;0;0;24,44;84,76;81;25;3;174;15;17;1,91;8,42;18,24;21,06;4;2024;34;ATIVO;RIO VERDE;Dia 10;NÃO;SUPERMERCADO;95;BRONZE
COMERCIAL JACÓ;714867,07;0;0;34,84;81,47;25;22;1;172;13;14;1,08;4,45;25,04;60,22;3;2024;36;ATIVO;RIO VERDE;Dia 10;NÃO;SUPERMERCADO;95;BRONZE
COMERCIAL JACÓ;643744,67;0;0;7068,89;483,2;1129;178;112;162;1020;1020;7,07;32,93;1216,67;9923,3;1;2024;549;ATIVO;RIO VERDE;Dia 10;NÃO;SUPERMERCADO;95;BRONZE
COMERCIAL JACÓ;634473,77;0;0;40,71;69,29;32;6;2;159;56;56;3,45;15,08;12,22;318,88;2;2024;40;ATIVO;RIO VERDE;Dia 10;NÃO;SUPERMERCADO;95;BRONZE
COMERCIAL JACÓ;548402,26;0;0;14924,51;3533,79;1429;459;165;132;1232;1232;1,47;1,64;2465,06;22111,19;10;2023;549;ATIVO;RIO VERDE;Dia 10;NÃO;SUPERMERCADO;95;BRONZE
COMERCIAL JACÓ;518327,56;0;0;13751,98;912,93;1289;212;157;153;1142;1142;1,01;3,69;2702,55;19481,62;12;2023;564;ATIVO;RIO VERDE;Dia 10;NÃO;SUPERMERCADO;95;BRONZE
DISTRIBUIDOR LESTE;2806954,38;0;0;4675;2399,5;294;89;1;270;0;0;0;0;0;0;5;2022;0;INATIVO;GOIÂNIA;Dia 20;NÃO;SUPERMERCADO;58;PRATA
DISTRIBUIDOR LESTE;2417629,72;0;0;2182,26;983,79;280;108;55;190;0;0;0;0;0;0;1;2022;0;INATIVO;GOIÂNIA;Dia 20;NÃO;SUPERMERCADO;58;PRATA
DISTRIBUIDOR LESTE;1764168,71;0;0;55,71;146,03;40;7;42;0;45;57;2,46;11,28;48,61;67,85;7;2025;16;INATIVO;GOIÂNIA;Dia 20;NÃO;SUPERMERCADO;58;PRATA
DISTRIBUIDOR LESTE;1744714,03;0;0;35,28;233,05;50;12;44;0;102;112;79,42;362,88;168,3;634,16;5;2025;21;INATIVO;GOIÂNIA;Dia 20;NÃO;SUPERMERCADO;58;PRATA
DISTRIBUIDOR LESTE;1679313,74;0;0;50,84;102,61;46;10;44;0;94;105;39,54;172,01;114,46;539,32;6;2025;19;INATIVO;GOIÂNIA;Dia 20;NÃO;SUPERMERCADO;58;PRATA
DISTRIBUIDOR LESTE;1603057,68;0;0;286,43;272,22;50;15;41;0;108;119;87,35;375,13;76,06;502,32;4;2025;21;INATIVO;GOIÂNIA;Dia 20;NÃO;SUPERMERCADO;58;PRATA
DISTRIBUIDOR LESTE;1387321,41;0;0;325,94;251,15;38;18;18;0;124;133;52,35;240,34;128,42;1390,97;1;2025;27;INATIVO;GOIÂNIA;Dia 20;NÃO;SUPERMERCADO;58;PRATA
DISTRIBUIDOR LESTE;1371298,26;0;0;374,26;180,64;49;13;42;0;132;142;60,27;267,11;60,2;856,27;3;2025;22;INATIVO;GOIÂNIA;Dia 20;NÃO;SUPERMERCADO;58;PRATA
DISTRIBUIDOR LESTE;1319819,82;0;0;408,52;399,95;44;25;44;0;101;111;35,78;163,68;49,47;639,05;2;2025;27;INATIVO;GOIÂNIA;Dia 20;NÃO;SUPERMERCADO;58;PRATA
DISTRIBUIDOR LESTE;1303084,84;0;0;700,96;128,91;205;4;0;1;35;72;9,46;43,91;2,12;72,59;8;2023;43;INATIVO;GOIÂNIA;Dia 20;NÃO;SUPERMERCADO;58;PRATA
DISTRIBUIDOR LESTE;1297433,51;0;0;1754,62;536,65;231;26;3;287;140;248;75,16;345,78;34,83;2482,85;6;2023;884;INATIVO;GOIÂNIA;Dia 20;NÃO;SUPERMERCADO;58;PRATA
DISTRIBUIDOR LESTE;1283650,07;0;0;673,48;509,34;196;26;3;0;130;241;76,92;352,51;39,6;37,14;5;2023;877;INATIVO;GOIÂNIA;Dia 20;NÃO;SUPERMERCADO;58;PRATA
DISTRIBUIDOR LESTE;1266579,53;0;0;715,8;106,27;177;12;3;1;51;99;14,94;68,88;7,33;110,32;7;2023;55;INATIVO;GOIÂNIA;Dia 20;NÃO;SUPERMERCADO;58;PRATA
DISTRIBUIDOR LESTE;1234812,94;0;0;62,7;157,86;35;13;1;15;144;154;59,04;271,54;114,41;3542,71;12;2024;22;INATIVO;GOIÂNIA;Dia 20;NÃO;SUPERMERCADO;58;PRATA
DISTRIBUIDOR LESTE;1224425,83;0;0;17,5;183,05;15;14;14;27;22;51;38,11;175,41;4,3;57,85;12;2023;7;INATIVO;GOIÂNIA;Dia 20;NÃO;SUPERMERCADO;58;PRATA
DISTRIBUIDOR LESTE;1223020,84;0;0;694,9;249,64;167;7;0;1;52;75;11,53;53,49;131,31;70;9;2023;27;INATIVO;GOIÂNIA;Dia 20;NÃO;SUPERMERCADO;58;PRATA
DISTRIBUIDOR LESTE;1199589,2;0;0;3,99;75,25;18;16;12;0;65;99;9,46;43,62;29,18;391,35;11;2023;24;INATIVO;GOIÂNIA;Dia 20;NÃO;SUPERMERCADO;58;PRATA
DISTRIBUIDOR LESTE;1183319,84;0;0;71,35;111,11;63;23;53;20;155;158;111,11;512,78;22,29;2561,23;10;2024;51;INATIVO;GOIÂNIA;Dia 20;NÃO;SUPERMERCADO;58;PRATA
DISTRIBUIDOR LESTE;1169919,49;0;0;87,17;168,81;62;20;54;16;145;150;32,13;148,33;16,38;1526,48;8;2024;42;INATIVO;GOIÂNIA;Dia 20;NÃO;SUPERMERCADO;58;PRATA
DISTRIBUIDOR LESTE;1146233,43;0;0;1,34;31,99;16;4;0;19;162;170;110,25;510,88;84,4;3492,85;11;2024;7;INATIVO;GOIÂNIA;Dia 20;NÃO;SUPERMERCADO;58;PRATA
DISTRIBUIDOR LESTE;1140518,82;0;0;18,82;51,2;28;10;52;22;32;62;3,03;13,96;1,99;1308,48;7;2024;16;INATIVO;GOIÂNIA;Dia 20;NÃO;SUPERMERCADO;58;PRATA
DISTRIBUIDOR LESTE;1132092,98;0;0;423,71;53,54;141;5;12;0;53;70;11,28;52,18;90,47;502,58;10;2023;61;INATIVO;GOIÂNIA;Dia 20;NÃO;SUPERMERCADO;58;PRATA
DISTRIBUIDOR LESTE;1132070,48;0;0;3927,08;370,16;277;48;0;0;119;226;83,93;383,54;18,13;37,53;4;2023;917;INATIVO;GOIÂNIA;Dia 20;NÃO;SUPERMERCADO;58;PRATA
DISTRIBUIDOR LESTE;1125931,17;0;0;0,42;10,09;8;11;14;33;15;45;2;9,2;6,89;36,83;1;2024;5;INATIVO;GOIÂNIA;Dia 20;NÃO;SUPERMERCADO;58;PRATA
DISTRIBUIDOR LESTE;1080101,97;0;0;84,83;316,12;71;25;64;18;158;158;94,13;436,63;20,49;2041,83;9;2024;51;INATIVO;GOIÂNIA;Dia 20;NÃO;SUPERMERCADO;58;PRATA
DISTRIBUIDOR LESTE;1062572,27;0;0;2,47;37,67;9;6;51;25;23;54;18,1;83,61;9,1;20,97;2;2024;8;INATIVO;GOIÂNIA;Dia 20;NÃO;SUPERMERCADO;58;PRATA
DISTRIBUIDOR LESTE;1044534,04;0;0;2,57;45,01;23;2;55;18;32;64;21,62;99,36;13,19;141,12;4;2024;205;INATIVO;GOIÂNIA;Dia 20;NÃO;SUPERMERCADO;58;PRATA
DISTRIBUIDOR LESTE;1042023,4;0;0;12,79;22,48;19;5;50;20;33;62;7,81;36,12;0;1186,29;6;2024;6;INATIVO;GOIÂNIA;Dia 20;NÃO;SUPERMERCADO;58;PRATA
DISTRIBUIDOR LESTE;1035683,57;0;0;2,41;21,32;7;5;55;16;26;56;19,22;88,65;9,17;16,91;3;2024;5;INATIVO;GOIÂNIA;Dia 20;NÃO;SUPERMERCADO;58;PRATA
DISTRIBUIDOR LESTE;1035159,84;0;0;18,6;83,26;34;3;50;22;30;58;22,7;104,28;1,61;206,8;5;2024;7;INATIVO;GOIÂNIA;Dia 20;NÃO;SUPERMERCADO;58;PRATA
DISTRIBUIDORA DIRETORIA;560969,92;0;0;273,68;189,07;19;7;7;0;40;40;48,35;212,45;0;106,46;8;2026;4;ATIVO;TRINDADE;Dia 15;NÃO;SUPERMERCADO;23;PRATA
DISTRIBUIDORA DIRETORIA;539944,3;0;0;390,61;232,44;13;9;9;0;42;42;64,99;0;116,82;116,82;5;2026;2;ATIVO;TRINDADE;Dia 15;NÃO;SUPERMERCADO;23;PRATA
DISTRIBUIDORA DIRETORIA;496801,48;0;0;404,46;399,89;17;9;9;0;36;36;54,33;239,23;0;129,36;6;2026;3;ATIVO;TRINDADE;Dia 15;NÃO;SUPERMERCADO;23;PRATA
DISTRIBUIDORA DIRETORIA;489583,74;0;0;448,09;326,54;19;9;8;0;42;42;0;0;0;121,72;7;2026;5;ATIVO;TRINDADE;Dia 15;NÃO;SUPERMERCADO;23;PRATA
DISTRIBUIDORA LIDERANÇA;1382183,74;0;0;0,69;9,02;76;3;0;0;41;147;157,16;723,99;4,81;3006,02;1;2026;6;ATIVO;CATALÃO;Dia 10;NÃO;SUPERMERCADO;245;BRONZE
DISTRIBUIDORA LIDERANÇA;836374,98;0;0;445,18;63,68;65;8;6;1;39;97;18,41;84,81;12,84;844,66;2;2026;4;ATIVO;CATALÃO;Dia 10;NÃO;SUPERMERCADO;245;BRONZE
DISTRIBUIDORA LIDERANÇA;658440,8;0;0;0,38;13,43;111;84;1;4;35;111;15,65;71,16;17,5;474,12;7;2026;0;ATIVO;CATALÃO;Dia 10;NÃO;SUPERMERCADO;245;BRONZE
DISTRIBUIDORA LIDERANÇA;574919,72;0;0;0;28,93;113;103;3;3;44;143;10,47;47,33;7,54;858,85;6;2026;2;ATIVO;CATALÃO;Dia 10;NÃO;SUPERMERCADO;245;BRONZE
DISTRIBUIDORA LIDERANÇA;539353,43;0;0;0;0;75;4;1;4;22;97;36,01;165,79;1,96;125;8;2026;30;ATIVO;CATALÃO;Dia 10;NÃO;SUPERMERCADO;245;BRONZE
DISTRIBUIDORA LIDERANÇA;539353,43;0;0;0;30,2;75;4;1;4;22;97;36,01;165,79;1,96;125;8;2026;4;ATIVO;CATALÃO;Dia 10;NÃO;SUPERMERCADO;245;BRONZE
DISTRIBUIDORA LIDERANÇA;518061,12;0;0;1,36;40,5;81;72;1;5;18;84;10,29;47,61;1,2;109,03;3;2026;3;ATIVO;CATALÃO;Dia 10;NÃO;SUPERMERCADO;245;BRONZE
DISTRIBUIDORA LIDERANÇA;512950,06;0;0;0;7,86;93;85;3;4;31;106;22,73;104,31;0;510,43;5;2026;3;ATIVO;CATALÃO;Dia 10;NÃO;SUPERMERCADO;245;BRONZE
DISTRIBUIDORA LIDERANÇA;344588,27;0;0;0;11,18;70;1;0;2;27;114;63,05;290,42;47,99;275,14;9;2025;13;ATIVO;CATALÃO;Dia 10;NÃO;SUPERMERCADO;245;BRONZE
DISTRIBUIDORA LIDERANÇA;312349,48;0;0;0,42;50,16;83;7;7;0;43;158;51,58;236,83;31,73;590,26;12;2025;14;ATIVO;CATALÃO;Dia 10;NÃO;SUPERMERCADO;245;BRONZE
DISTRIBUIDORA LIDERANÇA;311932,85;0;0;0;5,88;15;0;0;4;41;145;37,77;173,88;4,46;366,57;10;2025;18;ATIVO;CATALÃO;Dia 10;NÃO;SUPERMERCADO;245;BRONZE
DISTRIBUIDORA LIDERANÇA;158497,38;0;0;0;6,63;82;0;0;2;24;99;11,55;53,26;24,5;121,43;8;2025;1;ATIVO;CATALÃO;Dia 10;NÃO;SUPERMERCADO;245;BRONZE
DISTRIBUIDORA LIDERANÇA (ATACADO);151831,13;0;0;264,87;13,09;165;3;0;0;29;150;9,17;43,98;46,33;189,51;12;2025;164;ATIVO;CATALÃO;Dia 10;NÃO;SUPERMERCADO;246;BRONZE
DISTRIBUIDORA LIDERANÇA (ATACADO);143209,82;0;0;81,9;11,02;130;169;1;0;38;148;59,42;275,09;22,23;216,01;4;2026;293;ATIVO;CATALÃO;Dia 10;NÃO;SUPERMERCADO;246;BRONZE
DISTRIBUIDORA LIDERANÇA (ATACADO);139995,95;0;0;655,78;11,06;178;234;1;0;38;142;58,48;269,07;14,51;277,68;3;2026;271;ATIVO;CATALÃO;Dia 10;NÃO;SUPERMERCADO;246;BRONZE
DISTRIBUIDORA LIDERANÇA (ATACADO);136871,87;0;0;119,93;9,24;135;136;2;0;35;135;17,1;79,04;66,04;285,87;6;2026;246;ATIVO;CATALÃO;Dia 10;NÃO;SUPERMERCADO;246;BRONZE
DISTRIBUIDORA LIDERANÇA (ATACADO);135867,5;0;0;653,3;9,98;148;177;1;0;35;151;8,78;40,79;61,06;166,46;7;2026;297;ATIVO;CATALÃO;Dia 10;NÃO;SUPERMERCADO;246;BRONZE
DISTRIBUIDORA LIDERANÇA (ATACADO);135621,49;0;0;35,18;11,47;150;21;0;0;30;140;10,64;49,79;24,81;196,98;8;2026;234;ATIVO;CATALÃO;Dia 10;NÃO;SUPERMERCADO;246;BRONZE
DISTRIBUIDORA LIDERANÇA (ATACADO);135621,49;0;0;35,18;11,47;150;21;0;0;30;140;10,64;49,79;24,81;196,98;8;2026;234;ATIVO;CATALÃO;Dia 10;NÃO;SUPERMERCADO;246;BRONZE
DISTRIBUIDORA LIDERANÇA (ATACADO);132561,89;0;0;541,92;10,06;149;44;0;0;37;136;42,5;196,55;168,27;341,1;2;2026;240;ATIVO;CATALÃO;Dia 10;NÃO;SUPERMERCADO;246;BRONZE
DISTRIBUIDORA LIDERANÇA (ATACADO);127897,16;0;0;765,84;10,73;144;33;0;0;36;136;22,66;104,76;56,06;187,47;1;2026;238;ATIVO;CATALÃO;Dia 10;NÃO;SUPERMERCADO;246;BRONZE
DISTRIBUIDORA LIDERANÇA (ATACADO);124490,67;0;0;429,42;65,75;159;145;0;0;33;143;30,53;140,94;10,54;453,11;5;2026;260;ATIVO;CATALÃO;Dia 10;NÃO;SUPERMERCADO;246;BRONZE
DISTRIBUIDORA LIDERANÇA (ATACADO);117448,94;0;0;41,7;13,2;12;4;0;0;42;145;13,24;62,12;46,45;231,64;10;2025;73;ATIVO;CATALÃO;Dia 10;NÃO;SUPERMERCADO;246;BRONZE
DISTRIBUIDORA LIDERANÇA (ATACADO);112543,45;0;0;0;14,11;157;0;0;0;34;106;9,75;46,88;56,81;411,54;8;2025;213;ATIVO;CATALÃO;Dia 10;NÃO;SUPERMERCADO;246;BRONZE
DISTRIBUIDORA LIDERANÇA (ATACADO);89183,87;0;0;22,3;12,72;126;1;0;0;27;93;24,11;112,23;3,77;215,26;9;2025;199;ATIVO;CATALÃO;Dia 10;NÃO;SUPERMERCADO;246;BRONZE
DROGA RYOS;1023080,69;0;0;994,25;603,93;69;18;0;34;18;23;664,11;3081,64;0;13,22;12;2025;122;ATIVO;APARECIDA DE GOIÂNIA;Dia 10;NÃO;SUPERMERCADO;24;OURO
DROGA RYOS;978068,56;0;0;46,29;18;14;3;0;34;12;14;11,06;50,59;0;3,4;3;2026;66;ATIVO;APARECIDA DE GOIÂNIA;Dia 10;NÃO;SUPERMERCADO;24;OURO
DROGA RYOS;974989,17;0;0;622,99;10,32;39;9;5;34;16;21;23,75;110;10,47;0;5;2026;68;ATIVO;APARECIDA DE GOIÂNIA;Dia 10;NÃO;SUPERMERCADO;24;OURO
DROGA RYOS;969495,79;0;0;110,79;11,92;26;3;1;34;17;25;14,75;67,93;6,68;7,8;4;2026;71;ATIVO;APARECIDA DE GOIÂNIA;Dia 10;NÃO;SUPERMERCADO;24;OURO
DROGA RYOS;942440,55;0;0;52,25;359,35;33;12;0;34;18;23;620,72;2871,18;1,64;7,28;1;2026;80;ATIVO;APARECIDA DE GOIÂNIA;Dia 10;NÃO;SUPERMERCADO;24;OURO
DROGA RYOS;908204,69;0;0;77,43;81,05;22;3;1;34;25;30;540,07;2514,31;1,64;4,72;2;2026;63;ATIVO;APARECIDA DE GOIÂNIA;Dia 10;NÃO;SUPERMERCADO;24;OURO
EMBALAGENS JATAÍ;3067011,56;0;0;50;131,33;12;5;2;0;0;0;0,77;2,94;0;0;12;2025;10;ATIVO;JATAÍ;Dia 20;NÃO;SUPERMERCADO;181;PRATA
EMBALAGENS JATAÍ;2787541,05;0;0;19,06;79,4;4;1;0;0;6;6;1,73;7,51;32,2;4,09;10;2025;5;ATIVO;JATAÍ;Dia 20;NÃO;SUPERMERCADO;181;PRATA
EMBALAGENS JATAÍ;2727525,67;0;0;0;0;1;4;0;0;4;4;0;18,82;0;2,77;6;2026;4;ATIVO;JATAÍ;Dia 20;NÃO;SUPERMERCADO;181;PRATA
EMBALAGENS JATAÍ;2581418,59;0;0;1,12;58,9;1;1;0;0;5;5;0;0,62;0;27,22;7;2026;1;ATIVO;JATAÍ;Dia 20;NÃO;SUPERMERCADO;181;PRATA
EMBALAGENS JATAÍ;2581418,59;;;1,12;58,9;1;1;0;0;5;5;0;0,62;0;27,22;7;2026;1;ATIVO;JATAÍ;Dia 20;NÃO;SUPERMERCADO;181;PRATA
EMBALAGENS JATAÍ;2567736,16;0;0;34,51;46,65;16;5;3;0;0;0;0,64;2,17;0;0;3;2026;10;ATIVO;JATAÍ;Dia 20;NÃO;SUPERMERCADO;181;PRATA
EMBALAGENS JATAÍ;2561874,58;0;0;1,21;0;0;3;0;0;2;2;0,34;0,43;22,25;0;5;2026;5;ATIVO;JATAÍ;Dia 20;NÃO;SUPERMERCADO;181;PRATA
EMBALAGENS JATAÍ;2546074,82;0;0;35,78;39,91;12;6;3;0;0;0;0,78;2,3;0;0;4;2026;9;ATIVO;JATAÍ;Dia 20;NÃO;SUPERMERCADO;181;PRATA
EMBALAGENS JATAÍ;2468308,48;0;0;76,86;198,98;17;19;0;0;12;12;13,64;62,12;18,93;94,46;4;2025;17;ATIVO;JATAÍ;Dia 20;NÃO;SUPERMERCADO;181;PRATA
EMBALAGENS JATAÍ;2424388,28;0;0;53,41;70,85;5;2;1;0;6;6;12,23;56,19;5,84;0;6;2025;5;ATIVO;JATAÍ;Dia 20;NÃO;SUPERMERCADO;181;PRATA
EMBALAGENS JATAÍ;2390474,39;0;0;0;2,03;73,61;2;0;0;5;2;1,24;5,28;5,28;1,52;7;2025;0;ATIVO;JATAÍ;Dia 20;NÃO;SUPERMERCADO;181;PRATA
EMBALAGENS JATAÍ;2340918,9;0;0;55,04;4033,44;214;3;3;0;0;0;0,93;3,06;0;0;11;2025;7;ATIVO;JATAÍ;Dia 20;NÃO;SUPERMERCADO;181;PRATA
EMBALAGENS JATAÍ;2292257,78;0;0;44,09;55,87;7;16;1;0;18;18;30,01;137,3;2,7;32,02;5;2025;3;ATIVO;JATAÍ;Dia 20;NÃO;SUPERMERCADO;181;PRATA
EMBALAGENS JATAÍ;2276513,29;0;0;2,73;91,98;3;2;0;0;3;3;0,13;0;2,32;8,51;9;2025;7;ATIVO;JATAÍ;Dia 20;NÃO;SUPERMERCADO;181;PRATA
EMBALAGENS JATAÍ;2272822,75;0;0;7,51;65,24;2;1;0;0;4;4;2,21;9,68;0;2,24;8;2025;0;ATIVO;JATAÍ;Dia 20;NÃO;SUPERMERCADO;181;PRATA
EMBALAGENS JATAÍ;2199508,76;0;0;567,41;2012,14;409;121;0;0;24;26;27,93;128,46;73,49;199,94;3;2025;151;ATIVO;JATAÍ;Dia 20;NÃO;SUPERMERCADO;181;PRATA
EMBALAGENS JATAÍ;2073928,75;0;0;0,54;80,05;15;6;3;0;1;2;4,78;20,96;0;0;1;2026;14;ATIVO;JATAÍ;Dia 20;NÃO;SUPERMERCADO;181;PRATA
EMBALAGENS JATAÍ;2051189,05;0;0;39,28;56,12;14;7;3;0;0;0;0,64;2,54;0;0;2;2026;11;ATIVO;JATAÍ;Dia 20;NÃO;SUPERMERCADO;181;PRATA
EMBALAGENS JATAÍ;1887253,86;0;0;877;351,04;81;9;2;0;18;18;8,41;38,46;0;242,77;1;2025;53;ATIVO;JATAÍ;Dia 20;NÃO;SUPERMERCADO;181;PRATA
EMPÓRIO DOURADOS;1205441,71;118645,25;14102,49;168,53;103,22;30;24;1;169;14;15;30;138,2;3,2;27,57;8;2026;63;ATIVO;GOIÂNIA;DIA 15;SIM;SUPERMERCADO;159;PRATA
EMPÓRIO DOURADOS;1183084,19;106673,77;10714,59;4055,01;2103,73;317;140;127;239;600;688;537,68;2491,71;113,53;2516,15;3;2026;804;ATIVO;GOIÂNIA;DIA 15;SIM;SUPERMERCADO;159;PRATA
EMPÓRIO DOURADOS;1063669,61;80407,78;9275,99;617,1;528,38;185;75;126;239;478;539;179,05;829,19;198,93;899,45;5;2026;276;ATIVO;GOIÂNIA;DIA 15;SIM;SUPERMERCADO;159;PRATA
EMPÓRIO DOURADOS;1056152,58;89763,38;9603,75;2300,61;1087,85;217;98;120;239;590;646;451,12;2086,95;184,52;1523,29;4;2026;327;ATIVO;GOIÂNIA;DIA 15;SIM;SUPERMERCADO;159;PRATA
EMPÓRIO DOURADOS;1014200,92;82647,54;9060,35;1964,35;2648,22;258;120;68;239;445;570;246,59;1142,16;105,64;1761,88;2;2026;828;ATIVO;GOIÂNIA;DIA 15;SIM;SUPERMERCADO;159;PRATA
EMPÓRIO DOURADOS;1008963,02;78799,15;8774,49;882,25;215,52;100;29;105;0;207;243;0;366,69;102,53;300,77;6;2026;137;ATIVO;GOIÂNIA;DIA 15;SIM;SUPERMERCADO;159;PRATA
EMPÓRIO DOURADOS;1008963,02;78799,15;8774,49;882,25;215,52;100;29;105;0;207;243;79,53;366,69;102,53;300,77;6;2026;137;ATIVO;GOIÂNIA;DIA 15;SIM;SUPERMERCADO;159;PRATA
EMPÓRIO DOURADOS;637119,05;72785,25;7786,52;1052,29;244,04;403;11;0;123;17;23;478,01;2751,82;2,84;53,13;7;2026;38;ATIVO;GOIÂNIA;DIA 15;SIM;SUPERMERCADO;159;PRATA
EMPÓRIO NOTA 10;1363144,38;0;0;464,72;16,38;36;9;3;0;38;38;100,6;462;0;113,12;12;2025;33;ATIVO;PIRENÓPOLIS;Dia 10;NÃO;SUPERMERCADO;104;PRATA
EMPÓRIO NOTA 10;1269946,15;0;0;104,09;72,73;27;2;2;0;19;31;38,04;175,42;0;33,16;7;2026;20;ATIVO;PIRENÓPOLIS;Dia 10;NÃO;SUPERMERCADO;104;PRATA
EMPÓRIO NOTA 10;1265495,62;0;0;78,08;150,26;28;13;10;0;49;54;71,53;327,28;8,05;95,88;7;2025;23;ATIVO;PIRENÓPOLIS;Dia 10;NÃO;SUPERMERCADO;104;PRATA
EMPÓRIO NOTA 10;1264114,45;0;0;214,7;3406,74;33;9;4;0;37;41;557,91;2564,7;11,49;88,17;12;2024;23;ATIVO;PIRENÓPOLIS;Dia 10;NÃO;SUPERMERCADO;104;PRATA
EMPÓRIO NOTA 10;1203771,16;0;0;137,78;6,69;19;4;2;0;26;28;51,98;237,13;0,51;87,33;1;2026;24;ATIVO;PIRENÓPOLIS;Dia 10;NÃO;SUPERMERCADO;104;PRATA
EMPÓRIO NOTA 10;1184122,08;0;0;367,26;614,71;51;16;3;105;63;140;1413,95;6580,93;0;185,23;7;2024;50;ATIVO;PIRENÓPOLIS;Dia 10;NÃO;SUPERMERCADO;104;PRATA
EMPÓRIO NOTA 10;1182663,8;0;0;98,91;2710,9;24;6;3;0;24;27;208,75;955,22;1,02;105,38;4;2025;22;ATIVO;PIRENÓPOLIS;Dia 10;NÃO;SUPERMERCADO;104;PRATA
EMPÓRIO NOTA 10;1172257,46;0;0;63,36;11,98;29;7;0;0;25;25;63,19;289,88;0;66,94;10;2025;36;ATIVO;PIRENÓPOLIS;Dia 10;NÃO;SUPERMERCADO;104;PRATA
EMPÓRIO NOTA 10;1163665,54;0;0;156,09;181,01;25;7;5;0;41;47;51,49;235,86;6,97;102,71;6;2025;22;ATIVO;PIRENÓPOLIS;Dia 10;NÃO;SUPERMERCADO;104;PRATA
EMPÓRIO NOTA 10;1161250,12;0;0;46,91;5,98;21;10;6;0;43;44;72,72;332,84;9,13;52,58;8;2025;29;ATIVO;PIRENÓPOLIS;Dia 10;NÃO;SUPERMERCADO;104;PRATA
EMPÓRIO NOTA 10;1129762,29;0;0;201,66;3323,63;48;13;4;0;38;43;348,7;1597,19;7,92;92,8;1;2025;38;ATIVO;PIRENÓPOLIS;Dia 10;NÃO;SUPERMERCADO;104;PRATA
EMPÓRIO NOTA 10;1127898,43;0;0;314,84;187,06;28;5;2;0;36;37;132,97;609,61;3,57;97,98;4;2026;30;ATIVO;PIRENÓPOLIS;Dia 10;NÃO;SUPERMERCADO;104;PRATA
EMPÓRIO NOTA 10;1124649,81;0;0;384,71;68,99;26;2;1;0;33;38;62,6;286,23;0;55,59;5;2026;17;ATIVO;PIRENÓPOLIS;Dia 10;NÃO;SUPERMERCADO;104;PRATA
EMPÓRIO NOTA 10;1105768,84;0;0;50,02;64,37;19;3;2;0;21;35;0;132,87;0;30,48;8;2026;21;ATIVO;PIRENÓPOLIS;Dia 10;NÃO;SUPERMERCADO;104;PRATA
EMPÓRIO NOTA 10;1105768,84;0;0;50,02;64,37;19;3;2;0;21;35;28,75;132,87;0;30,48;8;2026;21;ATIVO;PIRENÓPOLIS;Dia 10;NÃO;SUPERMERCADO;104;PRATA
EMPÓRIO NOTA 10;1100422,7;0;0;111,22;3061,45;35;12;5;0;33;35;232,4;1065,25;1,05;75,28;5;2025;31;ATIVO;PIRENÓPOLIS;Dia 10;NÃO;SUPERMERCADO;104;PRATA
EMPÓRIO NOTA 10;1081007,03;0;0;139,67;876,52;54;16;2;0;35;39;361,96;1660,86;16,49;83,38;3;2025;42;ATIVO;PIRENÓPOLIS;Dia 10;NÃO;SUPERMERCADO;104;PRATA
EMPÓRIO NOTA 10;1044313,5;0;0;48,57;2,16;15;5;1;0;20;24;21,64;98,41;0;35,44;9;2025;24;ATIVO;PIRENÓPOLIS;Dia 10;NÃO;SUPERMERCADO;104;PRATA
EMPÓRIO NOTA 10;1040965,2;0;0;922,68;95,53;25;52;2;0;26;34;66,4;305,08;0;70,98;6;2026;16;ATIVO;PIRENÓPOLIS;Dia 10;NÃO;SUPERMERCADO;104;PRATA
EMPÓRIO NOTA 10;973711,17;0;0;111,63;541;43;18;5;102;44;65;214,83;983,84;6,86;152,54;9;2024;44;ATIVO;PIRENÓPOLIS;Dia 10;NÃO;SUPERMERCADO;104;PRATA
EMPÓRIO NOTA 10;955407,09;0;0;92,48;339,09;31;7;2;103;53;61;208,53;955,68;11,07;155,58;10;2024;26;ATIVO;PIRENÓPOLIS;Dia 10;NÃO;SUPERMERCADO;104;PRATA
EMPÓRIO NOTA 10;951179,47;0;0;99,22;143,82;25;7;2;98;39;44;205,48;942,17;13,28;86,01;11;2024;27;ATIVO;PIRENÓPOLIS;Dia 10;NÃO;SUPERMERCADO;104;PRATA
EMPÓRIO NOTA 10;949944,64;0;0;831,45;779,44;117;21;8;104;106;187;1282,96;5971,41;12,79;172,38;6;2024;67;ATIVO;PIRENÓPOLIS;Dia 10;NÃO;SUPERMERCADO;104;PRATA
EMPÓRIO NOTA 10;932398,04;0;0;112,99;10,62;21;2;0;0;34;34;105,61;486,01;2,66;66,59;2;2026;22;ATIVO;PIRENÓPOLIS;Dia 10;NÃO;SUPERMERCADO;104;PRATA
EMPÓRIO NOTA 10;920398,77;0;0;121,76;98,99;25;3;1;0;32;32;90,44;414,42;2,66;65,12;3;2026;30;ATIVO;PIRENÓPOLIS;Dia 10;NÃO;SUPERMERCADO;104;PRATA
EMPÓRIO NOTA 10;910829,79;0;0;189,13;905,52;61;16;2;0;27;29;229,84;1053,74;10,86;53,42;2;2025;41;ATIVO;PIRENÓPOLIS;Dia 10;NÃO;SUPERMERCADO;104;PRATA
EMPÓRIO NOTA 10;907993,16;0;0;170,09;762,5;54;23;8;104;48;65;241,01;1102,41;0;133,76;8;2024;45;ATIVO;PIRENÓPOLIS;Dia 10;NÃO;SUPERMERCADO;104;PRATA
EMPÓRIO NOTA 10;781697,17;0;0;538,02;1559,99;109;16;4;105;92;166;382,65;1758,63;2,31;181,66;5;2024;52;ATIVO;PIRENÓPOLIS;Dia 10;NÃO;SUPERMERCADO;104;PRATA
EMPÓRIO PEIXOTO;583235,66;0;0;472,3;614,77;144;50;23;0;176;194;604,97;2957,55;23,77;1054,26;12;2025;97;ATIVO;GOIÂNIA;Dia 30;NÃO;SUPERMERCADO;234;BRONZE
EMPÓRIO PEIXOTO;534898,99;0;0;714,13;243,63;88;30;18;0;96;113;565,02;2786,54;0;613,41;10;2025;64;ATIVO;GOIÂNIA;Dia 30;NÃO;SUPERMERCADO;234;BRONZE
EMPÓRIO PEIXOTO;527541,97;0;0;1585,92;604,33;245;52;27;0;241;340;520,64;2597,12;46,71;1911,47;8;2025;196;ATIVO;GOIÂNIA;Dia 30;NÃO;SUPERMERCADO;234;BRONZE
EMPÓRIO PEIXOTO;519530,64;0;0;5799,16;2712,04;783;304;153;0;2046;1420;361,76;6200,2;30,28;1835,79;6;2025;0;ATIVO;GOIÂNIA;Dia 30;NÃO;SUPERMERCADO;234;BRONZE
EMPÓRIO PEIXOTO;499332,35;0;0;382,75;3027,79;203;88;44;0;288;292;487,82;2467,67;71,2;2413,1;9;2025;139;ATIVO;GOIÂNIA;Dia 30;NÃO;SUPERMERCADO;234;BRONZE
EMPÓRIO PEIXOTO;498754,23;0;0;957,14;799,63;222;108;44;0;408;417;8,88;42,18;56,05;3731,16;5;2026;159;ATIVO;GOIÂNIA;Dia 30;NÃO;SUPERMERCADO;234;BRONZE
EMPÓRIO PEIXOTO;484118,75;0;0;1555,55;862,19;212;96;39;0;408;419;9,93;48,16;38,43;3781,86;6;2026;153;ATIVO;GOIÂNIA;Dia 30;NÃO;SUPERMERCADO;234;BRONZE
EMPÓRIO PEIXOTO;482141,46;0;0;418,8;463,31;190;63;21;0;190;206;472,62;2358,61;21,87;1113,28;1;2026;136;ATIVO;GOIÂNIA;Dia 30;NÃO;SUPERMERCADO;234;BRONZE
EMPÓRIO PEIXOTO;478940,46;0;0;870,68;587,77;247;85;34;0;428;542;438,29;2159,83;61,03;2212,04;7;2025;159;ATIVO;GOIÂNIA;Dia 30;NÃO;SUPERMERCADO;234;BRONZE
EMPÓRIO PEIXOTO;477342,68;0;0;440,73;793,76;180;86;38;0;356;372;8,31;40,39;25,25;3312,55;4;2026;131;ATIVO;GOIÂNIA;Dia 30;NÃO;SUPERMERCADO;234;BRONZE
EMPÓRIO PEIXOTO;420920,47;0;0;447,71;532,72;194;93;41;0;255;270;411,94;2049,71;15,31;1341,67;2;2026;132;ATIVO;GOIÂNIA;Dia 30;NÃO;SUPERMERCADO;234;BRONZE
FERRAGENS FERROMINAS;724016,12;0;0;0;0;2;1;0;0;2;2;0,41;1,51;0;0;5;2026;1;ATIVO;CRISTALINA;Dia 10;NÃO;SUPERMERCADO;25;BRONZE
FERRAGENS FERROMINAS;661665,01;0;0;7649,19;3,21;61;33;29;69;0;0;0;0;0;0;9;2025;38;ATIVO;CRISTALINA;Dia 10;NÃO;SUPERMERCADO;25;BRONZE
FERRAGENS FERROMINAS;648700,74;0;0;42,11;123,28;9;5;6;0;3;2;0,84;3,53;7,18;0;4;2026;3;ATIVO;CRISTALINA;Dia 10;NÃO;SUPERMERCADO;25;BRONZE
FERRAGENS FERROMINAS;626001,25;0;0;82,63;1127,63;29;20;14;0;1286;2;1038,59;14049,77;3,03;0;12;2025;23;ATIVO;CRISTALINA;Dia 10;NÃO;SUPERMERCADO;25;BRONZE
FERRAGENS FERROMINAS;569928,32;0;0;105,56;131,06;4;5;1;0;866;1;1178,83;9080,16;11,48;0;1;2026;4;ATIVO;CRISTALINA;Dia 10;NÃO;SUPERMERCADO;25;BRONZE
FERRAGENS FERROMINAS;558722,31;0;0;12,78;106,09;7;4;2;0;3;3;2,85;12,84;7,97;0;3;2026;2;ATIVO;CRISTALINA;Dia 10;NÃO;SUPERMERCADO;25;BRONZE
FERRAGENS FERROMINAS;531326,58;0;0;17,6;4,83;4;2;1;0;2;2;1193,73;5508,36;11,01;0;2;2026;1;ATIVO;CRISTALINA;Dia 10;NÃO;SUPERMERCADO;25;BRONZE
FIBRA FORTE;540225,8;0;0;50,81;15,56;29;7;7;25;4;4;0;0;0;43,53;10;2025;15;ATIVO;PIRENÓPOLIS;Dia 15;NÃO;SUPERMERCADO;157;BRONZE
FIBRA FORTE;330823,05;0;0;179,55;35,81;46;0;329;0;2;2;0,56;0;0;56,61;4;2026;9;ATIVO;PIRENÓPOLIS;Dia 15;NÃO;SUPERMERCADO;157;BRONZE
FIBRA FORTE;291755,06;0;0;202,97;40,81;48;0;343;0;5;5;0,63;0;40,08;10,95;1;2026;14;ATIVO;PIRENÓPOLIS;Dia 15;NÃO;SUPERMERCADO;157;BRONZE
FIBRA FORTE;260276,63;0;0;148,15;2683,95;39;4;349;0;2;2;0,6;0;24,87;13,14;12;2025;11;ATIVO;PIRENÓPOLIS;Dia 15;NÃO;SUPERMERCADO;157;BRONZE
FIBRA FORTE;173916,16;0;0;120,75;32,1;50;0;310;0;3;3;0,43;0;0;32,86;2;2026;12;ATIVO;PIRENÓPOLIS;Dia 15;NÃO;SUPERMERCADO;157;BRONZE
FORTE BEBIDAS;1160153,83;0;0;13,79;367,87;42;25;13;0;0;0;0;0;0;0;12;2025;19;ATIVO;GOIÂNIA;Dia 25;NÃO;SUPERMERCADO;190;BRONZE
FORTE BEBIDAS;1132626,71;0;0;68,18;698,98;514;17;0;0;0;0;0;0;0;0;12;2024;22;ATIVO;GOIÂNIA;Dia 25;NÃO;SUPERMERCADO;190;BRONZE
FORTE BEBIDAS;1062949,13;0;0;288,14;1318,31;545;93;14;56;0;0;0;0;0;0;12;2023;166;ATIVO;GOIÂNIA;Dia 25;NÃO;SUPERMERCADO;190;BRONZE
FORTE BEBIDAS;904596,31;0;0;11,86;1428,72;418;11;9;0;0;0;0;0;0;0;3;2025;8;ATIVO;GOIÂNIA;Dia 25;NÃO;SUPERMERCADO;190;BRONZE
FORTE BEBIDAS;902021,67;0;0;138,28;451,47;162;38;11;0;0;0;0;0;0;0;8;2025;29;ATIVO;GOIÂNIA;Dia 25;NÃO;SUPERMERCADO;190;BRONZE
FORTE BEBIDAS;895653,3;0;0;75,85;148,88;44;40;9;0;0;0;0;0;0;0;5;2026;21;ATIVO;GOIÂNIA;Dia 25;NÃO;SUPERMERCADO;190;BRONZE
FORTE BEBIDAS;880971,05;0;0;11,53;75,35;25;25;2;0;0;0;0;0;0;0;7;2026;11;ATIVO;GOIÂNIA;Dia 25;NÃO;SUPERMERCADO;190;BRONZE
FORTE BEBIDAS;880971,05;;;11,53;75,35;25;25;2;0;0;0;0;0;0;0;7;2026;11;ATIVO;GOIÂNIA;Dia 25;NÃO;SUPERMERCADO;190;BRONZE
FORTE BEBIDAS;878791,97;0;0;7,32;88,42;23;25;1;0;0;0;0;0;0;0;6;2026;13;ATIVO;GOIÂNIA;Dia 25;NÃO;SUPERMERCADO;190;BRONZE
FORTE BEBIDAS;877964,71;0;0;17,87;224,95;50;31;10;0;0;0;0;0;0;0;10;2025;25;ATIVO;GOIÂNIA;Dia 25;NÃO;SUPERMERCADO;190;BRONZE
FORTE BEBIDAS;853210,24;0;0;21,75;446,55;51;36;15;0;0;0;0;0;0;0;4;2026;28;ATIVO;GOIÂNIA;Dia 25;NÃO;SUPERMERCADO;190;BRONZE
FORTE BEBIDAS;835639,21;0;0;26,51;1035,36;456;33;11;0;0;0;0;0;0;0;5;2025;25;ATIVO;GOIÂNIA;Dia 25;NÃO;SUPERMERCADO;190;BRONZE
FORTE BEBIDAS;827529,67;0;0;10,48;1211,6;419;21;9;0;0;0;0;0;0;0;4;2025;13;ATIVO;GOIÂNIA;Dia 25;NÃO;SUPERMERCADO;190;BRONZE
FORTE BEBIDAS;817407,8;0;0;19,84;512,05;456;7;0;0;0;0;0;0;0;0;11;2024;14;ATIVO;GOIÂNIA;Dia 25;NÃO;SUPERMERCADO;190;BRONZE
FORTE BEBIDAS;816994,92;0;0;4,19;579,99;430;24;5;0;0;0;0;0;0;0;6;2025;21;ATIVO;GOIÂNIA;Dia 25;NÃO;SUPERMERCADO;190;BRONZE
FORTE BEBIDAS;814920,94;0;0;67,92;697,84;473;22;6;61;0;0;0;0;0;0;9;2024;69;ATIVO;GOIÂNIA;Dia 25;NÃO;SUPERMERCADO;190;BRONZE
FORTE BEBIDAS;804497,16;0;0;819,8;1837,87;508;112;25;53;0;0;0;0;0;0;11;2023;102;ATIVO;GOIÂNIA;Dia 25;NÃO;SUPERMERCADO;190;BRONZE
FORTE BEBIDAS;796781,32;0;0;21,48;464,95;43;32;15;0;0;0;0;0;0;0;1;2026;25;ATIVO;GOIÂNIA;Dia 25;NÃO;SUPERMERCADO;190;BRONZE
FORTE BEBIDAS;788345,81;0;0;63,78;1372,5;552;30;7;62;0;0;0;0;0;0;8;2024;101;ATIVO;GOIÂNIA;Dia 25;NÃO;SUPERMERCADO;190;BRONZE
FORTE BEBIDAS;787103,97;0;0;100,59;1045,08;440;34;10;58;0;0;0;0;0;0;5;2024;107;ATIVO;GOIÂNIA;Dia 25;NÃO;SUPERMERCADO;190;BRONZE
FORTE BEBIDAS;785480,16;0;0;54,7;1090,44;485;42;8;58;0;0;0;0;0;0;6;2024;113;ATIVO;GOIÂNIA;Dia 25;NÃO;SUPERMERCADO;190;BRONZE
FORTE BEBIDAS;780205,59;0;0;13,72;726,47;42;29;13;0;0;0;0;0;0;0;3;2026;21;ATIVO;GOIÂNIA;Dia 25;NÃO;SUPERMERCADO;190;BRONZE
FORTE BEBIDAS;777823,38;0;0;130,43;485,66;405;13;2;0;0;0;0;0;0;0;1;2025;17;ATIVO;GOIÂNIA;Dia 25;NÃO;SUPERMERCADO;190;BRONZE
FORTE BEBIDAS;776797,17;0;0;59,13;443,05;434;11;0;65;0;0;0;0;0;0;10;2024;13;ATIVO;GOIÂNIA;Dia 25;NÃO;SUPERMERCADO;190;BRONZE
FORTE BEBIDAS;774331,78;0;0;111,44;480,58;355;32;14;0;0;0;0;0;0;0;7;2025;20;ATIVO;GOIÂNIA;Dia 25;NÃO;SUPERMERCADO;190;BRONZE
FORTE BEBIDAS;760000,18;0;0;121,27;1067,01;466;44;12;55;0;0;0;0;0;0;3;2024;122;ATIVO;GOIÂNIA;Dia 25;NÃO;SUPERMERCADO;190;BRONZE
FORTE BEBIDAS;745962,7;0;0;12,61;565,8;40;27;13;0;0;0;0;0;0;0;2;2026;18;ATIVO;GOIÂNIA;Dia 25;NÃO;SUPERMERCADO;190;BRONZE
FORTE BEBIDAS;732338,93;0;0;33,86;898,4;452;32;10;55;0;0;0;0;0;0;7;2024;99;ATIVO;GOIÂNIA;Dia 25;NÃO;SUPERMERCADO;190;BRONZE
FORTE BEBIDAS;717656,65;0;0;54,17;629,12;388;42;5;55;0;0;0;0;0;0;1;2024;125;ATIVO;GOIÂNIA;Dia 25;NÃO;SUPERMERCADO;190;BRONZE
FORTE BEBIDAS;712160,22;0;0;87,14;1230,22;417;16;9;0;0;0;0;0;0;0;2;2025;10;ATIVO;GOIÂNIA;Dia 25;NÃO;SUPERMERCADO;190;BRONZE
FORTE BEBIDAS;684287,79;0;0;49,28;992,11;421;46;6;48;0;0;0;0;0;0;2;2024;122;ATIVO;GOIÂNIA;Dia 25;NÃO;SUPERMERCADO;190;BRONZE
FORTE BEBIDAS;675311,25;0;0;174,52;1013,23;454;48;14;51;0;0;0;0;0;0;4;2024;116;ATIVO;GOIÂNIA;Dia 25;NÃO;SUPERMERCADO;190;BRONZE
FORTE BEBIDAS;548066,77;0;0;1297,92;9541,06;1023;596;61;51;0;0;0;0;0;0;9;2023;95;ATIVO;GOIÂNIA;Dia 25;NÃO;SUPERMERCADO;190;BRONZE
FORTE BEBIDAS;476314,53;0;0;756,13;1559,39;555;206;39;51;0;0;0;0;0;0;10;2023;94;ATIVO;GOIÂNIA;Dia 25;NÃO;SUPERMERCADO;190;BRONZE
FRIOS FERREIRA;7478989,63;0;0;514,27;1859,94;35;3;45;0;46;52;385,71;1831,29;767,26;14707,79;12;2025;149;ATIVO;ANÁPOLIS;Dia 05;NÃO;SUPERMERCADO;7;DIAMANTE
FRIOS FERREIRA;6547982,15;0;0;1955,85;598,71;49;32;39;0;91;105;0;1044,73;716,34;9353,22;7;2026;129;ATIVO;ANÁPOLIS;Dia 05;NÃO;SUPERMERCADO;7;DIAMANTE
FRIOS FERREIRA;6311464,05;0;0;699,26;777,74;30;7;38;0;77;91;317,2;1452,58;523,25;17945,36;5;2026;101;ATIVO;ANÁPOLIS;Dia 05;NÃO;SUPERMERCADO;7;DIAMANTE
FRIOS FERREIRA;6166414,73;0;0;1106,52;43522,14;1031;48;43;0;81;120;144,53;691,62;54,77;14892,97;10;2025;242;ATIVO;ANÁPOLIS;Dia 05;NÃO;SUPERMERCADO;7;DIAMANTE
FRIOS FERREIRA;6004513,4;0;0;2776,93;3117,93;191;53;45;301;81;257;99,81;471,31;4,9;1329,71;8;2025;228;ATIVO;ANÁPOLIS;Dia 05;NÃO;SUPERMERCADO;7;DIAMANTE
FRIOS FERREIRA;5991281,18;0;0;2,88;400,62;24;20;40;0;24;166;262,15;1224,46;561,94;12074,48;6;2026;106;ATIVO;ANÁPOLIS;Dia 05;NÃO;SUPERMERCADO;7;DIAMANTE
FRIOS FERREIRA;5925582,97;0;0;1148,09;222,34;24;2;42;0;41;62;141,25;647,41;601,1;213,87;4;2026;101;ATIVO;ANÁPOLIS;Dia 05;NÃO;SUPERMERCADO;7;DIAMANTE
FRIOS FERREIRA;5841819,37;0;0;448,69;110,43;26;3;43;0;58;68;312,3;1437,76;715,67;251,8;3;2026;132;ATIVO;ANÁPOLIS;Dia 05;NÃO;SUPERMERCADO;7;DIAMANTE
FRIOS FERREIRA;5805099,97;0;0;682,68;62443,61;1060;3;38;0;37;55;220,36;1049,18;340,19;12939,76;11;2025;167;ATIVO;ANÁPOLIS;Dia 05;NÃO;SUPERMERCADO;7;DIAMANTE
FRIOS FERREIRA;5572692,14;0;0;3953,73;1195,63;191;39;41;312;75;249;261,08;1186,6;0,49;1306,48;6;2025;227;ATIVO;ANÁPOLIS;Dia 05;NÃO;SUPERMERCADO;7;DIAMANTE
FRIOS FERREIRA;5528497,49;0;0;1448,34;1548,97;157;42;47;311;74;223;37,23;185,93;0,49;451,77;9;2025;207;ATIVO;ANÁPOLIS;Dia 05;NÃO;SUPERMERCADO;7;DIAMANTE
FRIOS FERREIRA;5527438,13;0;0;931,17;1499,67;44;9;36;0;52;65;145,58;656,71;635,42;9368,87;1;2026;159;ATIVO;ANÁPOLIS;Dia 05;NÃO;SUPERMERCADO;7;DIAMANTE
FRIOS FERREIRA;5510562,64;0;0;1866,78;68,95;25;10;36;0;31;37;116,75;538,54;704,16;826,08;2;2026;113;ATIVO;ANÁPOLIS;Dia 05;NÃO;SUPERMERCADO;7;DIAMANTE
FRUTARIA DO OSVALDO;2508590,33;0;0;166,15;187,71;12;18;0;0;26;24;0;1357,14;0;12,41;6;2026;16;ATIVO;CATALÃO;Dia 15;NÃO;SUPERMERCADO;148;BRONZE
FRUTARIA DO OSVALDO;1215985,89;0;0;122,47;1074,27;63;40;6;58;77;75;213,27;982,75;0;1933,69;3;2026;286;ATIVO;CATALÃO;Dia 15;NÃO;SUPERMERCADO;148;BRONZE
FRUTARIA DO OSVALDO;1183629,81;0;0;385,68;123;13;4;0;29;17;18;7,54;34,75;0;35,77;8;2026;7;ATIVO;CATALÃO;Dia 15;NÃO;SUPERMERCADO;148;BRONZE
FRUTARIA DO OSVALDO;1158088,91;0;0;1047,46;311,8;61;23;3;58;251;233;20,42;93,69;0;42196,14;5;2025;226;ATIVO;CATALÃO;Dia 15;NÃO;SUPERMERCADO;148;BRONZE
FRUTARIA DO OSVALDO;1156256,82;0;0;131,02;189,23;24;23;0;0;26;26;206,29;950,27;0;49,74;7;2026;38;ATIVO;CATALÃO;Dia 15;NÃO;SUPERMERCADO;148;BRONZE
FRUTARIA DO OSVALDO;1094433,65;0;0;143,25;614,48;50;33;3;58;76;72;227,18;1043,97;0;573,67;4;2026;256;ATIVO;CATALÃO;Dia 15;NÃO;SUPERMERCADO;148;BRONZE
FRUTARIA DO OSVALDO;999300,86;0;0;334,09;747,56;83;59;7;58;84;84;215,47;988,1;0;1252,57;2;2026;429;ATIVO;CATALÃO;Dia 15;NÃO;SUPERMERCADO;148;BRONZE
FRUTARIA DO OSVALDO;959567,65;0;0;385,1;559,87;31;22;1;58;35;33;250,12;1153,43;0;80,81;5;2026;28;ATIVO;CATALÃO;Dia 15;NÃO;SUPERMERCADO;148;BRONZE
FRUTARIA DO OSVALDO;750184,56;0;0;343,27;113,46;27;19;3;58;244;212;93,33;429,02;0;27041,15;8;2025;20;ATIVO;CATALÃO;Dia 15;NÃO;SUPERMERCADO;148;BRONZE
FRUTARIA DO OSVALDO;708382,62;0;0;181,38;162,14;49;26;1;58;323;257;48,55;233,19;0;25678,93;12;2025;33;ATIVO;CATALÃO;Dia 15;NÃO;SUPERMERCADO;148;BRONZE
FRUTARIA DO OSVALDO;692046,71;0;0;610,11;58,61;21;13;1;58;231;203;84,72;389,22;0;24950,75;10;2025;14;ATIVO;CATALÃO;Dia 15;NÃO;SUPERMERCADO;148;BRONZE
FRUTARIA DO OSVALDO;652944,35;0;0;184,18;37,86;17;13;2;58;249;216;22,31;102,32;0;23751,31;11;2025;13;ATIVO;CATALÃO;Dia 15;NÃO;SUPERMERCADO;148;BRONZE
FRUTARIA DO OSVALDO;644830,64;0;0;1283,11;1187,22;138;80;33;58;453;441;223;1028,84;0;14901,35;1;2026;296;ATIVO;CATALÃO;Dia 15;NÃO;SUPERMERCADO;148;BRONZE
FRUTARIA DO OSVALDO;596112,85;0;0;542,67;57,32;23;12;3;58;235;211;57,31;263,49;0;21549,34;9;2025;13;ATIVO;CATALÃO;Dia 15;NÃO;SUPERMERCADO;148;BRONZE
GOIÁS VERDURAS SUPERMERCADO;3011570,89;0;0;182,82;1873,4;61;29;2;0;34;79;13,91;64,65;168,07;143,02;12;2025;108;ATIVO;JATAÍ;Dia 25;NÃO;SUPERMERCADO;8;DIAMANTE
GOIÁS VERDURAS SUPERMERCADO;2874076,27;0;0;5644,1;1756,98;279;127;14;89;128;165;40,05;185,68;62,43;5698,61;8;2025;169;ATIVO;JATAÍ;Dia 25;NÃO;SUPERMERCADO;8;DIAMANTE
GOIÁS VERDURAS SUPERMERCADO;2782824,22;0;0;2576,5;588,5;216;94;14;0;65;102;85,16;393,63;45,56;3245,64;10;2025;129;ATIVO;JATAÍ;Dia 25;NÃO;SUPERMERCADO;8;DIAMANTE
GOIÁS VERDURAS SUPERMERCADO;2740117,89;0;0;1155,69;397,96;209;50;10;0;54;99;120,26;560,3;52,94;3553,1;4;2026;149;ATIVO;JATAÍ;Dia 25;NÃO;SUPERMERCADO;8;DIAMANTE
GOIÁS VERDURAS SUPERMERCADO;2678951,2;0;0;280,06;176,5;85;20;1;0;56;96;213,38;986,15;49,12;438,47;11;2025;119;ATIVO;JATAÍ;Dia 25;NÃO;SUPERMERCADO;8;DIAMANTE
GOIÁS VERDURAS SUPERMERCADO;2669286,14;0;0;3283,42;3795,97;232;130;0;0;48;90;48,17;221,66;62,36;4774,99;1;2026;147;ATIVO;JATAÍ;Dia 25;NÃO;SUPERMERCADO;8;DIAMANTE
GOIÁS VERDURAS SUPERMERCADO;2647803,73;0;0;261,75;189,27;84;0;1;0;34;88;96,93;452,46;0;3356,8;5;2026;70;ATIVO;JATAÍ;Dia 25;NÃO;SUPERMERCADO;8;DIAMANTE
GOIÁS VERDURAS SUPERMERCADO;2641508,31;0;0;631,92;605,69;197;86;15;0;47;82;76,26;346,2;45,47;4618,73;3;2026;110;ATIVO;JATAÍ;Dia 25;NÃO;SUPERMERCADO;8;DIAMANTE
GOIÁS VERDURAS SUPERMERCADO;2508642,34;0;0;38,54;643,27;18;4;2;2;15;59;54,07;253,01;8,8;4,26;7;2026;2;ATIVO;JATAÍ;Dia 25;NÃO;SUPERMERCADO;8;DIAMANTE
GOIÁS VERDURAS SUPERMERCADO;2485683,95;0;0;198,17;793,16;33;11;0;0;17;58;69,6;325,52;0;369,17;6;2026;22;ATIVO;JATAÍ;Dia 25;NÃO;SUPERMERCADO;8;DIAMANTE
GOIÁS VERDURAS SUPERMERCADO;2442736,41;0;0;3150,57;3527,28;222;128;4;0;45;88;37,06;170,13;6,84;4516,34;2;2026;138;ATIVO;JATAÍ;Dia 25;NÃO;SUPERMERCADO;8;DIAMANTE
HIPER BOX;1813852,49;0;0;6268,08;1315,78;480;90;36;0;0;0;0;0;0;0;12;2025;42;ATIVO;PLANALTINA;Dia 30;NÃO;SUPERMERCADO;218;PRATA
HIPER BOX;1794881,42;0;0;367,78;874,5;51;94;7;0;0;0;0;0;0;0;6;2026;31;ATIVO;PLANALTINA;Dia 30;NÃO;SUPERMERCADO;218;PRATA
HIPER BOX;1794802,54;0;0;541,93;437,53;90;115;8;0;0;0;0;0;0;0;4;2026;65;ATIVO;PLANALTINA;Dia 30;NÃO;SUPERMERCADO;218;PRATA
HIPER BOX;1766666,63;0;0;296,91;307,75;113;13;8;0;184;228;71,94;332,3;130,32;4381,02;5;2024;57;ATIVO;PLANALTINA;Dia 30;NÃO;SUPERMERCADO;218;PRATA
HIPER BOX;1730545,34;0;0;895,63;548,08;96;101;7;0;0;0;0;0;0;0;5;2026;59;ATIVO;PLANALTINA;Dia 30;NÃO;SUPERMERCADO;218;PRATA
HIPER BOX;1663235,82;0;0;1339,18;299,55;85;102;6;0;0;0;0;0;0;0;3;2026;61;ATIVO;PLANALTINA;Dia 30;NÃO;SUPERMERCADO;218;PRATA
HIPER BOX;1662442,96;0;0;169,5;170,73;105;50;1;0;0;0;0;0;0;0;10;2025;40;ATIVO;PLANALTINA;Dia 30;NÃO;SUPERMERCADO;218;PRATA
HIPER BOX;1660273,67;0;0;340,65;327,22;136;50;6;0;0;0;0;0;0;0;5;2025;71;ATIVO;PLANALTINA;Dia 30;NÃO;SUPERMERCADO;218;PRATA
HIPER BOX;1635626,6;0;0;220,6;259,52;78;16;0;0;109;110;21,18;97,46;22,44;340,82;12;2024;36;ATIVO;PLANALTINA;Dia 30;NÃO;SUPERMERCADO;218;PRATA
HIPER BOX;1620592,96;0;0;361,43;194,87;97;11;2;0;104;139;39,58;184,93;92,94;3688,97;6;2024;60;ATIVO;PLANALTINA;Dia 30;NÃO;SUPERMERCADO;218;PRATA
HIPER BOX;1592169,14;0;0;451,17;408,51;152;25;6;0;231;253;288,86;1327,84;72,86;4606,62;4;2024;84;ATIVO;PLANALTINA;Dia 30;NÃO;SUPERMERCADO;218;PRATA
HIPER BOX;1577188,16;0;0;508,72;731,68;67;98;7;0;0;0;0;0;0;0;7;2026;47;ATIVO;PLANALTINA;Dia 30;NÃO;SUPERMERCADO;218;PRATA
HIPER BOX;1572669,13;0;0;1413,93;150,4;88;14;5;0;0;0;0;0;0;0;1;2026;46;ATIVO;PLANALTINA;Dia 30;NÃO;SUPERMERCADO;218;PRATA
HIPER BOX;1568599,4;0;0;170,45;52,85;66;7;1;0;70;92;21,77;101,81;18,94;456,88;7;2024;48;ATIVO;PLANALTINA;Dia 30;NÃO;SUPERMERCADO;218;PRATA
HIPER BOX;1558221,49;0;0;1034,29;7635,12;839;65;50;0;1073;1315;1998,89;9249,06;217,15;19526,47;3;2024;224;ATIVO;PLANALTINA;Dia 30;NÃO;SUPERMERCADO;218;PRATA
HIPER BOX;1556778,83;0;0;70,13;220,16;84;36;4;0;0;0;0;0;0;0;8;2025;43;ATIVO;PLANALTINA;Dia 30;NÃO;SUPERMERCADO;218;PRATA
HIPER BOX;1546010,19;0;0;1394,16;87;80;12;6;0;0;0;0;0;0;0;2;2026;46;ATIVO;PLANALTINA;Dia 30;NÃO;SUPERMERCADO;218;PRATA
HIPER BOX;1473716,39;0;0;198,93;222,07;63;26;6;0;0;0;0;0;0;0;4;2025;36;ATIVO;PLANALTINA;Dia 30;NÃO;SUPERMERCADO;218;PRATA
HIPER BOX;1444226,33;0;0;254,61;300,44;70;20;1;0;100;104;47,53;219,73;13,31;327,03;2;2025;36;ATIVO;PLANALTINA;Dia 30;NÃO;SUPERMERCADO;218;PRATA
HIPER BOX;1431403,03;0;0;263,43;105,15;52;5;0;0;27;29;8,67;39,75;4,52;120,78;8;2024;18;ATIVO;PLANALTINA;Dia 30;NÃO;SUPERMERCADO;218;PRATA
HIPER BOX;1427462,03;0;0;206,11;300,28;141;56;8;0;0;0;0;0;0;0;7;2025;86;ATIVO;PLANALTINA;Dia 30;NÃO;SUPERMERCADO;218;PRATA
HIPER BOX;1417813,42;0;0;323,24;7339,94;326;72;55;0;884;1095;1015,08;4729,65;249,12;16992;2;2024;1093;ATIVO;PLANALTINA;Dia 30;NÃO;SUPERMERCADO;218;PRATA
HIPER BOX;1408551,64;0;0;300,95;228,9;80;24;2;0;107;107;27,74;128,44;12,47;379,66;1;2025;37;ATIVO;PLANALTINA;Dia 30;NÃO;SUPERMERCADO;218;PRATA
HIPER BOX;1387294,43;0;0;250,39;216,68;73;19;3;0;107;108;21,58;100,19;13,38;312,55;3;2025;33;ATIVO;PLANALTINA;Dia 30;NÃO;SUPERMERCADO;218;PRATA
HIPER BOX;1373443,7;0;0;240,21;322,37;119;61;4;0;0;0;0;0;0;0;6;2025;94;ATIVO;PLANALTINA;Dia 30;NÃO;SUPERMERCADO;218;PRATA
HIPER BOX;1339061,82;0;0;78,06;30,23;33;2;0;0;23;23;2,52;11,44;0;34,09;11;2024;17;ATIVO;PLANALTINA;Dia 30;NÃO;SUPERMERCADO;218;PRATA
HIPER BOX;1319938,62;0;0;76,51;98,89;46;5;1;0;17;17;1,39;6,49;5,16;71,28;9;2024;18;ATIVO;PLANALTINA;Dia 30;NÃO;SUPERMERCADO;218;PRATA
HIPERMERCADO VILLE MAIS;1144036,28;75995,22;9119,42;234,34;369,98;32;16;8;0;3640;5342;6912,34;31855,09;0;0;3;2026;18;ATIVO;RIO VERDE;Dia 10;SIM;SUPERMERCADO;19;PRATA
HIPERMERCADO VILLE MAIS;1131982,94;77130,68;9255,68;350,58;39,83;29;8;2;0;3567;5216;6818,22;31433,77;0;0;4;2026;15;ATIVO;RIO VERDE;Dia 10;SIM;SUPERMERCADO;19;PRATA
HIPERMERCADO VILLE MAIS;1049918,7;62166,91;7454,31;37,78;143,49;48;29;2;0;3359;4906;5906,87;27234,92;0;0;7;2026;39;ATIVO;RIO VERDE;Dia 10;SIM;SUPERMERCADO;19;PRATA
HIPERMERCADO VILLE MAIS;1032830,92;68019,1;8159,32;139,46;106,72;60;33;5;0;3409;4940;6185,37;28515,14;0;0;5;2026;40;ATIVO;RIO VERDE;Dia 10;SIM;SUPERMERCADO;19;PRATA
HIPERMERCADO VILLE MAIS;1009687,93;60839,87;7281,11;181,48;86,89;48;24;1;0;3316;4853;5780,58;26654,6;0;0;6;2026;34;ATIVO;RIO VERDE;Dia 10;SIM;SUPERMERCADO;19;PRATA
HORTIFRUTI PARAÍSO;1674042,07;0;0;1168,41;1922,76;453;455;21;0;78;80;5,04;25,03;65,6;626,34;7;2026;300;ATIVO;ALTO PARAÍSO DE GOIÁS;Dia 30;NÃO;SUPERMERCADO;247;PRATA
HORTIFRUTI PARAÍSO;1446753,03;0;0;5732,79;17819,58;2092;1228;84;0;621;665;1793,17;8259,69;773,81;16864,71;8;2025;1404;ATIVO;ALTO PARAÍSO DE GOIÁS;Dia 30;NÃO;SUPERMERCADO;247;PRATA
HORTIFRUTI PARAÍSO;1445158,04;0;0;641,26;815,73;187;328;17;0;39;39;1,85;8,78;9,07;296,58;6;2026;103;ATIVO;ALTO PARAÍSO DE GOIÁS;Dia 30;NÃO;SUPERMERCADO;247;PRATA
HORTIFRUTI PARAÍSO;1425619,76;0;0;3794,09;18211,99;2460;1315;142;0;351;380;1389,91;6405,85;47,87;16687,42;10;2025;1416;ATIVO;ALTO PARAÍSO DE GOIÁS;Dia 30;NÃO;SUPERMERCADO;247;PRATA
HORTIFRUTI PARAÍSO;1393527,16;0;0;6240,4;9364,77;1080;272;59;0;81;93;100,72;472,64;16;684,71;4;2026;461;ATIVO;ALTO PARAÍSO DE GOIÁS;Dia 30;NÃO;SUPERMERCADO;247;PRATA
HORTIFRUTI PARAÍSO;1350906,01;0;0;318,89;1835,48;231;176;29;0;107;113;67,82;315,05;65,54;568,66;12;2025;212;ATIVO;ALTO PARAÍSO DE GOIÁS;Dia 30;NÃO;SUPERMERCADO;247;PRATA
HORTIFRUTI PARAÍSO;1223980,24;0;0;2078,14;4094,7;450;207;47;0;47;51;62,97;292,48;12,33;655,96;1;2026;265;ATIVO;ALTO PARAÍSO DE GOIÁS;Dia 30;NÃO;SUPERMERCADO;247;PRATA
HORTIFRUTI PARAÍSO;1209462,71;0;0;2069,28;8451,15;1827;967;126;0;306;433;382,32;1763,64;150,33;12545,85;11;2025;1054;ATIVO;ALTO PARAÍSO DE GOIÁS;Dia 30;NÃO;SUPERMERCADO;247;PRATA
HORTIFRUTI PARAÍSO;1158365,34;0;0;5595,41;7986,18;1004;279;71;0;95;102;121,93;565,77;16,83;413,25;3;2026;449;ATIVO;ALTO PARAÍSO DE GOIÁS;Dia 30;NÃO;SUPERMERCADO;247;PRATA
HORTIFRUTI PARAÍSO;1043102,87;0;0;3227,56;5508,56;627;214;58;0;40;44;76,8;358,57;2,74;443,56;2;2026;323;ATIVO;ALTO PARAÍSO DE GOIÁS;Dia 30;NÃO;SUPERMERCADO;247;PRATA
HUGÃO SUPERMERCADO;2514451,28;0;0;305,06;592,26;108;51;92;0;143;439;250,34;1156,35;63,54;577,87;3;2025;153;ATIVO;APARECIDA DE GOIÂNIA;Dia 25;NÃO;SUPERMERCADO;198;OURO
HUGÃO SUPERMERCADO;2390568,86;0;0;501,71;976,46;139;110;96;0;180;567;492,88;2272,45;119,57;1678,44;1;2025;228;ATIVO;APARECIDA DE GOIÂNIA;Dia 25;NÃO;SUPERMERCADO;198;OURO
HUGÃO SUPERMERCADO;2370996,33;0;0;149,33;606,16;71;84;77;0;60;223;79,07;358,4;1,97;217,3;5;2025;168;ATIVO;APARECIDA DE GOIÂNIA;Dia 25;NÃO;SUPERMERCADO;198;OURO
HUGÃO SUPERMERCADO;2354075,23;0;0;181,18;492,78;57;78;73;0;53;508;76,44;351;0;211,48;4;2025;136;ATIVO;APARECIDA DE GOIÂNIA;Dia 25;NÃO;SUPERMERCADO;198;OURO
HUGÃO SUPERMERCADO;2313269,18;0;0;1240,24;370,8;83;69;54;0;45;186;55,39;266,58;23,51;111,27;7;2025;154;ATIVO;APARECIDA DE GOIÂNIA;Dia 25;NÃO;SUPERMERCADO;198;OURO
HUGÃO SUPERMERCADO;2313267,08;0;0;981,98;347,43;87;74;52;0;50;193;45,2;216,19;30,54;70,26;8;2025;148;ATIVO;APARECIDA DE GOIÂNIA;Dia 25;NÃO;SUPERMERCADO;198;OURO
HUGÃO SUPERMERCADO;2248687,36;0;0;361,97;910,81;127;112;97;0;148;471;422,18;1945,53;139,33;1177,86;2;2025;170;ATIVO;APARECIDA DE GOIÂNIA;Dia 25;NÃO;SUPERMERCADO;198;OURO
HUGÃO SUPERMERCADO;2241240,8;0;0;96,62;287,63;24;55;37;0;18;140;9,24;41,97;15,37;4,6;10;2025;127;ATIVO;APARECIDA DE GOIÂNIA;Dia 25;NÃO;SUPERMERCADO;198;OURO
HUGÃO SUPERMERCADO;2198180,17;0;0;1711,59;324,11;129;92;71;0;94;252;55,09;261,92;83,2;780,52;6;2025;180;ATIVO;APARECIDA DE GOIÂNIA;Dia 25;NÃO;SUPERMERCADO;198;OURO
HUGÃO SUPERMERCADO;2177029,79;0;0;38,7;268,24;28;57;37;0;14;137;4,25;18,99;8,02;9,41;9;2025;141;ATIVO;APARECIDA DE GOIÂNIA;Dia 25;NÃO;SUPERMERCADO;198;OURO
HUGÃO SUPERMERCADO;2164433,9;0;0;287,33;224,11;53;47;30;0;59;183;39,7;182;34,85;123,84;5;2026;102;ATIVO;APARECIDA DE GOIÂNIA;Dia 25;NÃO;SUPERMERCADO;198;OURO
HUGÃO SUPERMERCADO;2153260,58;0;0;4,06;20,78;14;40;30;0;20;130;30,22;137,59;4,34;3,75;7;2026;84;ATIVO;APARECIDA DE GOIÂNIA;Dia 25;NÃO;SUPERMERCADO;198;OURO
HUGÃO SUPERMERCADO;2091007,56;0;0;128,33;140,05;27;54;52;0;21;145;12,5;56,67;10,9;27,32;11;2025;133;ATIVO;APARECIDA DE GOIÂNIA;Dia 25;NÃO;SUPERMERCADO;198;OURO
HUGÃO SUPERMERCADO;2076532,73;0;0;40,78;66,04;28;37;33;0;33;155;40,04;182,02;23,23;39,17;6;2026;91;ATIVO;APARECIDA DE GOIÂNIA;Dia 25;NÃO;SUPERMERCADO;198;OURO
HUGÃO SUPERMERCADO;2045077,37;0;0;128,06;233,41;36;55;36;0;26;150;29,35;133,19;24,88;5,9;3;2026;125;ATIVO;APARECIDA DE GOIÂNIA;Dia 25;NÃO;SUPERMERCADO;198;OURO
HUGÃO SUPERMERCADO;1992051,31;0;0;244,65;137,8;32;48;39;0;19;134;9,54;42,23;19,18;87,1;1;2026;116;ATIVO;APARECIDA DE GOIÂNIA;Dia 25;NÃO;SUPERMERCADO;198;OURO
HUGÃO SUPERMERCADO;1979268,68;0;0;269,35;289,18;50;50;33;0;55;184;33,87;155,56;31,33;106,73;4;2026;112;ATIVO;APARECIDA DE GOIÂNIA;Dia 25;NÃO;SUPERMERCADO;198;OURO
HUGÃO SUPERMERCADO;1877200,07;0;0;205,06;225,93;27;45;33;0;23;143;19,6;90,25;18,85;22,65;2;2026;121;ATIVO;APARECIDA DE GOIÂNIA;Dia 25;NÃO;SUPERMERCADO;198;OURO
LANCHONETE TIA JOANA;1155381,31;0;0;6615,84;116,87;252;13;37;71;9;9;29,64;133,64;0;0;4;2026;38;ATIVO;NAZARIO;Dia 25;NÃO;SUPERMERCADO;270;OURO
LANCHONETE TIA JOANA;1109473,77;0;0;765,44;848,59;91;18;41;71;76;71;438,41;2018,21;0;1739,53;6;2026;46;ATIVO;NAZARIO;Dia 25;NÃO;SUPERMERCADO;252;OURO
LOJAS DO ZINHO;1521095,31;0;0;20993,28;3683,67;2168;331;214;0;227;229;86,29;585,86;179,49;244,18;1;2025;2126;ATIVO;ITUMBIARA;Dia 15;NÃO;SUPERMERCADO;143;PRATA
LOJAS DO ZINHO;1425261,4;0;0;1038,88;482,57;315;131;6;0;81;82;4,89;30,51;67,14;209,17;1;2026;220;ATIVO;ITUMBIARA;Dia 15;NÃO;SUPERMERCADO;143;PRATA
LOJAS DO ZINHO;741798,49;0;0;310,12;191,92;97;74;6;0;88;88;3,38;15,57;66,24;27,92;10;2025;101;ATIVO;ITUMBIARA;Dia 15;NÃO;SUPERMERCADO;143;PRATA
LOJAS DO ZINHO;741213,86;0;0;304,05;207,61;110;88;7;0;35;35;1,25;6,16;16,92;31,4;8;2025;98;ATIVO;ITUMBIARA;Dia 15;NÃO;SUPERMERCADO;143;PRATA
LOJAS DO ZINHO;688674,41;0;0;1851,69;1031,52;601;225;66;0;149;151;8,19;44,65;92,5;261,56;5;2025;577;ATIVO;ITUMBIARA;Dia 15;NÃO;SUPERMERCADO;143;PRATA
LOJAS DO ZINHO;654564,93;0;0;1241,08;338,86;488;129;42;0;82;83;5,4;30,07;58,97;96,71;6;2025;454;ATIVO;ITUMBIARA;Dia 15;NÃO;SUPERMERCADO;143;PRATA
LOJAS DO ZINHO;626309,07;0;0;856,1;202,98;272;132;27;0;77;77;2,57;14,63;19,4;89,44;7;2025;250;ATIVO;ITUMBIARA;Dia 15;NÃO;SUPERMERCADO;143;PRATA
LOJAS DO ZINHO;613781,89;0;0;371,27;511,23;146;114;5;0;86;86;6,67;32,05;63,21;22,44;11;2025;119;ATIVO;ITUMBIARA;Dia 15;NÃO;SUPERMERCADO;143;PRATA
LOJAS DO ZINHO;582598,19;0;0;2675,36;821,78;915;193;130;0;127;128;18,47;104,04;148,16;24,18;4;2025;844;ATIVO;ITUMBIARA;Dia 15;NÃO;SUPERMERCADO;143;PRATA
LOJAS DO ZINHO;546364,9;0;0;217,91;193,09;91;70;7;0;47;47;1,07;5,56;49,86;36,76;9;2025;91;ATIVO;ITUMBIARA;Dia 15;NÃO;SUPERMERCADO;143;PRATA
LOJAS DO ZINHO;527128,12;0;0;469,58;560,49;345;78;24;0;976;746;114,65;537,07;14,92;12,83;2;2026;152;ATIVO;ITUMBIARA;Dia 15;NÃO;SUPERMERCADO;143;PRATA
LU SUPERMERCADO;1312019,4;0;0;372,95;445,73;133;23;7;0;20;20;19,72;92,3;8,43;52,93;7;2025;79;ATIVO;ALTO PARAÍSO DE GOIÁS;Dia 10;NÃO;SUPERMERCADO;117;BRONZE
LU SUPERMERCADO;1293147,07;0;0;466,98;2271,53;1099;55;2;0;68;69;168,38;779,31;52,95;63,31;12;2025;194;ATIVO;ALTO PARAÍSO DE GOIÁS;Dia 10;NÃO;SUPERMERCADO;117;BRONZE
LU SUPERMERCADO;1256036,19;0;0;72,43;496,87;129;60;7;0;49;49;30,18;138,5;29,01;20,02;10;2025;156;ATIVO;ALTO PARAÍSO DE GOIÁS;Dia 10;NÃO;SUPERMERCADO;117;BRONZE
LU SUPERMERCADO;1241360,31;0;0;1405,11;1298,66;140;42;14;0;21;22;15,25;74,49;12,9;12,34;5;2025;99;ATIVO;ALTO PARAÍSO DE GOIÁS;Dia 10;NÃO;SUPERMERCADO;117;BRONZE
LU SUPERMERCADO;1237039,01;0;0;227,48;353,54;73;6;2;0;11;11;3,05;15,12;10,37;20,57;8;2025;37;ATIVO;ALTO PARAÍSO DE GOIÁS;Dia 10;NÃO;SUPERMERCADO;117;BRONZE
LU SUPERMERCADO;1223005,58;0;0;869,55;4923,5;1651;65;0;0;65;69;320,31;1480,94;84,8;97,72;1;2026;257;ATIVO;ALTO PARAÍSO DE GOIÁS;Dia 10;NÃO;SUPERMERCADO;117;BRONZE
LU SUPERMERCADO;1208735,28;0;0;308,48;796,52;299;299;9;0;39;39;4,54;21,74;38,44;110,13;7;2026;83;ATIVO;ALTO PARAÍSO DE GOIÁS;Dia 10;NÃO;SUPERMERCADO;117;BRONZE
LU SUPERMERCADO;1204393,35;0;0;292,15;783,16;128;56;16;0;54;55;32,27;150,38;1,61;18,48;1;2025;128;ATIVO;ALTO PARAÍSO DE GOIÁS;Dia 10;NÃO;SUPERMERCADO;117;BRONZE
LU SUPERMERCADO;1203325,59;0;0;901,51;946,54;292;309;4;0;33;35;9,14;43,01;10,42;615,81;8;2026;104;ATIVO;ALTO PARAÍSO DE GOIÁS;Dia 10;NÃO;SUPERMERCADO;117;BRONZE
LU SUPERMERCADO;1193324,03;0;0;60,73;465,5;121;27;1;0;27;27;23,6;108,74;12,24;6,78;9;2025;133;ATIVO;ALTO PARAÍSO DE GOIÁS;Dia 10;NÃO;SUPERMERCADO;117;BRONZE
LU SUPERMERCADO;1191943,8;0;0;1260,12;1258,15;124;23;7;0;20;20;16,44;78,93;12,86;62,67;6;2025;78;ATIVO;ALTO PARAÍSO DE GOIÁS;Dia 10;NÃO;SUPERMERCADO;117;BRONZE
LU SUPERMERCADO;1162355,51;0;0;618,7;386,48;309;311;11;0;41;44;10,09;47,28;68,28;212,55;6;2026;97;ATIVO;ALTO PARAÍSO DE GOIÁS;Dia 10;NÃO;SUPERMERCADO;117;BRONZE
LU SUPERMERCADO;1130593,61;0;0;629,83;655,12;605;52;7;0;57;61;18,43;86,47;25,66;321,22;5;2026;201;ATIVO;ALTO PARAÍSO DE GOIÁS;Dia 10;NÃO;SUPERMERCADO;117;BRONZE
LU SUPERMERCADO;1091616,41;0;0;478,58;730,92;687;48;0;0;60;64;13,52;64,33;60,4;124,02;4;2026;235;ATIVO;ALTO PARAÍSO DE GOIÁS;Dia 10;NÃO;SUPERMERCADO;117;BRONZE
LU SUPERMERCADO;1012794,53;0;0;497,92;741,38;90;49;12;0;25;25;16,65;77,43;0;14,15;2;2025;80;ATIVO;ALTO PARAÍSO DE GOIÁS;Dia 10;NÃO;SUPERMERCADO;117;BRONZE
LU SUPERMERCADO;1009867,69;0;0;386;737,89;660;41;1;0;50;50;9,76;47,05;48,03;73,63;2;2026;213;ATIVO;ALTO PARAÍSO DE GOIÁS;Dia 10;NÃO;SUPERMERCADO;117;BRONZE
LU SUPERMERCADO;996957,95;0;0;369,92;775,71;623;39;1;0;52;56;16,71;79,24;99,89;59,43;3;2026;190;ATIVO;ALTO PARAÍSO DE GOIÁS;Dia 10;NÃO;SUPERMERCADO;117;BRONZE
LU SUPERMERCADO;926345,91;0;0;179,67;840,36;90;46;13;0;21;21;19,34;89,56;1,61;11,49;3;2025;90;ATIVO;ALTO PARAÍSO DE GOIÁS;Dia 10;NÃO;SUPERMERCADO;117;BRONZE
MAIA ATACADÃO LTDA;1823005,86;0;0;16,43;23,13;7;5;0;0;9;10;3,81;17,25;0;11,97;12;2025;5;ATIVO;FIRMINÓPOLIS;Dia 15;NÃO;SUPERMERCADO;134;BRONZE
MAIA ATACADÃO LTDA;1688619,46;0;0;4,36;75,27;10;8;0;0;2;2;2,47;11,68;0;0;12;2024;0;ATIVO;FIRMINÓPOLIS;Dia 15;NÃO;SUPERMERCADO;134;BRONZE
MAIA ATACADÃO LTDA;1622575,25;0;0;40,1;110,2;13;6;0;0;5;7;4,25;19,31;0;0;11;2024;5;ATIVO;FIRMINÓPOLIS;Dia 15;NÃO;SUPERMERCADO;134;BRONZE
MAIA ATACADÃO LTDA;1599812,39;0;0;13;104,12;6;4;0;0;15;15;16,16;74,58;37,72;60,07;7;2026;4;ATIVO;FIRMINÓPOLIS;Dia 15;NÃO;SUPERMERCADO;134;BRONZE
MAIA ATACADÃO LTDA;1592195,52;0;0;164,66;104,55;19;1;0;0;10;10;2,89;19,1;0;135,29;5;2025;8;ATIVO;FIRMINÓPOLIS;Dia 15;NÃO;SUPERMERCADO;134;BRONZE
MAIA ATACADÃO LTDA;1534368,53;0;0;2,67;193,17;7;2;0;0;3;3;1,08;5,19;0;0,62;7;2025;2;ATIVO;FIRMINÓPOLIS;Dia 15;NÃO;SUPERMERCADO;134;BRONZE
MAIA ATACADÃO LTDA;1522728,67;0;0;40,09;212,56;13;14;0;0;3;3;4,51;20,21;0;0;8;2024;13;ATIVO;FIRMINÓPOLIS;Dia 15;NÃO;SUPERMERCADO;134;BRONZE
MAIA ATACADÃO LTDA;1512447,25;0;0;0,17;28,81;4;0;0;0;7;7;4,25;19;11,72;0;10;2025;1;ATIVO;FIRMINÓPOLIS;Dia 15;NÃO;SUPERMERCADO;134;BRONZE
MAIA ATACADÃO LTDA;1512240,4;0;0;4,2;33,77;3;2;1;0;1;1;0,33;0,88;0;0;5;2026;1;ATIVO;FIRMINÓPOLIS;Dia 15;NÃO;SUPERMERCADO;134;BRONZE
MAIA ATACADÃO LTDA;1504022,5;0;0;89,3;30,37;10;5;1;17;5;5;0;12,14;0;76,62;6;2026;6;ATIVO;FIRMINÓPOLIS;Dia 15;NÃO;SUPERMERCADO;134;BRONZE
MAIA ATACADÃO LTDA;1489668,74;0;0;26,24;347,39;19;5;0;0;10;10;9,61;44,37;0;7,74;7;2024;10;ATIVO;FIRMINÓPOLIS;Dia 15;NÃO;SUPERMERCADO;134;BRONZE
MAIA ATACADÃO LTDA;1488841,66;0;0;12,87;164,91;2;1;0;0;2;2;1,5;7,48;4,56;0;8;2025;2;ATIVO;FIRMINÓPOLIS;Dia 15;NÃO;SUPERMERCADO;134;BRONZE
MAIA ATACADÃO LTDA;1488170,5;0;0;0;137,65;4;4;0;0;8;8;0,87;4,1;0;42,02;8;2026;3;ATIVO;FIRMINÓPOLIS;Dia 15;NÃO;SUPERMERCADO;134;BRONZE
MAIA ATACADÃO LTDA;1474108,61;0;0;8,54;55,71;4;2;0;0;8;8;5,1;23,53;17,68;37,47;3;2025;2;ATIVO;FIRMINÓPOLIS;Dia 15;NÃO;SUPERMERCADO;134;BRONZE
MAIA ATACADÃO LTDA;1467378,47;0;0;93,72;229,61;72;420;1;16;96;269;1446,83;7373,86;154,63;144,13;12;2023;491;ATIVO;FIRMINÓPOLIS;Dia 15;NÃO;SUPERMERCADO;134;BRONZE
MAIA ATACADÃO LTDA;1458564,95;0;0;93,75;57,82;16;7;0;0;5;6;3,24;15,08;0;54,68;10;2024;6;ATIVO;FIRMINÓPOLIS;Dia 15;NÃO;SUPERMERCADO;134;BRONZE
MAIA ATACADÃO LTDA;1453913,55;0;0;73,15;6,32;2;1;0;0;10;10;6,95;31,94;6,96;3,6;11;2025;7;ATIVO;FIRMINÓPOLIS;Dia 15;NÃO;SUPERMERCADO;134;BRONZE
MAIA ATACADÃO LTDA;1439298,96;0;0;46,32;8,71;5;2;1;0;3;3;0,67;1,44;3,22;12,69;1;2026;9;ATIVO;FIRMINÓPOLIS;Dia 15;NÃO;SUPERMERCADO;134;BRONZE
MAIA ATACADÃO LTDA;1436680,74;0;0;16,62;105,12;4;3;0;0;5;5;6,6;30,83;0;9,07;3;2026;3;ATIVO;FIRMINÓPOLIS;Dia 15;NÃO;SUPERMERCADO;134;BRONZE
MAIA ATACADÃO LTDA;1414334,69;0;0;57,2;25,63;14;13;0;0;7;7;6,21;28,14;0;28,26;9;2024;19;ATIVO;FIRMINÓPOLIS;Dia 15;NÃO;SUPERMERCADO;134;BRONZE
MAIA ATACADÃO LTDA;1410400,41;0;0;4,87;11,17;2;14;1;0;1;1;0,31;1,43;0;0;2;2025;2;ATIVO;FIRMINÓPOLIS;Dia 15;NÃO;SUPERMERCADO;134;BRONZE
MAIA ATACADÃO LTDA;1401002,12;0;0;9,72;44,85;7;12;1;0;2;2;1,45;6,57;0;0;1;2025;1;ATIVO;FIRMINÓPOLIS;Dia 15;NÃO;SUPERMERCADO;134;BRONZE
MAIA ATACADÃO LTDA;1386189,56;0;0;20,04;4,98;3;2;0;0;4;4;3,32;15,18;1,86;13,34;4;2026;2;ATIVO;FIRMINÓPOLIS;Dia 15;NÃO;SUPERMERCADO;134;BRONZE
MAIA ATACADÃO LTDA;1382344,07;0;0;6,62;17,85;6;0;0;0;2;2;1,75;7,86;0;0;9;2025;2;ATIVO;FIRMINÓPOLIS;Dia 15;NÃO;SUPERMERCADO;134;BRONZE
MAIA ATACADÃO LTDA;1378042,49;0;0;158,48;341,26;18;1;0;0;8;8;3,05;18,68;0;86,23;6;2025;6;ATIVO;FIRMINÓPOLIS;Dia 15;NÃO;SUPERMERCADO;134;BRONZE
MAIA ATACADÃO LTDA;1375346,09;0;0;0,76;59,28;25;12;0;0;6;7;2,17;9,86;30,84;45,67;5;2024;4;ATIVO;FIRMINÓPOLIS;Dia 15;NÃO;SUPERMERCADO;134;BRONZE
MAIA ATACADÃO LTDA;1363445,18;0;0;150,8;18,16;16;3;0;0;15;14;2,16;15,71;4,42;147,4;4;2025;10;ATIVO;FIRMINÓPOLIS;Dia 15;NÃO;SUPERMERCADO;134;BRONZE
MAIA ATACADÃO LTDA;1359826,59;0;0;26,96;71,23;27;24;0;0;8;10;1,99;8,97;8,3;7,52;6;2024;7;ATIVO;FIRMINÓPOLIS;Dia 15;NÃO;SUPERMERCADO;134;BRONZE
MAIA ATACADÃO LTDA;1340539,96;0;0;0,76;5,12;0;1;0;0;2;2;0,17;0,24;3,22;1,48;2;2026;0;ATIVO;FIRMINÓPOLIS;Dia 15;NÃO;SUPERMERCADO;134;BRONZE
MAIA ATACADÃO LTDA;1337552,35;0;0;20,84;8,03;5;26;0;0;4;48;5,29;11,62;0,32;14,14;3;2024;4;ATIVO;FIRMINÓPOLIS;Dia 15;NÃO;SUPERMERCADO;134;BRONZE
MAIA ATACADÃO LTDA;1268021,79;0;0;6,17;20,87;12;2;0;0;12;55;2,49;11,45;23,64;21,6;4;2024;3;ATIVO;FIRMINÓPOLIS;Dia 15;NÃO;SUPERMERCADO;134;BRONZE
MAIA ATACADÃO LTDA;1158346,68;0;0;32,69;11,42;12;4;0;0;11;59;5,9;16,42;4,75;279,6;2;2024;6;ATIVO;FIRMINÓPOLIS;Dia 15;NÃO;SUPERMERCADO;134;BRONZE
MAIA ATACADÃO LTDA;1151530,23;0;0;12,67;10,92;10;377;0;13;17;107;8,56;28,14;6,72;219,87;1;2024;9;ATIVO;FIRMINÓPOLIS;Dia 15;NÃO;SUPERMERCADO;134;BRONZE
MAIA ATACADÃO LTDA;1122489,62;0;0;381,44;424,08;102;10;7;0;91;253;108,34;478,37;61,46;102,93;11;2023;511;ATIVO;FIRMINÓPOLIS;Dia 15;NÃO;SUPERMERCADO;134;BRONZE
MAIA ATACADÃO LTDA;1088011,57;0;0;440,89;594,44;110;12;5;0;93;258;123,68;537,84;42,61;146,85;10;2023;549;ATIVO;FIRMINÓPOLIS;Dia 15;NÃO;SUPERMERCADO;134;BRONZE
MAIA ATACADÃO LTDA;1007860,27;0;0;1922,08;1322,56;232;67;37;205;156;304;167,94;759,82;22,33;1062,51;7;2023;650;ATIVO;FIRMINÓPOLIS;Dia 15;NÃO;SUPERMERCADO;134;BRONZE
MAIS VÓ SUPERMERCADO;620707,2;31601,25;3790,18;10,78;11,34;10;3;1;0;9;9;65,57;370,84;17,75;44,4;12;2025;5;ATIVO;CAMPOS BELOS;Dia 20;SIM;SUPERMERCADO;168;PRATA
MAIS VÓ SUPERMERCADO;607429,18;18770,79;2241,44;28,92;189,43;52;2;0;0;10;10;47,01;250,04;1,24;9,86;12;2024;10;ATIVO;CAMPOS BELOS;Dia 20;SIM;SUPERMERCADO;168;PRATA
MAIS VÓ SUPERMERCADO;602924,85;38869,89;4664,39;59,75;26,53;21;1;0;0;12;15;91,8;501,95;0;17,27;5;2026;5;ATIVO;CAMPOS BELOS;Dia 20;SIM;SUPERMERCADO;168;PRATA
MAIS VÓ SUPERMERCADO;600072,19;35465,55;4197,37;67,8;33,62;18;5;1;0;7;8;80,7;439,62;0;7,79;4;2026;15;ATIVO;CAMPOS BELOS;Dia 20;SIM;SUPERMERCADO;168;PRATA
MAIS VÓ SUPERMERCADO;590724,41;24311,69;2183,43;753,4;21,68;33;5;1;0;9;10;56,56;308,11;0;11,66;5;2025;14;ATIVO;CAMPOS BELOS;Dia 20;SIM;SUPERMERCADO;168;PRATA
MAIS VÓ SUPERMERCADO;588520,51;19077,92;2209,63;48,36;19,37;27;2;1;0;9;10;44,89;257,93;0;100,52;4;2025;13;ATIVO;CAMPOS BELOS;Dia 20;SIM;SUPERMERCADO;168;PRATA
MAIS VÓ SUPERMERCADO;584198,64;37412,12;4489,45;42,18;132,3;28;8;0;0;5;5;56,61;327,51;1,53;81,03;8;2025;11;ATIVO;CAMPOS BELOS;Dia 20;SIM;SUPERMERCADO;168;PRATA
MAIS VÓ SUPERMERCADO;580021,82;35666,01;4257,4;118,28;79,46;38;3;0;0;12;18;78,85;433,92;6,06;11,47;7;2026;8;ATIVO;CAMPOS BELOS;Dia 20;SIM;SUPERMERCADO;168;PRATA
MAIS VÓ SUPERMERCADO;571388,77;17742,9;2129,15;12,47;151,6;55;3;0;0;8;8;48,19;259,59;4,96;3,44;1;2025;5;ATIVO;CAMPOS BELOS;Dia 20;SIM;SUPERMERCADO;168;PRATA
MAIS VÓ SUPERMERCADO;570558,66;18347,53;2137,04;214,79;53,13;59;6;1;0;9;10;53,84;289,35;15,83;59,51;11;2024;18;ATIVO;CAMPOS BELOS;Dia 20;SIM;SUPERMERCADO;168;PRATA
MAIS VÓ SUPERMERCADO;570017,61;28825,06;3459,01;8,47;11,54;11;1;0;0;6;6;59,22;341,51;3,53;21,61;10;2025;3;ATIVO;CAMPOS BELOS;Dia 20;SIM;SUPERMERCADO;168;PRATA
MAIS VÓ SUPERMERCADO;569819,7;28269,45;2548,54;173,85;188,71;26;11;0;114;9;11;628,12;3143,11;0;2,44;5;2024;8;ATIVO;CAMPOS BELOS;Dia 20;SIM;SUPERMERCADO;168;PRATA
MAIS VÓ SUPERMERCADO;568054,48;18165,02;2179,8;60,63;44,24;46;7;2;0;16;18;49,19;272,11;9,49;59,56;3;2025;18;ATIVO;CAMPOS BELOS;Dia 20;SIM;SUPERMERCADO;168;PRATA
MAIS VÓ SUPERMERCADO;561229,35;21394,02;2567,28;59,96;8,35;12;2;0;0;9;9;57,19;304,88;0;0,82;6;2025;5;ATIVO;CAMPOS BELOS;Dia 20;SIM;SUPERMERCADO;168;PRATA
MAIS VÓ SUPERMERCADO;557160,15;32555,22;3906,63;12,06;82,81;14;3;0;0;10;12;75,39;430,61;0;20,59;3;2026;33;ATIVO;CAMPOS BELOS;Dia 20;SIM;SUPERMERCADO;168;PRATA
MAIS VÓ SUPERMERCADO;549034,96;25307,74;2851,38;203,82;132,86;71;13;0;123;16;19;58,93;312,51;17,78;145,49;8;2024;16;ATIVO;CAMPOS BELOS;Dia 20;SIM;SUPERMERCADO;168;PRATA
MAIS VÓ SUPERMERCADO;547591,02;25318,28;3038,19;178,89;1,82;14;0;0;0;6;6;52,46;294,47;16,63;152,34;7;2025;2;ATIVO;CAMPOS BELOS;Dia 20;SIM;SUPERMERCADO;168;PRATA
MAIS VÓ SUPERMERCADO;546673;22186,1;2442,636;464,76;48,2;63;5;1;135;12;14;50,98;284,74;2,06;22,55;10;2024;24;ATIVO;CAMPOS BELOS;Dia 20;SIM;SUPERMERCADO;168;PRATA
MAIS VÓ SUPERMERCADO;544061,57;38598,12;4463,44;104,03;46,19;41;3;0;0;12;15;86,56;456,1;0;22,26;6;2026;7;ATIVO;CAMPOS BELOS;Dia 20;SIM;SUPERMERCADO;168;PRATA
MAIS VÓ SUPERMERCADO;541672,79;32170,26;3847,43;27,75;5,02;13;1;0;0;4;4;67,86;380,98;0;97,56;1;2026;4;ATIVO;CAMPOS BELOS;Dia 20;SIM;SUPERMERCADO;168;PRATA
MAIS VÓ SUPERMERCADO;539132,12;29174,45;3500,93;9,71;25,68;12;4;2;0;4;4;57,78;335,55;10,92;0;11;2025;3;ATIVO;CAMPOS BELOS;Dia 20;SIM;SUPERMERCADO;168;PRATA
MAIS VÓ SUPERMERCADO;538227,8;21348,6;2561,83;44,66;81,2;58;4;1;122;27;29;57,38;297,04;4,6;232,32;7;2024;5;ATIVO;CAMPOS BELOS;Dia 20;SIM;SUPERMERCADO;168;PRATA
MAIS VÓ SUPERMERCADO;536050,76;29053,77;3486,45;1,86;335,62;15;6;0;0;18;18;55,06;306,75;24,73;101,17;9;2025;6;ATIVO;CAMPOS BELOS;Dia 20;SIM;SUPERMERCADO;168;PRATA
MAIS VÓ SUPERMERCADO;535914,1;21881,92;2229,27;527,75;122,7;69;14;0;134;17;20;50,51;286,05;4,19;108,56;9;2024;26;ATIVO;CAMPOS BELOS;Dia 20;SIM;SUPERMERCADO;168;PRATA
MAIS VÓ SUPERMERCADO;523038,94;0;0;2304,67;555,19;66;42;10;132;51;55;548,59;2782,77;27;4,88;1;2024;73;ATIVO;CAMPOS BELOS;Dia 20;NÃO;SUPERMERCADO;168;PRATA
MAIS VÓ SUPERMERCADO;522344,73;29511,24;3540,34;16,07;39,79;15;5;0;0;8;8;59,19;340,4;1,31;30,28;2;2026;66;ATIVO;CAMPOS BELOS;Dia 20;SIM;SUPERMERCADO;168;PRATA
MAIS VÓ SUPERMERCADO;507457,16;25267,75;902,39;2268,6;504,7;152;42;15;123;60;63;517,76;2590,08;936,44;59,21;4;2024;78;ATIVO;CAMPOS BELOS;Dia 20;SIM;SUPERMERCADO;168;PRATA
MAIS VÓ SUPERMERCADO;493743,46;16982,42;2030,39;62,5;148,91;46;9;2;0;10;11;47,37;234,72;0;21,22;2;2025;20;ATIVO;CAMPOS BELOS;Dia 20;SIM;SUPERMERCADO;168;PRATA
MAIS VÓ SUPERMERCADO;486219,7;22109,17;2054,64;119,67;86,47;28;6;1;119;10;10;533,72;2663,32;0;21,04;6;2024;6;ATIVO;CAMPOS BELOS;Dia 20;SIM;SUPERMERCADO;168;PRATA
MASTER GRILL RESTAURANTE;370108,83;0;0;22,94;0,85;3;2;8;0;0;0;0;0;0;0;2;2026;0;ATIVO;GOIÂNIA;Dia 15;NÃO;SUPERMERCADO;155;BRONZE
MASTER GRILL RESTAURANTE;360461,82;0;0;0;0,45;0;0;8;0;0;0;0;0;0;0;8;2026;0;ATIVO;GOIÂNIA;Dia 15;NÃO;SUPERMERCADO;155;BRONZE
MASTER GRILL RESTAURANTE;345290,46;0;0;690,44;0,72;37;2;8;0;0;0;0;0;0;0;12;2025;35;ATIVO;GOIÂNIA;Dia 15;NÃO;SUPERMERCADO;155;BRONZE
MASTER GRILL RESTAURANTE;341308,41;0;0;23,04;0,73;3;2;10;0;0;0;0;0;0;0;1;2026;0;ATIVO;GOIÂNIA;Dia 15;NÃO;SUPERMERCADO;155;BRONZE
MASTER GRILL RESTAURANTE;329642,68;0;0;0;0;5;0;6;0;0;0;0;0;0;0;7;2026;0;ATIVO;GOIÂNIA;Dia 15;NÃO;SUPERMERCADO;155;BRONZE
MASTER GRILL RESTAURANTE;316183,42;0;0;0;0;11;2;10;0;0;0;0;0;0;0;6;2026;2;ATIVO;GOIÂNIA;Dia 15;NÃO;SUPERMERCADO;155;BRONZE
MASTER GRILL RESTAURANTE;315025,13;0;0;0;0,3;3;1;7;0;0;0;0;0;0;0;5;2026;0;ATIVO;GOIÂNIA;Dia 15;NÃO;SUPERMERCADO;155;BRONZE
MASTER GRILL RESTAURANTE;307569,78;0;0;3009,35;220,57;76;30;36;0;0;0;0;0;0;0;10;2025;56;ATIVO;GOIÂNIA;Dia 15;NÃO;SUPERMERCADO;155;BRONZE
MASTER GRILL RESTAURANTE;245363,48;0;0;6,84;0,24;4;2;8;0;0;0;0;0;0;0;3;2026;0;ATIVO;GOIÂNIA;Dia 15;NÃO;SUPERMERCADO;155;BRONZE
MASTER GRILL RESTAURANTE;192427,24;0;0;0;12,04;6;4;7;0;0;0;0;0;0;0;4;2026;3;ATIVO;GOIÂNIA;Dia 15;NÃO;SUPERMERCADO;155;BRONZE
MAX SUPERMERCADO;13545354,38;0;0;2175,66;1083,05;196;89;186;0;253;469;3404,56;6999,28;785,84;1293,64;8;2025;253;INATIVO;GOIÂNIA;Dia 10;NÃO;SUPERMERCADO;62;INATIVO
MAX SUPERMERCADO;13453564,77;0;0;650,38;2243,27;91;65;3;0;134;350;887,86;4149,82;94,04;2309,34;6;2025;0;INATIVO;GOIÂNIA;Dia 10;NÃO;SUPERMERCADO;62;INATIVO
MAX SUPERMERCADO;12486475,87;0;0;3431,43;6130,04;379;168;192;0;354;596;1057,84;5194,42;946,98;1416,97;7;2025;403;INATIVO;GOIÂNIA;Dia 10;NÃO;SUPERMERCADO;62;INATIVO
MAX SUPERMERCADO;12477977,5;0;0;2465,21;3807,43;78;39;178;16;295;513;1888,23;8724,05;158,36;4912,89;5;2025;0;INATIVO;GOIÂNIA;Dia 10;NÃO;SUPERMERCADO;62;INATIVO
MAX SUPERMERCADO;12129346,87;0;0;868,53;2338,9;281;209;186;15;222;254;794,96;3712,09;166,94;2742,76;4;2025;0;INATIVO;GOIÂNIA;Dia 10;NÃO;SUPERMERCADO;62;INATIVO
MAX SUPERMERCADO;12068466,5;0;0;3953,23;1998,79;303;191;212;14;237;319;428,85;2052,98;86,5;6363,58;3;2025;0;INATIVO;GOIÂNIA;Dia 10;NÃO;SUPERMERCADO;62;INATIVO
MAX SUPERMERCADO;12028799,51;0;0;468,72;577,56;91;36;5;14;63;139;176,8;814,41;84,33;645,12;12;2024;0;INATIVO;GOIÂNIA;Dia 10;NÃO;SUPERMERCADO;62;INATIVO
MAX SUPERMERCADO;11846565,52;0;0;3863,41;13183,56;496;160;10;514;1493;1976;17656,79;83800,32;1249,65;1143,01;6;2024;378;INATIVO;GOIÂNIA;Dia 10;NÃO;SUPERMERCADO;62;INATIVO
MAX SUPERMERCADO;10936859,11;0;0;1623,54;2340,93;319;146;203;17;280;376;916,89;4256,17;313,15;3798,42;9;2024;0;INATIVO;GOIÂNIA;Dia 10;NÃO;SUPERMERCADO;62;INATIVO
MAX SUPERMERCADO;10896030,95;0;0;261,92;4332,11;223;147;197;15;212;289;158,1;748,6;98,28;1349,98;11;2024;0;INATIVO;GOIÂNIA;Dia 10;NÃO;SUPERMERCADO;62;INATIVO
MAX SUPERMERCADO;10738301,13;0;0;1162,84;2015,46;282;143;204;15;278;392;639,02;2968,09;259,62;2234,68;10;2024;0;INATIVO;GOIÂNIA;Dia 10;NÃO;SUPERMERCADO;62;INATIVO
MAX SUPERMERCADO;10709111,62;0;0;1177,11;755,02;151;163;196;15;85;167;183,49;896,91;112,72;352,17;2;2025;0;INATIVO;GOIÂNIA;Dia 10;NÃO;SUPERMERCADO;62;INATIVO
MAX SUPERMERCADO;10327041,73;0;0;2946,63;12521,51;584;195;13;603;1487;2000;5979,97;27567,95;247,31;366,26;4;2024;442;INATIVO;GOIÂNIA;Dia 10;NÃO;SUPERMERCADO;62;INATIVO
MAX SUPERMERCADO;9591053,52;0;0;351,58;4390,72;115;152;216;14;75;151;364,18;1693,56;78,37;425,5;1;2025;0;INATIVO;GOIÂNIA;Dia 10;NÃO;SUPERMERCADO;62;INATIVO
MERCADINHO DO VALE;752374,73;0;0;2582,21;607,74;621;25;2;31;51;83;9,16;42,64;23,68;3654,27;5;2026;50;ATIVO;GOIANÉSIA;Dia 25;NÃO;SUPERMERCADO;26;PRATA
MERCADINHO DO VALE;673019,29;0;0;78,68;69,66;138;12;3;0;4;22;4,1;22,54;0;20,96;7;2026;3;ATIVO;GOIANÉSIA;Dia 25;NÃO;SUPERMERCADO;26;PRATA
MERCADINHO RAPOSO;5784338,68;0;0;2727,89;1504,23;71;30;8;0;127;129;33,34;151,38;111,02;2693,28;5;2026;54;ATIVO;GOIANÉSIA;Dia 30;NÃO;SUPERMERCADO;9;DIAMANTE
MERCADINHO RAPOSO;5695369,57;0;0;877,29;631,4;99;46;11;0;112;115;93,49;428,75;243,29;4228,82;12;2025;116;ATIVO;GOIANÉSIA;Dia 30;NÃO;SUPERMERCADO;9;DIAMANTE
MERCADINHO RAPOSO;5549721,05;0;0;348,61;124,66;43;15;6;0;86;91;49,84;228,43;49,1;842,4;6;2026;28;ATIVO;GOIANÉSIA;Dia 30;NÃO;SUPERMERCADO;9;DIAMANTE
MERCADINHO RAPOSO;5423110,54;0;0;5375,41;898,85;100;30;6;0;145;147;103,91;478,54;91,99;2632,79;4;2026;82;ATIVO;GOIANÉSIA;Dia 30;NÃO;SUPERMERCADO;9;DIAMANTE
MERCADINHO RAPOSO;5199834,32;0;0;1188,82;6308,65;104;22;1;0;174;174;251,15;1157,76;440,65;1727,73;3;2026;209;ATIVO;GOIANÉSIA;Dia 30;NÃO;SUPERMERCADO;9;DIAMANTE
MERCADINHO RAPOSO;4965096,97;0;0;1180,62;1819,21;217;114;44;0;159;114;248,52;1144,06;415,98;1907,89;10;2025;168;ATIVO;GOIANÉSIA;Dia 30;NÃO;SUPERMERCADO;9;DIAMANTE
MERCADINHO RAPOSO;4929354,76;0;0;3373,7;5468,55;298;84;8;0;73;77;659,47;3028,16;286,7;2152,58;8;2025;293;ATIVO;GOIANÉSIA;Dia 30;NÃO;SUPERMERCADO;9;DIAMANTE
MERCADINHO RAPOSO;4885711,53;0;0;2342,26;893,2;59;22;7;0;109;112;103,47;477,85;360,39;6876,95;1;2026;54;ATIVO;GOIANÉSIA;Dia 30;NÃO;SUPERMERCADO;9;DIAMANTE
MERCADINHO RAPOSO;4869189,39;0;0;940,3;1662,64;133;30;4;0;63;67;232,84;1071,75;55,6;753,74;5;2025;106;ATIVO;GOIANÉSIA;Dia 30;NÃO;SUPERMERCADO;9;DIAMANTE
MERCADINHO RAPOSO;4810563,71;0;0;1925,46;1607,39;136;85;42;0;120;124;127,32;583,76;291,07;1075,48;11;2025;114;ATIVO;GOIANÉSIA;Dia 30;NÃO;SUPERMERCADO;9;DIAMANTE
MERCADINHO RAPOSO;4681101;0;0;2390,94;3401,8;298;94;10;0;59;64;124,66;570,3;5,4;1251,43;7;2025;336;ATIVO;GOIANÉSIA;Dia 30;NÃO;SUPERMERCADO;9;DIAMANTE
MERCADINHO RAPOSO;4601130,25;0;0;1092,67;1300,76;240;81;11;12;110;115;121,64;565,27;50,37;619,07;3;2025;284;ATIVO;GOIANÉSIA;Dia 30;NÃO;SUPERMERCADO;9;DIAMANTE
MERCADINHO RAPOSO;4553792,59;0;0;760,55;619;66;19;2;0;98;101;108,2;503,71;442,52;4304,31;2;2026;58;ATIVO;GOIANÉSIA;Dia 30;NÃO;SUPERMERCADO;9;DIAMANTE
MERCADINHO RAPOSO;4550260,46;0;0;851,28;1311,78;122;24;3;10;57;61;60,86;281,08;74,66;383,28;4;2025;91;ATIVO;GOIANÉSIA;Dia 30;NÃO;SUPERMERCADO;9;DIAMANTE
MERCADINHO RAPOSO;4523001,49;0;0;1271,12;2151,4;285;105;25;0;119;123;625,76;2878,59;248,53;2600,95;9;2025;274;ATIVO;GOIANÉSIA;Dia 30;NÃO;SUPERMERCADO;9;DIAMANTE
MERCADINHO RAPOSO;4502586,32;0;0;3946,19;2564,87;204;93;6;0;45;46;142,76;656,58;0;1011,98;11;2024;145;ATIVO;GOIANÉSIA;Dia 30;NÃO;SUPERMERCADO;9;DIAMANTE
MERCADINHO RAPOSO;4317173,96;0;0;511,54;1208,65;145;40;9;0;62;66;176,57;810,52;8,03;442,89;6;2025;119;ATIVO;GOIANÉSIA;Dia 30;NÃO;SUPERMERCADO;9;DIAMANTE
MERCADINHO RAPOSO;4167895,83;0;0;1943,31;3531,44;274;79;6;12;112;119;365,31;1676,85;41,92;1340,4;2;2025;176;ATIVO;GOIANÉSIA;Dia 30;NÃO;SUPERMERCADO;9;DIAMANTE
MERCADO AVENIDA;720131,57;0;0;152,43;228,02;45;24;2;0;43;49;38,36;173,26;17,68;44,99;12;2025;61;ATIVO;NOVO PLANALTO;Dia 15;NÃO;SUPERMERCADO;135;BRONZE
MERCADO AVENIDA;629918,19;0;0;54,39;32,84;15;6;1;0;14;15;4,68;23,01;0;18,21;3;2025;45;ATIVO;NOVO PLANALTO;Dia 15;NÃO;SUPERMERCADO;135;BRONZE
MERCADO AVENIDA;627545,13;0;0;18,14;46,9;15;7;0;0;7;9;4,31;18,65;1,28;2,63;12;2024;80;ATIVO;NOVO PLANALTO;Dia 15;NÃO;SUPERMERCADO;135;BRONZE
MERCADO AVENIDA;619657,72;0;0;63,48;77,43;21;9;2;15;18;18;4,77;21,98;0,96;75,39;8;2026;2;ATIVO;NOVO PLANALTO;Dia 15;NÃO;SUPERMERCADO;135;BRONZE
MERCADO AVENIDA;614865,71;0;0;37,62;117,51;38;39;5;0;20;22;0;45,86;14,63;0,88;4;2026;53;ATIVO;NOVO PLANALTO;Dia 15;NÃO;SUPERMERCADO;135;BRONZE
MERCADO AVENIDA;609787,26;0;0;119,92;191,59;59;62;7;0;37;34;20,3;94,14;3,67;0,88;5;2026;74;ATIVO;NOVO PLANALTO;Dia 15;NÃO;SUPERMERCADO;135;BRONZE
MERCADO AVENIDA;608543,57;0;0;162,62;332,7;65;79;8;0;22;31;11,68;52,36;6,95;28,62;6;2026;82;ATIVO;NOVO PLANALTO;Dia 15;NÃO;SUPERMERCADO;135;BRONZE
MERCADO AVENIDA;604209,95;0;0;109,2;76,4;30;13;2;0;19;20;5,66;26,4;1,48;37,28;4;2025;55;ATIVO;NOVO PLANALTO;Dia 15;NÃO;SUPERMERCADO;135;BRONZE
MERCADO AVENIDA;602679,51;0;0;81,75;141,78;26;11;0;0;9;9;3,76;16,47;0;13,48;5;2025;62;ATIVO;NOVO PLANALTO;Dia 15;NÃO;SUPERMERCADO;135;BRONZE
MERCADO AVENIDA;600970,38;0;0;106,48;78,98;27;28;1;0;13;15;4,18;19,35;0;20;7;2025;76;ATIVO;NOVO PLANALTO;Dia 15;NÃO;SUPERMERCADO;135;BRONZE
MERCADO AVENIDA;596669,84;0;0;32,66;70,35;18;21;10;0;16;18;7,05;32,41;20,17;20,05;3;2026;34;ATIVO;NOVO PLANALTO;Dia 15;NÃO;SUPERMERCADO;135;BRONZE
MERCADO AVENIDA;590844,04;0;0;65,17;194,44;40;29;1;0;24;29;20,62;90,34;10,33;56,83;10;2025;83;ATIVO;NOVO PLANALTO;Dia 15;NÃO;SUPERMERCADO;135;BRONZE
MERCADO AVENIDA;587311,94;0;0;95,43;403,41;37;37;1;0;14;14;3,93;18,86;0;28,63;6;2025;73;ATIVO;NOVO PLANALTO;Dia 15;NÃO;SUPERMERCADO;135;BRONZE
MERCADO AVENIDA;581636,29;0;0;63,35;189,73;56;24;2;203;39;45;775,36;3767,74;10,58;26,72;7;2024;82;ATIVO;NOVO PLANALTO;Dia 15;NÃO;SUPERMERCADO;135;BRONZE
MERCADO AVENIDA;581136,58;0;0;204,86;145,46;71;24;0;181;24;29;19,27;91,94;4,94;41,37;10;2024;80;ATIVO;NOVO PLANALTO;Dia 15;NÃO;SUPERMERCADO;135;BRONZE
MERCADO AVENIDA;575095,2;0;0;51,03;121,87;30;27;2;0;19;24;10,89;50,72;3,18;19,77;8;2025;103;ATIVO;NOVO PLANALTO;Dia 15;NÃO;SUPERMERCADO;135;BRONZE
MERCADO AVENIDA;573469,69;0;0;56,98;160,44;39;27;2;0;18;26;6,76;30,81;21,83;1,42;1;2026;126;ATIVO;NOVO PLANALTO;Dia 15;NÃO;SUPERMERCADO;135;BRONZE
MERCADO AVENIDA;572736,52;0;0;70,95;137,44;69;21;2;199;35;57;7,74;36,79;6,88;138,39;11;2024;56;ATIVO;NOVO PLANALTO;Dia 15;NÃO;SUPERMERCADO;135;BRONZE
MERCADO AVENIDA;564411,92;0;0;158,18;202,94;73;38;3;188;27;32;722,76;3504,74;3,9;47,43;8;2024;102;ATIVO;NOVO PLANALTO;Dia 15;NÃO;SUPERMERCADO;135;BRONZE
MERCADO AVENIDA;563616,82;0;0;123,45;206,16;53;23;2;0;27;28;18,02;80,92;32,51;16,08;1;2025;109;ATIVO;NOVO PLANALTO;Dia 15;NÃO;SUPERMERCADO;135;BRONZE
MERCADO AVENIDA;560092,51;0;0;748,79;452,58;167;45;2;192;52;63;800,01;3893,06;3,57;99,5;5;2024;125;ATIVO;NOVO PLANALTO;Dia 15;NÃO;SUPERMERCADO;135;BRONZE
MERCADO AVENIDA;559583,98;0;0;711,7;571,8;179;54;6;200;47;59;789,91;3863,59;11,28;98,68;4;2024;111;ATIVO;NOVO PLANALTO;Dia 15;NÃO;SUPERMERCADO;135;BRONZE
MERCADO AVENIDA;556502,24;0;0;38,59;214,79;22;23;11;0;18;23;4,51;20,39;35,87;17,17;2;2026;68;ATIVO;NOVO PLANALTO;Dia 15;NÃO;SUPERMERCADO;135;BRONZE
MERCADO AVENIDA;549732,72;0;0;908,61;524,79;170;53;3;213;48;59;718,38;3576,65;8,91;168,7;3;2024;109;ATIVO;NOVO PLANALTO;Dia 15;NÃO;SUPERMERCADO;135;BRONZE
MERCADO AVENIDA;541073,9;0;0;409,63;399,8;207;49;5;206;55;66;744,61;3638,49;1,19;48,08;6;2024;120;ATIVO;NOVO PLANALTO;Dia 15;NÃO;SUPERMERCADO;135;BRONZE
MERCADO AVENIDA;529900,71;0;0;83;92,13;37;10;2;0;31;31;14,92;68,48;37,03;23,62;2;2025;80;ATIVO;NOVO PLANALTO;Dia 15;NÃO;SUPERMERCADO;135;BRONZE
MERCADO AVENIDA;529660,73;0;0;88,41;281,53;90;48;0;192;22;27;10,11;45,76;7,46;43,79;9;2024;80;ATIVO;NOVO PLANALTO;Dia 15;NÃO;SUPERMERCADO;135;BRONZE
MERCADO SÃO JORGE;1160982,85;0;0;657,94;751,97;268;69;21;0;36;39;0;171,58;17,52;125,35;7;2026;91;ATIVO;ALTO PARAÍSO DE GOIÁS;Dia 30;NÃO;SUPERMERCADO;235;PRATA
MERCADO SÃO JORGE;902272,32;0;0;528,53;217,88;159;37;17;0;26;26;13,77;66,22;9,77;92,25;6;2026;42;ATIVO;ALTO PARAÍSO DE GOIÁS;Dia 30;NÃO;SUPERMERCADO;235;PRATA
MERCADO SÃO JORGE;871718,88;0;0;300,74;1364,02;320;190;20;0;24;25;8,17;38,77;9,87;165,84;5;2026;199;ATIVO;ALTO PARAÍSO DE GOIÁS;Dia 30;NÃO;SUPERMERCADO;235;PRATA
MERCADO SÃO JORGE;859149,89;0;0;190,03;2974,77;316;217;6;0;3005;41;4401,14;20324,81;0;0;9;2025;238;ATIVO;ALTO PARAÍSO DE GOIÁS;Dia 30;NÃO;SUPERMERCADO;235;PRATA
MERCADO SÃO JORGE;844070,77;0;0;207,14;1116,82;155;104;9;0;2903;21;4414,14;20385,02;0;0;8;2025;103;ATIVO;ALTO PARAÍSO DE GOIÁS;Dia 30;NÃO;SUPERMERCADO;235;PRATA
MERCADO SÃO JORGE;840018,87;0;0;309,31;2038,59;523;262;13;0;33;32;16,83;78,7;6;218,5;4;2026;300;ATIVO;ALTO PARAÍSO DE GOIÁS;Dia 30;NÃO;SUPERMERCADO;235;PRATA
MERCADO SÃO JORGE;812801,58;0;0;385,07;3590,46;473;332;11;0;2072;28;1722,68;7952,09;8,02;87,64;1;2026;359;ATIVO;ALTO PARAÍSO DE GOIÁS;Dia 30;NÃO;SUPERMERCADO;235;PRATA
MERCADO SÃO JORGE;798744,98;0;0;157,19;1147,91;96;48;5;56;2786;13;5198,66;23934,48;0;0;6;2025;54;ATIVO;ALTO PARAÍSO DE GOIÁS;Dia 30;NÃO;SUPERMERCADO;235;PRATA
MERCADO SÃO JORGE;794798,75;0;0;157,52;1196,36;384;291;10;0;3026;13;4126,16;19043,58;0;0;10;2025;306;ATIVO;ALTO PARAÍSO DE GOIÁS;Dia 30;NÃO;SUPERMERCADO;235;PRATA
MERCADO SÃO JORGE;753134,74;0;0;324,62;5004,71;903;323;10;0;3060;15;4235,16;19549,46;0;0;12;2025;345;ATIVO;ALTO PARAÍSO DE GOIÁS;Dia 30;NÃO;SUPERMERCADO;235;PRATA
MERCADO SÃO JORGE;685897,27;0;0;196,56;539,76;377;293;7;0;2855;9;3603,66;16634,85;0;0;11;2025;306;ATIVO;ALTO PARAÍSO DE GOIÁS;Dia 30;NÃO;SUPERMERCADO;235;PRATA
MERCADO SÃO JORGE;681348,85;0;0;198,08;3416,54;416;278;8;0;113;24;49,16;225,77;7,44;146,4;2;2026;302;ATIVO;ALTO PARAÍSO DE GOIÁS;Dia 30;NÃO;SUPERMERCADO;235;PRATA
MERCADO SÃO JORGE;582923,17;0;0;178,59;2425,58;476;230;83;0;46;83;12,39;56,31;12,96;116,53;3;2026;256;ATIVO;ALTO PARAÍSO DE GOIÁS;Dia 30;NÃO;SUPERMERCADO;235;PRATA
MOREIRA DE BOM JESUS;2641490,44;141779,26;18287,93;205,1;93305,83;168;133;103;0;1300;2002;1330,15;6118,85;18,15;127,78;7;2026;59;ATIVO;BOM JESUS;Dia 15;SIM;SUPERMERCADO;142;PRATA
MOREIRA DE BOM JESUS;2610007,52;88819,89;10658,39;226,76;740,09;124;37;14;0;1380;2079;1484,5;6832,9;27,41;220,71;8;2026;62;ATIVO;BOM JESUS;Dia 15;SIM;SUPERMERCADO;142;PRATA
MOREIRA DE BOM JESUS;2574385,27;61935,46;7576,48;1156,33;184063,97;387;356;313;0;1318;2;1130,44;5204,28;19,13;625,99;5;2026;83;ATIVO;BOM JESUS;Dia 15;SIM;SUPERMERCADO;142;PRATA
MOREIRA DE BOM JESUS;2530220,21;88094,49;10571,34;209,3;177138,53;385;350;325;0;1248;1934;1408,39;6479,35;28,86;234,86;6;2026;71;ATIVO;BOM JESUS;Dia 15;SIM;SUPERMERCADO;142;PRATA
MOREIRA DE BOM JESUS;2498150,13;0;0;787,74;200131,48;456;346;329;0;1289;1969;1150,31;5295,89;44,55;458,82;12;2025;86;ATIVO;BOM JESUS;Dia 15;NÃO;SUPERMERCADO;142;PRATA
MOREIRA DE BOM JESUS;2408714,75;59821,49;7177,72;786,08;167,43;151;33;24;0;307;444;876,45;4037,01;85,52;79,47;10;2025;81;ATIVO;BOM JESUS;Dia 15;SIM;SUPERMERCADO;142;PRATA
MOREIRA DE BOM JESUS;2385435,77;71491,75;8558,86;491,5;187808,26;399;322;314;0;1246;1945;1052,95;4845,31;29,89;356,19;4;2026;69;ATIVO;BOM JESUS;Dia 15;SIM;SUPERMERCADO;142;PRATA
MOREIRA DE BOM JESUS;2376714,38;71763,36;8611,6;400,26;39838,73;287;215;279;0;1398;2068;1242,05;5726,41;56,6;390,63;3;2026;252;ATIVO;BOM JESUS;Dia 15;SIM;SUPERMERCADO;142;PRATA
MOREIRA DE BOM JESUS;2233805,38;12354,57;1474,18;716,57;162,93;140;35;34;0;928;1427;614,71;2831,78;49,9;285,24;11;2025;73;ATIVO;BOM JESUS;Dia 15;SIM;SUPERMERCADO;142;PRATA
MOREIRA DE BOM JESUS;2197187,98;100917,04;12085,7;879,08;105082,19;340;223;217;0;1215;1215;1045,78;4815,46;34,25;320;1;2026;87;ATIVO;BOM JESUS;Dia 15;SIM;SUPERMERCADO;142;PRATA
MOREIRA DE BOM JESUS;2096701,75;21410,88;2560,07;579,18;116,57;133;27;18;0;244;316;392,74;1803,19;52,37;77,9;9;2025;78;ATIVO;BOM JESUS;Dia 15;SIM;SUPERMERCADO;142;PRATA
MOREIRA DE BOM JESUS;2053868,18;105405,96;12647,64;368,39;66093,7;204;129;121;0;1258;1904;1053,54;4849,45;40,94;424,95;2;2026;112;ATIVO;BOM JESUS;Dia 15;SIM;SUPERMERCADO;142;PRATA
MOREIRA DE BOM JESUS;1303157,23;38167,4;4482,12;874,34;98,34;109;21;19;0;159;165;279,75;1293,4;36,07;21,42;8;2025;69;ATIVO;BOM JESUS;Dia 15;SIM;SUPERMERCADO;142;PRATA
MOREIRA DE BOM JESUS;1248277,68;72807,83;8588,16;1207,99;666,95;128;30;26;0;182;250;71,42;330,32;36,64;456,65;7;2025;102;ATIVO;BOM JESUS;Dia 15;SIM;SUPERMERCADO;142;PRATA
MOREIRA DE BOM JESUS;1177208,28;72678,79;8509,43;815,32;354,59;123;28;22;0;159;245;52,34;241,99;57,99;287,18;6;2025;104;ATIVO;BOM JESUS;Dia 15;SIM;SUPERMERCADO;142;PRATA
MOREIRA DE BOM JESUS;1143682,23;63961,87;7254,93;821,26;358,76;263;11;6;0;147;108;375,78;1733,12;11,99;11,99;4;2025;39;ATIVO;BOM JESUS;Dia 15;SIM;SUPERMERCADO;142;PRATA
MOREIRA DE BOM JESUS;1125107,14;65092,54;4049,72;4637,94;242,33;350;19;10;0;184;207;566,86;2613,35;70,17;2947,85;3;2025;64;ATIVO;BOM JESUS;Dia 15;SIM;SUPERMERCADO;142;PRATA
MOREIRA DE BOM JESUS;1062533,86;74524,8;8615,43;783,22;475,69;176;15;15;0;151;79;306,6;1414,16;39,49;118,62;5;2025;59;ATIVO;BOM JESUS;Dia 15;SIM;SUPERMERCADO;142;PRATA
MOREIRA DE BOM JESUS;980270,09;0;0;2581,72;2759,9;351;37;9;0;424;274;967,7;4439,82;44,11;2134,92;12;2024;93;ATIVO;BOM JESUS;Dia 15;NÃO;SUPERMERCADO;142;PRATA
MOREIRA DE BOM JESUS;961808,35;53606,18;5366,07;1283,3;149,94;356;8;3;0;146;182;227,05;1041,81;36,53;2841,58;2;2025;47;ATIVO;BOM JESUS;Dia 15;SIM;SUPERMERCADO;142;PRATA
O SEU VERDURÃO;5544401,26;0;0;46,93;63,88;15;16;3;0;17;20;43,46;201,91;0;72,5;5;2026;11;ATIVO;ITUMBIARA;Dia 25;NÃO;SUPERMERCADO;195;PRATA
O SEU VERDURÃO;5262270,45;0;0;0,91;37,98;5;7;1;0;16;18;15,99;74,95;0;51,27;4;2026;7;ATIVO;ITUMBIARA;Dia 25;NÃO;SUPERMERCADO;195;PRATA
O SEU VERDURÃO;5243344,97;0;0;133,59;794,24;51;31;5;0;44;44;41,27;193,08;49,1;90,11;12;2025;33;ATIVO;ITUMBIARA;Dia 25;NÃO;SUPERMERCADO;195;PRATA
O SEU VERDURÃO;5116493,76;;;37,19;115,08;9;13;0;0;10;12;5,6;27,92;1,72;144,82;7;2026;11;ATIVO;ITUMBIARA;Dia 25;NÃO;SUPERMERCADO;195;PRATA
O SEU VERDURÃO;5086682,26;0;0;58,98;62,03;11;13;2;0;13;13;14,24;66,79;0;93,41;6;2026;11;ATIVO;ITUMBIARA;Dia 25;NÃO;SUPERMERCADO;195;PRATA
O SEU VERDURÃO;4883230,77;0;0;151,72;619,34;49;26;3;0;33;33;38,76;181,03;53,92;74,99;1;2026;30;ATIVO;ITUMBIARA;Dia 25;NÃO;SUPERMERCADO;195;PRATA
O SEU VERDURÃO;4876415,78;0;0;10,49;141,45;18;17;9;0;24;34;4,76;23,25;1,29;62,27;3;2026;14;ATIVO;ITUMBIARA;Dia 25;NÃO;SUPERMERCADO;195;PRATA
O SEU VERDURÃO;4440441,22;0;0;35,59;319,28;31;26;11;0;28;28;13,73;65,25;10,91;86,85;2;2026;29;ATIVO;ITUMBIARA;Dia 25;NÃO;SUPERMERCADO;195;PRATA
O SEU VERDURÃO;4419612,24;0;0;322,55;315,96;57;53;10;0;69;70;144,2;668,72;20,93;320,39;3;2025;33;ATIVO;ITUMBIARA;Dia 25;NÃO;SUPERMERCADO;195;PRATA
O SEU VERDURÃO;4193800,06;0;0;72,52;156,72;39;32;9;0;51;53;169,4;782,51;8,74;73,34;7;2025;16;ATIVO;ITUMBIARA;Dia 25;NÃO;SUPERMERCADO;195;PRATA
O SEU VERDURÃO;3763394,19;0;0;832,54;831,97;41;40;7;0;47;48;302,48;1398,54;27,27;188,59;2;2025;17;ATIVO;ITUMBIARA;Dia 25;NÃO;SUPERMERCADO;195;PRATA
O SEU VERDURÃO;3719058,22;0;0;39,51;196,46;35;27;6;0;31;40;161,79;747,42;10,68;20,36;8;2025;12;ATIVO;ITUMBIARA;Dia 25;NÃO;SUPERMERCADO;195;PRATA
O SEU VERDURÃO;3705322,13;0;0;39,08;294,27;18;19;4;0;18;21;34,37;160,37;3,88;45,23;10;2025;11;ATIVO;ITUMBIARA;Dia 25;NÃO;SUPERMERCADO;195;PRATA
O SEU VERDURÃO;3683587,32;0;0;92,6;566,1;62;41;12;0;86;88;167,61;773,9;7,77;185,92;6;2025;26;ATIVO;ITUMBIARA;Dia 25;NÃO;SUPERMERCADO;195;PRATA
O SEU VERDURÃO;3671519,74;0;0;65,98;729,64;38;32;7;0;39;41;37,18;173,31;21,37;182,77;5;2025;16;ATIVO;ITUMBIARA;Dia 25;NÃO;SUPERMERCADO;195;PRATA
O SEU VERDURÃO;3445045,52;0;0;161,63;793,98;188;43;5;0;308;308;298,96;1388,24;310,5;1582,44;1;2025;145;ATIVO;ITUMBIARA;Dia 25;NÃO;SUPERMERCADO;195;PRATA
O SEU VERDURÃO;3439490,79;0;0;146,57;1159,87;28;29;0;0;41;41;180,76;837,66;21,34;1062,11;12;2024;26;ATIVO;ITUMBIARA;Dia 25;NÃO;SUPERMERCADO;195;PRATA
O SEU VERDURÃO;3371045,62;0;0;548,36;529,47;23;30;6;0;41;43;24,62;115,48;3,88;167,86;4;2025;10;ATIVO;ITUMBIARA;Dia 25;NÃO;SUPERMERCADO;195;PRATA
O SEU VERDURÃO;3270533,83;0;0;1930,52;1959,36;225;25;13;11;135;365;278,36;1279,22;1053,5;2684,41;4;2024;408;ATIVO;ITUMBIARA;Dia 25;NÃO;SUPERMERCADO;195;PRATA
O SEU VERDURÃO;3194477,09;0;0;215,75;297,03;32;29;1;144;34;34;65,59;300;0;1145,74;8;2024;14;ATIVO;ITUMBIARA;Dia 25;NÃO;SUPERMERCADO;195;PRATA
O SEU VERDURÃO;3059242,49;0;0;130,62;104,37;25;35;0;111;28;28;26,59;123,06;0;88,73;9;2024;13;ATIVO;ITUMBIARA;Dia 25;NÃO;SUPERMERCADO;195;PRATA
O SEU VERDURÃO;3038127,23;0;0;32,42;964,65;8;20;0;105;20;20;73,2;336,69;0;403,67;10;2024;5;ATIVO;ITUMBIARA;Dia 25;NÃO;SUPERMERCADO;195;PRATA
O SEU VERDURÃO;2962569,51;0;0;1940,9;1338,36;230;54;7;147;140;210;936,37;4386,47;0;669,16;7;2024;404;ATIVO;ITUMBIARA;Dia 25;NÃO;SUPERMERCADO;195;PRATA
O SEU VERDURÃO;2940699,95;0;0;1995,69;1792,9;236;28;22;15;142;380;272,87;1257,7;585,72;2087,83;5;2024;436;ATIVO;ITUMBIARA;Dia 25;NÃO;SUPERMERCADO;195;PRATA
O SEU VERDURÃO;2935578,02;0;0;75,39;625,89;10;20;0;0;26;26;125,27;580,23;0;372,9;11;2024;7;ATIVO;ITUMBIARA;Dia 25;NÃO;SUPERMERCADO;195;PRATA
O SEU VERDURÃO;2861591,71;0;0;1442,42;1540,59;227;36;24;19;136;365;312;1436,05;0;1901,54;6;2024;422;ATIVO;ITUMBIARA;Dia 25;NÃO;SUPERMERCADO;195;PRATA
O SEU VERDURÃO;2833958,45;0;0;2637,92;1195,77;207;27;12;11;120;357;273,19;1257,29;582,13;2652,19;2;2024;389;ATIVO;ITUMBIARA;Dia 25;NÃO;SUPERMERCADO;195;PRATA
PADOCA CASA DE PÃES (130);1577301,14;0;0;2002,22;239,02;56;20;62;0;57;56;113,83;512,77;0;210,58;3;2026;97;ATIVO;GOIÂNIA;Dia 25;NÃO;SUPERMERCADO;249;PRATA
PADOCA CASA DE PÃES (130);1559564,29;0;0;411,79;45,46;13;23;3;0;412;347;5895,61;28446,92;0;817,66;10;2025;25;ATIVO;GOIÂNIA;Dia 25;NÃO;SUPERMERCADO;249;PRATA
PADOCA CASA DE PÃES (130);1557398,55;0;0;475,48;204,92;42;27;46;0;30;33;82,5;372,84;0;312,49;4;2026;74;ATIVO;GOIÂNIA;Dia 25;NÃO;SUPERMERCADO;249;PRATA
PADOCA CASA DE PÃES (130);1540356,38;0;0;787,3;67,93;46;15;81;0;36;38;54,8;244,97;0;370,51;5;2026;84;ATIVO;GOIÂNIA;Dia 25;NÃO;SUPERMERCADO;249;PRATA
PADOCA CASA DE PÃES (130);1519014,1;0;0;305,86;187,28;32;9;68;0;12;10;0;114,5;0;23,98;6;2026;26;ATIVO;GOIÂNIA;Dia 25;NÃO;SUPERMERCADO;249;PRATA
PADOCA CASA DE PÃES (130);1462400,19;0;0;1349,3;4249,78;81;73;35;0;483;640;6126,97;28190,99;0;760,99;8;2025;121;ATIVO;GOIÂNIA;Dia 25;NÃO;SUPERMERCADO;249;PRATA
PADOCA CASA DE PÃES (130);1451087,79;0;0;197,78;223,83;62;68;14;0;445;606;5261,72;24252,7;0;808,98;9;2025;95;ATIVO;GOIÂNIA;Dia 25;NÃO;SUPERMERCADO;249;PRATA
PADOCA CASA DE PÃES (130);1347331,07;0;0;845,36;175,92;57;20;15;0;219;196;593,17;2785,86;0;189,35;2;2026;88;ATIVO;GOIÂNIA;Dia 25;NÃO;SUPERMERCADO;249;PRATA
PADOCA CASA DE PÃES (130);1327709,63;0;0;4627,39;11121,91;333;191;173;0;592;652;5482,68;25228,53;0;4764,89;4;2025;476;ATIVO;GOIÂNIA;Dia 25;NÃO;SUPERMERCADO;249;PRATA
PADOCA CASA DE PÃES (130);1298919,41;0;0;763,24;3369,65;44;48;728;0;0;0;0;0;0;0;12;2025;54;ATIVO;GOIÂNIA;Dia 25;NÃO;SUPERMERCADO;249;PRATA
PADOCA CASA DE PÃES (130);1279386,14;0;0;2702,51;5493,07;291;157;9;0;568;634;4780,51;21991,63;0;6446,02;7;2025;424;ATIVO;GOIÂNIA;Dia 25;NÃO;SUPERMERCADO;249;PRATA
PADOCA CASA DE PÃES (130);1205857,48;0;0;4435,21;5096,45;342;179;814;0;592;653;4671,15;21489,72;0;4546,97;3;2025;488;ATIVO;GOIÂNIA;Dia 25;NÃO;SUPERMERCADO;249;PRATA
PADOCA CASA DE PÃES (130);1186181,02;0;0;473,75;3054,56;61;61;641;0;0;0;0;0;0;0;1;2026;70;ATIVO;GOIÂNIA;Dia 25;NÃO;SUPERMERCADO;249;PRATA
PADOCA CASA DE PÃES (130);808243,44;;;161,14;55,73;15;5;2;0;8;7;29,46;132,78;0;4,6;7;2026;16;ATIVO;GOIÂNIA;Dia 25;NÃO;SUPERMERCADO;249;PRATA
PADOCA CASA DE PÃES (210);306274,21;0;0;418,92;403,07;35;22;24;0;51;50;124,23;573,45;0;121,42;10;2025;12;ATIVO;APARECIDA DE GOIÂNIA;Dia 25;NÃO;SUPERMERCADO;250;PRATA
PADOCA CASA DE PÃES (210);304780,36;0;0;365,9;472,17;44;25;28;0;44;46;96,65;444,36;0;122,6;12;2025;18;ATIVO;APARECIDA DE GOIÂNIA;Dia 25;NÃO;SUPERMERCADO;250;PRATA
PADOCA CASA DE PÃES (210);301071,62;0;0;344,78;349,08;39;25;22;0;50;51;96,28;442,95;0;102,75;11;2025;20;ATIVO;APARECIDA DE GOIÂNIA;Dia 25;NÃO;SUPERMERCADO;250;PRATA
PADOCA CASA DE PÃES (210);281779,73;0;0;482,45;196,6;52;19;21;0;29;15;65,51;286,79;0;61,04;5;2026;32;ATIVO;APARECIDA DE GOIÂNIA;Dia 25;NÃO;SUPERMERCADO;250;PRATA
PADOCA CASA DE PÃES (210);261043,01;0;0;393,22;48,02;24;9;5;0;18;8;62,68;263,35;0;62,56;6;2026;14;ATIVO;APARECIDA DE GOIÂNIA;Dia 25;NÃO;SUPERMERCADO;250;PRATA
PADOCA CASA DE PÃES (210);258184,68;0;0;501,42;353,24;57;22;34;0;26;14;66,02;301,07;3,54;84,78;4;2026;28;ATIVO;APARECIDA DE GOIÂNIA;Dia 25;NÃO;SUPERMERCADO;250;PRATA
PADOCA CASA DE PÃES (210);248787,96;0;0;431,49;884,97;66;49;31;0;51;51;106,09;488,16;0;75,28;9;2025;44;ATIVO;APARECIDA DE GOIÂNIA;Dia 25;NÃO;SUPERMERCADO;250;PRATA
PADOCA CASA DE PÃES (210);247243,27;0;0;407,87;328,84;47;18;34;0;23;9;72,3;328,17;1,08;45,44;3;2026;29;ATIVO;APARECIDA DE GOIÂNIA;Dia 25;NÃO;SUPERMERCADO;250;PRATA
PADOCA CASA DE PÃES (210);232560,44;0;0;297,25;380,47;44;22;26;0;47;50;112,16;516,33;0;38,71;1;2026;31;ATIVO;APARECIDA DE GOIÂNIA;Dia 25;NÃO;SUPERMERCADO;250;PRATA
PADOCA CASA DE PÃES (210);227017,07;0;0;310,54;362,94;53;25;28;0;43;41;44,66;206,08;0;54,02;2;2026;30;ATIVO;APARECIDA DE GOIÂNIA;Dia 25;NÃO;SUPERMERCADO;250;PRATA
PADOCA CASA DE PÃES (210);213712,08;0;0;565,19;825,68;94;62;32;0;67;67;103;474,83;0;146,65;8;2025;53;ATIVO;APARECIDA DE GOIÂNIA;Dia 25;NÃO;SUPERMERCADO;250;PRATA
PADOCA CASA DE PÃES (210);191387,01;0;0;4660,37;925,73;376;108;70;0;549;754;1459,34;6715,18;0;1716,96;7;2025;209;ATIVO;APARECIDA DE GOIÂNIA;Dia 25;NÃO;SUPERMERCADO;250;PRATA
PADOCA CASA DE PÃES (210);136347,7;0;0;1033,4;9856,18;392;229;12;0;411;617;1131,41;5213,02;0;0;5;2025;217;ATIVO;APARECIDA DE GOIÂNIA;Dia 25;NÃO;SUPERMERCADO;250;PRATA
PADOCA CASA DE PÃES (210);12272,89;0;0;44,43;78,95;50;24;544;0;158;213;98,74;455,6;0;0;4;2025;75;ATIVO;APARECIDA DE GOIÂNIA;Dia 25;NÃO;SUPERMERCADO;250;PRATA
PANIFICADORA MUNDO DAS DELÍCIAS;872030,41;0;0;1902,84;401,25;99;28;23;0;0;0;40,67;48,95;0;1776,19;5;2026;92;ATIVO;GOIÂNIA;Dia 10;NÃO;SUPERMERCADO;28;BRONZE
PANIFICADORA MUNDO DAS DELÍCIAS;864510,04;0;0;852,84;32,99;30;30;4;0;0;0;;;0;;7;2026;85;ATIVO;GOIÂNIA;Dia 10;NÃO;SUPERMERCADO;28;BRONZE
PANIFICADORA MUNDO DAS DELÍCIAS;859860,42;0;0;176,48;4,98;69;27;0;0;0;0;;;;;8;2026;76;ATIVO;GOIÂNIA;Dia 10;NÃO;SUPERMERCADO;28;BRONZE
PANIFICADORA MUNDO DAS DELÍCIAS;848926,58;0;0;1688,97;153,96;48;45;19;0;0;0;39,33;35,34;0;1450,79;6;2026;99;ATIVO;GOIÂNIA;Dia 10;NÃO;SUPERMERCADO;28;BRONZE
PANIFICADORA MUNDO DAS DELÍCIAS;800632,53;0;0;4053,7;405,46;178;35;33;0;0;0;0;0;0;0;3;2026;82;ATIVO;GOIÂNIA;Dia 10;NÃO;SUPERMERCADO;28;BRONZE
PANIFICADORA MUNDO DAS DELÍCIAS;779820,53;0;0;3079,17;361,06;214;47;42;0;0;0;0;0;0;0;4;2026;98;ATIVO;GOIÂNIA;Dia 10;NÃO;SUPERMERCADO;28;BRONZE
PANIFICADORA MUNDO DAS DELÍCIAS;595716,16;0;0;1791,16;169,01;54;26;155;0;0;0;0;0;0;0;2;2026;72;ATIVO;GOIÂNIA;Dia 10;NÃO;SUPERMERCADO;28;BRONZE
PANIFICADORA MUNDO DAS DELÍCIAS;563855,47;0;0;1119,6;41942,05;638;735;158;0;551;808;7445,73;34291,85;0;0;1;2026;202;ATIVO;GOIÂNIA;Dia 10;NÃO;SUPERMERCADO;28;BRONZE
REDE ADÃO;4826749,72;0;0;34,71;41,82;16;7;0;0;36;75;471,86;2185,45;2,71;158,29;9;2025;10;ATIVO;JATAÍ;Dia 15;NÃO;SUPERMERCADO;147;PRATA
REDE ADÃO;4364380,05;0;0;104,27;105,8;15;8;2;0;44;94;493,12;2291,84;3,6;131,7;8;2025;8;ATIVO;JATAÍ;Dia 15;NÃO;SUPERMERCADO;147;PRATA
REDE ADÃO;3970491,46;0;0;5999,47;5824,21;438;205;30;0;1033;1492;1484,51;6836,87;1131,01;42345,76;11;2024;379;ATIVO;JATAÍ;Dia 15;NÃO;SUPERMERCADO;147;PRATA
REDE ADÃO;3485648,64;0;0;91,89;56,57;8;6;3;0;19;59;7,9;36,61;1,08;2206,52;10;2025;11;ATIVO;JATAÍ;Dia 15;NÃO;SUPERMERCADO;147;PRATA
REDE ADÃO;3022274,89;0;0;2530,17;6381,1;476;244;27;0;950;1341;1132,25;5215,92;499,1;48591,62;6;2025;335;ATIVO;JATAÍ;Dia 15;NÃO;SUPERMERCADO;147;PRATA
REDE ADÃO;2868544,97;0;0;431,77;3,04;14;15;7;0;26;57;17,23;79,03;6,69;99,58;11;2025;20;ATIVO;JATAÍ;Dia 15;NÃO;SUPERMERCADO;147;PRATA
REDE ADÃO;2716100,88;0;0;101,81;1384,97;23;15;2;0;35;83;784,98;3618,84;6,48;84,24;7;2025;23;ATIVO;JATAÍ;Dia 15;NÃO;SUPERMERCADO;147;PRATA
REDE ADÃO;2348651,88;0;0;1797,1;4027,8;355;160;18;0;959;1386;1229,48;5658,38;816,39;57281,57;4;2025;245;ATIVO;JATAÍ;Dia 15;NÃO;SUPERMERCADO;147;PRATA
REDE ADÃO;2243866,92;0;0;2739,88;5515,93;444;238;24;0;965;1390;1380,88;6354,87;702,51;46354,57;5;2025;334;ATIVO;JATAÍ;Dia 15;NÃO;SUPERMERCADO;147;PRATA
REDE ADÃO;1751650,18;0;0;356,47;693,4;116;49;21;0;261;316;177,09;819,12;116,37;1820,59;5;2026;74;ATIVO;JATAÍ;Dia 15;NÃO;SUPERMERCADO;147;PRATA
REDE ADÃO;1722348,48;0;0;975,79;5972,02;340;181;29;0;562;719;515,19;2375,42;218,76;8886,5;4;2026;246;ATIVO;JATAÍ;Dia 15;NÃO;SUPERMERCADO;147;PRATA
REDE ADÃO;1646745,86;0;0;2271,61;7038,77;541;263;32;0;1023;1451;774,27;3568,22;683,59;24756,71;1;2026;385;ATIVO;JATAÍ;Dia 15;NÃO;SUPERMERCADO;147;PRATA
REDE ADÃO;1643572,38;0;0;1794,29;3823,65;182;124;39;0;49;50;128,22;599,1;134,58;538,36;8;2026;120;ATIVO;JATAÍ;Dia 15;NÃO;SUPERMERCADO;147;PRATA
REDE ADÃO;1632025,75;0;0;2030,96;3189,37;271;145;49;0;91;100;101,92;476,88;105,24;557,74;6;2026;142;ATIVO;JATAÍ;Dia 15;NÃO;SUPERMERCADO;147;PRATA
REDE ADÃO;1610026,29;0;0;2037,11;8964,95;460;242;50;0;687;857;775,72;3574,58;475,63;10970,8;3;2026;319;ATIVO;JATAÍ;Dia 15;NÃO;SUPERMERCADO;147;PRATA
REDE ADÃO;1587050,47;0;0;2363,61;6906,38;460;232;33;0;712;896;696,54;3208,5;326,35;10522,36;2;2026;330;ATIVO;JATAÍ;Dia 15;NÃO;SUPERMERCADO;147;PRATA
REDE ADÃO;1550194,32;0;0;2624,92;7520,79;612;282;38;0;1196;1713;867,81;4007,09;664,95;24832,52;12;2025;420;ATIVO;JATAÍ;Dia 15;NÃO;SUPERMERCADO;147;PRATA
REDE ADÃO;1525917,7;0;0;1996,31;3235,03;224;130;43;0;44;45;111,88;523,11;111,37;387,33;7;2026;117;ATIVO;JATAÍ;Dia 15;NÃO;SUPERMERCADO;147;PRATA
REDE CITRO 5;16932300,79;729906,48;83896,24;828,67;1019,37;22;7;0;185;60;61;180,09;829;0;654,3;12;2024;79;INATIVO;MINEIROS;Dia 10;SIM;SUPERMERCADO;71;INATIVO
REDE CITRO 5;16139734,1;651303,75;77882,81;732,57;1876,7;59;42;1;275;113;114;242,89;1115,76;0;3068,44;11;2024;120;INATIVO;MINEIROS;Dia 10;SIM;SUPERMERCADO;71;INATIVO
REDE CITRO 5;15985421,58;749187,63;89815,26;747,92;478,6;26;6;0;0;66;66;89,35;406,84;0;3515,26;3;2025;76;INATIVO;MINEIROS;Dia 10;SIM;SUPERMERCADO;71;INATIVO
REDE CITRO 5;15657326,01;687018,17;82442,18;8868,49;3806,61;111;69;2;273;115;105;292,08;1345,67;0;2450,17;10;2024;144;INATIVO;MINEIROS;Dia 10;SIM;SUPERMERCADO;71;INATIVO
REDE CITRO 5;15503680,41;731190,41;87692,15;635,1;712,58;34;64;0;0;59;64;566,09;2815,5;4,5;4828,72;4;2025;85;INATIVO;MINEIROS;Dia 10;SIM;SUPERMERCADO;71;INATIVO
REDE CITRO 5;15440162,76;743825,92;89259,1104;577,47;577,47;29;34;0;0;34;34;785,18;3967,83;4,5;3841,1;5;2025;97;INATIVO;MINEIROS;Dia 10;SIM;SUPERMERCADO;71;INATIVO
REDE CITRO 5;15323603,68;696113,81;83532,7;828,63;5088,15;132;65;1;303;197;474;276,57;1273,81;65,99;916,94;9;2024;145;INATIVO;MINEIROS;Dia 10;SIM;SUPERMERCADO;71;INATIVO
REDE CITRO 5;15080897,16;686662,62;75526,8;753,04;948,12;53;14;0;177;32;32;102,71;482,46;0;245,33;1;2025;103;INATIVO;MINEIROS;Dia 10;SIM;SUPERMERCADO;71;INATIVO
REDE CITRO 5;14913272,2;0;0;59800,8;5542,66;358;96;1;181;126;414;2631,61;6391,26;0;2631,61;4;2024;416;INATIVO;MINEIROS;Dia 10;NÃO;SUPERMERCADO;71;INATIVO
REDE CITRO 5;14913272,2;628685,02;57835,67;5008,21;11069,25;404;149;2;315;274;587;1758,41;8318,36;612,7;6207,37;8;2024;416;INATIVO;MINEIROS;Dia 10;SIM;SUPERMERCADO;71;INATIVO
REDE CITRO 5;14373495,46;710342,58;85224,9276;947,42;652,15;29;29;0;0;29;29;734,24;3687,96;8,5;1917,13;6;2025;85;INATIVO;MINEIROS;Dia 10;SIM;SUPERMERCADO;71;INATIVO
REDE CITRO 5;14148436,04;651184,54;136291,92;1407,6;751,81;55;17;0;0;83;83;225,78;1062,85;0;2273,67;2;2025;97;INATIVO;MINEIROS;Dia 10;SIM;SUPERMERCADO;71;INATIVO
REDE CRISTAL;7791048,75;314208,25;37684,85;2228,06;85,45;18;4;0;0;7;52;0,37;1,75;0;104,45;12;2025;44;ATIVO;CIDADE OCIDENTAL;Dia 15;SIM;SUPERMERCADO;153;OURO
REDE CRISTAL;7488103,03;294328,69;34987,3;673,51;736,65;23;24;2;0;11;11;36,78;163,26;0;65,11;5;2026;25;ATIVO;CIDADE OCIDENTAL;Dia 15;SIM;SUPERMERCADO;153;OURO
REDE CRISTAL;7418519,03;295890,64;35506,87;687,12;39,47;10;7;1;14;4;4;164,33;774,28;0;14,07;8;2026;0;ATIVO;CIDADE OCIDENTAL;Dia 15;SIM;SUPERMERCADO;153;OURO
REDE CRISTAL;7212188,05;281837,12;33792,87;124,53;138,97;16;7;0;0;14;20;15,79;73,13;2,31;181,57;1;2026;42;ATIVO;CIDADE OCIDENTAL;Dia 15;SIM;SUPERMERCADO;153;OURO
REDE CRISTAL;7085555,02;289431,24;34693,56;115,14;195,63;17;5;0;0;4;5;2,67;12,38;0;52,87;10;2025;52;ATIVO;CIDADE OCIDENTAL;Dia 15;SIM;SUPERMERCADO;153;OURO
REDE CRISTAL;7050224,99;274578,46;32742,68;913,34;1336,43;38;46;2;0;23;41;78,98;346,66;0;71,04;4;2026;43;ATIVO;CIDADE OCIDENTAL;Dia 15;SIM;SUPERMERCADO;153;OURO
REDE CRISTAL;7031150,14;322460,97;38677,46;441,19;201,34;20;5;2;0;13;14;33,95;144,58;12,22;39,99;3;2026;72;ATIVO;CIDADE OCIDENTAL;Dia 15;SIM;SUPERMERCADO;153;OURO
REDE CRISTAL;7027004,31;264015,06;28840,84;183,03;992,35;32;17;0;0;16;17;117,29;539,39;0;368,06;12;2024;175;ATIVO;CIDADE OCIDENTAL;Dia 15;SIM;SUPERMERCADO;153;OURO
REDE CRISTAL;7001437,08;281512,66;33758,36;172,11;123,38;16;5;1;0;4;6;2,12;9,79;9,78;55,9;11;2025;47;ATIVO;CIDADE OCIDENTAL;Dia 15;SIM;SUPERMERCADO;153;OURO
REDE CRISTAL;6886889,86;194314,03;19431,4;32,13;145,29;10;44;1;71;6;11;0,74;3,47;14,65;5,55;12;2023;36;ATIVO;CIDADE OCIDENTAL;Dia 15;SIM;SUPERMERCADO;153;OURO
REDE CRISTAL;6880929,77;262377,98;31160,89;811,02;267,32;24;14;2;0;29;29;12,76;58,88;4,08;456,75;3;2025;137;ATIVO;CIDADE OCIDENTAL;Dia 15;SIM;SUPERMERCADO;153;OURO
REDE CRISTAL;6857729,29;278427,78;32780,32;1033,79;347,64;48;22;4;0;26;27;51,36;236,48;4,16;549,63;5;2025;322;ATIVO;CIDADE OCIDENTAL;Dia 15;SIM;SUPERMERCADO;153;OURO
REDE CRISTAL;6677318,2;265171,99;31670,35;215,42;108,41;11;6;2;0;26;37;21,1;97,1;0;432,93;4;2025;61;ATIVO;CIDADE OCIDENTAL;Dia 15;SIM;SUPERMERCADO;153;OURO
REDE CRISTAL;6666127,08;257285,01;30863,21;36,39;275,65;12;7;0;0;4;6;0,19;0,95;4,08;4,21;2;2026;31;ATIVO;CIDADE OCIDENTAL;Dia 15;SIM;SUPERMERCADO;153;OURO
REDE CRISTAL;6640888,28;269575,8;32149,8;852,07;306,46;45;11;2;0;24;26;36,83;168,97;0;466,68;6;2025;302;ATIVO;CIDADE OCIDENTAL;Dia 15;SIM;SUPERMERCADO;153;OURO
REDE CRISTAL;6628889,39;276039,07;33011,8;223,51;157,94;23;10;0;0;28;73;19,51;89,36;6,7;444,18;7;2025;157;ATIVO;CIDADE OCIDENTAL;Dia 15;SIM;SUPERMERCADO;153;OURO
REDE CRISTAL;6611232,75;278783,61;33338,43;608,01;276,18;34;8;0;0;14;14;2,68;12,47;4,16;318,73;9;2025;163;ATIVO;CIDADE OCIDENTAL;Dia 15;SIM;SUPERMERCADO;153;OURO
REDE CRISTAL;6610637,68;104309,29;10430,93;5202,04;2582,29;133;76;3;2;39;123;171,39;782,62;150,99;82,09;12;2022;0;ATIVO;CIDADE OCIDENTAL;Dia 15;SIM;SUPERMERCADO;153;OURO
REDE CRISTAL;6514352,67;189936,79;18866,22;1542,13;250,67;26;41;0;61;15;26;102,22;463,41;8,07;10,79;3;2024;28;ATIVO;CIDADE OCIDENTAL;Dia 15;SIM;SUPERMERCADO;153;OURO
REDE CRISTAL;6508618,9;271009,78;32469,26;494,54;232,55;31;10;2;0;18;38;4,43;20,41;0;316,96;8;2025;142;ATIVO;CIDADE OCIDENTAL;Dia 15;SIM;SUPERMERCADO;153;OURO
REDE CRISTAL;6438368,82;234805,47;27909,69;368,94;216,49;29;22;0;56;6;12;9,44;43,1;0;2,5;10;2024;29;ATIVO;CIDADE OCIDENTAL;Dia 15;SIM;SUPERMERCADO;153;OURO
REDE CRISTAL;6391414,67;249671,74;29898,76;1046,76;87,13;53;25;0;57;11;11;23,87;109,93;6,59;0;8;2024;96;ATIVO;CIDADE OCIDENTAL;Dia 15;SIM;SUPERMERCADO;153;OURO
REDE CRISTAL;6346499,26;248708,37;28118,3;199,85;231,19;36;23;1;0;8;9;16,66;76,48;0;158,11;1;2025;176;ATIVO;CIDADE OCIDENTAL;Dia 15;SIM;SUPERMERCADO;153;OURO
REDE CRISTAL;6330986,52;270280,05;29800,5;2245,77;258,5;28;20;0;58;4;7;21,8;100,06;0;0;11;2024;185;ATIVO;CIDADE OCIDENTAL;Dia 15;SIM;SUPERMERCADO;153;OURO
REDE CRISTAL;6266070,77;239457,47;28473,02;724,32;298,86;34;29;1;56;9;15;8;36,92;0;0;9;2024;28;ATIVO;CIDADE OCIDENTAL;Dia 15;SIM;SUPERMERCADO;153;OURO
REDE CRISTAL;6223135,32;237149,47;28423,02;1253,3;219,24;69;43;1;57;19;21;57,13;270,83;19,06;20,64;7;2024;60;ATIVO;CIDADE OCIDENTAL;Dia 15;SIM;SUPERMERCADO;153;OURO
REDE CRISTAL;6167696,79;192687,02;14257,15;373,65;1945,09;96;128;1;56;9;11;49,42;234,81;0;146,1;5;2024;157;ATIVO;CIDADE OCIDENTAL;Dia 15;SIM;SUPERMERCADO;153;OURO
REDE CRISTAL;6135773,55;185678,76;22256,73;456,87;346,03;115;117;1;53;20;28;70,31;327,16;2,69;10,19;4;2024;104;ATIVO;CIDADE OCIDENTAL;Dia 15;SIM;SUPERMERCADO;153;OURO
REDE CRISTAL;6131086,53;177608,29;17757,52;28,73;269,33;19;44;0;62;3;13;41,5;193,22;0,79;0;1;2024;30;ATIVO;CIDADE OCIDENTAL;Dia 15;SIM;SUPERMERCADO;153;OURO
REDE CRISTAL;6085163,44;233764,23;19894,85;304,66;297,85;171;131;6;55;91;91;147,51;688,82;252,4;367,56;6;2024;192;ATIVO;CIDADE OCIDENTAL;Dia 15;SIM;SUPERMERCADO;153;OURO
REDE CRISTAL;6062327,01;236971,33;27977,91;1760,83;107;30;18;1;0;23;41;16,58;75,83;0;415,04;2;2025;147;ATIVO;CIDADE OCIDENTAL;Dia 15;SIM;SUPERMERCADO;153;OURO
REDE CRISTAL;5987054,05;164721,73;16467,01;271,01;503,67;50;25;2;0;62;87;130,82;607,9;41,01;93,17;4;2023;39;ATIVO;CIDADE OCIDENTAL;Dia 15;SIM;SUPERMERCADO;153;OURO
REDE CRISTAL;5908237,75;185917,61;18575,22;1315,35;489,86;80;50;2;3;71;88;157,64;731,66;31,66;173,65;5;2023;71;ATIVO;CIDADE OCIDENTAL;Dia 15;SIM;SUPERMERCADO;153;OURO
REDE CRISTAL;5849562,83;161478,65;14555,1;1964,13;509,02;57;19;2;1;71;92;218,32;1010,74;32,54;172,65;3;2023;162;ATIVO;CIDADE OCIDENTAL;Dia 15;SIM;SUPERMERCADO;153;OURO
REDE CRISTAL;5842514,22;166439,02;16643,9;88,57;117,76;17;56;0;11;7;16;0;0,02;79,54;38,58;10;2023;15;ATIVO;CIDADE OCIDENTAL;Dia 15;SIM;SUPERMERCADO;153;OURO
REDE CRISTAL;5787618,08;169738,2;16973,82;435,07;135,02;22;47;1;59;19;24;80,64;374,08;11,97;11,22;2;2024;20;ATIVO;CIDADE OCIDENTAL;Dia 15;SIM;SUPERMERCADO;153;OURO
REDE CRISTAL;5776250,87;185005,91;18488,29;1931,68;908,96;47;141;0;11;21;23;155,4;721,7;12,87;40,66;7;2023;50;ATIVO;CIDADE OCIDENTAL;Dia 15;SIM;SUPERMERCADO;153;OURO
REDE CRISTAL;5758360,54;136844,87;8145,55;543,83;2557,17;91;29;5;2;39;123;467,84;2145,8;89,11;1820,07;10;2022;0;ATIVO;CIDADE OCIDENTAL;Dia 15;SIM;SUPERMERCADO;153;OURO
REDE CRISTAL;5722010,44;132679,42;10777,75;3232,07;897,58;53;67;1;10;65;216;250,7;1160,59;461,27;157,44;1;2023;220;ATIVO;CIDADE OCIDENTAL;Dia 15;SIM;SUPERMERCADO;153;OURO
REDE CRISTAL;5715284,86;133311,05;7870,8;5740,39;2829,82;67;9;2;3;34;125;323,42;1478,47;106,41;1531,18;11;2022;0;ATIVO;CIDADE OCIDENTAL;Dia 15;SIM;SUPERMERCADO;153;OURO
REDE CRISTAL;5709781,29;135980,18;8675,76;609,62;1679,39;85;114;4;3;41;36;208,74;966,73;141,1;2058,03;8;2022;0;ATIVO;CIDADE OCIDENTAL;Dia 15;SIM;SUPERMERCADO;153;OURO
REDE CRISTAL;5701538,47;114900,95;5643,33;6920,76;3984,56;249;34;8;8;33;209;78,62;367,6;11,97;390,41;12;2021;0;ATIVO;CIDADE OCIDENTAL;Dia 15;SIM;SUPERMERCADO;153;OURO
REDE CRISTAL;5656030,71;187710,6;18771,06;200,2;366,86;29;108;0;8;17;19;105,82;492,51;2,61;28,88;8;2023;35;ATIVO;CIDADE OCIDENTAL;Dia 15;SIM;SUPERMERCADO;153;OURO
REDE CRISTAL;5647990,69;178590,02;17762,95;271,93;225,85;193;56;2;9;42;56;308,7;1433,82;21,47;0;6;2023;317;ATIVO;CIDADE OCIDENTAL;Dia 15;SIM;SUPERMERCADO;153;OURO
REDE CRISTAL;5646043,97;162668,57;16261,1;78,87;126,96;18;48;0;17;6;12;0,12;0,49;59,45;14,64;11;2023;52;ATIVO;CIDADE OCIDENTAL;Dia 15;SIM;SUPERMERCADO;153;OURO
REDE CRISTAL;5632069,5;172482,99;17248,3;113,48;158,85;26;76;0;14;10;42;111,39;519,66;10,62;29,13;9;2023;39;ATIVO;CIDADE OCIDENTAL;Dia 15;SIM;SUPERMERCADO;153;OURO
REDE CRISTAL;5602937,92;70305,36;5629,52;1178,35;1685,57;115;58;4;0;30;99;2478,55;11422,07;0;2154,01;7;2022;0;ATIVO;CIDADE OCIDENTAL;Dia 15;SIM;SUPERMERCADO;153;OURO
REDE CRISTAL;5491865,07;117562,81;6926,79;835,27;2473,82;117;64;7;0;41;118;335,99;1539,55;125,73;1878,27;9;2022;0;ATIVO;CIDADE OCIDENTAL;Dia 15;SIM;SUPERMERCADO;153;OURO
REDE CRISTAL;5415212,97;65883,92;5386,54;142,59;609,7;26;7;0;4;92;92;1423,69;6572,53;0;1805,96;5;2022;0;ATIVO;CIDADE OCIDENTAL;Dia 15;SIM;SUPERMERCADO;153;OURO
REDE CRISTAL;5396676,45;67431,64;6672,71;695,84;496,13;55;36;0;7;31;104;1733,84;8016,87;15,3;1827,49;6;2022;0;ATIVO;CIDADE OCIDENTAL;Dia 15;SIM;SUPERMERCADO;153;OURO
REDE CRISTAL;5333039,46;78990,34;6063,19;1901,51;586,46;26;6;0;3;26;97;696,36;3207,95;0;1862,02;3;2022;0;ATIVO;CIDADE OCIDENTAL;Dia 15;SIM;SUPERMERCADO;153;OURO
REDE CRISTAL;5208784,37;137943,38;11299,39;2924,41;145,7;358;63;0;7;53;266;357,7;1710,27;66,38;201,72;2;2023;242;ATIVO;CIDADE OCIDENTAL;Dia 15;SIM;SUPERMERCADO;153;OURO
REDE CRISTAL;5060266,62;62870,88;0;5230,18;1278,31;181;15;2;31;36;394;110,38;518,19;11,3;0;10;2021;0;ATIVO;CIDADE OCIDENTAL;Dia 15;SIM;SUPERMERCADO;153;OURO
REDE CRISTAL;4862647,73;77536,72;0;8867,25;1425,16;240;16;4;10;36;215;124,36;579,62;11,22;7,24;11;2021;0;ATIVO;CIDADE OCIDENTAL;Dia 15;SIM;SUPERMERCADO;153;OURO
REDE CRISTAL;4800757,42;101101,49;5633,74;4667,24;1584,38;100;10;80;4;17;80;275,36;1278,87;0;1428,01;1;2022;0;ATIVO;CIDADE OCIDENTAL;Dia 15;SIM;SUPERMERCADO;153;OURO
REDE CRISTAL;4700935,88;97127;5368,92;4390,46;725,25;61;6;0;4;21;89;592,84;2729,69;0;1257,51;2;2022;0;ATIVO;CIDADE OCIDENTAL;Dia 15;SIM;SUPERMERCADO;153;OURO
REDE CRISTAL;4587194,9;39160,69;3153,73;67,63;391,28;22;7;0;6;26;98;1245,15;5736,63;0;1876,22;4;2022;0;ATIVO;CIDADE OCIDENTAL;Dia 15;SIM;SUPERMERCADO;153;OURO
REDE CRISTAL;4439608,33;0;0;6658,58;367,75;132;18;3;17;42;402;601,37;2844,16;9,78;0;8;2021;0;ATIVO;CIDADE OCIDENTAL;Dia 15;NÃO;SUPERMERCADO;153;OURO
REDE CRISTAL;1639308,23;286410,19;34101,12;39,58;10,41;13;14;3;0;32;30;1153,59;5311,1;41,4;78,27;6;2026;0;ATIVO;CIDADE OCIDENTAL;Dia 15;SIM;SUPERMERCADO;153;OURO
REDE MEGA SUPERMERCADOS;7538084,17;0;0;358,47;1628,1;27;33;4;0;338;675;3047,2;14033,63;0;11,84;8;2026;22;ATIVO;PORTEIRÃO;Dia 10;NÃO;SUPERMERCADO;129;OURO
REDE MEGA SUPERMERCADOS;7165100,13;0;0;11727,74;23430,86;474;357;27;328;1452;1;8731,39;40229,99;190,67;11903,68;5;2026;396;ATIVO;PORTEIRÃO;Dia 10;NÃO;SUPERMERCADO;129;OURO
REDE MEGA SUPERMERCADOS;6998706,11;0;0;7176,67;48342,76;1497;554;18;328;1084;1625;7280,08;33512,84;768,92;27554,59;3;2026;982;ATIVO;PORTEIRÃO;Dia 10;NÃO;SUPERMERCADO;129;OURO
REDE MEGA SUPERMERCADOS;6878444,94;0;0;5742,73;24452,47;432;305;33;328;1237;1;7093,51;32705,63;566,67;35344,25;6;2026;368;ATIVO;PORTEIRÃO;Dia 10;NÃO;SUPERMERCADO;129;OURO
REDE MEGA SUPERMERCADOS;6252644,06;0;0;37216,12;24235,19;3561;912;894;328;2420;2871;6703,68;33013,72;463,2;14524,54;4;2026;1177;ATIVO;PORTEIRÃO;Dia 10;NÃO;SUPERMERCADO;129;OURO
REDE MEGA SUPERMERCADOS;5912857,47;0;0;682,32;5040,81;155;126;17;17;592;826;3916,25;18134,75;71,22;564,59;7;2026;112;ATIVO;PORTEIRÃO;Dia 10;NÃO;SUPERMERCADO;129;OURO
REDE MEGA SUPERMERCADOS;5647877,93;0;0;4070,97;45526,36;1621;578;22;328;939;1454;3716,8;17082,41;795,45;24019,84;2;2026;1010;ATIVO;PORTEIRÃO;Dia 10;NÃO;SUPERMERCADO;129;OURO
REDE OPPA;2721013,8;92714,4;11125,72;3071,94;809,81;16;4;1;214;96;242;2025,09;9331,24;49,71;196,21;12;2024;38;ATIVO;ITUMBIARA;Dia 10;SIM;SUPERMERCADO;101;OURO
REDE OPPA;2625403,03;109232,17;13107,86;10134,88;300,82;287;2;0;215;117;280;2167,71;9998,3;59,31;791,32;8;2024;75;ATIVO;ITUMBIARA;Dia 10;SIM;SUPERMERCADO;101;OURO
REDE OPPA;2616873,54;103315,46;12397,85;221,67;1527,05;25;2;1;222;108;271;2038,17;9391,84;40,78;560,24;7;2024;2;ATIVO;ITUMBIARA;Dia 10;SIM;SUPERMERCADO;101;OURO
REDE OPPA;2610930,63;85778,82;10293,46;153,72;807,09;11;10;1;0;101;256;1853,47;8573,65;58,33;628,06;3;2025;16;ATIVO;ITUMBIARA;Dia 10;SIM;SUPERMERCADO;101;OURO
REDE OPPA;2579251,14;98770,01;11852,41;17,42;738,22;14;6;0;210;103;265;2020,4;9334,58;51,64;250,93;10;2024;31;ATIVO;ITUMBIARA;Dia 10;SIM;SUPERMERCADO;101;OURO
REDE OPPA;2543789,2;98113,53;11772,02;7387,55;3654,42;282;28;5;208;112;273;2027,03;9354,51;45,59;854,46;9;2024;301;ATIVO;ITUMBIARA;Dia 10;SIM;SUPERMERCADO;101;OURO
REDE OPPA;2526732,95;107400,72;12818,34;195,96;738,64;22;2;0;220;107;269;2151,46;9895,43;41,14;157,23;6;2024;2;ATIVO;ITUMBIARA;Dia 10;SIM;SUPERMERCADO;101;OURO
REDE OPPA;2486479,04;103152,7;4487,17;21343,08;1178,05;90;12;1;226;110;276;2020,97;9310,3;104,07;120,64;4;2024;59;ATIVO;ITUMBIARA;Dia 10;SIM;SUPERMERCADO;101;OURO
REDE OPPA;2457142,31;81119,5;9734,34;121,78;735,53;16;10;1;0;98;249;1730,46;7994,47;59,57;579,86;4;2025;18;ATIVO;ITUMBIARA;Dia 10;SIM;SUPERMERCADO;101;OURO
REDE OPPA;2422962,29;105899,64;7885,07;13129,65;911,18;105;15;3;227;115;280;2054,31;9467,42;55,77;146,53;5;2024;60;ATIVO;ITUMBIARA;Dia 10;SIM;SUPERMERCADO;101;OURO
REDE OPPA;2416535,52;83642,97;10026,19;176,75;962,65;18;11;1;0;91;244;1766,72;8154,85;75;430,4;6;2025;42;ATIVO;ITUMBIARA;Dia 10;SIM;SUPERMERCADO;101;OURO
REDE OPPA;2391275,84;86062,84;10303,97;85,02;788,08;14;9;1;0;97;250;1806,13;8345,89;33,83;478,34;5;2025;32;ATIVO;ITUMBIARA;Dia 10;SIM;SUPERMERCADO;101;OURO
REDE OPPA;2360765,9;81319,57;9758,34;19,28;636,02;15;5;0;213;91;245;1655,47;7651,52;35,56;202,68;11;2024;38;ATIVO;ITUMBIARA;Dia 10;SIM;SUPERMERCADO;101;OURO
REDE OPPA;2296768,33;86484,18;10373,38;182,63;637,41;14;12;1;0;71;226;513,48;2390,5;50,65;361,57;7;2025;42;ATIVO;ITUMBIARA;Dia 10;SIM;SUPERMERCADO;101;OURO
REDE OPPA;2248925,06;80431,06;9651,72;17,64;690,89;12;5;0;0;103;255;1677,95;7763,98;43,29;161,39;1;2025;38;ATIVO;ITUMBIARA;Dia 10;SIM;SUPERMERCADO;101;OURO
REDE OPPA;2217813,29;0;0;28,57;8,76;10;14;0;0;59;218;343,57;1570;28,83;1,38;5;2026;5;ATIVO;ITUMBIARA;Dia 10;NÃO;SUPERMERCADO;101;OURO
REDE OPPA;2135361,2;0;0;0;0;4;13;0;0;51;215;364,05;1671,7;23,89;0,97;8;2026;3;ATIVO;ITUMBIARA;Dia 10;NÃO;SUPERMERCADO;101;OURO
REDE OPPA;2133852,61;0;0;35,7;479,46;10;8;0;0;65;219;489,71;2280,17;38,36;0;8;2025;20;ATIVO;ITUMBIARA;Dia 10;NÃO;SUPERMERCADO;101;OURO
REDE OPPA;2093743,5;71184,61;8542,16;27,13;485,53;8;9;1;0;90;240;1533,28;7089,03;39,41;176,21;2;2025;9;ATIVO;ITUMBIARA;Dia 10;SIM;SUPERMERCADO;101;OURO
REDE OPPA;2070652,12;0;0;0,75;19,95;4;13;0;0;52;210;346,81;1581,43;24,29;7,67;7;2026;2;ATIVO;ITUMBIARA;Dia 10;NÃO;SUPERMERCADO;101;OURO
REDE OPPA;2059259,42;0;0;16,49;526,64;15;13;0;0;46;198;334,56;1538,34;20,88;0;11;2025;28;ATIVO;ITUMBIARA;Dia 10;NÃO;SUPERMERCADO;101;OURO
REDE OPPA;2050590,75;0;0;10,26;725,02;12;13;0;0;59;210;587,45;2732,73;21,1;0;12;2025;24;ATIVO;ITUMBIARA;Dia 10;NÃO;SUPERMERCADO;101;OURO
REDE OPPA;2041830,24;0;0;68,26;298,42;10;18;0;0;56;205;471,22;2188,78;33,66;0;10;2025;30;ATIVO;ITUMBIARA;Dia 10;NÃO;SUPERMERCADO;101;OURO
REDE OPPA;2012196,34;0;0;3,22;33,25;3;10;0;0;54;213;339,84;1552,32;16,27;33,12;6;2026;2;ATIVO;ITUMBIARA;Dia 10;NÃO;SUPERMERCADO;101;OURO
REDE OPPA;2002954,96;0;0;403,2;257,68;14;13;0;0;63;222;336,06;1533,73;36,77;9,45;4;2026;21;ATIVO;ITUMBIARA;Dia 10;NÃO;SUPERMERCADO;101;OURO
REDE OPPA;1961503,83;0;0;9,83;560,02;13;16;0;0;54;204;303,42;1393,26;36,44;0;1;2026;22;ATIVO;ITUMBIARA;Dia 10;NÃO;SUPERMERCADO;101;OURO
REDE OPPA;1956737,33;0;0;65,46;191,66;19;8;0;0;57;208;391,55;1832,11;34,67;0;9;2025;31;ATIVO;ITUMBIARA;Dia 10;NÃO;SUPERMERCADO;101;OURO
REDE OPPA;1601757,86;0;0;12,88;58,45;5;15;0;0;62;216;264,82;1209,79;22,3;16,2;3;2026;29;ATIVO;ITUMBIARA;Dia 10;NÃO;SUPERMERCADO;101;OURO
REDE OPPA;1513425,02;0;0;2,16;429,53;10;17;0;0;55;205;259,2;1177,35;14,82;1,35;2;2026;23;ATIVO;ITUMBIARA;Dia 10;NÃO;SUPERMERCADO;101;OURO
RONI FRIOS;1707180,12;;;18,08;32,13;62;58;1;0;82;51;0;205,9;14,11;225,23;7;2026;69;ATIVO;PALMEIRAS DE GOIÁS;Dia 20;NÃO;SUPERMERCADO;183;PRATA
RONI FRIOS;1650459,93;0;0;14,76;156,59;14;4;3;0;61;62;1326,73;6107,9;11,94;247,46;5;2026;10;ATIVO;PALMEIRAS DE GOIÁS;Dia 20;NÃO;SUPERMERCADO;183;PRATA
RONI FRIOS;1588037,33;0;0;302,59;868,38;53;35;2;0;51;54;112,77;521,16;17,87;5680,06;12;2025;41;ATIVO;PALMEIRAS DE GOIÁS;Dia 20;NÃO;SUPERMERCADO;183;PRATA
RONI FRIOS;1579561,02;0;0;32,88;644,31;49;42;1;0;34;34;0;120,59;0;259,21;6;2026;52;ATIVO;PALMEIRAS DE GOIÁS;Dia 20;NÃO;SUPERMERCADO;183;PRATA
RONI FRIOS;1537029,81;0;0;65,29;261,77;13;6;3;0;54;56;437,17;2006,64;10,46;211,25;4;2026;17;ATIVO;PALMEIRAS DE GOIÁS;Dia 20;NÃO;SUPERMERCADO;183;PRATA
RONI FRIOS;1500882,18;0;0;254,18;2965,3;52;29;1;0;67;71;80,94;372,32;4,44;6801,4;7;2025;41;ATIVO;PALMEIRAS DE GOIÁS;Dia 20;NÃO;SUPERMERCADO;183;PRATA
RONI FRIOS;1487375,03;0;0;0,72;149,48;10;4;0;0;50;52;687,16;3165,45;4,53;297;3;2026;19;ATIVO;PALMEIRAS DE GOIÁS;Dia 20;NÃO;SUPERMERCADO;183;PRATA
RONI FRIOS;1480166,6;0;0;168,24;2934,65;80;43;2;0;46;49;14,18;64,98;15,59;1877,34;5;2025;61;ATIVO;PALMEIRAS DE GOIÁS;Dia 20;NÃO;SUPERMERCADO;183;PRATA
RONI FRIOS;1476015;0;0;613,55;1922,35;31;16;0;0;48;50;75,47;347,58;5,92;1492,74;8;2025;29;ATIVO;PALMEIRAS DE GOIÁS;Dia 20;NÃO;SUPERMERCADO;183;PRATA
RONI FRIOS;1454988,28;0;0;343,88;588,76;61;35;2;0;49;52;96,09;445,53;7,87;4296,59;11;2025;44;ATIVO;PALMEIRAS DE GOIÁS;Dia 20;NÃO;SUPERMERCADO;183;PRATA
RONI FRIOS;1444954,55;0;0;312,39;402,59;55;31;2;0;60;63;121,19;560,04;13,03;2141,95;10;2025;41;ATIVO;PALMEIRAS DE GOIÁS;Dia 20;NÃO;SUPERMERCADO;183;PRATA
RONI FRIOS;1428624,75;0;0;46,82;948,13;58;30;2;0;41;43;22,97;105,02;20,95;1490,34;1;2026;35;ATIVO;PALMEIRAS DE GOIÁS;Dia 20;NÃO;SUPERMERCADO;183;PRATA
RONI FRIOS;1402196,35;0;0;183,35;2036,04;59;35;1;0;59;62;116,84;535,85;5,85;4782,78;6;2025;44;ATIVO;PALMEIRAS DE GOIÁS;Dia 20;NÃO;SUPERMERCADO;183;PRATA
RONI FRIOS;1312944,41;0;0;112,21;115,72;20;10;0;0;53;56;58,38;268,22;6,03;418,09;2;2026;45;ATIVO;PALMEIRAS DE GOIÁS;Dia 20;NÃO;SUPERMERCADO;183;PRATA
RONI FRIOS;1308996,85;0;0;229,11;2517,19;85;60;3;0;79;83;197,84;912,81;4,71;3681,25;4;2025;69;ATIVO;PALMEIRAS DE GOIÁS;Dia 20;NÃO;SUPERMERCADO;183;PRATA
RONI FRIOS;1193106,93;0;0;1677,08;3039,38;74;37;0;0;74;74;182,02;839,98;0;362,21;2;2025;53;ATIVO;PALMEIRAS DE GOIÁS;Dia 20;NÃO;SUPERMERCADO;183;PRATA
SACOLÃO PONTO CERTO;490812,82;0;0;26,92;78,9;36;15;3;117;21;22;8,36;37,84;4,07;285,23;5;2026;21;ATIVO;SÃO MIGUEL DO ARAGUAIA;Dia 15;NÃO;SUPERMERCADO;29;PRATA
SACOLÃO PONTO CERTO;452348,82;0;0;51,97;125,23;40;12;3;117;516;24;172,43;797,84;4,14;896,77;4;2026;30;ATIVO;SÃO MIGUEL DO ARAGUAIA;Dia 15;NÃO;SUPERMERCADO;29;PRATA
SACOLÃO PONTO CERTO;439230,28;0;0;0,53;8,37;3;2;3;117;2;3;6,32;29,32;0;0;7;2026;2;ATIVO;SÃO MIGUEL DO ARAGUAIA;Dia 15;NÃO;SUPERMERCADO;29;PRATA
SACOLÃO PONTO CERTO;407470,06;0;0;1,82;13,54;20;2;0;117;4;5;3,56;15,71;0;31,79;6;2026;3;ATIVO;SÃO MIGUEL DO ARAGUAIA;Dia 15;NÃO;SUPERMERCADO;29;PRATA
SACOLÃO PONTO CERTO;324625,44;0;0;2,54;10,84;12;2;117;117;2;2;2,02;9,53;0;0;8;2026;3;ATIVO;SÃO MIGUEL DO ARAGUAIA;Dia 15;NÃO;SUPERMERCADO;29;PRATA
SÃO JOSÉ SUPERMERCADO;5498071,45;0;0;1460,33;3413,37;122;46;5;0;1035;128;388,75;2190,24;44,16;55,23;1;2026;265;ATIVO;GOIÂNIA;Dia 20;NÃO;SUPERMERCADO;172;PRATA
SÃO JOSÉ SUPERMERCADO;5339455,27;0;0;815,2;556,67;160;57;12;0;622;161;524,82;2703,84;80,48;1027,78;5;2026;236;ATIVO;GOIÂNIA;Dia 20;NÃO;SUPERMERCADO;172;PRATA
SÃO JOSÉ SUPERMERCADO;5130716,18;0;0;2123,45;1957,98;128;43;11;0;627;131;616,59;3350,36;62,21;256,33;4;2026;214;ATIVO;GOIÂNIA;Dia 20;NÃO;SUPERMERCADO;172;PRATA
SÃO JOSÉ SUPERMERCADO;4747583,54;0;0;2069,66;1684,91;128;30;3;0;687;120;531,89;3027,09;86,65;357,41;3;2026;231;ATIVO;GOIÂNIA;Dia 20;NÃO;SUPERMERCADO;172;PRATA
SÃO JOSÉ SUPERMERCADO;4606017,88;0;0;1181,1;1958,11;146;48;3;0;109;125;118,4;544,64;71,25;138,24;12;2025;292;ATIVO;GOIÂNIA;Dia 20;NÃO;SUPERMERCADO;172;PRATA
SÃO JOSÉ SUPERMERCADO;4049457,49;0;0;635,58;487,26;70;33;6;0;120;108;152,84;798,47;59,61;1285,48;6;2026;194;ATIVO;GOIÂNIA;Dia 20;NÃO;SUPERMERCADO;172;PRATA
SÃO JOSÉ SUPERMERCADO;4000259,55;0;0;1938,25;913,74;95;32;3;0;717;91;428,48;2436,5;40,29;246,38;2;2026;223;ATIVO;GOIÂNIA;Dia 20;NÃO;SUPERMERCADO;172;PRATA
SÃO JOSÉ SUPERMERCADO;3793194,27;0;0;202,29;751,01;87;33;5;0;56;76;89,8;400,42;24,75;23,27;8;2025;254;ATIVO;GOIÂNIA;Dia 20;NÃO;SUPERMERCADO;172;PRATA
SÃO JOSÉ SUPERMERCADO;3789172,43;0;0;352,81;5920,29;122;44;9;0;64;102;55,73;246,74;19,37;78,59;10;2025;269;ATIVO;GOIÂNIA;Dia 20;NÃO;SUPERMERCADO;172;PRATA
SÃO JOSÉ SUPERMERCADO;3763801,33;;;943,41;606,79;84;91;6;0;145;105;226,9;1153,19;13,21;374,91;7;2026;175;ATIVO;GOIÂNIA;Dia 20;NÃO;SUPERMERCADO;172;PRATA
SÃO JOSÉ SUPERMERCADO;3582364,51;0;0;66,36;842,76;33;14;0;0;31;41;41,77;185,78;2,99;16,21;6;2025;187;ATIVO;GOIÂNIA;Dia 20;NÃO;SUPERMERCADO;172;PRATA
SÃO JOSÉ SUPERMERCADO;3499010,89;0;0;123,88;622,05;84;31;5;0;55;76;37,52;161,24;0,87;46,58;7;2025;248;ATIVO;GOIÂNIA;Dia 20;NÃO;SUPERMERCADO;172;PRATA
SÃO JOSÉ SUPERMERCADO;3465046,56;0;0;73,21;235,88;67;31;5;0;41;56;31,9;137,55;3,87;26,83;5;2025;209;ATIVO;GOIÂNIA;Dia 20;NÃO;SUPERMERCADO;172;PRATA
SÃO JOSÉ SUPERMERCADO;3182117,61;0;0;223,23;280,36;110;26;1;16;116;141;110,2;497,23;9,22;316,87;12;2024;245;ATIVO;GOIÂNIA;Dia 20;NÃO;SUPERMERCADO;172;PRATA
SÃO JOSÉ SUPERMERCADO;3163954,26;0;0;270,01;214,25;103;24;2;14;79;102;96,33;440,05;2,43;61,57;10;2024;242;ATIVO;GOIÂNIA;Dia 20;NÃO;SUPERMERCADO;172;PRATA
SÃO JOSÉ SUPERMERCADO;3104358,98;0;0;300,62;174,1;105;23;1;15;75;94;83,44;373,36;3,24;139,63;9;2024;222;ATIVO;GOIÂNIA;Dia 20;NÃO;SUPERMERCADO;172;PRATA
SÃO JOSÉ SUPERMERCADO;3062512,69;0;0;358,07;162,19;74;24;3;0;98;120;102,59;465,57;1,3;310,99;4;2025;195;ATIVO;GOIÂNIA;Dia 20;NÃO;SUPERMERCADO;172;PRATA
SÃO JOSÉ SUPERMERCADO;2941425,9;0;0;277,47;232,59;95;25;0;13;101;119;77,84;350,34;13,53;131,57;1;2025;260;ATIVO;GOIÂNIA;Dia 20;NÃO;SUPERMERCADO;172;PRATA
SÃO JOSÉ SUPERMERCADO;2835391,74;0;0;379,46;219,16;127;35;3;16;108;133;74,17;336,34;7,76;123,29;2;2025;261;ATIVO;GOIÂNIA;Dia 20;NÃO;SUPERMERCADO;172;PRATA
SÃO JOSÉ SUPERMERCADO;2782289,66;0;0;305,35;302,57;98;20;2;13;66;84;55,3;243,05;8,87;294,89;8;2024;230;ATIVO;GOIÂNIA;Dia 20;NÃO;SUPERMERCADO;172;PRATA
SÃO JOSÉ SUPERMERCADO;2780139,37;0;0;280,64;193,07;81;24;2;0;85;105;74,51;336,81;1,5;218,87;3;2025;214;ATIVO;GOIÂNIA;Dia 20;NÃO;SUPERMERCADO;172;PRATA
SÃO JOSÉ SUPERMERCADO;2737163,76;0;0;206,14;266,6;107;29;1;16;99;122;92,58;418,52;6,77;96,47;11;2024;249;ATIVO;GOIÂNIA;Dia 20;NÃO;SUPERMERCADO;172;PRATA
SÃO JOSÉ SUPERMERCADO;2557181,62;0;0;2481,47;6889,7;309;100;7;14;405;461;3615,63;17372,39;9,27;1018,79;5;2024;357;ATIVO;GOIÂNIA;Dia 20;NÃO;SUPERMERCADO;172;PRATA
SÃO JOSÉ SUPERMERCADO;2535956,46;0;0;510,54;639,94;298;87;10;13;412;468;876,92;4044,37;9,99;370,35;6;2024;351;ATIVO;GOIÂNIA;Dia 20;NÃO;SUPERMERCADO;172;PRATA
SÃO JOSÉ SUPERMERCADO;2505533,88;0;0;830,9;613,05;158;38;8;15;275;322;489,69;2246,89;0,1;435,85;7;2024;269;ATIVO;GOIÂNIA;Dia 20;NÃO;SUPERMERCADO;172;PRATA
SÃO JOSÉ SUPERMERCADO;2092034,8;0;0;1531,79;5734,48;268;81;71;13;310;338;2754,43;13373,36;3,8;350,57;1;2024;340;ATIVO;GOIÂNIA;Dia 20;NÃO;SUPERMERCADO;172;PRATA
SÃO LUÍS ATACADISTA (COM IE);332599,71;0;0;195,91;11,25;9;4;0;0;16;17;142,06;654,41;0;322,58;4;2026;5;ATIVO;SÃO LUÍS DE MONTES BELOS;Dia 25;NÃO;SUPERMERCADO;248;OURO
SÃO LUÍS ATACADISTA (COM IE);320670,65;0;0;188,56;205,86;45;26;0;0;16;19;101,29;466,58;0;90,82;3;2026;39;ATIVO;SÃO LUÍS DE MONTES BELOS;Dia 25;NÃO;SUPERMERCADO;248;OURO
SÃO LUÍS ATACADISTA (COM IE);299674,62;0;0;88,46;37,37;17;16;0;0;18;19;23,49;108,15;0;1321,94;5;2026;29;ATIVO;SÃO LUÍS DE MONTES BELOS;Dia 25;NÃO;SUPERMERCADO;248;OURO
SÃO LUÍS ATACADISTA (COM IE);274772,74;0;0;416,79;29,6;28;1;0;0;24;25;182,64;841,38;101,78;21,5;9;2025;16;ATIVO;SÃO LUÍS DE MONTES BELOS;Dia 25;NÃO;SUPERMERCADO;248;OURO
SÃO LUÍS ATACADISTA (COM IE);228905,18;0;0;8,54;231,31;12;12;0;0;21;21;49,66;228,62;160,08;903,86;1;2026;16;ATIVO;SÃO LUÍS DE MONTES BELOS;Dia 25;NÃO;SUPERMERCADO;248;OURO
SÃO LUÍS ATACADISTA (COM IE);216140,96;0;0;197,57;484,56;18;14;0;0;21;21;60;276,46;0;443,75;2;2026;20;ATIVO;SÃO LUÍS DE MONTES BELOS;Dia 25;NÃO;SUPERMERCADO;248;OURO
SÃO LUÍS ATACADISTA (COM IE);202212,43;;;534,07;89,77;48;32;0;0;23;23;14,26;65,73;10,31;357,76;7;2026;41;ATIVO;SÃO LUÍS DE MONTES BELOS;Dia 25;NÃO;SUPERMERCADO;248;OURO
SÃO LUÍS ATACADISTA (COM IE);181721,97;0;0;104,46;4,48;8;3;0;0;8;8;6,32;29,16;0;28,65;6;2026;10;ATIVO;SÃO LUÍS DE MONTES BELOS;Dia 25;NÃO;SUPERMERCADO;248;OURO
SÃO LUÍS ATACADISTA (SEM IE);75790,49;0;0;868,42;21,99;72;9;0;0;11;11;7,46;36,6;49,22;0;9;2025;46;ATIVO;SÃO LUÍS DE MONTES BELOS;Dia 25;NÃO;SUPERMERCADO;251;OURO
SÃO LUÍS ATACADISTA (SEM IE);55211,9;0;0;396,22;15,84;82;0;0;0;9;11;7,54;35,81;0;1,02;3;2026;54;ATIVO;SÃO LUÍS DE MONTES BELOS;Dia 25;NÃO;SUPERMERCADO;251;OURO
SÃO LUÍS ATACADISTA (SEM IE);53291,99;0;0;603,58;22,94;95;1;1;0;14;15;8,86;41,05;56,37;1,35;1;2026;72;ATIVO;SÃO LUÍS DE MONTES BELOS;Dia 25;NÃO;SUPERMERCADO;251;OURO
SÃO LUÍS ATACADISTA (SEM IE);51227,58;0;0;647,2;16,64;102;0;0;0;13;14;7,52;35,51;0;6,89;2;2026;74;ATIVO;SÃO LUÍS DE MONTES BELOS;Dia 25;NÃO;SUPERMERCADO;251;OURO
SERVE BEM SUPERMERCADO;897322,89;0;0;95,55;200,39;69;21;10;0;77;163;221,43;1020,77;74,53;320,56;12;2024;36;INATIVO;IACIARA;Dia 20;NÃO;SUPERMERCADO;65;INATIVO
SERVE BEM SUPERMERCADO;833528,38;0;0;2025,66;693,84;375;217;161;0;346;344;60,71;279,66;55,3;1286,59;9;2025;117;INATIVO;IACIARA;Dia 20;NÃO;SUPERMERCADO;65;INATIVO
SERVE BEM SUPERMERCADO;787887,27;0;0;611,52;325,15;167;40;26;0;128;131;19,19;88,31;173,79;697,48;3;2025;70;INATIVO;IACIARA;Dia 20;NÃO;SUPERMERCADO;65;INATIVO
SERVE BEM SUPERMERCADO;778887,58;0;0;154,17;122,4;29;12;4;249;56;70;31,03;142,44;30,12;351,72;10;2024;135;INATIVO;IACIARA;Dia 20;NÃO;SUPERMERCADO;65;INATIVO
SERVE BEM SUPERMERCADO;769013,68;0;0;360,14;348,85;108;34;21;0;112;117;34,22;157,76;99,09;353,59;4;2025;63;INATIVO;IACIARA;Dia 20;NÃO;SUPERMERCADO;65;INATIVO
SERVE BEM SUPERMERCADO;754742,45;0;0;29,02;13,03;30;5;3;0;24;26;6,61;30,31;46,57;66,81;8;2025;14;INATIVO;IACIARA;Dia 20;NÃO;SUPERMERCADO;65;INATIVO
SERVE BEM SUPERMERCADO;741135,99;0;0;165,35;57;74;22;16;0;80;83;23,41;107,93;94,97;146,43;5;2025;38;INATIVO;IACIARA;Dia 20;NÃO;SUPERMERCADO;65;INATIVO
SERVE BEM SUPERMERCADO;739583,95;0;0;251,05;289,62;93;56;47;268;144;185;187,58;863,53;112,92;2105,18;8;2024;206;INATIVO;IACIARA;Dia 20;NÃO;SUPERMERCADO;65;INATIVO
SERVE BEM SUPERMERCADO;732990,23;0;0;89,75;207,33;58;20;6;374;77;163;163,12;753,59;69,23;146,13;11;2024;129;INATIVO;IACIARA;Dia 20;NÃO;SUPERMERCADO;65;INATIVO
SERVE BEM SUPERMERCADO;731499,19;0;0;57,84;102,86;51;47;35;257;114;152;67,72;313,03;37,06;975,3;9;2024;170;INATIVO;IACIARA;Dia 20;NÃO;SUPERMERCADO;65;INATIVO
SERVE BEM SUPERMERCADO;724140,63;0;0;226,23;143,59;95;23;13;0;54;63;18,03;83,8;43,68;147,76;1;2025;74;INATIVO;IACIARA;Dia 20;NÃO;SUPERMERCADO;65;INATIVO
SERVE BEM SUPERMERCADO;723501,33;0;0;83,95;8,8;17;8;8;0;17;20;8,07;37,25;31,16;28,89;7;2025;13;INATIVO;IACIARA;Dia 20;NÃO;SUPERMERCADO;65;INATIVO
SERVE BEM SUPERMERCADO;717477,02;0;0;38,16;17,14;15;11;9;0;27;30;11,24;51,73;33,22;31,86;6;2025;15;INATIVO;IACIARA;Dia 20;NÃO;SUPERMERCADO;65;INATIVO
SERVE BEM SUPERMERCADO;685787,94;0;0;407,05;476,95;107;31;98;0;94;98;41,41;190,57;111,48;362,13;2;2025;60;INATIVO;IACIARA;Dia 20;NÃO;SUPERMERCADO;65;INATIVO
SERVE BEM SUPERMERCADO;660185,82;0;0;455,11;426,17;260;112;67;256;343;374;161,31;747,7;458,67;2105,12;7;2024;273;INATIVO;IACIARA;Dia 20;NÃO;SUPERMERCADO;65;INATIVO
SERVE BEM SUPERMERCADO;633984,49;0;0;4777,96;1506,62;559;144;67;258;606;725;619,59;2863,75;513,14;3264,79;4;2024;292;INATIVO;IACIARA;Dia 20;NÃO;SUPERMERCADO;65;INATIVO
SUPER BARATEX;775568,37;0;0;32,53;166,71;45;52;6;0;41;45;750,4;3602,06;0;12,88;4;2026;47;ATIVO;CROMINIA;Dia 25;NÃO;SUPERMERCADO;204;PRATA
SUPER BARATEX;760133,56;0;0;24,53;196,21;27;35;3;0;32;46;728,53;3504,48;0;5,73;5;2026;31;ATIVO;CROMINIA;Dia 25;NÃO;SUPERMERCADO;204;PRATA
SUPER BARATEX;753985,29;0;0;128,62;153,4;78;110;10;0;92;131;784,65;3753,36;1,12;13,38;3;2026;86;ATIVO;CROMINIA;Dia 25;NÃO;SUPERMERCADO;204;PRATA
SUPER BARATEX;745072,42;0;0;367,21;139,03;84;19;8;0;124;145;101,82;471,39;12,03;42,41;1;2026;52;ATIVO;CROMINIA;Dia 25;NÃO;SUPERMERCADO;204;PRATA
SUPER BARATEX;743445,07;;;20,53;283,13;28;11;1;0;22;23;740,28;3543;0;15,18;7;2026;14;ATIVO;CROMINIA;Dia 25;NÃO;SUPERMERCADO;204;PRATA
SUPER BARATEX;720714,29;0;0;66,49;272,96;25;27;2;0;17;20;735,27;3535,83;2,02;3,52;6;2026;17;ATIVO;CROMINIA;Dia 25;NÃO;SUPERMERCADO;204;PRATA
SUPER IMPÉRIO;917049,58;45077,09;5409,25;381,4;504,82;96;44;25;0;107;108;917,84;3906,8;70,88;220,04;12;2025;65;ATIVO;APARECIDA DE GOIÂNIA;Dia 20;SIM;SUPERMERCADO;174;PRATA
SUPER IMPÉRIO;883972,17;43460,92;5143,78;385,44;488,95;117;26;17;0;99;100;87,05;185,7;79,99;385,06;8;2025;75;ATIVO;APARECIDA DE GOIÂNIA;Dia 20;SIM;SUPERMERCADO;174;PRATA
SUPER IMPÉRIO;876717,93;52718,54;6122,44;213,63;57,49;35;48;6;0;39;42;82,6;149,36;52,47;66,03;5;2026;30;ATIVO;APARECIDA DE GOIÂNIA;Dia 20;NÃO;SUPERMERCADO;174;PRATA
SUPER IMPÉRIO;845317,74;39639,19;4690,37;244,59;489,86;78;24;13;0;59;60;75,85;148,23;59,35;165,67;7;2025;53;ATIVO;APARECIDA DE GOIÂNIA;Dia 20;SIM;SUPERMERCADO;174;PRATA
SUPER IMPÉRIO;844687,48;45615,45;5411,95;464,48;441,87;92;37;28;0;93;94;811,02;3412,15;93,85;300,4;11;2025;54;ATIVO;APARECIDA DE GOIÂNIA;Dia 20;SIM;SUPERMERCADO;174;PRATA
SUPER IMPÉRIO;833648,42;45939,39;5401,46;366,4;376,58;66;29;24;0;98;98;793,79;3314,53;77,99;440,24;10;2025;47;ATIVO;APARECIDA DE GOIÂNIA;Dia 20;SIM;SUPERMERCADO;174;PRATA
SUPER IMPÉRIO;830294,88;51182,32;5851,73;346,94;67,01;44;10;7;0;35;39;76,97;160,99;44,99;107,91;4;2026;38;ATIVO;APARECIDA DE GOIÂNIA;Dia 20;NÃO;SUPERMERCADO;174;PRATA
SUPER IMPÉRIO;810917,35;50898,74;5523,86;470,22;152,97;57;17;7;0;44;45;88,68;193,72;48,38;55,9;3;2026;46;ATIVO;APARECIDA DE GOIÂNIA;Dia 20;SIM;SUPERMERCADO;174;PRATA
SUPER IMPÉRIO;807389,84;37311,02;4477,32;102,9;443,74;81;36;27;0;74;74;716,9;3048,29;66,16;199,79;6;2025;65;ATIVO;APARECIDA DE GOIÂNIA;Dia 20;SIM;SUPERMERCADO;174;PRATA
SUPER IMPÉRIO;805696,86;44798,22;5299,86;179,87;49,03;33;29;8;14;22;25;694,36;3225,96;7,2;137,3;7;2026;26;ATIVO;APARECIDA DE GOIÂNIA;Dia 20;NÃO;SUPERMERCADO;174;PRATA
SUPER IMPÉRIO;805055,09;47329,61;5530,94;156,72;71,15;34;42;9;0;27;29;93,57;193,56;19,14;44,18;6;2026;41;ATIVO;APARECIDA DE GOIÂNIA;Dia 20;NÃO;SUPERMERCADO;174;PRATA
SUPER IMPÉRIO;797576,48;38714,15;4638,26;148,33;380,81;59;36;33;0;80;80;742,96;3148,41;60,72;167,64;5;2025;72;ATIVO;APARECIDA DE GOIÂNIA;Dia 20;SIM;SUPERMERCADO;174;PRATA
SUPER IMPÉRIO;790202,72;41566,26;4890,36;433,83;365,96;105;32;24;0;107;108;84,6;191,88;73,83;490,2;9;2025;81;ATIVO;APARECIDA DE GOIÂNIA;Dia 20;SIM;SUPERMERCADO;174;PRATA
SUPER IMPÉRIO;764948,63;43104,88;5172,59;615,47;430,11;57;23;13;0;50;50;83,36;186,83;49,58;99,29;1;2026;40;ATIVO;APARECIDA DE GOIÂNIA;Dia 20;SIM;SUPERMERCADO;174;PRATA
SUPER IMPÉRIO;736844,65;34604,15;4112,41;393,69;394,8;87;21;15;0;149;149;778,51;3349,31;90,41;3371,95;12;2024;83;ATIVO;APARECIDA DE GOIÂNIA;Dia 20;SIM;SUPERMERCADO;174;PRATA
SUPER IMPÉRIO;720983,3;40753,09;4890,37;611,69;183,16;54;27;13;0;44;44;78,04;181,55;34,67;118,55;2;2026;41;ATIVO;APARECIDA DE GOIÂNIA;Dia 20;SIM;SUPERMERCADO;174;PRATA
SUPER IMPÉRIO;716093,67;35827,32;4296,88;218,79;338,81;71;34;25;0;92;93;669,34;2858,95;73,52;193,22;3;2025;48;ATIVO;APARECIDA DE GOIÂNIA;Dia 20;SIM;SUPERMERCADO;174;PRATA
SUPER IMPÉRIO;703143,5;35163,68;4219,64;260,43;393,83;83;37;34;0;83;84;672,25;2874,75;50,79;305,59;4;2025;64;ATIVO;APARECIDA DE GOIÂNIA;Dia 20;SIM;SUPERMERCADO;174;PRATA
SUPER IMPÉRIO;643239,09;30818,23;396,49;187,99;297,63;98;20;8;152;74;75;671,62;2844,65;36,9;730,12;11;2024;106;ATIVO;APARECIDA DE GOIÂNIA;Dia 20;SIM;SUPERMERCADO;174;PRATA
SUPER IMPÉRIO;630957,26;33456,65;3976,68;417,43;371,21;80;21;11;0;136;136;650,7;2809,08;87,19;3114,2;1;2025;77;ATIVO;APARECIDA DE GOIÂNIA;Dia 20;SIM;SUPERMERCADO;174;PRATA
SUPER IMPÉRIO;630282,67;0;0;3389,41;1054,96;211;48;14;141;109;109;674,72;2854,63;99,18;2919,83;10;2024;101;ATIVO;APARECIDA DE GOIÂNIA;Dia 20;NÃO;SUPERMERCADO;174;PRATA
SUPER IMPÉRIO;593347,77;32803,3;3908,02;393,24;411,9;109;32;18;0;158;158;597,08;2580,28;98,05;2890,1;2;2025;103;ATIVO;APARECIDA DE GOIÂNIA;Dia 20;SIM;SUPERMERCADO;174;PRATA
SUPER IMPÉRIO;590221,07;0;0;3729,39;1432,76;220;55;18;125;69;70;665,88;2824,91;62,45;2985,31;9;2024;92;ATIVO;APARECIDA DE GOIÂNIA;Dia 20;NÃO;SUPERMERCADO;174;PRATA
SUPER JK;716224,03;0;0;122,13;417,48;55;20;2;0;23;23;32,01;147,67;12,66;89,63;12;2024;123;ATIVO;JOVIÂNIA;Dia 10;NÃO;SUPERMERCADO;112;OURO
SUPER JK;663620,45;28272,97;3371,2;145,87;426,72;79;25;13;0;23;24;533,1;2263,87;1,87;53,48;12;2025;64;ATIVO;JOVIÂNIA;Dia 10;SIM;SUPERMERCADO;112;OURO
SUPER JK;649035,22;32889,22;2826,46;1176,08;329,06;64;17;1;0;10;10;17,74;81,46;4,76;56,99;5;2025;35;ATIVO;JOVIÂNIA;Dia 10;SIM;SUPERMERCADO;112;OURO
SUPER JK;647128,89;36376,4;3191,07;1237,82;444,03;60;20;1;0;16;16;13,86;64,08;20,66;66,61;3;2025;48;ATIVO;JOVIÂNIA;Dia 10;SIM;SUPERMERCADO;112;OURO
SUPER JK;625715,24;29695,84;2666,1;1091,19;411,07;57;19;1;0;13;13;9,13;41,99;20,6;36,52;4;2025;37;ATIVO;JOVIÂNIA;Dia 10;SIM;SUPERMERCADO;112;OURO
SUPER JK;569638,06;33626,98;3127,06;987,07;368,13;66;18;1;0;9;9;11,83;54,52;22,17;56,17;6;2025;36;ATIVO;JOVIÂNIA;Dia 10;SIM;SUPERMERCADO;112;OURO
SUPER JK;567254,33;24306,13;2868,41;143,53;43239,42;346;288;267;0;12;10;464,91;1950,38;0;50,51;11;2025;59;ATIVO;JOVIÂNIA;Dia 10;SIM;SUPERMERCADO;112;OURO
SUPER JK;554710,61;34320,68;3172,23;1006,81;280,95;59;17;1;0;13;14;17,27;79,55;22,12;66,31;7;2025;33;ATIVO;JOVIÂNIA;Dia 10;SIM;SUPERMERCADO;112;OURO
SUPER JK;551640,57;24482,86;2932,73;60,74;9,72;13;5;0;0;1;1;1,5;6,93;0;0;7;2026;5;ATIVO;JOVIÂNIA;Dia 10;NÃO;SUPERMERCADO;112;OURO
SUPER JK;542753,35;23488,95;2818,67;78,39;0;7;1;0;0;2;2;442,58;1900,18;0;0;4;2026;13;ATIVO;JOVIÂNIA;Dia 10;NÃO;SUPERMERCADO;112;OURO
SUPER JK;540464,67;28057,25;3366,87;7,84;0;1;1;0;0;0;0;0;0;0;0;8;2026;2;ATIVO;JOVIÂNIA;Dia 10;NÃO;SUPERMERCADO;112;OURO
SUPER JK;531856,56;26181,6;3141,79;252,23;23,92;21;1;0;0;3;9;438,8;1859,86;0;1,23;3;2026;14;ATIVO;JOVIÂNIA;Dia 10;NÃO;SUPERMERCADO;112;OURO
SUPER JK;511153,78;0;0;75,67;117,4;17;3;1;0;9;15;410,91;1738,24;0;1,23;2;2026;12;ATIVO;JOVIÂNIA;Dia 10;NÃO;SUPERMERCADO;112;OURO
SUPER JK;509490,49;26282,28;3152,13;77,8;107,77;24;4;19;0;3;3;392,34;1644,59;0;9,93;1;2026;19;ATIVO;JOVIÂNIA;Dia 10;SIM;SUPERMERCADO;112;OURO
SUPER JK;389677,97;25852,52;2916,38;221,85;543,2;71;20;1;0;13;7;529,48;2232,61;0;11,08;10;2025;67;ATIVO;JOVIÂNIA;Dia 10;SIM;SUPERMERCADO;112;OURO
SUPER JK;383213,23;15232,09;811,33;654,12;309,6;400;53;6;0;54;668;480,57;2052,96;0;74,62;9;2025;120;ATIVO;JOVIÂNIA;Dia 10;SIM;SUPERMERCADO;112;OURO
SUPER JK;378466,73;25030,28;3003,63;44,39;6,7;7;2;0;0;2;2;43,4;78,83;0;0;5;2026;10;ATIVO;JOVIÂNIA;Dia 10;NÃO;SUPERMERCADO;112;OURO
SUPER JK;351712,44;21427,67;2571,32;24,92;14,36;7;6;1;0;2;2;37,49;68,28;0;0;6;2026;7;ATIVO;JOVIÂNIA;Dia 10;NÃO;SUPERMERCADO;112;OURO
SUPER JK;126054,83;7384,33;684,36;208,54;71,89;35;10;11;0;11;11;4,06;19,14;2,37;9,37;8;2025;22;ATIVO;JOVIÂNIA;Dia 10;SIM;SUPERMERCADO;112;OURO
SUPER NORTE SUL;991353,5;0;0;4296,96;555,83;602;562;24;0;1309;1;80,77;370,54;3974,6;32777,16;5;2026;70;ATIVO;SANCLERLÂNDIA;Dia 15;NÃO;SUPERMERCADO;156;PRATA
SUPER NORTE SUL;977664,79;0;0;185,24;708,65;47;62;24;0;1306;1306;15,77;69,79;3940,46;34066,9;8;2026;13;ATIVO;SANCLERLÂNDIA;Dia 15;NÃO;SUPERMERCADO;156;PRATA
SUPER NORTE SUL;966567,86;0;0;1073,85;1347,86;692;24;37;0;1307;1362;182,72;841;3575,23;31617,85;3;2026;96;ATIVO;SANCLERLÂNDIA;Dia 15;NÃO;SUPERMERCADO;156;PRATA
SUPER NORTE SUL;953359,69;0;0;15990,87;2582,77;3173;51;52;0;1336;1525;15,07;69,54;3726,44;33581,39;1;2026;249;ATIVO;SANCLERLÂNDIA;Dia 15;NÃO;SUPERMERCADO;156;PRATA
SUPER NORTE SUL;933643,7;0;0;1531,58;861,49;307;37;35;0;1286;1297;109,14;501,57;3488,75;31034,71;6;2026;33;ATIVO;SANCLERLÂNDIA;Dia 15;NÃO;SUPERMERCADO;156;PRATA
SUPER NORTE SUL;901935,31;0;0;1446,01;598,2;257;143;22;0;1283;1283;6,68;28,34;3578,15;34544,52;7;2026;19;ATIVO;SANCLERLÂNDIA;Dia 15;NÃO;SUPERMERCADO;156;PRATA
SUPER NORTE SUL;888740,1;0;0;2730,72;420,54;633;27;31;0;1320;1381;51,18;234,89;3475,81;29976,61;4;2026;100;ATIVO;SANCLERLÂNDIA;Dia 15;NÃO;SUPERMERCADO;156;PRATA
SUPER NORTE SUL;820418,05;0;0;4445,07;1616,27;1066;48;41;0;1295;1360;66,66;306,78;3617,08;28329;2;2026;223;ATIVO;SANCLERLÂNDIA;Dia 15;NÃO;SUPERMERCADO;156;PRATA
SUPER RAIO SUPERMERCADO;5555354,7;0;0;191,73;91,3;38;78;6;0;110;137;462,14;2179,49;677,6;2242,12;5;2026;63;ATIVO;GOIÂNIA;Dia 10;NÃO;SUPERMERCADO;102;OURO
SUPER RAIO SUPERMERCADO;5492303;0;0;112,66;251,24;26;88;5;0;40;29;330,84;1558,07;17,35;109,54;7;2026;83;ATIVO;GOIÂNIA;Dia 10;NÃO;SUPERMERCADO;102;OURO
SUPER RAIO SUPERMERCADO;5458702,31;0;0;298,26;1209,16;30;87;4;0;36;27;287,21;1442,42;16,98;87,59;8;2026;108;ATIVO;GOIÂNIA;Dia 10;NÃO;SUPERMERCADO;102;OURO
SUPER RAIO SUPERMERCADO;5250308,72;0;0;686,41;275,81;55;9;8;0;120;152;264,35;1296,6;158,23;5412,87;3;2026;38;ATIVO;GOIÂNIA;Dia 10;NÃO;SUPERMERCADO;102;OURO
SUPER RAIO SUPERMERCADO;5220054,88;0;0;418,79;134,82;52;12;10;0;116;172;256,29;1268,74;118,01;2129,38;4;2026;50;ATIVO;GOIÂNIA;Dia 10;NÃO;SUPERMERCADO;102;OURO
SUPER RAIO SUPERMERCADO;5160535,93;0;0;466,9;416,2;37;86;10;0;81;167;317,99;1504,88;695,98;1271,83;6;2026;79;ATIVO;GOIÂNIA;Dia 10;NÃO;SUPERMERCADO;102;OURO
SUPER RAIO SUPERMERCADO;4888901,3;0;0;712,86;227,8;57;11;9;0;130;750;123,01;578,18;160,22;3691,23;12;2025;20;ATIVO;GOIÂNIA;Dia 10;NÃO;SUPERMERCADO;102;OURO
SUPER RAIO SUPERMERCADO;4591416,72;0;0;697,21;526,97;87;18;11;0;149;1467;129,74;585,33;234,65;4425,28;10;2025;26;ATIVO;GOIÂNIA;Dia 10;NÃO;SUPERMERCADO;102;OURO
SUPER RAIO SUPERMERCADO;4561603,23;0;0;556,59;470,86;110;15;10;0;145;879;171,54;773,09;201,72;5069,39;11;2025;26;ATIVO;GOIÂNIA;Dia 10;NÃO;SUPERMERCADO;102;OURO
SUPER RAIO SUPERMERCADO;4529241,46;0;0;785,79;182,67;63;11;8;0;126;134;246,14;1176,55;172,3;4084,52;2;2026;26;ATIVO;GOIÂNIA;Dia 10;NÃO;SUPERMERCADO;102;OURO
SUPER RAIO SUPERMERCADO;4403451,72;0;0;639,04;631,33;111;775;15;0;145;1827;132,66;620,01;170,58;2726,72;8;2025;27;ATIVO;GOIÂNIA;Dia 10;NÃO;SUPERMERCADO;102;OURO
SUPER RAIO SUPERMERCADO;4384225,84;0;0;742,2;199,03;90;10;7;0;105;847;111,52;531,68;189,87;3881,79;1;2026;18;ATIVO;GOIÂNIA;Dia 10;NÃO;SUPERMERCADO;102;OURO
SUPER RAIO SUPERMERCADO;4245215,46;0;0;547,56;332,2;107;29;15;0;700;2006;318,44;1475,59;123,22;3737,16;7;2025;376;ATIVO;GOIÂNIA;Dia 10;NÃO;SUPERMERCADO;102;OURO
SUPER RAIO SUPERMERCADO;4104009,68;0;0;2641,76;2103,85;219;63;23;0;4472;5174;16331,42;75678,06;18,4;386,6;5;2025;440;ATIVO;GOIÂNIA;Dia 10;NÃO;SUPERMERCADO;102;OURO
SUPER RAIO SUPERMERCADO;4073669,78;0;0;765,62;780,11;100;745;20;0;142;2024;127,01;585,86;171,11;3675,98;9;2025;750;ATIVO;GOIÂNIA;Dia 10;NÃO;SUPERMERCADO;102;OURO
SUPER RAIO SUPERMERCADO;4027119,45;0;0;767,07;1532,68;131;33;15;0;4361;4935;14786,24;68530,88;12,77;663,83;6;2025;387;ATIVO;GOIÂNIA;Dia 10;NÃO;SUPERMERCADO;102;OURO
SUPER RAIO SUPERMERCADO;3953751,65;195944,23;18329,9196;3267,48;25058,91;343;134;43;0;4545;5268;16057,07;74658,5;16,87;394,34;12;2024;300;ATIVO;GOIÂNIA;Dia 10;SIM;SUPERMERCADO;102;OURO
SUPER RAIO SUPERMERCADO;3884473,89;0;0;2674,73;24698,84;311;79;28;0;4314;5066;14692,32;68040,64;7,99;430,41;4;2025;405;ATIVO;GOIÂNIA;Dia 10;NÃO;SUPERMERCADO;102;OURO
SUPER RAIO SUPERMERCADO;3735527,13;179891,62;8818,4424;3206,58;15116,13;374;134;44;337;4499;5017;14838,49;69422,69;2,09;233,84;10;2024;323;ATIVO;GOIÂNIA;Dia 10;SIM;SUPERMERCADO;102;OURO
SUPER RAIO SUPERMERCADO;3710431,29;171686,54;9943,1172;3139,41;16362,04;358;138;40;343;4449;5073;14100,67;65662,37;14,04;375,27;11;2024;328;ATIVO;GOIÂNIA;Dia 10;SIM;SUPERMERCADO;102;OURO
SUPER RAIO SUPERMERCADO;3532009,75;143668,54;13590,6504;3397,84;30154,33;2478;136;39;0;4524;5118;13890,96;64588,35;4,36;444,44;1;2025;462;ATIVO;GOIÂNIA;Dia 10;SIM;SUPERMERCADO;102;OURO
SUPER RAIO SUPERMERCADO;3449231,84;45411,14;4932,0876;2480,86;21302,17;346;96;37;0;4343;4530;13036,95;60748,14;7,14;454,68;3;2025;409;ATIVO;GOIÂNIA;Dia 10;SIM;SUPERMERCADO;102;OURO
SUPER RAIO SUPERMERCADO;3404998,86;178093,64;0;8026,81;7581,38;825;248;126;340;4662;5710;19770,53;91235,05;0;0;8;2024;471;ATIVO;GOIÂNIA;Dia 10;SIM;SUPERMERCADO;102;OURO
SUPER RAIO SUPERMERCADO;3285397,64;169264,65;9918,9924;2008,98;63432,79;4207;94;36;0;4302;5077;12603,9;58589,16;4,78;571,97;2;2025;423;ATIVO;GOIÂNIA;Dia 10;SIM;SUPERMERCADO;102;OURO
SUPER RAIO SUPERMERCADO;3243489,76;0;0;15766,19;9924,47;972;281;165;340;4561;5580;18303,9;84414,94;0;0;7;2024;527;ATIVO;GOIÂNIA;Dia 10;NÃO;SUPERMERCADO;102;OURO
SUPER RAIO SUPERMERCADO;3221011,82;164783,07;6896,3796;3025,51;11555,69;365;121;46;338;4517;4297;17831,47;82243,47;0;4,45;9;2024;317;ATIVO;GOIÂNIA;Dia 10;SIM;SUPERMERCADO;102;OURO
SUPER RAIO SUPERMERCADO;3014158,42;0;0;30534,95;12575,74;2790;307;176;366;0;0;0;0;0;0;4;2024;553;ATIVO;GOIÂNIA;Dia 10;NÃO;SUPERMERCADO;102;OURO
SUPER RAIO SUPERMERCADO;3014158,42;168722,51;0;47354,34;11610,75;1092;309;179;345;4544;5334;18515,69;85360,33;0;0;6;2024;574;ATIVO;GOIÂNIA;Dia 10;SIM;SUPERMERCADO;102;OURO
SUPER RIO BRANCO;848539,45;0;0;43,12;12,14;23;4;1;0;8;11;10,56;48,31;4,82;4,26;12;2025;5;ATIVO;MONTE ALEGRE DE GOIÁS;Dia 30;NÃO;SUPERMERCADO;233;PRATA
SUPER RIO BRANCO;723596,41;0;0;278,93;983,05;102;46;5;24;22;22;40,29;185,16;7,37;0;5;2025;70;ATIVO;MONTE ALEGRE DE GOIÁS;Dia 30;NÃO;SUPERMERCADO;233;PRATA
SUPER RIO BRANCO;672317,62;0;0;368,77;42,35;21;9;2;0;11;14;3,37;13,51;0;37,97;7;2026;12;ATIVO;MONTE ALEGRE DE GOIÁS;Dia 30;NÃO;SUPERMERCADO;233;PRATA
SUPER RIO BRANCO;628284,46;0;0;249,95;379,79;94;44;1;0;31;37;8,63;39,68;62,06;79,74;7;2025;76;ATIVO;MONTE ALEGRE DE GOIÁS;Dia 30;NÃO;SUPERMERCADO;233;PRATA
SUPER RIO BRANCO;620846,22;0;0;143,47;15,74;15;3;1;0;11;12;9,42;43,21;10,47;0;10;2025;17;ATIVO;MONTE ALEGRE DE GOIÁS;Dia 30;NÃO;SUPERMERCADO;233;PRATA
SUPER RIO BRANCO;605578,48;0;0;176,9;52,4;51;19;1;0;24;29;21,35;98,78;26,97;18,93;8;2025;48;ATIVO;MONTE ALEGRE DE GOIÁS;Dia 30;NÃO;SUPERMERCADO;233;PRATA
SUPER RIO BRANCO;570591,73;0;0;91,41;13,82;17;8;0;0;8;12;1,53;7,17;10,56;9,07;1;2026;10;ATIVO;MONTE ALEGRE DE GOIÁS;Dia 30;NÃO;SUPERMERCADO;233;PRATA
SUPER RIO BRANCO;563787,28;0;0;86,61;1,84;15;4;0;0;9;14;1,58;6,8;4,76;1,75;5;2026;13;ATIVO;MONTE ALEGRE DE GOIÁS;Dia 30;NÃO;SUPERMERCADO;233;PRATA
SUPER RIO BRANCO;562305,5;0;0;404,36;602,58;90;40;3;0;37;40;20,22;92,57;45,41;18,76;6;2025;71;ATIVO;MONTE ALEGRE DE GOIÁS;Dia 30;NÃO;SUPERMERCADO;233;PRATA
SUPER RIO BRANCO;531644,36;0;0;48,18;25,1;11;24;1;0;9;13;1,45;6,39;0,6;2,31;6;2026;8;ATIVO;MONTE ALEGRE DE GOIÁS;Dia 30;NÃO;SUPERMERCADO;233;PRATA
SUPER RIO BRANCO;521994,11;0;0;82,34;33,02;20;10;1;0;9;12;6,76;31,42;0;7,87;3;2026;17;ATIVO;MONTE ALEGRE DE GOIÁS;Dia 30;NÃO;SUPERMERCADO;233;PRATA
SUPER RIO BRANCO;508627,14;0;0;103,56;9,92;14;8;0;0;11;15;2,08;9,59;7,32;22,4;2;2026;17;ATIVO;MONTE ALEGRE DE GOIÁS;Dia 30;NÃO;SUPERMERCADO;233;PRATA
SUPER RIO BRANCO;501309,46;0;0;100,8;15,42;17;8;1;0;2;4;0;0,04;0,92;4,62;4;2026;19;ATIVO;MONTE ALEGRE DE GOIÁS;Dia 30;NÃO;SUPERMERCADO;233;PRATA
SUPER SANCLER;2052497,78;0;0;239,24;94,47;15;12;43;0;13;16;7,86;42,82;10,93;27,22;3;2026;104;ATIVO;SANCLERLÂNDIA;Dia 10;NÃO;SUPERMERCADO;116;BRONZE
SUPER SANCLER;1973037,98;0;0;15,68;115,2;22;26;41;0;13;17;4,45;20,82;20,94;10,32;5;2026;89;ATIVO;SANCLERLÂNDIA;Dia 10;NÃO;SUPERMERCADO;116;BRONZE
SUPER SANCLER;1916913,96;0;0;16,87;133,02;14;30;43;0;19;24;12,2;55,54;0,49;15,53;6;2026;93;ATIVO;SANCLERLÂNDIA;Dia 10;NÃO;SUPERMERCADO;116;BRONZE
SUPER SANCLER;1915397,74;0;0;0;0;5;27;44;0;5;10;2,03;9,92;0;12,3;8;2026;95;ATIVO;SANCLERLÂNDIA;Dia 10;NÃO;SUPERMERCADO;116;BRONZE
SUPER SANCLER;1839371,98;0;0;47,29;249,45;26;14;43;0;13;16;7,78;35,92;20,09;8,72;4;2026;105;ATIVO;SANCLERLÂNDIA;Dia 10;NÃO;SUPERMERCADO;116;BRONZE
SUPER SANCLER;1809763,82;0;0;472,12;648,27;98;49;14;0;85;196;101,9;481,06;52,7;225,17;5;2025;153;ATIVO;SANCLERLÂNDIA;Dia 10;NÃO;SUPERMERCADO;116;BRONZE
SUPER SANCLER;1799346,99;0;0;103,58;89,77;9;11;13;0;9;13;7,24;40,6;8,33;13,62;10;2025;107;ATIVO;SANCLERLÂNDIA;Dia 10;NÃO;SUPERMERCADO;116;BRONZE
SUPER SANCLER;1774509,7;0;0;28,42;62,39;11;15;15;0;14;15;11,75;55,04;0;14,47;8;2025;111;ATIVO;SANCLERLÂNDIA;Dia 10;NÃO;SUPERMERCADO;116;BRONZE
SUPER SANCLER;1773015,48;0;0;199,35;65,37;28;17;15;0;14;45;11,67;56,73;0,45;30,41;7;2025;114;ATIVO;SANCLERLÂNDIA;Dia 10;NÃO;SUPERMERCADO;116;BRONZE
SUPER SANCLER;1728951,72;0;0;34,29;330,33;19;20;42;0;20;23;7,9;37,65;13,63;52,93;1;2026;115;ATIVO;SANCLERLÂNDIA;Dia 10;NÃO;SUPERMERCADO;116;BRONZE
SUPER SANCLER;1667496,54;0;0;89,83;55,45;9;9;14;0;10;14;9,79;50,87;1,96;5,56;9;2025;107;ATIVO;SANCLERLÂNDIA;Dia 10;NÃO;SUPERMERCADO;116;BRONZE
SUPER SANCLER;1649549,17;0;0;1128,84;1210,89;115;37;23;0;100;258;88,75;413,6;47,55;806,55;4;2025;176;ATIVO;SANCLERLÂNDIA;Dia 10;NÃO;SUPERMERCADO;116;BRONZE
SUPER SANCLER;1649426,44;0;0;23,41;152,19;25;11;39;0;7;11;1,57;7,15;2,45;11,54;2;2026;107;ATIVO;SANCLERLÂNDIA;Dia 10;NÃO;SUPERMERCADO;116;BRONZE
SUPER SANCLER;1553682,24;0;0;203,63;91,36;37;17;13;0;12;47;4,53;22,5;0;34,81;6;2025;120;ATIVO;SANCLERLÂNDIA;Dia 10;NÃO;SUPERMERCADO;116;BRONZE
SUPER SANCLER;1347896,3;0;0;669,06;2618,47;95;59;12;0;121;291;109,05;503,22;10,21;474,59;2;2025;148;ATIVO;SANCLERLÂNDIA;Dia 10;NÃO;SUPERMERCADO;116;BRONZE
SUPER UNIÃO;792960;28943,66;3304,71;1,15;4,85;3;2;1;0;11;42;9,7;44,78;0;0;12;2024;6;ATIVO;SÃO MIGUEL DO PASSA QUATRO;Dia 30;SIM;SUPERMERCADO;216;BRONZE
SUPER UNIÃO;777810,03;32643,64;898,1;420;317,75;69;18;2;261;36;68;33,98;156,24;79,65;158,43;12;2023;55;ATIVO;SÃO MIGUEL DO PASSA QUATRO;Dia 30;SIM;SUPERMERCADO;216;BRONZE
SUPER UNIÃO;756793,72;33338,19;4000,58;0,88;5,41;2;1;0;0;9;47;3,71;17,19;15,92;0;11;2024;3;ATIVO;SÃO MIGUEL DO PASSA QUATRO;Dia 30;SIM;SUPERMERCADO;216;BRONZE
SUPER UNIÃO;749974,79;33232,92;3987,95;7,79;163,48;20;23;1;0;13;47;2,45;11,04;0;81,46;8;2024;65;ATIVO;SÃO MIGUEL DO PASSA QUATRO;Dia 30;SIM;SUPERMERCADO;216;BRONZE
SUPER UNIÃO;748526,39;23789,81;2711,442;357,86;59,27;62;21;0;250;51;87;80,1;368,55;3,61;2240,85;5;2024;138;ATIVO;SÃO MIGUEL DO PASSA QUATRO;Dia 30;SIM;SUPERMERCADO;216;BRONZE
SUPER UNIÃO;735011,03;18585,78;1579,41;37;22,36;31;5;0;263;7;39;15,4;70,72;0,23;3,52;3;2024;133;ATIVO;SÃO MIGUEL DO PASSA QUATRO;Dia 30;SIM;SUPERMERCADO;216;BRONZE
SUPER UNIÃO;708133,46;22947,14;2748,8004;22,75;24,36;9;4;0;0;9;44;2,18;10,22;4,76;12,71;10;2024;19;ATIVO;SÃO MIGUEL DO PASSA QUATRO;Dia 30;SIM;SUPERMERCADO;216;BRONZE
SUPER UNIÃO;700790,44;27019,37;3236,33;26,51;29,32;10;2;0;0;9;35;293,47;1436,41;0;115,35;3;2025;9;ATIVO;SÃO MIGUEL DO PASSA QUATRO;Dia 30;SIM;SUPERMERCADO;216;BRONZE
SUPER UNIÃO;694847,69;18506,27;2219,91;39,12;566,02;39;29;0;234;32;65;32,4;146,15;5,55;469,19;7;2024;98;ATIVO;SÃO MIGUEL DO PASSA QUATRO;Dia 30;SIM;SUPERMERCADO;216;BRONZE
SUPER UNIÃO;686172,32;35544,5;4265,34;14,28;26,97;5;4;1;0;3;31;1,03;4,45;0;0;4;2025;4;ATIVO;SÃO MIGUEL DO PASSA QUATRO;Dia 30;SIM;SUPERMERCADO;216;BRONZE
SUPER UNIÃO;685232,51;18278,3;1710,59;74,33;81,98;64;19;1;253;40;95;56,99;261,59;9,65;545,54;4;2024;141;ATIVO;SÃO MIGUEL DO PASSA QUATRO;Dia 30;SIM;SUPERMERCADO;216;BRONZE
SUPER UNIÃO;672634,21;27689,45;3322,73;7,02;50,79;11;9;0;0;12;43;0,34;1,55;26,54;29,45;9;2024;65;ATIVO;SÃO MIGUEL DO PASSA QUATRO;Dia 30;SIM;SUPERMERCADO;216;BRONZE
SUPER UNIÃO;668866,67;30880,34;2660,97;113,55;63,04;53;28;1;243;65;97;81,49;374,18;7,6;2157,74;6;2024;142;ATIVO;SÃO MIGUEL DO PASSA QUATRO;Dia 30;SIM;SUPERMERCADO;216;BRONZE
SUPER UNIÃO;651687,61;34849,35;4181,92;6,11;16,57;5;4;0;0;4;33;0,2;0,88;0;3,46;5;2025;6;ATIVO;SÃO MIGUEL DO PASSA QUATRO;Dia 30;SIM;SUPERMERCADO;216;BRONZE
SUPER UNIÃO;633953,33;22491,28;2576,86;180,49;36,4;27;5;1;0;25;48;175,3;851,91;7,72;27,15;2;2025;20;ATIVO;SÃO MIGUEL DO PASSA QUATRO;Dia 30;SIM;SUPERMERCADO;216;BRONZE
SUPER UNIÃO;632410,81;21343,01;2397,43;250,43;49;23;3;1;0;27;55;15,14;70,46;18,89;18,89;1;2025;15;ATIVO;SÃO MIGUEL DO PASSA QUATRO;Dia 30;SIM;SUPERMERCADO;216;BRONZE
SUPER UNIÃO;620908,06;20099,57;1284,13;84;36,36;32;7;0;249;10;46;3,27;15,19;0;17,5;2;2024;118;ATIVO;SÃO MIGUEL DO PASSA QUATRO;Dia 30;SIM;SUPERMERCADO;216;BRONZE
SUPER UNIÃO;613008,74;32615,44;3913,85;4,43;6,48;6;2;1;0;0;21;0,08;0,29;0;0;7;2025;1;ATIVO;SÃO MIGUEL DO PASSA QUATRO;Dia 30;SIM;SUPERMERCADO;216;BRONZE
SUPER UNIÃO;605956,69;0;0;395,62;1511,89;463;20;4;0;31;68;12,57;58,44;0;256,07;10;2023;16;ATIVO;SÃO MIGUEL DO PASSA QUATRO;Dia 30;NÃO;SUPERMERCADO;216;BRONZE
SUPER UNIÃO;599363,57;32008,73;3841,05;2,2;15,83;4;1;0;0;3;23;4,11;19,09;0;0;6;2025;2;ATIVO;SÃO MIGUEL DO PASSA QUATRO;Dia 30;SIM;SUPERMERCADO;216;BRONZE
SUPER UNIÃO;598011,64;28822,86;3458,57;0,6;31,77;3;1;0;0;1;3;1,82;8,37;0;0;12;2025;2;ATIVO;SÃO MIGUEL DO PASSA QUATRO;Dia 30;SIM;SUPERMERCADO;216;BRONZE
SUPER UNIÃO;591251,91;24762,94;1417,07;315;295,34;40;11;0;258;14;55;8,93;41,5;75,23;32,93;1;2024;46;ATIVO;SÃO MIGUEL DO PASSA QUATRO;Dia 30;SIM;SUPERMERCADO;216;BRONZE
SUPER UNIÃO;572971,54;29706,42;3564,77;7,87;6,74;4;1;1;0;1;18;1;4,28;0;0;8;2025;1;ATIVO;SÃO MIGUEL DO PASSA QUATRO;Dia 30;SIM;SUPERMERCADO;216;BRONZE
SUPER UNIÃO;555120,96;15591,81;0;110;72,54;62;13;2;218;31;67;18,95;86,8;46,19;145,9;11;2023;53;ATIVO;SÃO MIGUEL DO PASSA QUATRO;Dia 30;SIM;SUPERMERCADO;216;BRONZE
SUPER UNIÃO;550739,01;27111,35;3251,2;2,59;2,7;2;0;0;0;2;9;3,38;15,81;0;1,22;10;2025;1;ATIVO;SÃO MIGUEL DO PASSA QUATRO;Dia 30;SIM;SUPERMERCADO;216;BRONZE
SUPER UNIÃO;531049,74;26647,13;3197,66;8,85;8,81;4;0;0;0;1;11;5,92;27,27;0;0;9;2025;0;ATIVO;SÃO MIGUEL DO PASSA QUATRO;Dia 30;SIM;SUPERMERCADO;216;BRONZE
SUPER UNIÃO;526127,77;29339,91;3520,79;0,61;11,57;4;2;0;0;1;5;3,12;14,42;0;0;11;2025;2;ATIVO;SÃO MIGUEL DO PASSA QUATRO;Dia 30;SIM;SUPERMERCADO;216;BRONZE
SUPER UNIÃO;471143,69;24926,87;2991,22;33,83;5,17;3;2;0;0;1;7;2,08;9,59;0;0;1;2026;3;ATIVO;SÃO MIGUEL DO PASSA QUATRO;Dia 30;SIM;SUPERMERCADO;216;BRONZE
SUPER UNIÃO;430005,57;32687,68;3840,49;0;0;0;0;0;0;4;4;0;0;0;79,23;4;2026;3;ATIVO;SÃO MIGUEL DO PASSA QUATRO;Dia 30;SIM;SUPERMERCADO;216;BRONZE
SUPER UNIÃO;428820,45;26091,29;3056,54;54,37;0;1;0;0;0;6;10;4,29;19,84;3,46;21,94;2;2026;3;ATIVO;SÃO MIGUEL DO PASSA QUATRO;Dia 30;SIM;SUPERMERCADO;216;BRONZE
SUPER UNIÃO;365083,51;8267,19;992,06;0;7,14;1;1;0;0;3;3;0;0;0;12,78;5;2026;1;ATIVO;SÃO MIGUEL DO PASSA QUATRO;Dia 30;SIM;SUPERMERCADO;216;BRONZE
SUPER UNIÃO;340871,98;11318,42;1358,21;0;6,25;1;4;0;0;4;4;1,17;5,53;0;9,26;6;2026;6;ATIVO;SÃO MIGUEL DO PASSA QUATRO;Dia 30;SIM;SUPERMERCADO;216;BRONZE
SUPERMECADO ECONOMIA;1346509,34;0;0;83,21;15,48;32;12;4;2;26;26;7,59;35,17;0,62;151,14;8;2026;2;ATIVO;BURITI ALEGRE;Dia 10;NÃO;SUPERMERCADO;118;PRATA
SUPERMECADO ECONOMIA;1311906,28;0;0;434,83;586,88;101;63;11;11;69;70;61;280,5;49,4;99,88;7;2026;17;ATIVO;BURITI ALEGRE;Dia 10;NÃO;SUPERMERCADO;118;PRATA
SUPERMECADO ECONOMIA;1307201,93;0;0;257,31;84,78;90;15;8;0;68;70;23,1;106,21;25,18;25,18;12;2025;17;ATIVO;BURITI ALEGRE;Dia 10;NÃO;SUPERMERCADO;118;PRATA
SUPERMECADO ECONOMIA;1277609,98;0;0;924,93;344,67;98;9;1;0;41;43;110,79;512,53;5,66;337,47;8;2025;50;ATIVO;BURITI ALEGRE;Dia 10;NÃO;SUPERMERCADO;118;PRATA
SUPERMECADO ECONOMIA;1266313,49;0;0;274,38;163,73;116;103;7;0;47;48;18,55;87,23;22,53;54,65;5;2026;35;ATIVO;BURITI ALEGRE;Dia 10;NÃO;SUPERMERCADO;118;PRATA
SUPERMECADO ECONOMIA;1255418,98;0;0;411,48;268,13;134;134;10;0;74;80;26,18;122,77;79;105,41;6;2026;57;ATIVO;BURITI ALEGRE;Dia 10;NÃO;SUPERMERCADO;118;PRATA
SUPERMECADO ECONOMIA;1251842,04;0;0;175,3;83,62;77;69;7;0;38;45;7,61;37,46;29,99;63,18;4;2026;30;ATIVO;BURITI ALEGRE;Dia 10;NÃO;SUPERMERCADO;118;PRATA
SUPERMECADO ECONOMIA;1232634,47;0;0;1460,45;5610,48;527;227;58;0;386;487;1032,33;4752,58;295,9;633,92;5;2025;497;ATIVO;BURITI ALEGRE;Dia 10;NÃO;SUPERMERCADO;118;PRATA
SUPERMECADO ECONOMIA;1205121,14;0;0;831,95;149,52;75;17;2;0;47;48;29,41;136,42;3,95;312,9;7;2025;33;ATIVO;BURITI ALEGRE;Dia 10;NÃO;SUPERMERCADO;118;PRATA
SUPERMECADO ECONOMIA;1153041,3;0;0;1921,33;212,74;61;28;4;0;60;61;25,07;117,47;23,59;93,65;10;2025;33;ATIVO;BURITI ALEGRE;Dia 10;NÃO;SUPERMERCADO;118;PRATA
SUPERMECADO ECONOMIA;1151811,87;0;0;1666,16;163,53;112;24;2;0;49;51;82,34;379,48;2,9;268,19;9;2025;67;ATIVO;BURITI ALEGRE;Dia 10;NÃO;SUPERMERCADO;118;PRATA
SUPERMECADO ECONOMIA;1148962,41;0;0;653,44;116,65;39;26;4;0;53;53;411,17;1893,14;5,66;340,91;6;2025;30;ATIVO;BURITI ALEGRE;Dia 10;NÃO;SUPERMERCADO;118;PRATA
SUPERMECADO ECONOMIA;1127276,57;0;0;225,16;79,25;70;8;5;0;46;47;10,78;49,07;16,17;216,66;3;2026;28;ATIVO;BURITI ALEGRE;Dia 10;NÃO;SUPERMERCADO;118;PRATA
SUPERMECADO ECONOMIA;1125447,43;0;0;263,02;128,27;89;10;3;0;68;71;18,89;87,53;24,6;217,58;1;2026;24;ATIVO;BURITI ALEGRE;Dia 10;NÃO;SUPERMERCADO;118;PRATA
SUPERMECADO ECONOMIA;1124228,63;0;0;1196,15;10532,74;420;257;61;0;260;357;1108,58;5105,28;208,24;192,01;1;2025;479;ATIVO;BURITI ALEGRE;Dia 10;NÃO;SUPERMERCADO;118;PRATA
SUPERMECADO ECONOMIA;1007619,93;0;0;222,12;70,87;76;13;6;0;59;66;10,66;48,59;22,98;186,84;2;2026;26;ATIVO;BURITI ALEGRE;Dia 10;NÃO;SUPERMERCADO;118;PRATA
SUPERMERADO ABC (JUNTOS);15352650,47;741925,94;88377,95;924,88;973,97;136;46;3;0;89;90;798,92;3687,13;40,18;549,52;12;2025;293;ATIVO;CAÇU;Dia 25;SIM;SUPERMERCADO;192;OURO
SUPERMERADO ABC (JUNTOS);13737313,1;673097,33;80556,35;2135,18;256,18;103;106;2;0;70;77;588,97;2731,23;8,26;694,36;5;2026;256;ATIVO;CAÇU;Dia 25;SIM;SUPERMERCADO;192;OURO
SUPERMERADO ABC (JUNTOS);13365462,46;0;0;788,22;901,63;109;68;11;0;51;52;540,57;2512,14;10,48;233,87;12;2024;50;ATIVO;CAÇU;Dia 25;NÃO;SUPERMERCADO;192;OURO
SUPERMERADO ABC (JUNTOS);13310029,05;618754,35;73888,98;728,22;942,4;175;72;19;0;119;129;596,03;2744,55;19,07;2006,51;4;2026;296;ATIVO;CAÇU;Dia 25;SIM;SUPERMERCADO;192;OURO
SUPERMERADO ABC (JUNTOS);13049298,78;591972,97;58158,55;794;995,94;200;40;0;0;78;78;852,25;4062,6;2,67;131,77;11;2025;268;ATIVO;CAÇU;Dia 25;SIM;SUPERMERCADO;192;OURO
SUPERMERADO ABC (JUNTOS);12947906,76;622963,46;74242,5;894,5;592,77;155;74;8;0;90;92;541,24;2497,88;20,74;698,77;1;2026;356;ATIVO;CAÇU;Dia 25;SIM;SUPERMERCADO;192;OURO
SUPERMERADO ABC (JUNTOS);12792423,6;572730,31;0;269,36;475,9;105;72;7;0;73;78;1705,09;8443,01;0;3,86;8;2025;267;ATIVO;CAÇU;Dia 25;SIM;SUPERMERCADO;192;OURO
SUPERMERADO ABC (JUNTOS);12757935,45;674108,63;65774,55;568,95;609,52;135;56;4;0;82;86;940,97;4502,7;0;197,64;10;2025;288;ATIVO;CAÇU;Dia 25;SIM;SUPERMERCADO;192;OURO
SUPERMERADO ABC (JUNTOS);12751390,83;626628,29;74328,95;970,34;1210,99;157;61;10;0;134;137;705,58;3254,84;14,88;1994,44;3;2026;303;ATIVO;CAÇU;Dia 25;SIM;SUPERMERCADO;192;OURO
SUPERMERADO ABC (JUNTOS);12723735,71;662017,37;79283,7;224,68;100,45;60;95;5;0;46;53;403,43;1859,75;11,19;238,49;6;2026;263;ATIVO;CAÇU;Dia 25;SIM;SUPERMERCADO;192;OURO
SUPERMERADO ABC (JUNTOS);12185750,4;599041,6;51551,15;335,85;361,5;112;55;8;0;72;75;834,62;4021,62;1,68;2987,73;9;2025;289;ATIVO;CAÇU;Dia 25;SIM;SUPERMERCADO;192;OURO
SUPERMERADO ABC (JUNTOS);11734482,5;0;0;690,07;298,68;101;35;2;0;87;91;595,39;2760,98;4,9;1019,9;3;2025;37;ATIVO;CAÇU;Dia 25;NÃO;SUPERMERCADO;192;OURO
SUPERMERADO ABC (JUNTOS);11494182,08;0;0;421,88;255,23;108;35;1;0;75;77;496,04;2289,37;0;523,64;4;2025;32;ATIVO;CAÇU;Dia 25;NÃO;SUPERMERCADO;192;OURO
SUPERMERADO ABC (JUNTOS);11471178,11;591897,1;70191,28;1178,31;969,81;151;69;9;0;152;154;732,16;3392,45;39,68;1021,49;2;2026;324;ATIVO;CAÇU;Dia 25;SIM;SUPERMERCADO;192;OURO
SUPERMERADO ABC (JUNTOS);11455009,71;0;0;434,77;329,03;101;28;1;0;87;87;458,08;2116,09;15,8;435,71;5;2025;28;ATIVO;CAÇU;Dia 25;NÃO;SUPERMERCADO;192;OURO
SUPERMERADO ABC (JUNTOS);11207491,68;0;0;95,29;400,05;59;38;0;0;28;28;366,41;1685,12;29,24;29,6;7;2025;22;ATIVO;CAÇU;Dia 25;NÃO;SUPERMERCADO;192;OURO
SUPERMERADO ABC (JUNTOS);10967973,13;0;0;846,41;923,18;120;57;9;468;128;128;450,65;2088,61;75,04;1619,51;10;2024;60;ATIVO;CAÇU;Dia 25;NÃO;SUPERMERCADO;192;OURO
SUPERMERADO ABC (JUNTOS);10910098,16;0;0;183,04;800,58;68;40;8;0;51;52;425,54;1975,64;5,17;259,86;11;2024;24;ATIVO;CAÇU;Dia 25;NÃO;SUPERMERCADO;192;OURO
SUPERMERADO ABC (JUNTOS);10485531,09;0;0;447,78;387,55;126;44;2;0;110;111;431,58;1983,05;20,25;639,65;6;2025;39;ATIVO;CAÇU;Dia 25;NÃO;SUPERMERCADO;192;OURO
SUPERMERADO ABC (JUNTOS);10411979,92;0;0;1663,82;1644,95;452;98;11;471;306;314;629,3;2911,33;71,42;791,04;5;2024;119;ATIVO;CAÇU;Dia 25;NÃO;SUPERMERCADO;192;OURO
SUPERMERADO ABC (JUNTOS);10189470,18;0;0;498,44;468,75;135;76;7;484;114;117;666,39;3071,58;13,39;99,19;8;2024;87;ATIVO;CAÇU;Dia 25;NÃO;SUPERMERCADO;192;OURO
SUPERMERADO ABC (JUNTOS);10075283,09;0;0;365,49;438,78;101;39;1;0;65;69;503,98;2328,66;34,65;428,34;2;2025;37;ATIVO;CAÇU;Dia 25;NÃO;SUPERMERCADO;192;OURO
SUPERMERADO ABC (JUNTOS);10050930,37;0;0;1517,54;909,86;420;114;17;502;324;334;985,96;4554,36;69,53;1083,22;3;2024;148;ATIVO;CAÇU;Dia 25;NÃO;SUPERMERCADO;192;OURO
SUPERMERADO ABC (JUNTOS);9955200,19;0;0;964,69;619,24;225;88;14;478;174;181;477,16;2202,76;32,2;94,59;7;2024;76;ATIVO;CAÇU;Dia 25;NÃO;SUPERMERCADO;192;OURO
SUPERMERADO ABC (JUNTOS);9811269,19;0;0;382,34;863,41;118;72;7;0;71;74;426,32;1988,55;2,65;80,44;1;2025;58;ATIVO;CAÇU;Dia 25;NÃO;SUPERMERCADO;192;OURO
SUPERMERADO ABC (JUNTOS);9811153,12;0;0;2612,97;1423,97;450;126;21;501;303;313;645,61;2988,09;45;1091,22;4;2024;134;ATIVO;CAÇU;Dia 25;NÃO;SUPERMERCADO;192;OURO
SUPERMERADO ABC (JUNTOS);9797606,95;0;0;1122,33;1436;447;109;19;454;330;340;593,71;2736,07;69,25;682,9;6;2024;115;ATIVO;CAÇU;Dia 25;NÃO;SUPERMERCADO;192;OURO
SUPERMERADO ABC (JUNTOS);9685251,77;0;0;905,73;3453,7;133;60;7;456;152;154;421,83;1948,79;77,35;4567,11;9;2024;85;ATIVO;CAÇU;Dia 25;NÃO;SUPERMERCADO;192;OURO
SUPERMERCADO  HIPER BOM PREÇO (ATACADO);259222,26;0;0;16,65;0,03;2;1;0;0;115;159;1461,7;6731,99;216,99;0;6;2026;1;ATIVO;HIDROLINA;Dia 10;NÃO;SUPERMERCADO;88;PRATA
SUPERMERCADO  HIPER BOM PREÇO (ATACADO);119539,95;0;0;23,15;0;5;2;0;0;9;14;574,6;2646,65;0;0;3;2026;13;ATIVO;HIDROLINA;Dia 10;NÃO;SUPERMERCADO;88;PRATA
SUPERMERCADO  HIPER BOM PREÇO (ATACADO);93246,86;0;0;692,88;0;11;10;0;0;5;13;618,52;2848,94;0;0;5;2026;16;ATIVO;HIDROLINA;Dia 10;NÃO;SUPERMERCADO;88;PRATA
SUPERMERCADO 20V;4602288,73;124018,51;12401,85;202,96;633,9;118;130;8;36;104;105;48,71;229,01;207,12;1193,44;12;2023;142;ATIVO;CALDAS NOVAS;Dia 15;SIM;SUPERMERCADO;136;PRATA
SUPERMERCADO 20V;4397348,66;119005,08;14272,69;80,61;478,48;28;27;6;0;20;24;68;310,67;5,4;90,74;7;2026;30;ATIVO;CALDAS NOVAS;Dia 15;SIM;SUPERMERCADO;136;PRATA
SUPERMERCADO 20V;4372420,69;140070,75;16808,49;41,23;309,26;16;19;0;0;10;13;5,27;22,14;0,83;15,76;12;2024;15;ATIVO;CALDAS NOVAS;Dia 15;SIM;SUPERMERCADO;136;PRATA
SUPERMERCADO 20V;4027716,73;134686,68;16140,81;150,06;87,13;22;12;1;0;11;14;14,58;66,23;4,12;124,81;5;2025;25;ATIVO;CALDAS NOVAS;Dia 15;SIM;SUPERMERCADO;136;PRATA
SUPERMERCADO 20V;3923868,92;133761,59;15685,01;501,7;22,85;12;12;1;0;8;8;3,31;14,76;1,29;18,91;10;2025;14;ATIVO;CALDAS NOVAS;Dia 15;SIM;SUPERMERCADO;136;PRATA
SUPERMERCADO 20V;3921814,11;122619,58;14714,35;113,98;514,59;31;31;5;0;24;27;83,3;381,91;25,84;43,43;8;2026;43;ATIVO;CALDAS NOVAS;Dia 15;SIM;SUPERMERCADO;136;PRATA
SUPERMERCADO 20V;3917006,85;125632,74;15007,55;228,52;111,5;21;9;0;0;14;16;18,43;84,15;0,44;104,56;4;2025;18;ATIVO;CALDAS NOVAS;Dia 15;SIM;SUPERMERCADO;136;PRATA
SUPERMERCADO 20V;3913538,63;136476,71;16377,21;158,68;16,83;10;13;0;0;3;4;1,29;5,39;0,91;10,15;8;2025;14;ATIVO;CALDAS NOVAS;Dia 15;SIM;SUPERMERCADO;136;PRATA
SUPERMERCADO 20V;3854230,34;131156,98;15738,84;44,29;48;14;18;1;0;7;7;6,03;26,51;0;13,2;3;2025;18;ATIVO;CALDAS NOVAS;Dia 15;SIM;SUPERMERCADO;136;PRATA
SUPERMERCADO 20V;3836534,42;127457,35;15294,88;131,95;85,55;36;14;2;3;14;17;8,51;37,99;22,85;7,85;7;2024;24;ATIVO;CALDAS NOVAS;Dia 15;SIM;SUPERMERCADO;136;PRATA
SUPERMERCADO 20V;3829575,6;121030,81;14523,7;47,37;12,83;6;8;3;0;3;3;4,12;18,65;0,94;0;7;2025;15;ATIVO;CALDAS NOVAS;Dia 15;SIM;SUPERMERCADO;136;PRATA
SUPERMERCADO 20V;3783482,41;113526,24;11352,62;113,26;154,31;58;17;1;23;24;24;40,37;187,98;24,41;12,84;3;2024;120;ATIVO;CALDAS NOVAS;Dia 15;SIM;SUPERMERCADO;136;PRATA
SUPERMERCADO 20V;3780103,1;121969,8;14588,44;138,87;17,68;9;9;2;0;11;11;8,05;38,08;0;14,26;9;2025;9;ATIVO;CALDAS NOVAS;Dia 15;SIM;SUPERMERCADO;136;PRATA
SUPERMERCADO 20V;3761418,14;125570,27;15068,43;76,43;164,06;21;20;1;0;14;18;15,12;68,72;4,81;28,11;5;2026;34;ATIVO;CALDAS NOVAS;Dia 15;SIM;SUPERMERCADO;136;PRATA
SUPERMERCADO 20V;3745103,58;122972,11;14756,6532;59,86;446,74;25;25;16;2;13;16;27,12;121,18;11,82;6,43;10;2024;68;ATIVO;CALDAS NOVAS;Dia 15;SIM;SUPERMERCADO;136;PRATA
SUPERMERCADO 20V;3731373,11;118420,92;14079,09;180,11;160,57;27;22;6;0;15;18;7,7;34,21;248,65;62,57;12;2025;17;ATIVO;CALDAS NOVAS;Dia 15;SIM;SUPERMERCADO;136;PRATA
SUPERMERCADO 20V;3723904,44;116165,49;13873,39;120;325,18;47;19;2;25;26;26;19,42;91,63;39,64;80,75;4;2024;122;ATIVO;CALDAS NOVAS;Dia 15;SIM;SUPERMERCADO;136;PRATA
SUPERMERCADO 20V;3696142,03;138755,59;16650,67;27,62;468,41;17;17;0;2;11;14;9,81;42,97;12,18;10,35;11;2024;22;ATIVO;CALDAS NOVAS;Dia 15;SIM;SUPERMERCADO;136;PRATA
SUPERMERCADO 20V;3673660,79;110634,51;11063,45;56,23;239,1;46;23;2;38;31;33;18,3;85,9;130,07;385,85;1;2024;158;ATIVO;CALDAS NOVAS;Dia 15;SIM;SUPERMERCADO;136;PRATA
SUPERMERCADO 20V;3669131,53;131040,04;15423,42;384,95;176,55;30;23;8;0;7;7;2,39;10,2;6,45;21,15;1;2026;22;ATIVO;CALDAS NOVAS;Dia 15;SIM;SUPERMERCADO;136;PRATA
SUPERMERCADO 20V;3642612,14;133719,24;16046,31;117,11;519,17;46;27;2;5;22;22;36,55;166,61;14,24;34,59;8;2024;54;ATIVO;CALDAS NOVAS;Dia 15;SIM;SUPERMERCADO;136;PRATA
SUPERMERCADO 20V;3619399,93;115460,27;13855,23;147,32;318,88;33;24;1;0;10;11;5,09;23,1;0;21,63;4;2026;38;ATIVO;CALDAS NOVAS;Dia 15;SIM;SUPERMERCADO;136;PRATA
SUPERMERCADO 20V;3618611,48;107280,11;10708,12;2282,7;1263,47;468;62;9;0;0;0;0;0;0;0;10;2023;948;ATIVO;CALDAS NOVAS;Dia 15;SIM;SUPERMERCADO;136;PRATA
SUPERMERCADO 20V;3587616,15;127038,05;15244,57;25,77;27,42;8;8;1;0;2;5;1,07;4,22;2,64;0;6;2025;11;ATIVO;CALDAS NOVAS;Dia 15;SIM;SUPERMERCADO;136;PRATA
SUPERMERCADO 20V;3580975,89;121786,41;14560,48;128,85;222,87;54;25;2;19;32;56;28,01;132,24;134,37;26,18;5;2024;129;ATIVO;CALDAS NOVAS;Dia 15;SIM;SUPERMERCADO;136;PRATA
SUPERMERCADO 20V;3561199,43;125526,98;15063,2;18,68;661,97;34;31;4;2;25;31;7,96;33,88;5,1;45,62;9;2024;68;ATIVO;CALDAS NOVAS;Dia 15;SIM;SUPERMERCADO;136;PRATA
SUPERMERCADO 20V;3537731,58;115808,51;13833,42;122,68;132,24;25;25;6;0;10;14;37,23;169,86;4,71;4,35;6;2026;37;ATIVO;CALDAS NOVAS;Dia 15;SIM;SUPERMERCADO;136;PRATA
SUPERMERCADO 20V;3534774,3;117188,85;14062,66;35,14;254,5;15;15;0;0;7;7;7,36;32,25;2,49;30,17;1;2025;25;ATIVO;CALDAS NOVAS;Dia 15;SIM;SUPERMERCADO;136;PRATA
SUPERMERCADO 20V;3463297,98;122354,11;14420,55;357,86;28,61;15;9;1;0;9;9;1,53;6,24;5,16;36,34;11;2025;16;ATIVO;CALDAS NOVAS;Dia 15;SIM;SUPERMERCADO;136;PRATA
SUPERMERCADO 20V;3459356,34;125727,07;15087,25;111,26;383,35;48;38;3;0;10;10;6,85;31,03;0,69;50,27;3;2026;54;ATIVO;CALDAS NOVAS;Dia 15;SIM;SUPERMERCADO;136;PRATA
SUPERMERCADO 20V;3458773,1;116808,66;14017,04;63,66;63,66;19;20;1;0;11;11;9,52;41,77;1,66;5,27;2;2025;24;ATIVO;CALDAS NOVAS;Dia 15;SIM;SUPERMERCADO;136;PRATA
SUPERMERCADO 20V;3393536,45;11414,15;11387,88;839,89;811;144;33;9;0;0;0;0;0;0;0;9;2023;394;ATIVO;CALDAS NOVAS;Dia 15;SIM;SUPERMERCADO;136;PRATA
SUPERMERCADO 20V;3370780,97;120348,44;11997,92;79,6;182,52;24;18;1;30;9;9;7,5;35,77;18,94;9,04;2;2024;114;ATIVO;CALDAS NOVAS;Dia 15;SIM;SUPERMERCADO;136;PRATA
SUPERMERCADO 20V;3344231,5;106163,21;10616,32;842,95;1131,44;142;28;9;0;0;0;0;0;0;0;11;2023;257;ATIVO;CALDAS NOVAS;Dia 15;SIM;SUPERMERCADO;136;PRATA
SUPERMERCADO 20V;3326655,35;79876,33;7987,63;798,24;2823,18;137;85;3;42;0;0;0;0;0;0;12;2022;0;ATIVO;CALDAS NOVAS;Dia 15;SIM;SUPERMERCADO;136;PRATA
SUPERMERCADO 20V;3266629,26;118777,65;14253,32;119,17;311,18;59;23;2;7;38;38;25,84;119,97;28,01;32,38;6;2024;33;ATIVO;CALDAS NOVAS;Dia 15;SIM;SUPERMERCADO;136;PRATA
SUPERMERCADO 20V;3263129,22;105936,52;10593,65;825,1;723,91;131;37;9;0;0;0;0;0;0;0;7;2023;593;ATIVO;CALDAS NOVAS;Dia 15;SIM;SUPERMERCADO;136;PRATA
SUPERMERCADO 20V;3237928,99;115499,94;13777,69;109,29;86,83;20;15;6;0;13;13;4,53;20,98;0;25,49;2;2026;20;ATIVO;CALDAS NOVAS;Dia 15;SIM;SUPERMERCADO;136;PRATA
SUPERMERCADO 20V;3199694,75;114146,15;11387,88;894,79;687,25;128;34;11;0;0;0;0;0;0;0;8;2023;428;ATIVO;CALDAS NOVAS;Dia 15;SIM;SUPERMERCADO;136;PRATA
SUPERMERCADO 20V;3112089,64;91843,74;9184,37;984,23;4241,76;580;475;5;235;0;0;0;0;0;0;4;2023;1161;ATIVO;CALDAS NOVAS;Dia 15;SIM;SUPERMERCADO;136;PRATA
SUPERMERCADO 20V;3012635,69;97250,63;9725,06;952,95;918,76;177;82;11;237;0;0;0;0;0;0;6;2023;882;ATIVO;CALDAS NOVAS;Dia 15;SIM;SUPERMERCADO;136;PRATA
SUPERMERCADO 20V;2923124,75;83099,11;8309,91;574,15;3069,83;384;273;3;239;0;0;0;0;0;0;3;2023;1051;ATIVO;CALDAS NOVAS;Dia 15;SIM;SUPERMERCADO;136;PRATA
SUPERMERCADO 20V;2859980,42;95993,07;9599,31;1134,47;3960,82;642;517;8;247;0;0;0;0;0;0;5;2023;3135;ATIVO;CALDAS NOVAS;Dia 15;SIM;SUPERMERCADO;136;PRATA
SUPERMERCADO 20V;2813597,25;0;7099,11;396,15;1178,34;153;105;3;46;0;0;0;0;0;0;10;2022;0;ATIVO;CALDAS NOVAS;Dia 15;SIM;SUPERMERCADO;136;PRATA
SUPERMERCADO 20V;2787574,42;73321,76;7332,18;464,3;1829,81;159;84;2;212;0;0;0;0;0;0;1;2023;1043;ATIVO;CALDAS NOVAS;Dia 15;SIM;SUPERMERCADO;136;PRATA
SUPERMERCADO 20V;2685018,56;0;7042,91;341,1;1124,04;128;87;3;44;0;0;0;0;0;0;11;2022;0;ATIVO;CALDAS NOVAS;Dia 15;SIM;SUPERMERCADO;136;PRATA
SUPERMERCADO 20V;2595981,09;85632,74;8563,27;385,73;1942,64;220;125;1;229;0;0;0;0;0;0;2;2023;993;ATIVO;CALDAS NOVAS;Dia 15;SIM;SUPERMERCADO;136;PRATA
SUPERMERCADO 20V;2458785,86;0;6088,15;370,38;1407,59;173;141;12;45;0;0;0;0;0;0;7;2022;0;ATIVO;CALDAS NOVAS;Dia 15;SIM;SUPERMERCADO;136;PRATA
SUPERMERCADO 20V;2397784,63;0;6330,74;599,93;879,8;153;112;5;46;0;0;0;0;0;0;8;2022;0;ATIVO;CALDAS NOVAS;Dia 15;SIM;SUPERMERCADO;136;PRATA
SUPERMERCADO 20V;2158430,98;0;2991,52;2319,51;1120,47;244;118;11;190;0;0;0;0;0;0;12;2021;0;ATIVO;CALDAS NOVAS;Dia 15;SIM;SUPERMERCADO;136;PRATA
SUPERMERCADO 20V;2118374,16;0;4737,7;417,96;2347,37;155;155;4;49;0;0;9917,58;45749,51;0;36,9;4;2022;0;ATIVO;CALDAS NOVAS;Dia 15;SIM;SUPERMERCADO;136;PRATA
SUPERMERCADO 20V;2113640,46;0;5544,7;503,17;871,73;150;106;2;41;0;0;0;0;0;0;5;2022;0;ATIVO;CALDAS NOVAS;Dia 15;SIM;SUPERMERCADO;136;PRATA
SUPERMERCADO 20V;2038119,35;0;5087,59;440,22;842,85;183;135;5;46;0;0;0;0;0;0;6;2022;0;ATIVO;CALDAS NOVAS;Dia 15;SIM;SUPERMERCADO;136;PRATA
SUPERMERCADO 20V;1998221,2;0;4746,39;407,84;2887,37;176;165;8;192;0;0;0;0;0;0;3;2022;0;ATIVO;CALDAS NOVAS;Dia 15;SIM;SUPERMERCADO;136;PRATA
SUPERMERCADO 20V;1910738,07;0;3539,65;1770,47;799,43;217;97;5;190;0;0;0;0;0;0;1;2022;0;ATIVO;CALDAS NOVAS;Dia 15;SIM;SUPERMERCADO;136;PRATA
SUPERMERCADO 20V;1882144,05;0;2499,57;2119,21;765,29;205;78;8;194;0;0;0;0;0;0;11;2021;0;ATIVO;CALDAS NOVAS;Dia 15;SIM;SUPERMERCADO;136;PRATA
SUPERMERCADO 20V;1832560,53;0;2166,34;2208,7;1337,47;171;70;7;187;0;0;0;0;0;0;10;2021;0;ATIVO;CALDAS NOVAS;Dia 15;SIM;SUPERMERCADO;136;PRATA
SUPERMERCADO 20V;1826817,57;0;3028,09;1887,25;668,19;213;99;4;180;0;0;8763;40462,59;0;42,66;2;2022;0;ATIVO;CALDAS NOVAS;Dia 15;SIM;SUPERMERCADO;136;PRATA
SUPERMERCADO 20V;1785293;0;2668,79;303,75;54514,06;536;326;13;194;0;0;0;0;0;0;9;2021;0;ATIVO;CALDAS NOVAS;Dia 15;SIM;SUPERMERCADO;136;PRATA
SUPERMERCADO 20V;1688958,23;0;734,37;2371,72;1801,34;309;199;16;189;0;0;0;0;0;0;8;2021;0;ATIVO;CALDAS NOVAS;Dia 15;SIM;SUPERMERCADO;136;PRATA
SUPERMERCADO 20V;1683549,58;0;1906,16;2503,71;2850,18;321;241;5484;193;0;0;0;0;0;0;7;2021;0;ATIVO;CALDAS NOVAS;Dia 15;SIM;SUPERMERCADO;136;PRATA
SUPERMERCADO 20V;1301206,28;0;0;234,79;3793,28;270;70;12;171;0;0;5901,41;27313,7;0;2,49;2;2021;0;ATIVO;CALDAS NOVAS;Dia 15;NÃO;SUPERMERCADO;136;PRATA
SUPERMERCADO 20V;1298933,34;91332,45;1831,04;485,64;6290,31;278;200;15;176;0;0;0;0;0;0;6;2021;0;ATIVO;CALDAS NOVAS;Dia 15;SIM;SUPERMERCADO;136;PRATA
SUPERMERCADO 24 HORAS;815246,3;0;0;622,95;263,59;70;39;25;378;59;33;63,95;295,94;2,04;88,22;5;2026;20;ATIVO;CALDAS NOVAS;Dia 30;NÃO;SUPERMERCADO;243;BRONZE
SUPERMERCADO 24 HORAS;812254,42;0;0;229,95;788,28;423;100;71;378;48;51;17,89;76,19;0;265,52;6;2026;114;ATIVO;CALDAS NOVAS;Dia 30;NÃO;SUPERMERCADO;243;BRONZE
SUPERMERCADO 24 HORAS;740042,29;0;0;11225,59;189,37;75;54;38;378;65;36;67,58;313,89;6,64;0;4;2026;41;ATIVO;CALDAS NOVAS;Dia 30;NÃO;SUPERMERCADO;243;BRONZE
SUPERMERCADO 24 HORAS;659927,41;0;0;348,4;481,22;91;46;36;378;126;62;125,71;582,63;0;15,45;2;2026;53;ATIVO;CALDAS NOVAS;Dia 30;NÃO;SUPERMERCADO;243;BRONZE
SUPERMERCADO ABC;14050770,39;653220,82;78291,81;328,71;159,4;86;97;7;0;61;70;471,14;2160,75;20,05;334,81;7;2026;266;ATIVO;SÃO SIMÃO;Dia 10;NÃO;SUPERMERCADO;253;OURO
SUPERMERCADO ABC;12970319,63;591123,91;70833,68;325,05;352,18;73;92;4;0;69;74;588;2692,39;13,7;235,39;8;2026;258;ATIVO;SÃO SIMÃO;Dia 10;NÃO;SUPERMERCADO;253;OURO
SUPERMERCADO ABC;8989271,93;0;0;2365,08;1961,85;599;235;27;511;270;281;319,81;1476,25;191;4961,82;12;2023;232;ATIVO;SÃO SIMÃO;Dia 10;NÃO;SUPERMERCADO;253;OURO
SUPERMERCADO ABC;7278194,3;0;0;360,4;386,89;178;58;3;489;178;185;178,84;825,22;57,89;1506,62;1;2024;65;ATIVO;SÃO SIMÃO;Dia 10;NÃO;SUPERMERCADO;253;OURO
SUPERMERCADO ABC;6906732,83;0;0;906,91;609,63;162;57;5;472;111;114;91,43;424,27;59,73;1076,08;2;2024;51;ATIVO;SÃO SIMÃO;Dia 10;NÃO;SUPERMERCADO;253;OURO
SUPERMERCADO ABC;6890812,82;0;0;1521,39;6000,53;487;190;14;436;331;339;793,12;3677,28;113,36;1892,42;10;2023;242;ATIVO;SÃO SIMÃO;Dia 10;NÃO;SUPERMERCADO;253;OURO
SUPERMERCADO ABC;6889153,67;0;0;1713,76;5281,21;571;236;17;448;458;466;650,12;3001,16;172,84;2387,51;11;2023;258;ATIVO;SÃO SIMÃO;Dia 10;NÃO;SUPERMERCADO;253;OURO
SUPERMERCADO ABC;3202449,13;0;0;11726,46;2249,78;366;137;5;380;52;52;139,9;651,42;0;23,59;8;2023;345;ATIVO;SÃO SIMÃO;Dia 10;NÃO;SUPERMERCADO;253;OURO
SUPERMERCADO ABC ITARUMÃ;3111698,04;0;0;1002,95;660,82;129;23;4;68;132;134;266,96;1225,12;16,39;2449,28;12;2023;1158;ATIVO;ITARUMÃ;Dia 10;NÃO;SUPERMERCADO;254;OURO
SUPERMERCADO ABC ITARUMÃ;2598538,19;0;0;1089,05;311,98;111;44;5;61;112;113;233,26;1071,77;7,88;2320,48;1;2024;1280;ATIVO;ITARUMÃ;Dia 10;NÃO;SUPERMERCADO;254;OURO
SUPERMERCADO ABC ITARUMÃ;2389231,82;0;0;2435,11;2647,37;454;71;11;286;168;168;270,68;1244,45;87,04;1105,04;10;2023;1190;ATIVO;ITARUMÃ;Dia 10;NÃO;SUPERMERCADO;254;OURO
SUPERMERCADO ABC ITARUMÃ;2356821,18;0;0;1955,31;1794,6;472;82;13;282;200;211;221,72;1018,76;95,48;1157,53;11;2023;1200;ATIVO;ITARUMÃ;Dia 10;NÃO;SUPERMERCADO;254;OURO
SUPERMERCADO ABC ITARUMÃ;2348600,08;0;0;656,98;352,98;103;29;2;59;101;103;273,97;1260,57;1,66;1843,07;2;2024;125;ATIVO;ITARUMÃ;Dia 10;NÃO;SUPERMERCADO;254;OURO
SUPERMERCADO ABC ITARUMÃ;2280080,62;0;0;2692,57;3563,21;500;79;32;275;157;159;254,97;1176,38;90,28;599,93;8;2023;67;ATIVO;ITARUMÃ;Dia 10;NÃO;SUPERMERCADO;254;OURO
SUPERMERCADO AGROVALE;9220279,06;0;0;146,37;5373,38;47;35;39;0;72;136;647,96;2983,34;18,73;358,41;12;2025;45;ATIVO;QUIRINÓPOLIS;Dia 10;NÃO;SUPERMERCADO;10;DIAMANTE
SUPERMERCADO AGROVALE;7675522,17;0;0;141,78;2201,16;435;25;33;0;103;169;749,31;3454,62;204,84;426,06;5;2026;180;ATIVO;QUIRINÓPOLIS;Dia 10;NÃO;SUPERMERCADO;10;DIAMANTE
SUPERMERCADO AGROVALE;7636050,43;0;0;1107,64;1983,97;816;11;25;0;64;126;543,03;2507,12;23,76;307,95;11;2025;32;ATIVO;QUIRINÓPOLIS;Dia 10;NÃO;SUPERMERCADO;10;DIAMANTE
SUPERMERCADO AGROVALE;7469689,45;0;0;67,29;1701,33;380;6;21;0;84;162;494,57;2280,35;148,77;190,95;4;2026;60;ATIVO;QUIRINÓPOLIS;Dia 10;NÃO;SUPERMERCADO;10;DIAMANTE
SUPERMERCADO AGROVALE;7417318,48;0;0;107,46;5063,45;57;16;25;0;66;134;545,1;2516,87;19,29;119,04;1;2025;29;ATIVO;QUIRINÓPOLIS;Dia 10;NÃO;SUPERMERCADO;10;DIAMANTE
SUPERMERCADO AGROVALE;7416349,99;0;0;67,61;1739,88;416;15;34;0;78;152;550,52;2537,61;26,94;1139,23;3;2026;30;ATIVO;QUIRINÓPOLIS;Dia 10;NÃO;SUPERMERCADO;10;DIAMANTE
SUPERMERCADO AGROVALE;7250819,35;0;0;7343,88;43036,04;2697;177;174;0;713;775;5208,53;23988,91;374,38;1322,58;9;2025;80;ATIVO;QUIRINÓPOLIS;Dia 10;NÃO;SUPERMERCADO;10;DIAMANTE
SUPERMERCADO AGROVALE;7186351,27;0;0;58,65;3125,08;193;6;19;0;62;135;503,38;2324,15;10,62;390,53;2;2026;81;ATIVO;QUIRINÓPOLIS;Dia 10;NÃO;SUPERMERCADO;10;DIAMANTE
SUPERMERCADO AGROVALE;7101412,9;0;0;271,88;870,67;391;15;35;0;124;222;0;2325,51;78,99;275,58;7;2026;30;ATIVO;QUIRINÓPOLIS;Dia 10;NÃO;SUPERMERCADO;10;DIAMANTE
SUPERMERCADO AGROVALE;7026139,41;0;0;2890,38;3873,18;1518;72;76;0;281;337;382,97;1756,7;49,93;586,03;10;2025;60;ATIVO;QUIRINÓPOLIS;Dia 10;NÃO;SUPERMERCADO;10;DIAMANTE
SUPERMERCADO AGROVALE;6906013,43;0;0;221,65;1240,71;275;11;34;0;86;149;538,96;2485,72;62,8;308,78;6;2026;79;ATIVO;QUIRINÓPOLIS;Dia 10;NÃO;SUPERMERCADO;10;DIAMANTE
SUPERMERCADO AGROVALE;6842050,31;0;0;188,1;903,84;573;12;29;0;167;322;0;4406,7;94,77;30,6;8;2026;48;ATIVO;QUIRINÓPOLIS;Dia 10;NÃO;SUPERMERCADO;10;DIAMANTE
SUPERMERCADO AGROVALE;6071681,52;0;0;7452,67;52746,27;2855;181;175;1818;487;611;2714,08;12470,05;358,53;1604,6;6;2025;1416;ATIVO;QUIRINÓPOLIS;Dia 10;NÃO;SUPERMERCADO;10;DIAMANTE
SUPERMERCADO AGROVALE;5971325,17;0;0;6638,55;46950,76;2675;193;169;2157;490;613;2680,35;12301,39;503,98;1124,91;5;2025;1544;ATIVO;QUIRINÓPOLIS;Dia 10;NÃO;SUPERMERCADO;10;DIAMANTE
SUPERMERCADO ALENCAR;3425314,67;89355,69;10722,68;153,51;747,69;82;17;3;0;292;290;161,65;752,06;1016,95;7719,42;12;2025;196;ATIVO;IACIARA;Dia 10;SIM;SUPERMERCADO;119;PRATA
SUPERMERCADO ALENCAR;2837244,62;71553,73;8586,45;784,47;64,96;85;19;11;0;341;335;6,41;43,97;957,91;6457,18;5;2026;307;ATIVO;IACIARA;Dia 10;SIM;SUPERMERCADO;119;PRATA
SUPERMERCADO ALENCAR;2821633,81;76232,95;9147,95;276,67;61,35;59;13;6;0;312;305;2,28;24,01;1081,9;4993,8;4;2026;300;ATIVO;IACIARA;Dia 10;SIM;SUPERMERCADO;119;PRATA
SUPERMERCADO ALENCAR;2737939,76;77352,34;9280,13;147,98;212,13;64;18;3;0;223;215;2735,71;13132,5;604,59;4739,97;1;2026;428;ATIVO;IACIARA;Dia 10;SIM;SUPERMERCADO;119;PRATA
SUPERMERCADO ALENCAR;2721787,79;75190,23;6983,69;2845,64;2397,57;259;75;16;0;2398;2401;187,1;870,14;4508,39;58542,53;5;2025;274;ATIVO;IACIARA;Dia 10;SIM;SUPERMERCADO;119;PRATA
SUPERMERCADO ALENCAR;2719517,01;70026,07;8403,13;569,81;117,69;59;78;3;0;242;243;18,65;101,79;366,34;1317,52;7;2026;201;ATIVO;IACIARA;Dia 10;SIM;SUPERMERCADO;119;PRATA
SUPERMERCADO ALENCAR;2690192,52;70989,23;8518,71;225,73;80,98;92;38;2;453;268;269;2,82;13,06;512,61;1317,07;8;2026;171;ATIVO;IACIARA;Dia 10;SIM;SUPERMERCADO;119;PRATA
SUPERMERCADO ALENCAR;2686540,3;70044,15;8405,3;446,23;264,69;54;13;4;0;256;255;54,99;261,76;667,31;4697,82;11;2025;135;ATIVO;IACIARA;Dia 10;SIM;SUPERMERCADO;119;PRATA
SUPERMERCADO ALENCAR;2680837,4;75672,17;9080,66;287,02;415,73;40;14;2;0;181;180;68,49;326,29;427,53;3991,95;10;2025;151;ATIVO;IACIARA;Dia 10;SIM;SUPERMERCADO;119;PRATA
SUPERMERCADO ALENCAR;2658677,57;73613,05;8833,57;239,96;89,99;55;23;12;0;308;319;29,38;152,2;764,58;4630,25;3;2026;318;ATIVO;IACIARA;Dia 10;SIM;SUPERMERCADO;119;PRATA
SUPERMERCADO ALENCAR;2651525,85;71845,41;8593,39;335,22;285,4;80;26;13;0;312;306;17,61;94,63;505;4407,99;6;2026;263;ATIVO;IACIARA;Dia 10;SIM;SUPERMERCADO;119;PRATA
SUPERMERCADO ALENCAR;2626943,98;68783,82;8176,72;253,17;801,33;44;18;3;0;92;91;8,58;42,74;195,27;609,1;8;2025;48;ATIVO;IACIARA;Dia 10;SIM;SUPERMERCADO;119;PRATA
SUPERMERCADO ALENCAR;2596781,02;71052,87;8494,88;70,62;1022,7;27;11;0;0;48;49;12,68;62,03;113,1;339,84;7;2025;32;ATIVO;IACIARA;Dia 10;SIM;SUPERMERCADO;119;PRATA
SUPERMERCADO ALENCAR;2569172,21;75136,88;8959,55;184,53;1068,71;44;15;3;0;114;113;63,76;306,19;195,16;1293,93;9;2025;39;ATIVO;IACIARA;Dia 10;SIM;SUPERMERCADO;119;PRATA
SUPERMERCADO ALENCAR;2558634,75;77220,9;7214,52;3135,07;2277,42;257;62;19;0;3268;3269;102,71;481,1;8145,62;112277,07;4;2025;275;ATIVO;IACIARA;Dia 10;SIM;SUPERMERCADO;119;PRATA
SUPERMERCADO ALENCAR;2508858,73;71240,99;6753,86;2033,02;1262,14;81;36;1;0;181;184;256,51;1186,31;221,61;558,81;6;2025;102;ATIVO;IACIARA;Dia 10;SIM;SUPERMERCADO;119;PRATA
SUPERMERCADO ALENCAR;2492452,97;68634,36;8236,12;179,46;57,56;46;26;17;0;187;187;1,9;22,04;489,89;3917,15;2;2026;355;ATIVO;IACIARA;Dia 10;SIM;SUPERMERCADO;119;PRATA
SUPERMERCADO ALENCAR;2460662,57;0;0;1086,47;9110,51;382;124;32;0;2624;2625;29,46;139,13;8132,56;99778,25;1;2025;510;ATIVO;IACIARA;Dia 10;SIM;SUPERMERCADO;119;PRATA
SUPERMERCADO ALMEIDA;1874038,37;0;0;1209,67;1354,12;160;90;3;17;11;12;2024,57;9602,29;0;10,27;12;2025;106;ATIVO;SÃO JOÃO D'ALIANÇA;Dia 20;NÃO;SUPERMERCADO;185;BRONZE
SUPERMERCADO ALMEIDA;1709686,06;0;0;353,22;1306,36;141;81;11;0;31;31;34,62;162,77;0;17,5;10;2025;96;ATIVO;SÃO JOÃO D'ALIANÇA;Dia 20;NÃO;SUPERMERCADO;185;BRONZE
SUPERMERCADO ALMEIDA;1674028,01;;;2696,7;302,83;171;14;7;15;23;23;64,38;297,44;12,46;0;7;2026;22;ATIVO;SÃO JOÃO D'ALIANÇA;Dia 20;NÃO;SUPERMERCADO;185;BRONZE
SUPERMERCADO ALMEIDA;1605691,3;0;0;248,14;1191,15;143;105;5;20;37;37;1570,25;7544,87;20,16;17,43;11;2025;117;ATIVO;SÃO JOÃO D'ALIANÇA;Dia 20;NÃO;SUPERMERCADO;185;BRONZE
SUPERMERCADO ALMEIDA;1582039,76;0;0;466,48;1683,81;123;59;7;21;33;34;20,39;96,34;0;10,88;9;2025;82;ATIVO;SÃO JOÃO D'ALIANÇA;Dia 20;NÃO;SUPERMERCADO;185;BRONZE
SUPERMERCADO ALMEIDA;1527582,66;0;0;81,32;173,73;164;6;1;16;18;18;1766,24;8397,32;39,53;1,67;5;2026;10;ATIVO;SÃO JOÃO D'ALIANÇA;Dia 20;NÃO;SUPERMERCADO;185;BRONZE
SUPERMERCADO ALMEIDA;1519967,42;0;0;1914,35;687,04;330;70;7;0;77;78;1803,15;8533,51;2,41;150,22;1;2026;116;ATIVO;SÃO JOÃO D'ALIANÇA;Dia 20;NÃO;SUPERMERCADO;185;BRONZE
SUPERMERCADO ALMEIDA;1508291,01;0;0;22,29;171,07;120;22;12;16;24;24;1762,77;8377,31;16,15;0;6;2026;18;ATIVO;SÃO JOÃO D'ALIANÇA;Dia 20;NÃO;SUPERMERCADO;185;BRONZE
SUPERMERCADO ALMEIDA;1473969,55;0;0;274,9;838,85;651;12;3;19;86;86;1871,67;8852,17;91,06;203,94;4;2026;54;ATIVO;SÃO JOÃO D'ALIANÇA;Dia 20;NÃO;SUPERMERCADO;185;BRONZE
SUPERMERCADO ALMEIDA;1459619,57;0;0;3649,33;566,91;633;17;6;15;40;39;1736,08;8212,19;1,08;28,79;2;2026;60;ATIVO;SÃO JOÃO D'ALIANÇA;Dia 20;NÃO;SUPERMERCADO;185;BRONZE
SUPERMERCADO ALMEIDA;1453385,99;0;0;1164,09;816,71;749;13;4;14;79;79;1910,39;9042,78;76,89;236,25;3;2026;59;ATIVO;SÃO JOÃO D'ALIANÇA;Dia 20;NÃO;SUPERMERCADO;185;BRONZE
SUPERMERCADO ALVES;1347819,22;0;0;62,89;79,7;22;1;2;0;162;217;41,24;189,76;116,78;1033,45;12;2025;30;ATIVO;ITUMBIARA;Dia 15;NÃO;SUPERMERCADO;146;BRONZE
SUPERMERCADO ALVES;1274723,45;0;0;221,92;318,94;31;8;4;0;108;137;40,97;188,81;47,23;503,27;5;2025;27;ATIVO;ITUMBIARA;Dia 15;NÃO;SUPERMERCADO;146;BRONZE
SUPERMERCADO ALVES;1238572,07;0;0;112,19;113,54;28;29;1;0;218;281;46,58;211,69;93,23;7290,91;6;2026;24;ATIVO;ITUMBIARA;Dia 15;NÃO;SUPERMERCADO;146;BRONZE
SUPERMERCADO ALVES;1235223,13;0;0;27,58;191,1;26;2;0;0;163;234;70,19;323,29;38,54;808,15;10;2025;30;ATIVO;ITUMBIARA;Dia 15;NÃO;SUPERMERCADO;146;BRONZE
SUPERMERCADO ALVES;1235200,7;0;0;69,77;112,3;25;4;3;0;196;264;34,02;153,67;167,81;8335,61;5;2026;23;ATIVO;ITUMBIARA;Dia 15;NÃO;SUPERMERCADO;146;BRONZE
SUPERMERCADO ALVES;1229011,31;0;0;893,81;464,35;281;29;14;0;983;1000;64,08;295,57;683,56;19445,68;4;2025;342;ATIVO;ITUMBIARA;Dia 15;NÃO;SUPERMERCADO;146;BRONZE
SUPERMERCADO ALVES;1221331,31;0;0;46,23;144,73;29;37;3;0;176;215;69,08;311,18;91,64;3189,6;7;2026;19;ATIVO;ITUMBIARA;Dia 15;NÃO;SUPERMERCADO;146;BRONZE
SUPERMERCADO ALVES;1211046,79;0;0;116,32;269,59;39;3;1;0;116;139;26,64;122,49;364,71;805,3;8;2025;38;ATIVO;ITUMBIARA;Dia 15;NÃO;SUPERMERCADO;146;BRONZE
SUPERMERCADO ALVES;1200374,93;0;0;230,38;565,46;861;9;8;0;162;173;21,17;96,74;154,43;1963,64;3;2026;29;ATIVO;ITUMBIARA;Dia 15;NÃO;SUPERMERCADO;146;BRONZE
SUPERMERCADO ALVES;1192980,95;0;0;20,72;199,62;25;36;2;0;159;205;72,16;325,49;72,49;2818,71;8;2026;11;ATIVO;ITUMBIARA;Dia 15;NÃO;SUPERMERCADO;146;BRONZE
SUPERMERCADO ALVES;1171571,18;0;0;103,17;317,52;34;1;0;0;134;200;19,9;91,42;104,66;961,08;9;2025;37;ATIVO;ITUMBIARA;Dia 15;NÃO;SUPERMERCADO;146;BRONZE
SUPERMERCADO ALVES;1163799,74;0;0;2668,3;693,02;274;28;20;0;1101;1118;180,89;833,83;1646,51;47109,25;2;2025;367;ATIVO;ITUMBIARA;Dia 15;NÃO;SUPERMERCADO;146;BRONZE
SUPERMERCADO ALVES;1158903,26;0;0;79,47;130,88;28;4;5;0;158;216;27,81;128,24;121,07;990,49;1;2026;35;ATIVO;ITUMBIARA;Dia 15;NÃO;SUPERMERCADO;146;BRONZE
SUPERMERCADO ALVES;1155165,97;0;0;222,44;815,55;49;5;4;0;195;238;37,06;169,86;170,42;9841,2;4;2026;36;ATIVO;ITUMBIARA;Dia 15;NÃO;SUPERMERCADO;146;BRONZE
SUPERMERCADO ALVES;1088003,84;0;0;136;105,78;270;3;2;0;122;149;11,7;53,35;149,76;532,69;2;2026;29;ATIVO;ITUMBIARA;Dia 15;NÃO;SUPERMERCADO;146;BRONZE
SUPERMERCADO ALVORADA ( PETI );898342,62;0;0;13,02;64,68;19;12;8;0;16;43;10,77;53,99;0;30,86;12;2024;20;ATIVO;ARAÇU;Dia 10;NÃO;SUPERMERCADO;92;BRONZE
SUPERMERCADO ALVORADA ( PETI );880914,92;0;0;123,77;136,25;45;14;3;35;54;81;15,8;65,74;27,91;267,51;12;2023;9;ATIVO;ARAÇU;Dia 10;NÃO;SUPERMERCADO;92;BRONZE
SUPERMERCADO ALVORADA ( PETI );817459,92;0;0;32,38;97,09;16;7;4;0;13;34;4,26;22,9;17,6;40,27;1;2025;24;ATIVO;ARAÇU;Dia 10;NÃO;SUPERMERCADO;92;BRONZE
SUPERMERCADO ALVORADA ( PETI );813086,68;0;0;189,98;182,42;61;26;14;50;68;91;42,18;204,4;26,42;149,29;5;2024;56;ATIVO;ARAÇU;Dia 10;NÃO;SUPERMERCADO;92;BRONZE
SUPERMERCADO ALVORADA ( PETI );795349,49;0;0;56,57;405;29;18;55;0;10;14;43,95;203,31;2,77;26,74;12;2025;22;ATIVO;ARAÇU;Dia 10;NÃO;SUPERMERCADO;92;BRONZE
SUPERMERCADO ALVORADA ( PETI );794164,46;0;0;86,43;150,5;44;22;13;37;84;104;46,33;217,69;9,54;142,97;7;2024;49;ATIVO;ARAÇU;Dia 10;NÃO;SUPERMERCADO;92;BRONZE
SUPERMERCADO ALVORADA ( PETI );792505,97;0;0;66,53;136,5;29;29;66;0;17;27;8,58;39,22;7,76;32,45;5;2026;38;ATIVO;ARAÇU;Dia 10;NÃO;SUPERMERCADO;92;BRONZE
SUPERMERCADO ALVORADA ( PETI );787388,27;0;0;76,03;62,77;42;22;11;35;62;83;32,06;153,63;9,5;99,79;8;2024;41;ATIVO;ARAÇU;Dia 10;NÃO;SUPERMERCADO;92;BRONZE
SUPERMERCADO ALVORADA ( PETI );783612,85;0;0;21,45;40,5;32;14;4;30;24;41;6,7;27,17;14,87;15,87;3;2024;38;ATIVO;ARAÇU;Dia 10;NÃO;SUPERMERCADO;92;BRONZE
SUPERMERCADO ALVORADA ( PETI );763744,59;0;0;59,85;63,49;28;16;15;30;37;63;10,85;56,79;5,61;49,64;9;2024;25;ATIVO;ARAÇU;Dia 10;NÃO;SUPERMERCADO;92;BRONZE
SUPERMERCADO ALVORADA ( PETI );760718,23;0;0;4,63;115,79;14;8;6;24;14;36;16,86;82,75;2,01;17,12;11;2024;18;ATIVO;ARAÇU;Dia 10;NÃO;SUPERMERCADO;92;BRONZE
SUPERMERCADO ALVORADA ( PETI );755517,15;0;0;5,99;56,78;10;6;2;25;27;49;9,82;52,16;5,71;18,88;10;2024;25;ATIVO;ARAÇU;Dia 10;NÃO;SUPERMERCADO;92;BRONZE
SUPERMERCADO ALVORADA ( PETI );751434,7;0;0;0;19,61;3;1;0;5;0;10;0;0,06;0;0;8;2026;1;ATIVO;ARAÇU;Dia 10;NÃO;SUPERMERCADO;92;BRONZE
SUPERMERCADO ALVORADA ( PETI );726075,78;0;0;99,48;187,05;22;60;55;0;10;24;8,57;38,37;1,35;37,24;4;2026;14;ATIVO;ARAÇU;Dia 10;NÃO;SUPERMERCADO;92;BRONZE
SUPERMERCADO ALVORADA ( PETI );724074,69;0;0;126,52;217,16;58;22;13;41;75;93;36,45;173,78;8,84;172,9;6;2024;56;ATIVO;ARAÇU;Dia 10;NÃO;SUPERMERCADO;92;BRONZE
SUPERMERCADO ALVORADA ( PETI );716548,56;0;0;11,46;115,84;16;8;3;0;16;27;10,63;57,16;3,3;74,53;5;2025;20;ATIVO;ARAÇU;Dia 10;NÃO;SUPERMERCADO;92;BRONZE
SUPERMERCADO ALVORADA ( PETI );711398,48;0;0;44,67;462,24;29;17;0;0;16;24;15,21;73,84;1,12;9,14;8;2025;30;ATIVO;ARAÇU;Dia 10;NÃO;SUPERMERCADO;92;BRONZE
SUPERMERCADO ALVORADA ( PETI );710410,45;0;0;33,24;118,57;65;47;7;32;65;86;15,23;67,65;12,31;103,22;2;2024;49;ATIVO;ARAÇU;Dia 10;NÃO;SUPERMERCADO;92;BRONZE
SUPERMERCADO ALVORADA ( PETI );706180,63;0;0;125,14;100,06;26;156;88;0;0;33;4,25;21,18;8,4;25,16;6;2026;85;ATIVO;ARAÇU;Dia 10;NÃO;SUPERMERCADO;92;BRONZE
SUPERMERCADO ALVORADA ( PETI );693822,37;0;0;227,5;110,17;166;15;10;26;46;59;30;146,53;7,02;49,4;4;2024;50;ATIVO;ARAÇU;Dia 10;NÃO;SUPERMERCADO;92;BRONZE
SUPERMERCADO ALVORADA ( PETI );693556,13;0;0;14,22;29,96;10;6;47;0;5;15;2,49;12,02;2,49;9,61;3;2026;3;ATIVO;ARAÇU;Dia 10;NÃO;SUPERMERCADO;92;BRONZE
SUPERMERCADO ALVORADA ( PETI );693411,87;0;0;76,24;97,79;61;41;3;32;65;90;6,96;29,76;20,94;171,9;1;2024;34;ATIVO;ARAÇU;Dia 10;NÃO;SUPERMERCADO;92;BRONZE
SUPERMERCADO ALVORADA ( PETI );688062,6;0;0;52,96;266,93;27;16;1;0;17;24;19,93;96,19;0;12,94;7;2025;30;ATIVO;ARAÇU;Dia 10;NÃO;SUPERMERCADO;92;BRONZE
SUPERMERCADO ALVORADA ( PETI );687286,47;0;0;3332,21;700,18;188;50;15;298;275;495;28,32;126,11;29;5017,34;11;2023;53;ATIVO;ARAÇU;Dia 10;NÃO;SUPERMERCADO;92;BRONZE
SUPERMERCADO ALVORADA ( PETI );681874,14;0;0;100,28;233,01;21;16;13;0;18;23;5,47;28,12;2,24;97,32;10;2025;17;ATIVO;ARAÇU;Dia 10;NÃO;SUPERMERCADO;92;BRONZE
SUPERMERCADO ALVORADA ( PETI );649782,28;0;0;151,21;136,85;28;15;50;0;9;19;1,52;8,23;7,74;33,19;1;2026;20;ATIVO;ARAÇU;Dia 10;NÃO;SUPERMERCADO;92;BRONZE
SUPERMERCADO ALVORADA ( PETI );625778,57;0;0;55,98;31,5;14;5;48;0;5;13;1,91;9,74;1,66;10,08;2;2026;9;ATIVO;ARAÇU;Dia 10;NÃO;SUPERMERCADO;92;BRONZE
SUPERMERCADO ALVORADA ( PETI );623699,97;0;0;45,58;340,19;28;21;8;0;14;14;1,56;9,97;2,24;57,23;9;2025;24;ATIVO;ARAÇU;Dia 10;NÃO;SUPERMERCADO;92;BRONZE
SUPERMERCADO ALVORADA ( PETI );604774,29;0;0;11,54;66,07;18;5;2;0;13;17;4,59;25,61;6,45;16,31;6;2025;23;ATIVO;ARAÇU;Dia 10;NÃO;SUPERMERCADO;92;BRONZE
SUPERMERCADO ALVORADA ( PETI );592405,03;0;0;20,79;60,95;19;7;3;0;10;21;2,97;17,85;8,96;31,73;4;2025;16;ATIVO;ARAÇU;Dia 10;NÃO;SUPERMERCADO;92;BRONZE
SUPERMERCADO ALVORADA ( PETI );40431,18;0;0;40,22;6,45;27;10;64;0;12;20;0,82;3,84;2,81;8,88;7;2026;16;ATIVO;ARAÇU;Dia 10;NÃO;SUPERMERCADO;92;BRONZE
SUPERMERCADO ARUBAS;1650479,03;0;0;993,71;2866,64;443;486;41;0;1620;833;1475,57;6806,44;212,52;18383,86;7;2026;277;ATIVO;ARUANÃ;Dia 30;NÃO;SUPERMERCADO;227;BRONZE
SUPERMERCADO ARUBAS;1281377,32;0;0;327,85;367,27;79;73;24;0;424;592;359,48;1651,89;122,32;13822,88;7;2025;216;ATIVO;ARUANÃ;Dia 30;NÃO;SUPERMERCADO;227;BRONZE
SUPERMERCADO ARUBAS;1075342,27;0;0;611,97;1481,55;648;89;26;0;2449;473;3286,71;15162,29;29,23;4346,83;10;2025;240;ATIVO;ARUANÃ;Dia 30;NÃO;SUPERMERCADO;227;BRONZE
SUPERMERCADO ARUBAS;863314,75;0;0;291,07;1972,1;250;48;17;0;520;713;182,13;840,38;230,6;28579,38;4;2025;191;ATIVO;ARUANÃ;Dia 30;NÃO;SUPERMERCADO;227;BRONZE
SUPERMERCADO ARUBAS;858114,11;0;0;395,59;1203,85;272;71;21;0;2573;437;5043,58;23259,55;0;0;1;2026;212;ATIVO;ARUANÃ;Dia 30;NÃO;SUPERMERCADO;227;BRONZE
SUPERMERCADO ARUBAS;852319,72;0;0;902,27;1375,32;309;444;26;0;2632;772;4987,8;22999,24;0;0;6;2026;226;ATIVO;ARUANÃ;Dia 30;NÃO;SUPERMERCADO;227;BRONZE
SUPERMERCADO ARUBAS;840254,86;0;0;507,46;1389,13;274;85;32;0;2614;480;4858,93;22371,5;0;0;4;2026;211;ATIVO;ARUANÃ;Dia 30;NÃO;SUPERMERCADO;227;BRONZE
SUPERMERCADO ARUBAS;798261,87;0;0;272,77;721,78;177;53;19;0;624;832;202,71;934,59;188,53;32371,5;3;2025;202;ATIVO;ARUANÃ;Dia 30;NÃO;SUPERMERCADO;227;BRONZE
SUPERMERCADO ARUBAS;797564;0;0;489,25;939,54;293;79;20;0;307;425;112,94;517,91;46,38;7474,21;9;2025;224;ATIVO;ARUANÃ;Dia 30;NÃO;SUPERMERCADO;227;BRONZE
SUPERMERCADO ARUBAS;762310,4;0;0;319,02;1250,39;260;73;26;0;2504;421;4767,47;21980,86;0;0;2;2026;189;ATIVO;ARUANÃ;Dia 30;NÃO;SUPERMERCADO;227;BRONZE
SUPERMERCADO ARUBAS;760941,19;0;0;443,89;1164,49;268;78;21;0;2480;439;4421,48;20374,07;0;0;5;2026;213;ATIVO;ARUANÃ;Dia 30;NÃO;SUPERMERCADO;227;BRONZE
SUPERMERCADO ARUBAS;757785,54;0;0;353,14;1235,84;272;68;16;0;2446;410;4357,67;20123,19;0;17,33;11;2025;210;ATIVO;ARUANÃ;Dia 30;NÃO;SUPERMERCADO;227;BRONZE
SUPERMERCADO ARUBAS;729085,98;0;0;278,13;1173,23;275;72;22;0;2495;472;4276,39;19713,99;0;0;3;2026;199;ATIVO;ARUANÃ;Dia 30;NÃO;SUPERMERCADO;227;BRONZE
SUPERMERCADO ARUBAS;634937,34;0;0;180,83;712,85;220;58;15;0;321;459;130,82;602,58;43,38;12370,92;8;2025;190;ATIVO;ARUANÃ;Dia 30;NÃO;SUPERMERCADO;227;BRONZE
SUPERMERCADO ARUBAS;524265,84;0;0;213,14;1007,9;244;58;19;0;443;611;126,62;582,41;62,48;12370,92;6;2025;199;ATIVO;ARUANÃ;Dia 30;NÃO;SUPERMERCADO;227;BRONZE
SUPERMERCADO ARUBAS;208834,02;0;0;46,73;205,65;91;91;6;0;321;432;43,57;200,48;116,19;7055,96;5;2025;121;ATIVO;ARUANÃ;Dia 30;NÃO;SUPERMERCADO;227;BRONZE
SUPERMERCADO ASTROS;629947,22;55854,31;6696,1;78,07;45,31;33;6;3;0;277;462;108,07;499,58;5,92;8,97;7;2026;20;ATIVO;PANAMÁ;Dia 20;SIM;SUPERMERCADO;178;PRATA
SUPERMERCADO ASTROS;615589,21;57476,51;6895,98;14,49;11,29;4;2;0;0;338;571;146,65;678,24;2,87;10,61;6;2026;6;ATIVO;PANAMÁ;Dia 20;SIM;SUPERMERCADO;178;PRATA
SUPERMERCADO ASTROS;588303,96;46940,34;5631,64;15,5;60,75;12;3;0;0;321;521;137,34;634,5;4,39;3,9;5;2026;9;ATIVO;PANAMÁ;Dia 20;SIM;SUPERMERCADO;178;PRATA
SUPERMERCADO ASTROS;574900,9;46160,46;5537,82;64,12;36,42;12;6;0;0;42;58;12,96;61,74;0,77;15,37;12;2025;12;ATIVO;PANAMÁ;Dia 20;SIM;SUPERMERCADO;178;PRATA
SUPERMERCADO ASTROS;545668,24;38562,14;4619,09;50,54;104,9;32;13;2;0;310;515;119,85;552,7;8,64;24,44;4;2026;40;ATIVO;PANAMÁ;Dia 20;SIM;SUPERMERCADO;178;PRATA
SUPERMERCADO ASTROS;538310,02;53072,71;6368,73;93,34;11,05;8;5;2;0;61;106;21,59;98,92;1,66;11,44;7;2025;8;ATIVO;PANAMÁ;Dia 20;SIM;SUPERMERCADO;178;PRATA
SUPERMERCADO ASTROS;526591,97;44801,32;5376,16;240,2;61,64;29;5;2;0;39;40;10,82;49,91;13,94;225,44;3;2025;24;ATIVO;PANAMÁ;Dia 20;SIM;SUPERMERCADO;178;PRATA
SUPERMERCADO ASTROS;526420,47;42339,21;5068,41;46,81;188,45;32;13;3;0;342;544;139,72;645,39;8,28;65,57;3;2026;41;ATIVO;PANAMÁ;Dia 20;SIM;SUPERMERCADO;178;PRATA
SUPERMERCADO ASTROS;521950,47;41674,06;4995,62;95,86;62,04;21;10;1;0;22;37;4,39;23,23;13,42;17,2;11;2025;18;ATIVO;PANAMÁ;Dia 20;SIM;SUPERMERCADO;178;PRATA
SUPERMERCADO ASTROS;520637,43;42374,08;5083,09;81,1;75,45;34;12;2;0;143;266;36,87;171,18;4,52;17,86;1;2026;25;ATIVO;PANAMÁ;Dia 20;SIM;SUPERMERCADO;178;PRATA
SUPERMERCADO ASTROS;519104,51;43438,77;5212,65;8,35;28,31;11;3;0;0;28;50;15,28;73,14;5,45;18,1;8;2025;9;ATIVO;PANAMÁ;Dia 20;SIM;SUPERMERCADO;178;PRATA
SUPERMERCADO ASTROS;510221,31;42461,54;5083,69;96,9;64,17;24;11;0;0;24;47;3,88;18,88;6,33;10,55;10;2025;24;ATIVO;PANAMÁ;Dia 20;SIM;SUPERMERCADO;178;PRATA
SUPERMERCADO ASTROS;505375,19;47579,5;5709,54;25,3;8,49;3;2;1;0;54;97;14,75;70,49;4,98;31,42;6;2025;7;ATIVO;PANAMÁ;Dia 20;SIM;SUPERMERCADO;178;PRATA
SUPERMERCADO ASTROS;501715,89;43633,6;3344,38;2084,23;239,55;113;28;1;0;446;494;89,57;412,2;264,91;3673,73;1;2025;124;ATIVO;PANAMÁ;Dia 20;SIM;SUPERMERCADO;178;PRATA
SUPERMERCADO ASTROS;485003,08;38105,48;4572,06;62,69;163,55;31;13;2;0;302;510;118,32;546,46;0;20,62;2;2026;42;ATIVO;PANAMÁ;Dia 20;SIM;SUPERMERCADO;178;PRATA
SUPERMERCADO ASTROS;483753,3;43042,71;5165,13;3,19;16,61;6;4;2;0;29;43;4,11;21,39;0;24,16;5;2025;7;ATIVO;PANAMÁ;Dia 20;SIM;SUPERMERCADO;178;PRATA
SUPERMERCADO ASTROS;474378,63;39723,86;4766,86;103,74;107,46;22;10;2;0;16;30;6,09;31,06;1,54;14,06;9;2025;21;ATIVO;PANAMÁ;Dia 20;SIM;SUPERMERCADO;178;PRATA
SUPERMERCADO ASTROS;452763,85;40497,78;4748,53;489,04;173,87;55;13;6;0;154;183;70,46;323,31;24,79;941,25;2;2025;47;ATIVO;PANAMÁ;Dia 20;SIM;SUPERMERCADO;178;PRATA
SUPERMERCADO ASTROS;439306,22;35318,41;4238,21;11,78;22,72;9;4;2;0;21;34;6,09;28,81;0;11,92;4;2025;10;ATIVO;PANAMÁ;Dia 20;SIM;SUPERMERCADO;178;PRATA
SUPERMERCADO ATLÂNTICO;590919,67;0;0;251,5;252,43;36;23;4;0;35;37;23,54;108,86;0;185,55;12;2025;34;ATIVO;SÃO LUIZ DO NORTE;Dia 30;NÃO;SUPERMERCADO;209;BRONZE
SUPERMERCADO ATLÂNTICO;583821,42;0;0;37,01;218,41;16;11;2;0;19;21;15,42;71,37;0;160,36;12;2024;19;ATIVO;SÃO LUIZ DO NORTE;Dia 30;NÃO;SUPERMERCADO;209;BRONZE
SUPERMERCADO ATLÂNTICO;571780,7;0;0;0;0;0;0;0;0;0;0;0;0;0;0;12;2022;0;ATIVO;SÃO LUIZ DO NORTE;Dia 30;NÃO;SUPERMERCADO;209;BRONZE
SUPERMERCADO ATLÂNTICO;566377,74;0;0;27,18;20,55;7;5;2;0;11;11;3,45;16,03;0;92,15;6;2026;5;ATIVO;SÃO LUIZ DO NORTE;Dia 30;NÃO;SUPERMERCADO;209;BRONZE
SUPERMERCADO ATLÂNTICO;551938,9;0;0;59,31;228,05;25;31;3;0;26;38;43,97;202,5;0;94,58;5;2026;19;ATIVO;SÃO LUIZ DO NORTE;Dia 30;NÃO;SUPERMERCADO;209;BRONZE
SUPERMERCADO ATLÂNTICO;540160,65;0;0;108,7;221,3;28;16;8;0;25;26;3,71;17,28;48,37;523,37;12;2023;54;ATIVO;SÃO LUIZ DO NORTE;Dia 30;NÃO;SUPERMERCADO;209;BRONZE
SUPERMERCADO ATLÂNTICO;533711,47;0;0;188,86;300,84;42;48;6;0;55;48;21,09;97,5;9,26;114,4;4;2026;27;ATIVO;SÃO LUIZ DO NORTE;Dia 30;NÃO;SUPERMERCADO;209;BRONZE
SUPERMERCADO ATLÂNTICO;533292,43;0;0;74,28;184,96;21;15;2;0;18;20;11,26;51,75;0;130,26;10;2024;23;ATIVO;SÃO LUIZ DO NORTE;Dia 30;NÃO;SUPERMERCADO;209;BRONZE
SUPERMERCADO ATLÂNTICO;522358,27;0;0;163,41;321,58;16;17;4;0;17;18;12,14;55,77;0;4,74;7;2024;15;ATIVO;SÃO LUIZ DO NORTE;Dia 30;NÃO;SUPERMERCADO;209;BRONZE
SUPERMERCADO ATLÂNTICO;515607,2;0;0;127,62;176,38;37;23;10;0;32;34;35,54;163,66;0;156,18;10;2025;28;ATIVO;SÃO LUIZ DO NORTE;Dia 30;NÃO;SUPERMERCADO;209;BRONZE
SUPERMERCADO ATLÂNTICO;508111,92;0;0;179,63;311,25;37;23;8;0;30;34;22,99;106,24;0;189,4;3;2026;28;ATIVO;SÃO LUIZ DO NORTE;Dia 30;NÃO;SUPERMERCADO;209;BRONZE
SUPERMERCADO ATLÂNTICO;505530,66;0;0;55,32;86,99;12;11;5;0;21;22;17,68;80,49;0;108;8;2024;15;ATIVO;SÃO LUIZ DO NORTE;Dia 30;NÃO;SUPERMERCADO;209;BRONZE
SUPERMERCADO ATLÂNTICO;501902,49;0;0;144,15;81,27;29;16;4;0;24;27;16,61;77,04;0;14,07;1;2025;25;ATIVO;SÃO LUIZ DO NORTE;Dia 30;NÃO;SUPERMERCADO;209;BRONZE
SUPERMERCADO ATLÂNTICO;498937,05;0;0;177,54;241,04;35;23;7;0;30;34;21,06;97,63;0;121,38;1;2026;30;ATIVO;SÃO LUIZ DO NORTE;Dia 30;NÃO;SUPERMERCADO;209;BRONZE
SUPERMERCADO ATLÂNTICO;498570,73;0;0;122,75;48,24;23;14;6;0;24;26;18,09;82,85;0;119,74;3;2025;26;ATIVO;SÃO LUIZ DO NORTE;Dia 30;NÃO;SUPERMERCADO;209;BRONZE
SUPERMERCADO ATLÂNTICO;497726,37;0;0;21,95;44,01;22;16;5;0;34;35;19,29;89;2,6;606,43;7;2025;14;ATIVO;SÃO LUIZ DO NORTE;Dia 30;NÃO;SUPERMERCADO;209;BRONZE
SUPERMERCADO ATLÂNTICO;491862,59;0;0;66,56;10,3;12;10;4;0;23;25;18,21;84,3;0;127,95;4;2025;8;ATIVO;SÃO LUIZ DO NORTE;Dia 30;NÃO;SUPERMERCADO;209;BRONZE
SUPERMERCADO ATLÂNTICO;488584,24;0;0;62,04;147,89;25;19;3;0;15;17;8,89;40,92;0;122,5;11;2024;29;ATIVO;SÃO LUIZ DO NORTE;Dia 30;NÃO;SUPERMERCADO;209;BRONZE
SUPERMERCADO ATLÂNTICO;487848,62;0;0;56,81;39,71;24;17;8;0;35;32;18,56;85,78;0;244,15;5;2025;8;ATIVO;SÃO LUIZ DO NORTE;Dia 30;NÃO;SUPERMERCADO;209;BRONZE
SUPERMERCADO ATLÂNTICO;484280,15;0;0;109,58;49,14;22;6;2;0;25;25;37,39;171,77;0;48,72;3;2024;22;ATIVO;SÃO LUIZ DO NORTE;Dia 30;NÃO;SUPERMERCADO;209;BRONZE
SUPERMERCADO ATLÂNTICO;478876,1;0;0;99,56;113,73;35;20;8;0;20;21;32,24;148,74;0;60,78;5;2024;31;ATIVO;SÃO LUIZ DO NORTE;Dia 30;NÃO;SUPERMERCADO;209;BRONZE
SUPERMERCADO ATLÂNTICO;471366,3;0;0;55,11;81,04;24;13;4;0;18;20;5,96;27,59;43,91;346,17;11;2023;17;ATIVO;SÃO LUIZ DO NORTE;Dia 30;NÃO;SUPERMERCADO;209;BRONZE
SUPERMERCADO ATLÂNTICO;467013,07;0;0;171,41;108,17;37;18;9;0;24;25;35,75;164,39;0;0;4;2024;26;ATIVO;SÃO LUIZ DO NORTE;Dia 30;NÃO;SUPERMERCADO;209;BRONZE
SUPERMERCADO ATLÂNTICO;464665,55;0;0;27,55;166,23;17;18;6;0;20;21;12,34;55,79;0;157,46;9;2024;15;ATIVO;SÃO LUIZ DO NORTE;Dia 30;NÃO;SUPERMERCADO;209;BRONZE
SUPERMERCADO ATLÂNTICO;464640,32;0;0;37,29;227,55;29;18;5;0;23;25;29,66;136,7;43,62;400,87;1;2024;59;ATIVO;SÃO LUIZ DO NORTE;Dia 30;NÃO;SUPERMERCADO;209;BRONZE
SUPERMERCADO ATLÂNTICO;464270,09;0;0;90,25;105,88;28;19;7;0;17;17;25,33;116,59;0;79,75;6;2024;23;ATIVO;SÃO LUIZ DO NORTE;Dia 30;NÃO;SUPERMERCADO;209;BRONZE
SUPERMERCADO ATLÂNTICO;461290,16;0;0;143,83;288,4;33;22;7;0;26;30;9,08;41,97;0;165,7;2;2026;27;ATIVO;SÃO LUIZ DO NORTE;Dia 30;NÃO;SUPERMERCADO;209;BRONZE
SUPERMERCADO ATLÂNTICO;459792,45;0;0;167,2;377,02;35;20;10;0;17;20;11,96;55,2;1,78;26,09;8;2023;29;ATIVO;SÃO LUIZ DO NORTE;Dia 30;NÃO;SUPERMERCADO;209;BRONZE
SUPERMERCADO ATLÂNTICO;458493,49;0;0;30,49;67,97;16;12;6;0;32;33;16,46;76,18;0;387,41;8;2025;11;ATIVO;SÃO LUIZ DO NORTE;Dia 30;NÃO;SUPERMERCADO;209;BRONZE
SUPERMERCADO ATLÂNTICO;453962,63;0;0;79,12;232,45;33;18;6;0;14;16;5,41;24,94;0;10,65;7;2023;32;ATIVO;SÃO LUIZ DO NORTE;Dia 30;NÃO;SUPERMERCADO;209;BRONZE
SUPERMERCADO ATLÂNTICO;452519,07;0;0;40,57;62,19;22;18;7;0;27;29;24,64;113,26;1,3;309,16;6;2025;42;ATIVO;SÃO LUIZ DO NORTE;Dia 30;NÃO;SUPERMERCADO;209;BRONZE
SUPERMERCADO ATLÂNTICO;449483,85;0;0;126,81;105,57;21;10;2;0;22;24;16,54;76,03;0;43,79;2;2025;29;ATIVO;SÃO LUIZ DO NORTE;Dia 30;NÃO;SUPERMERCADO;209;BRONZE
SUPERMERCADO ATLÂNTICO;442953,78;0;0;51,83;22,97;18;7;2;0;7;8;1,32;6,16;1,78;52,2;9;2023;15;ATIVO;SÃO LUIZ DO NORTE;Dia 30;NÃO;SUPERMERCADO;209;BRONZE
SUPERMERCADO ATLÂNTICO;442594,18;0;0;1858,76;1882,23;306;124;111;4;233;292;41,68;192,35;35,39;5464,07;10;2022;0;ATIVO;SÃO LUIZ DO NORTE;Dia 30;NÃO;SUPERMERCADO;209;BRONZE
SUPERMERCADO ATLÂNTICO;442481,76;0;0;78,83;170,81;36;17;5;6;17;20;4,16;19,41;0;40,01;5;2023;35;ATIVO;SÃO LUIZ DO NORTE;Dia 30;NÃO;SUPERMERCADO;209;BRONZE
SUPERMERCADO ATLÂNTICO;440319,84;0;0;583,38;20,39;19;13;5;0;15;15;27,6;127;1,92;31,04;2;2024;30;ATIVO;SÃO LUIZ DO NORTE;Dia 30;NÃO;SUPERMERCADO;209;BRONZE
SUPERMERCADO ATLÂNTICO;440100,75;0;0;54,33;33,67;19;13;5;0;9;9;4,16;19,44;0;25,41;10;2023;9;ATIVO;SÃO LUIZ DO NORTE;Dia 30;NÃO;SUPERMERCADO;209;BRONZE
SUPERMERCADO ATLÂNTICO;438980,95;0;0;1919,55;2529,36;311;131;119;3;234;287;44,43;204,01;100,05;5675,3;1;2023;403;ATIVO;SÃO LUIZ DO NORTE;Dia 30;NÃO;SUPERMERCADO;209;BRONZE
SUPERMERCADO ATLÂNTICO;432898,62;0;0;49,52;53,72;19;3;2;4;12;13;39,47;181,17;0;16,19;3;2023;26;ATIVO;SÃO LUIZ DO NORTE;Dia 30;NÃO;SUPERMERCADO;209;BRONZE
SUPERMERCADO ATLÂNTICO;429331,05;0;0;116,58;186,85;31;18;6;0;15;18;2,68;12,46;0;43,9;6;2023;28;ATIVO;SÃO LUIZ DO NORTE;Dia 30;NÃO;SUPERMERCADO;209;BRONZE
SUPERMERCADO ATLÂNTICO;409855,02;0;0;50,02;126,62;21;7;3;4;15;17;3,75;17,45;0;44,36;4;2023;22;ATIVO;SÃO LUIZ DO NORTE;Dia 30;NÃO;SUPERMERCADO;209;BRONZE
SUPERMERCADO ATLÂNTICO;391586,56;0;0;121,64;95,41;25;5;2;4;17;17;22,84;103,55;0;46,56;2;2023;22;ATIVO;SÃO LUIZ DO NORTE;Dia 30;NÃO;SUPERMERCADO;209;BRONZE
SUPERMERCADO BARATEIRO;2171665,32;0;0;647,48;209,46;35;23;4;0;267;492;113,52;530,66;47,58;4639,39;6;2026;30;ATIVO;SENADOR CANEDO;Dia 25;NÃO;SUPERMERCADO;189;BRONZE
SUPERMERCADO BARATEIRO;1965816;0;0;14382,63;491,88;1809;235;200;74;355;375;186,85;863,99;275,25;5880,92;2;2024;742;ATIVO;SENADOR CANEDO;Dia 25;NÃO;SUPERMERCADO;189;BRONZE
SUPERMERCADO BARATEIRO;1764683,11;0;0;388,82;128,28;21;18;2;0;96;189;0;0;15,4;1178,02;5;2026;19;ATIVO;SENADOR CANEDO;Dia 25;NÃO;SUPERMERCADO;189;BRONZE
SUPERMERCADO BARATEIRO;1754517,43;0;0;325,18;3,55;5;12;1;0;8;48;11,22;52,79;0;179,42;12;2025;2;ATIVO;SENADOR CANEDO;Dia 25;NÃO;SUPERMERCADO;189;BRONZE
SUPERMERCADO BARATEIRO;1648431,46;0;0;525,25;22,74;18;14;2;0;9;41;3,74;17,74;0;236,69;10;2025;8;ATIVO;SENADOR CANEDO;Dia 25;NÃO;SUPERMERCADO;189;BRONZE
SUPERMERCADO BARATEIRO;1619108,07;0;0;27,86;79,32;21;19;2;0;14;50;4,74;21,87;0;146,62;5;2025;9;ATIVO;SENADOR CANEDO;Dia 25;NÃO;SUPERMERCADO;189;BRONZE
SUPERMERCADO BARATEIRO;1613627,67;0;0;317,05;28,67;15;10;2;0;10;50;1,76;8,18;0;14,69;8;2025;6;ATIVO;SENADOR CANEDO;Dia 25;NÃO;SUPERMERCADO;189;BRONZE
SUPERMERCADO BARATEIRO;1609129,82;0;0;367,36;0,68;4;11;0;0;11;36;0,84;11,14;0;143,95;3;2026;2;ATIVO;SENADOR CANEDO;Dia 25;NÃO;SUPERMERCADO;189;BRONZE
SUPERMERCADO BARATEIRO;1598911,36;0;0;334,26;43,51;13;18;3;0;18;44;2,12;19;1,88;136,9;4;2026;5;ATIVO;SENADOR CANEDO;Dia 25;NÃO;SUPERMERCADO;189;BRONZE
SUPERMERCADO BARATEIRO;1584573,4;0;0;97,82;12,7;13;21;1;0;4;36;2,8;13,41;0;16,93;6;2025;6;ATIVO;SENADOR CANEDO;Dia 25;NÃO;SUPERMERCADO;189;BRONZE
SUPERMERCADO BARATEIRO;1579858,79;0;0;354,2;36,59;4;10;1;0;5;39;1,29;14,02;0;143,02;1;2026;3;ATIVO;SENADOR CANEDO;Dia 25;NÃO;SUPERMERCADO;189;BRONZE
SUPERMERCADO BARATEIRO;1573946,09;0;0;36,66;25,78;10;16;2;0;6;40;6,64;30,56;0;16,46;7;2025;2;ATIVO;SENADOR CANEDO;Dia 25;NÃO;SUPERMERCADO;189;BRONZE
SUPERMERCADO BARATEIRO;1537506,8;0;0;331,62;242,79;114;109;13;0;51;68;6,6;29,81;51,23;170,8;11;2024;64;ATIVO;SENADOR CANEDO;Dia 25;NÃO;SUPERMERCADO;189;BRONZE
SUPERMERCADO BARATEIRO;1516282,94;0;0;295,96;200,59;65;25;11;0;36;51;6,07;27,48;51,61;1960,3;12;2024;26;ATIVO;SENADOR CANEDO;Dia 25;NÃO;SUPERMERCADO;189;BRONZE
SUPERMERCADO BARATEIRO;1504952,62;0;0;437,13;344,7;100;30;12;0;52;67;26,41;125,67;13,98;2761,15;3;2025;60;ATIVO;SENADOR CANEDO;Dia 25;NÃO;SUPERMERCADO;189;BRONZE
SUPERMERCADO BARATEIRO;1499710,61;0;0;988,32;100,78;119;100;13;24;39;48;2,96;13,57;44,2;97,87;9;2024;68;ATIVO;SENADOR CANEDO;Dia 25;NÃO;SUPERMERCADO;189;BRONZE
SUPERMERCADO BARATEIRO;1497273,6;0;0;394,39;92,34;140;106;12;40;37;50;4,32;19,88;50,27;48,63;8;2024;90;ATIVO;SENADOR CANEDO;Dia 25;NÃO;SUPERMERCADO;189;BRONZE
SUPERMERCADO BARATEIRO;1481474,19;0;0;50,74;311,48;32;19;2;0;14;43;1,74;7,49;3,52;34,47;4;2025;12;ATIVO;SENADOR CANEDO;Dia 25;NÃO;SUPERMERCADO;189;BRONZE
SUPERMERCADO BARATEIRO;1457757,46;0;0;364,34;337,18;117;109;12;3;26;42;7,21;33,52;26,04;4,52;10;2024;66;ATIVO;SENADOR CANEDO;Dia 25;NÃO;SUPERMERCADO;189;BRONZE
SUPERMERCADO BARATEIRO;1454010,07;0;0;332,38;16,2;5;13;0;0;5;32;0,16;9,02;1,95;137,56;2;2026;4;ATIVO;SENADOR CANEDO;Dia 25;NÃO;SUPERMERCADO;189;BRONZE
SUPERMERCADO BARATEIRO;1408407,53;0;0;2013,3;389,39;390;609;32;32;105;120;24,71;114,04;115,57;867,5;5;2024;205;ATIVO;SENADOR CANEDO;Dia 25;NÃO;SUPERMERCADO;189;BRONZE
SUPERMERCADO BARATEIRO;1392041,84;0;0;2076,69;424,45;386;84;36;40;119;134;38,14;175,78;116,31;549,57;6;2024;225;ATIVO;SENADOR CANEDO;Dia 25;NÃO;SUPERMERCADO;189;BRONZE
SUPERMERCADO BARATEIRO;1391070,3;0;0;1046,76;167,28;158;70;18;32;50;63;11,47;53,32;26,64;79,16;7;2024;105;ATIVO;SENADOR CANEDO;Dia 25;NÃO;SUPERMERCADO;189;BRONZE
SUPERMERCADO BARATEIRO;1358281,93;0;0;334,17;227,41;79;29;11;0;30;49;5,44;24,81;43,95;2682,55;1;2025;42;ATIVO;SENADOR CANEDO;Dia 25;NÃO;SUPERMERCADO;189;BRONZE
SUPERMERCADO BARATEIRO;1331645,19;0;0;37,2;91,01;128,21;9;25;38;221;225;82,8;384,11;188,78;3439,28;12;2023;27;ATIVO;SENADOR CANEDO;Dia 25;NÃO;SUPERMERCADO;189;BRONZE
SUPERMERCADO BARATEIRO;1230554,34;0;0;35773,71;1329,19;1656;178;149;37;278;294;134,59;620,82;187,35;3318,06;3;2024;681;ATIVO;SENADOR CANEDO;Dia 25;NÃO;SUPERMERCADO;189;BRONZE
SUPERMERCADO BARATEIRO;1205182,56;0;0;17869,37;724,56;1420;687;142;36;252;269;61,25;285,23;109,22;1968,99;4;2024;625;ATIVO;SENADOR CANEDO;Dia 25;NÃO;SUPERMERCADO;189;BRONZE
SUPERMERCADO BARATEIRO;1186043,64;0;0;27,54;102,38;117;11;29;43;208;209;83,26;384,33;180,31;3400,79;1;2024;26;ATIVO;SENADOR CANEDO;Dia 25;NÃO;SUPERMERCADO;189;BRONZE
SUPERMERCADO BARATEIRO;1177542,59;0;0;528,05;347,49;37;18;4;60;65;98;181,38;844,64;1,66;261,43;7;2026;13;ATIVO;SENADOR CANEDO;Dia 25;NÃO;SUPERMERCADO;189;BRONZE
SUPERMERCADO BARATEIRO;1058542,99;0;0;163,72;250,88;150;16;32;0;207;211;95,88;444,47;113,3;2921,9;10;2023;54;ATIVO;SENADOR CANEDO;Dia 25;NÃO;SUPERMERCADO;189;BRONZE
SUPERMERCADO BARATEIRO;1053446,73;0;0;169,44;206,25;141;15;37;0;204;208;64,18;298,25;125,47;3056,03;11;2023;28;ATIVO;SENADOR CANEDO;Dia 25;NÃO;SUPERMERCADO;189;BRONZE
SUPERMERCADO BARATEIRO;1047099,46;0;0;653,06;35198,52;3119;226;190;184;506;507;583,02;2947,81;521,69;5958,06;4;2023;56;ATIVO;SENADOR CANEDO;Dia 25;NÃO;SUPERMERCADO;189;BRONZE
SUPERMERCADO BARATEIRO;1040046,57;0;0;303,22;277,32;206;25;31;0;199;204;76,4;354,64;144,69;3116,46;9;2023;58;ATIVO;SENADOR CANEDO;Dia 25;NÃO;SUPERMERCADO;189;BRONZE
SUPERMERCADO BARATEIRO;1038645,22;0;0;560,76;697,61;264;31;30;0;218;221;74,72;358,15;145,39;3050,22;7;2023;61;ATIVO;SENADOR CANEDO;Dia 25;NÃO;SUPERMERCADO;189;BRONZE
SUPERMERCADO BARATEIRO;1033308,12;0;0;256,08;21642,81;2245;363;137;196;361;363;787,53;3926,66;294,69;4425,65;5;2023;56;ATIVO;SENADOR CANEDO;Dia 25;NÃO;SUPERMERCADO;189;BRONZE
SUPERMERCADO BARATEIRO;1006582,51;0;0;439,11;532,53;228;25;40;0;194;198;76,99;354,43;121,38;3091,67;8;2023;62;ATIVO;SENADOR CANEDO;Dia 25;NÃO;SUPERMERCADO;189;BRONZE
SUPERMERCADO BARATEIRO;990318,85;0;0;130,7;15587;1707;97;92;0;297;299;824,96;4196,63;192,72;3350,45;6;2023;49;ATIVO;SENADOR CANEDO;Dia 25;NÃO;SUPERMERCADO;189;BRONZE
SUPERMERCADO BARATEIRO;865685,6;0;0;44,99;71303,94;4184;406;342;196;3114;4204;2962,17;13733,04;234,09;3180,08;3;2023;739;ATIVO;SENADOR CANEDO;Dia 25;NÃO;SUPERMERCADO;189;BRONZE
SUPERMERCADO BARATEIRO;834002,53;0;0;283;301,58;81;27;11;0;32;46;3,68;17,18;17,51;2708,89;2;2025;49;ATIVO;SENADOR CANEDO;Dia 25;NÃO;SUPERMERCADO;189;BRONZE
SUPERMERCADO BARRETO;1152338,92;0;0;27,43;85,24;16;5;0;0;13;14;6,4;30,13;0;4,1;7;2026;7;ATIVO;ALTO PARAÍSO DE GOIÁS;Dia 30;NÃO;SUPERMERCADO;224;PRATA
SUPERMERCADO BARRETO;1028650,93;0;0;67,66;52,61;17;6;0;0;13;14;10,01;46,62;0;12,07;6;2026;10;ATIVO;ALTO PARAÍSO DE GOIÁS;Dia 30;NÃO;SUPERMERCADO;224;PRATA
SUPERMERCADO BARRETO;1022070,25;0;0;38,15;28,84;13;7;0;0;6;6;7,32;34,95;0;4,98;7;2025;9;ATIVO;ALTO PARAÍSO DE GOIÁS;Dia 30;NÃO;SUPERMERCADO;224;PRATA
SUPERMERCADO BARRETO;982509,91;0;0;39,08;50,28;15;7;0;0;21;22;7,08;33,24;1,58;11,43;5;2026;9;ATIVO;ALTO PARAÍSO DE GOIÁS;Dia 30;NÃO;SUPERMERCADO;224;PRATA
SUPERMERCADO BARRETO;972203,82;0;0;13,28;139,66;18;9;0;0;25;25;10,64;60,07;14,39;16,44;4;2026;11;ATIVO;ALTO PARAÍSO DE GOIÁS;Dia 30;NÃO;SUPERMERCADO;224;PRATA
SUPERMERCADO BARRETO;956304,11;0;0;20,18;26,76;9;3;0;0;6;6;3,43;16,04;1,87;10,43;10;2025;2;ATIVO;ALTO PARAÍSO DE GOIÁS;Dia 30;NÃO;SUPERMERCADO;224;PRATA
SUPERMERCADO BARRETO;950621,41;0;0;86,7;25,46;13;6;0;0;1;1;0,7;4,19;0;5,76;1;2026;9;ATIVO;ALTO PARAÍSO DE GOIÁS;Dia 30;NÃO;SUPERMERCADO;224;PRATA
SUPERMERCADO BARRETO;912446,24;0;0;20,28;36,7;10;3;0;0;11;11;7,93;37;0;38,25;9;2025;2;ATIVO;ALTO PARAÍSO DE GOIÁS;Dia 30;NÃO;SUPERMERCADO;224;PRATA
SUPERMERCADO BARRETO;901774,75;0;0;27,25;40,38;15;5;0;0;5;5;0,85;4,7;0;7,07;8;2025;9;ATIVO;ALTO PARAÍSO DE GOIÁS;Dia 30;NÃO;SUPERMERCADO;224;PRATA
SUPERMERCADO BARRETO;899866,21;0;0;97,79;681,97;462;4;0;0;16;16;15,28;70,93;1,72;36,58;4;2025;17;ATIVO;ALTO PARAÍSO DE GOIÁS;Dia 30;NÃO;SUPERMERCADO;224;PRATA
SUPERMERCADO BARRETO;884042,22;0;0;134,11;458,18;237;0;0;0;6;6;21,69;101,99;0,86;35,1;5;2025;20;ATIVO;ALTO PARAÍSO DE GOIÁS;Dia 30;NÃO;SUPERMERCADO;224;PRATA
SUPERMERCADO BARRETO;862483,94;0;0;88,23;397,13;310;9;0;0;10;10;29,04;135,32;0;6,93;6;2025;19;ATIVO;ALTO PARAÍSO DE GOIÁS;Dia 30;NÃO;SUPERMERCADO;224;PRATA
SUPERMERCADO BARRETO;859094,56;0;0;20,87;7,81;6;4;0;0;7;7;4,88;21,79;0;3,84;2;2026;5;ATIVO;ALTO PARAÍSO DE GOIÁS;Dia 30;NÃO;SUPERMERCADO;224;PRATA
SUPERMERCADO BARRETO;851061,25;0;0;38,55;99,22;20;8;1;0;22;22;8,4;47,1;6,57;9,38;3;2026;10;ATIVO;ALTO PARAÍSO DE GOIÁS;Dia 30;NÃO;SUPERMERCADO;224;PRATA
SUPERMERCADO BARRETO;787686,15;0;0;52,6;1036,36;555;5;1;0;10;10;1,26;6,83;3,12;54,64;3;2025;17;ATIVO;ALTO PARAÍSO DE GOIÁS;Dia 30;NÃO;SUPERMERCADO;224;PRATA
SUPERMERCADO BARRETO;715988,8;0;0;50,08;963,87;551;4;2;0;20;20;14,72;66,15;0;86,35;1;2025;32;ATIVO;ALTO PARAÍSO DE GOIÁS;Dia 30;NÃO;SUPERMERCADO;224;PRATA
SUPERMERCADO BARRETO;688675,99;0;0;37,89;745,98;490;4;3;0;10;11;6,74;29,47;0;43,19;2;2025;34;ATIVO;ALTO PARAÍSO DE GOIÁS;Dia 30;NÃO;SUPERMERCADO;224;PRATA
SUPERMERCADO BARRETO (GOIÂNIA);1453876,83;0;0;143,96;506,73;119;43;19;0;1513;1687;2908,78;13423,55;31,91;2063,06;1;2026;183;ATIVO;GOIÂNIA;Dia 30;NÃO;SUPERMERCADO;210;BRONZE
SUPERMERCADO BARRETO (GOIÂNIA);1390325,74;0;0;77,4;83,4;66;18;2;0;1483;1606;2318,43;10694,72;70,57;1735,25;6;2026;184;ATIVO;GOIÂNIA;Dia 30;NÃO;SUPERMERCADO;210;BRONZE
SUPERMERCADO BARRETO (GOIÂNIA);1362432,01;0;0;961,63;406,01;151;51;8;0;1630;1;2704,46;12480,72;131,02;2485,38;5;2026;212;ATIVO;GOIÂNIA;Dia 30;NÃO;SUPERMERCADO;210;BRONZE
SUPERMERCADO BARRETO (GOIÂNIA);1353073,44;0;0;1988,48;834,71;159;59;13;0;3717;1997;5268,92;24345,34;45,29;791,81;7;2026;256;ATIVO;GOIÂNIA;Dia 30;NÃO;SUPERMERCADO;210;BRONZE
SUPERMERCADO BARRETO (GOIÂNIA);1289886,07;0;0;1174,16;430,17;131;36;2;0;1767;1940;3160,46;14592,95;129,78;2121,5;3;2026;211;ATIVO;GOIÂNIA;Dia 30;NÃO;SUPERMERCADO;210;BRONZE
SUPERMERCADO BARRETO (GOIÂNIA);1219829,11;0;0;493,47;534,52;132;31;6;0;1598;1791;2896,21;13362,97;111,88;1823,23;2;2026;196;ATIVO;GOIÂNIA;Dia 30;NÃO;SUPERMERCADO;210;BRONZE
SUPERMERCADO BARRETO (GOIÂNIA);1216529,86;0;0;1195,36;520,87;155;50;7;0;1707;1889;2874,2;13263,09;100,89;2326,96;4;2026;217;ATIVO;GOIÂNIA;Dia 30;NÃO;SUPERMERCADO;210;BRONZE
SUPERMERCADO BARRETO (GOIÂNIA);1191834,68;0;0;418,32;217,38;91;23;8;0;1281;1514;1522,03;7024,39;78,72;2213,6;3;2025;111;ATIVO;GOIÂNIA;Dia 30;NÃO;SUPERMERCADO;210;BRONZE
SUPERMERCADO BARRETO (GOIÂNIA);1151592,99;0;0;121,28;508,14;100;21;7;0;1364;1576;2148,28;9914,61;8,4;1788,99;10;2025;81;ATIVO;GOIÂNIA;Dia 30;NÃO;SUPERMERCADO;210;BRONZE
SUPERMERCADO BARRETO (GOIÂNIA);1147866,97;0;0;109,33;398,79;107;26;8;0;1204;1409;1392,58;6431,5;17,72;231,9;8;2025;103;ATIVO;GOIÂNIA;Dia 30;NÃO;SUPERMERCADO;210;BRONZE
SUPERMERCADO BARRETO (GOIÂNIA);1136148,48;0;0;343,76;454,11;110;27;11;0;1095;1313;1136,19;5246,78;3,14;1741,57;4;2025;104;ATIVO;GOIÂNIA;Dia 30;NÃO;SUPERMERCADO;210;BRONZE
SUPERMERCADO BARRETO (GOIÂNIA);1112976,8;0;0;368,82;284,2;118;26;8;0;1068;1297;1052,44;4858,52;12,55;1539,53;5;2025;108;ATIVO;GOIÂNIA;Dia 30;NÃO;SUPERMERCADO;210;BRONZE
SUPERMERCADO BARRETO (GOIÂNIA);1043304,23;0;0;276,11;203,55;135;25;9;0;1306;1522;1590,46;7342,75;19,48;1378,66;6;2025;102;ATIVO;GOIÂNIA;Dia 30;NÃO;SUPERMERCADO;210;BRONZE
SUPERMERCADO BARRETO (GOIÂNIA);1029148;0;0;68,32;5318,55;100;19;7;0;1298;1512;1456,83;6724,68;15,51;565,05;7;2025;82;ATIVO;GOIÂNIA;Dia 30;NÃO;SUPERMERCADO;210;BRONZE
SUPERMERCADO BARRETO (GOIÂNIA);946465,27;0;0;338,29;66,58;96;27;7;0;1379;1599;1525,35;7038,29;52,12;1546,37;2;2025;116;ATIVO;GOIÂNIA;Dia 30;NÃO;SUPERMERCADO;210;BRONZE
SUPERMERCADO BARRETO (GOIÂNIA);927648,38;0;0;123,3;27,16;48;7;0;0;1183;1427;1656,56;7640,16;83,31;1087,43;12;2024;86;ATIVO;GOIÂNIA;Dia 30;NÃO;SUPERMERCADO;210;BRONZE
SUPERMERCADO BARRETO (GOIÂNIA);907055,11;0;0;417,5;2340,05;186;22;6;0;1354;1601;1929,81;8902,76;78,19;1092,15;8;2024;206;ATIVO;GOIÂNIA;Dia 30;NÃO;SUPERMERCADO;210;BRONZE
SUPERMERCADO BARRETO (GOIÂNIA);881385,39;0;0;314,19;53,17;92;27;11;0;1353;1590;1746,28;8062,89;55,8;1168,33;1;2025;126;ATIVO;GOIÂNIA;Dia 30;NÃO;SUPERMERCADO;210;BRONZE
SUPERMERCADO BARRETO (GOIÂNIA);880861,16;0;0;72,17;48,94;45;13;0;0;1236;1482;1763,46;8144,23;89,6;1046,54;11;2024;86;ATIVO;GOIÂNIA;Dia 30;NÃO;SUPERMERCADO;210;BRONZE
SUPERMERCADO BARRETO (GOIÂNIA);844272,43;0;0;478,49;2035,01;182;31;11;0;1258;1475;1745,12;8051,64;67,31;1140,59;7;2024;182;ATIVO;GOIÂNIA;Dia 30;NÃO;SUPERMERCADO;210;BRONZE
SUPERMERCADO BARRETO (GOIÂNIA);841617,98;0;0;364,88;1752,16;150;15;6;0;1218;1431;1654,21;7637,4;66,94;1704,82;5;2024;154;ATIVO;GOIÂNIA;Dia 30;NÃO;SUPERMERCADO;210;BRONZE
SUPERMERCADO BARRETO (GOIÂNIA);835225;0;0;328,01;1500,35;171;28;8;0;1315;1550;1736,47;8014,11;85,62;911,61;9;2024;206;ATIVO;GOIÂNIA;Dia 30;NÃO;SUPERMERCADO;210;BRONZE
SUPERMERCADO BARRETO (GOIÂNIA);799891,21;0;0;405,88;1602,86;158;17;6;0;1235;1434;1521,89;7018,42;33,77;1539,23;6;2024;146;ATIVO;GOIÂNIA;Dia 30;NÃO;SUPERMERCADO;210;BRONZE
SUPERMERCADO BARRETO (GOIÂNIA);767536,73;0;0;55,8;39,65;33;10;10;0;1213;1442;1492,15;6887,76;41,18;845,33;10;2024;75;ATIVO;GOIÂNIA;Dia 30;NÃO;SUPERMERCADO;210;BRONZE
SUPERMERCADO BARRETO (GOIÂNIA);751369,37;0;0;163,69;1518,06;94;13;8;0;1131;1350;1548,07;7153,28;77,71;1279,05;12;2023;54;ATIVO;GOIÂNIA;Dia 30;NÃO;SUPERMERCADO;210;BRONZE
SUPERMERCADO BARRETO (GOIÂNIA);742113,23;0;0;237,88;1612,88;139;13;7;0;1171;1403;1564,83;7245,93;17,37;1249,4;3;2024;99;ATIVO;GOIÂNIA;Dia 30;NÃO;SUPERMERCADO;210;BRONZE
SUPERMERCADO BARRETO (GOIÂNIA);685478,01;0;0;354,31;1662,18;214;17;7;0;1200;1417;1557,26;7203,32;49,95;1330,8;4;2024;154;ATIVO;GOIÂNIA;Dia 30;NÃO;SUPERMERCADO;210;BRONZE
SUPERMERCADO BARRETO (GOIÂNIA);650232,87;0;0;205,63;520,18;70;10;4;0;1147;1344;1474,9;6817,42;67,44;1185,57;10;2023;48;ATIVO;GOIÂNIA;Dia 30;NÃO;SUPERMERCADO;210;BRONZE
SUPERMERCADO BARRETO (GOIÂNIA);641345,04;0;0;184,16;560,01;77;38;4;0;1118;1315;1385,64;6408,01;60,99;955,75;11;2023;50;ATIVO;GOIÂNIA;Dia 30;NÃO;SUPERMERCADO;210;BRONZE
SUPERMERCADO BARRETO (GOIÂNIA);623238,15;0;0;72,45;340,24;37;6;1;0;1137;1318;1403,93;6468,5;67,5;798,94;7;2023;460;ATIVO;GOIÂNIA;Dia 30;NÃO;SUPERMERCADO;210;BRONZE
SUPERMERCADO BARRETO (GOIÂNIA);589965,38;0;0;93,52;440,08;55;9;2;0;1137;1312;1383,92;6386,28;53,25;728,99;8;2023;211;ATIVO;GOIÂNIA;Dia 30;NÃO;SUPERMERCADO;210;BRONZE
SUPERMERCADO BARRETO (GOIÂNIA);582470,63;0;0;82,38;408,17;93;12;10;302;1089;1253;1273,42;5873,02;30,72;1036,82;5;2023;625;ATIVO;GOIÂNIA;Dia 30;NÃO;SUPERMERCADO;210;BRONZE
SUPERMERCADO BARRETO (GOIÂNIA);567141,23;0;0;244,88;437,2;57;4;2;0;1117;1292;1330,1;6145,03;49,78;874,5;9;2023;37;ATIVO;GOIÂNIA;Dia 30;NÃO;SUPERMERCADO;210;BRONZE
SUPERMERCADO BARRETO (GOIÂNIA);557163,89;0;0;326,72;2361,88;110;13;7;0;1106;1271;1275,43;5873,84;71,8;851,17;6;2023;590;ATIVO;GOIÂNIA;Dia 30;NÃO;SUPERMERCADO;210;BRONZE
SUPERMERCADO BARROS II;1061088,24;0;0;233,05;176,23;51;21;8;0;0;0;0;0;0;0;12;2025;63;ATIVO;GOIÂNIA;Dia 15;NÃO;SUPERMERCADO;150;OURO
SUPERMERCADO BARROS II;1060309,45;0;0;280,6;36,95;19;8;2;0;0;0;0;0;0;0;8;2026;46;ATIVO;GOIÂNIA;Dia 15;NÃO;SUPERMERCADO;150;OURO
SUPERMERCADO BARROS II;1036037,95;0;0;276,89;207,87;42;28;6;0;0;0;0;0;0;0;5;2026;73;ATIVO;GOIÂNIA;Dia 15;NÃO;SUPERMERCADO;150;OURO
SUPERMERCADO BARROS II;1017760,39;0;0;841,94;564,36;185;73;19;0;0;0;0;0;0;0;8;2025;107;ATIVO;GOIÂNIA;Dia 15;NÃO;SUPERMERCADO;150;OURO
SUPERMERCADO BARROS II;1012962,04;0;0;201,41;44,48;19;5;1;0;0;0;0;0;0;0;7;2026;51;ATIVO;GOIÂNIA;Dia 15;NÃO;SUPERMERCADO;150;OURO
SUPERMERCADO BARROS II;1000483,4;0;0;246,86;36,26;16;8;1;0;0;0;0;0;0;0;6;2026;53;ATIVO;GOIÂNIA;Dia 15;NÃO;SUPERMERCADO;150;OURO
SUPERMERCADO BARROS II;996109,57;0;0;297,93;303,49;66;30;10;0;0;0;0;0;0;0;10;2025;63;ATIVO;GOIÂNIA;Dia 15;NÃO;SUPERMERCADO;150;OURO
SUPERMERCADO BARROS II;992961,42;0;0;3806,36;828,3;198;76;34;3;0;0;0;0;0;0;5;2025;74;ATIVO;GOIÂNIA;Dia 15;NÃO;SUPERMERCADO;150;OURO
SUPERMERCADO BARROS II;988843,94;0;0;174,8;383,91;46;0;9;0;0;0;0;0;0;0;3;2026;69;ATIVO;GOIÂNIA;Dia 15;NÃO;SUPERMERCADO;150;OURO
SUPERMERCADO BARROS II;973862,86;0;0;256,73;313,35;52;29;9;0;0;0;0;0;0;0;4;2026;79;ATIVO;GOIÂNIA;Dia 15;NÃO;SUPERMERCADO;150;OURO
SUPERMERCADO BARROS II;970197,65;0;0;237,71;271,52;81;34;10;0;0;0;0;0;0;0;9;2025;68;ATIVO;GOIÂNIA;Dia 15;NÃO;SUPERMERCADO;150;OURO
SUPERMERCADO BARROS II;966811,84;0;0;233,67;154,55;55;24;7;0;0;0;0;0;0;0;11;2025;64;ATIVO;GOIÂNIA;Dia 15;NÃO;SUPERMERCADO;150;OURO
SUPERMERCADO BARROS II;965974,45;0;0;267,82;430,1;54;31;10;0;0;0;0;0;0;0;1;2026;65;ATIVO;GOIÂNIA;Dia 15;NÃO;SUPERMERCADO;150;OURO
SUPERMERCADO BARROS II;931847,91;0;0;3277,02;880,78;216;93;31;0;0;0;0;0;0;0;7;2025;99;ATIVO;GOIÂNIA;Dia 15;NÃO;SUPERMERCADO;150;OURO
SUPERMERCADO BARROS II;894903,37;0;0;145,45;263,01;43;29;8;0;0;0;0;0;0;0;2;2026;70;ATIVO;GOIÂNIA;Dia 15;NÃO;SUPERMERCADO;150;OURO
SUPERMERCADO BEM ESTAR;922155,76;41517,69;2172,68;3367,74;629,92;423;69;24;0;419;661;904,37;4194,65;40,33;3921,78;3;2025;288;ATIVO;ÁGUAS LINDAS DE GOIÁS;Dia 10;SIM;SUPERMERCADO;114;PRATA
SUPERMERCADO BEM ESTAR;909697,44;38431,14;2007,56;356,21;726,48;129;43;8;0;177;425;378,85;1753,24;72,41;109,51;12;2025;256;ATIVO;ÁGUAS LINDAS DE GOIÁS;Dia 10;SIM;SUPERMERCADO;114;PRATA
SUPERMERCADO BEM ESTAR;901966,89;37600,76;1937,67;2805,88;608,22;129;121;3;0;167;521;303,53;1379,9;41,08;110,16;5;2026;279;ATIVO;ÁGUAS LINDAS DE GOIÁS;Dia 10;SIM;SUPERMERCADO;114;PRATA
SUPERMERCADO BEM ESTAR;869914,35;37008,44;1813,11;365,2;822,28;156;46;10;0;173;400;329,74;1505,71;37,01;116,29;10;2025;279;ATIVO;ÁGUAS LINDAS DE GOIÁS;Dia 10;SIM;SUPERMERCADO;114;PRATA
SUPERMERCADO BEM ESTAR;869161,89;38323,79;1790,43;388,18;978,43;227;51;13;0;265;496;769,36;3539,53;21,2;133,56;5;2025;266;ATIVO;ÁGUAS LINDAS DE GOIÁS;Dia 10;SIM;SUPERMERCADO;114;PRATA
SUPERMERCADO BEM ESTAR;853684,37;36815;1835,4;349,08;534,36;125;40;8;0;165;410;300,73;1374,3;51,48;116,56;11;2025;268;ATIVO;ÁGUAS LINDAS DE GOIÁS;Dia 10;SIM;SUPERMERCADO;114;PRATA
SUPERMERCADO BEM ESTAR;853396,65;36440,3;1936;2787;496,66;168;44;10;0;170;360;321,44;1474,9;28,23;326,41;8;2025;263;ATIVO;ÁGUAS LINDAS DE GOIÁS;Dia 10;SIM;SUPERMERCADO;114;PRATA
SUPERMERCADO BEM ESTAR;846360,39;36808,27;1866,69;2834,65;771,34;124;37;4;0;145;378;312,69;1425,51;32,75;121,25;7;2026;254;ATIVO;ÁGUAS LINDAS DE GOIÁS;Dia 10;SIM;SUPERMERCADO;114;PRATA
SUPERMERCADO BEM ESTAR;835719,96;34025,49;1785,62;2584,37;716,05;126;129;4;0;152;521;314,69;1426,74;27,27;83,3;6;2026;279;ATIVO;ÁGUAS LINDAS DE GOIÁS;Dia 10;SIM;SUPERMERCADO;114;PRATA
SUPERMERCADO BEM ESTAR;829280,59;36863,24;1946,23;2654,82;537,5;156;31;4;0;162;360;585,3;2700,56;43,87;125,18;7;2025;252;ATIVO;ÁGUAS LINDAS DE GOIÁS;Dia 10;SIM;SUPERMERCADO;114;PRATA
SUPERMERCADO BEM ESTAR;824455,67;36444,24;1864,09;2695,79;725,35;130;37;2;0;170;399;376,56;1729,57;65,18;90,56;3;2026;261;ATIVO;ÁGUAS LINDAS DE GOIÁS;Dia 10;SIM;SUPERMERCADO;114;PRATA
SUPERMERCADO BEM ESTAR;823499,78;35418,93;1906,93;325,69;700,15;171;46;11;0;160;358;329,04;1503,59;23,45;139,26;9;2025;264;ATIVO;ÁGUAS LINDAS DE GOIÁS;Dia 10;SIM;SUPERMERCADO;114;PRATA
SUPERMERCADO BEM ESTAR;822638,61;33110,06;1673,3;2486,55;675,49;127;35;1;0;175;429;340,71;1569,98;54,86;105,4;4;2026;246;ATIVO;ÁGUAS LINDAS DE GOIÁS;Dia 10;SIM;SUPERMERCADO;114;PRATA
SUPERMERCADO BEM ESTAR;815553,77;36526,5;1903,47;2745,06;509,66;171;42;10;0;166;383;575,79;2660,68;18,88;131,12;6;2025;248;ATIVO;ÁGUAS LINDAS DE GOIÁS;Dia 10;SIM;SUPERMERCADO;114;PRATA
SUPERMERCADO BEM ESTAR;805972,67;36212,41;1664,69;443,47;506,21;211;50;7;0;269;550;799,58;3686,59;45,43;89,27;4;2025;282;ATIVO;ÁGUAS LINDAS DE GOIÁS;Dia 10;SIM;SUPERMERCADO;114;PRATA
SUPERMERCADO BEM ESTAR;804517,57;0;0;946,28;3333,15;623;82;4;0;366;585;1005,56;4730,28;79,21;952,39;11;2024;106;ATIVO;ÁGUAS LINDAS DE GOIÁS;Dia 10;NÃO;SUPERMERCADO;114;PRATA
SUPERMERCADO BEM ESTAR;786778,58;34672,05;1797,42;333,56;535,45;114;35;1;0;172;419;360,02;1668,45;42,99;108,06;1;2026;279;ATIVO;ÁGUAS LINDAS DE GOIÁS;Dia 10;SIM;SUPERMERCADO;114;PRATA
SUPERMERCADO BEM ESTAR;728998,68;32410,41;1619,02;314,93;524,63;118;37;2;0;166;397;328,24;1505,59;77,65;80,39;2;2026;263;ATIVO;ÁGUAS LINDAS DE GOIÁS;Dia 10;SIM;SUPERMERCADO;114;PRATA
SUPERMERCADO BETÃO;4103574,74;0;0;131,2;505,61;42;16;79;0;32;104;35,51;161,91;1,12;136,6;5;2025;148;ATIVO;APARECIDA DE GOIÂNIA;Dia 25;NÃO;SUPERMERCADO;197;OURO
SUPERMERCADO BETÃO;4015921,24;0;0;146,79;339,48;40;0;84;0;25;85;10,82;56,95;1,8;162,35;10;2025;145;ATIVO;APARECIDA DE GOIÂNIA;Dia 25;NÃO;SUPERMERCADO;197;OURO
SUPERMERCADO BETÃO;4013462,99;0;0;99,51;78,43;24;4;73;0;12;76;6,9;29,27;0;14,66;7;2025;150;ATIVO;APARECIDA DE GOIÂNIA;Dia 25;NÃO;SUPERMERCADO;197;OURO
SUPERMERCADO BETÃO;3985760,55;0;0;103,85;103,32;32;6;68;0;12;83;7,39;40,38;1,8;23,25;8;2025;153;ATIVO;APARECIDA DE GOIÂNIA;Dia 25;NÃO;SUPERMERCADO;197;OURO
SUPERMERCADO BETÃO;3931853,53;0;0;144,37;373,01;45;14;82;0;21;87;23;115,61;29,55;98,96;12;2025;153;ATIVO;APARECIDA DE GOIÂNIA;Dia 25;NÃO;SUPERMERCADO;197;OURO
SUPERMERCADO BETÃO;3908434,5;0;0;147,89;477,08;40;15;84;0;34;102;32,05;146,4;3,92;95,05;4;2025;138;ATIVO;APARECIDA DE GOIÂNIA;Dia 25;NÃO;SUPERMERCADO;197;OURO
SUPERMERCADO BETÃO;3831832,59;0;0;183,92;929,04;64;27;79;0;32;99;62,18;288,83;21,67;117,74;3;2025;160;ATIVO;APARECIDA DE GOIÂNIA;Dia 25;NÃO;SUPERMERCADO;197;OURO
SUPERMERCADO BETÃO;3824756,16;0;0;378,93;1541,89;142;70;95;0;158;564;130,12;612,88;64,13;226,43;1;2025;279;ATIVO;APARECIDA DE GOIÂNIA;Dia 25;NÃO;SUPERMERCADO;197;OURO
SUPERMERCADO BETÃO;3803313,73;;;220,65;157,84;19;8;67;0;8;83;10,56;56,62;3,54;6;7;2026;93;ATIVO;APARECIDA DE GOIÂNIA;Dia 25;NÃO;SUPERMERCADO;197;OURO
SUPERMERCADO BETÃO;3760329,93;0;0;78,37;292,43;42;12;79;0;25;90;6,63;28,34;12,11;43,38;6;2025;147;ATIVO;APARECIDA DE GOIÂNIA;Dia 25;NÃO;SUPERMERCADO;197;OURO
SUPERMERCADO BETÃO;3754340,19;0;0;208,42;200,08;41;13;77;0;39;116;13,1;65,45;0;191,96;5;2026;105;ATIVO;APARECIDA DE GOIÂNIA;Dia 25;NÃO;SUPERMERCADO;197;OURO
SUPERMERCADO BETÃO;3743544,05;0;0;114,94;270,42;29;9;78;0;16;72;3,16;24,3;0;144,67;9;2025;154;ATIVO;APARECIDA DE GOIÂNIA;Dia 25;NÃO;SUPERMERCADO;197;OURO
SUPERMERCADO BETÃO;3713243,3;0;0;98,48;181,61;25;8;72;0;20;97;17,63;80,94;14,71;9,96;6;2026;90;ATIVO;APARECIDA DE GOIÂNIA;Dia 25;NÃO;SUPERMERCADO;197;OURO
SUPERMERCADO BETÃO;3710711,14;0;0;127,03;262,77;44;13;71;0;22;80;10,11;53,73;4,19;4,19;11;2025;160;ATIVO;APARECIDA DE GOIÂNIA;Dia 25;NÃO;SUPERMERCADO;197;OURO
SUPERMERCADO BETÃO;3643318,66;0;0;261,07;780,67;44;27;72;0;29;103;76,75;363,8;3,78;111,88;2;2025;189;ATIVO;APARECIDA DE GOIÂNIA;Dia 25;NÃO;SUPERMERCADO;197;OURO
SUPERMERCADO BETÃO;3598133,39;0;0;469,1;203,37;42;8;79;0;26;94;16,03;84,27;3,36;115,08;3;2026;147;ATIVO;APARECIDA DE GOIÂNIA;Dia 25;NÃO;SUPERMERCADO;197;OURO
SUPERMERCADO BETÃO;3586675,03;0;0;289,27;175,51;47;11;74;0;38;123;8,93;49,47;2,24;323,29;4;2026;102;ATIVO;APARECIDA DE GOIÂNIA;Dia 25;NÃO;SUPERMERCADO;197;OURO
SUPERMERCADO BETÃO;3572074,19;0;0;136;225,55;36;11;79;0;20;81;20,72;104,2;14,84;83,17;1;2026;145;ATIVO;APARECIDA DE GOIÂNIA;Dia 25;NÃO;SUPERMERCADO;197;OURO
SUPERMERCADO BETÃO;3242135,06;0;0;265,97;265,97;38;8;71;0;37;90;18,29;92,64;7,19;141,81;2;2026;142;ATIVO;APARECIDA DE GOIÂNIA;Dia 25;NÃO;SUPERMERCADO;197;OURO
SUPERMERCADO BIG;2304710,63;0;0;150,6;282,78;177;27;1;0;76;75;175,38;811,78;16,84;597,21;12;2025;176;INATIVO;SANTO ANTÔNIO DO DESCOBERTO;Dia 30;NÃO;SUPERMERCADO;84;PRATA
SUPERMERCADO BIG;2101028,49;0;0;1017,59;5083,88;247;123;18;0;251;257;294,81;1339,26;59,98;1082,52;3;2026;231;INATIVO;SANTO ANTÔNIO DO DESCOBERTO;Dia 30;NÃO;SUPERMERCADO;84;PRATA
SUPERMERCADO BIG;2033634,78;0;0;255,23;1564,61;335;27;5;0;115;141;145,79;679,39;31,65;686,26;5;2025;170;INATIVO;SANTO ANTÔNIO DO DESCOBERTO;Dia 30;NÃO;SUPERMERCADO;84;PRATA
SUPERMERCADO BIG;2024648,59;0;0;282,57;3673,38;241;29;3;0;160;160;505,3;2326,71;20,87;620,88;1;2026;253;INATIVO;SANTO ANTÔNIO DO DESCOBERTO;Dia 30;NÃO;SUPERMERCADO;84;PRATA
SUPERMERCADO BIG;2019492,62;0;0;95,76;135,37;88;16;5;0;99;100;150,92;697,41;39,13;683,34;8;2025;190;INATIVO;SANTO ANTÔNIO DO DESCOBERTO;Dia 30;NÃO;SUPERMERCADO;84;PRATA
SUPERMERCADO BIG;2010773,04;0;0;272,42;190,88;137;17;7;0;89;98;153,86;710,88;43,96;767,98;10;2025;188;INATIVO;SANTO ANTÔNIO DO DESCOBERTO;Dia 30;NÃO;SUPERMERCADO;84;PRATA
SUPERMERCADO BIG;1943060,82;0;0;552,75;6395,08;401;125;13;0;324;360;730,43;3370;152,56;755,47;2;2026;401;INATIVO;SANTO ANTÔNIO DO DESCOBERTO;Dia 30;NÃO;SUPERMERCADO;84;PRATA
SUPERMERCADO BIG;1940696,03;0;0;267,13;1783,57;362;33;6;0;100;142;152,96;708,16;37,69;563,91;7;2025;193;INATIVO;SANTO ANTÔNIO DO DESCOBERTO;Dia 30;NÃO;SUPERMERCADO;84;PRATA
SUPERMERCADO BIG;1864169,38;0;0;274,34;1678,39;346;23;3;0;83;154;130,12;606,95;34,48;643,62;6;2025;166;INATIVO;SANTO ANTÔNIO DO DESCOBERTO;Dia 30;NÃO;SUPERMERCADO;84;PRATA
SUPERMERCADO BIG;1802205,38;0;0;133,24;734,42;292;24;3;0;46;121;155,88;721,49;30,84;115,44;12;2024;113;INATIVO;SANTO ANTÔNIO DO DESCOBERTO;Dia 30;NÃO;SUPERMERCADO;84;PRATA
SUPERMERCADO BIG;1791811,44;0;0;261,6;1638,16;345;21;4;0;108;130;118,91;554,44;94,19;859,02;4;2025;165;INATIVO;SANTO ANTÔNIO DO DESCOBERTO;Dia 30;NÃO;SUPERMERCADO;84;PRATA
SUPERMERCADO BIG;1762682,86;0;0;4765,09;908,28;227;909;2;251;56;64;1373,61;7061,95;44,08;1180,69;12;2022;0;INATIVO;SANTO ANTÔNIO DO DESCOBERTO;Dia 30;NÃO;SUPERMERCADO;84;PRATA
SUPERMERCADO BIG;1757792,3;0;0;520,33;1736,06;339;22;5;0;118;184;122,9;574,95;115,46;903,75;3;2025;145;INATIVO;SANTO ANTÔNIO DO DESCOBERTO;Dia 30;NÃO;SUPERMERCADO;84;PRATA
SUPERMERCADO BIG;1542678,32;0;0;191,86;924,93;288;25;2;0;101;193;124,39;578,88;45,82;556,96;1;2025;190;INATIVO;SANTO ANTÔNIO DO DESCOBERTO;Dia 30;NÃO;SUPERMERCADO;84;PRATA
SUPERMERCADO BIG;1502218,28;0;0;625,49;224,12;188;11;0;278;51;220;90,88;427,17;20,3;124,5;8;2024;54;INATIVO;SANTO ANTÔNIO DO DESCOBERTO;Dia 30;NÃO;SUPERMERCADO;84;PRATA
SUPERMERCADO BIG;1499124,14;0;0;149,31;1400,93;266;19;2;0;42;140;126,77;585,62;22,73;96,48;11;2024;122;INATIVO;SANTO ANTÔNIO DO DESCOBERTO;Dia 30;NÃO;SUPERMERCADO;84;PRATA
SUPERMERCADO BIG;1482473,42;0;0;64,83;229,75;142;15;2;265;29;62;11,9;55,74;30,97;210,7;5;2024;96;INATIVO;SANTO ANTÔNIO DO DESCOBERTO;Dia 30;NÃO;SUPERMERCADO;84;PRATA
SUPERMERCADO BIG;1458153,1;0;0;220,96;843,9;301;23;4;0;86;146;106,17;494,69;92,07;455,54;2;2025;161;INATIVO;SANTO ANTÔNIO DO DESCOBERTO;Dia 30;NÃO;SUPERMERCADO;84;PRATA
SUPERMERCADO BIG;1450199,1;0;0;133,26;330,85;254;13;1;250;43;203;116,4;536,48;21,27;88,79;10;2024;54;INATIVO;SANTO ANTÔNIO DO DESCOBERTO;Dia 30;NÃO;SUPERMERCADO;84;PRATA
SUPERMERCADO BIG;1441474,97;0;0;88,67;25,08;21;4;0;231;17;26;3,45;16,86;22,9;174,83;3;2024;65;INATIVO;SANTO ANTÔNIO DO DESCOBERTO;Dia 30;NÃO;SUPERMERCADO;84;PRATA
SUPERMERCADO BIG;1413854,45;0;0;141,83;656,95;168;13;1;277;44;171;71,71;330,38;16,08;164,39;7;2024;42;INATIVO;SANTO ANTÔNIO DO DESCOBERTO;Dia 30;NÃO;SUPERMERCADO;84;PRATA
SUPERMERCADO BIG;1399556,22;0;0;521,12;269,55;203;11;0;260;51;242;90,77;424,19;26,81;230,26;9;2024;54;INATIVO;SANTO ANTÔNIO DO DESCOBERTO;Dia 30;NÃO;SUPERMERCADO;84;PRATA
SUPERMERCADO BIG;1398477,45;0;0;120,07;172,59;39;21;0;236;27;30;25,07;115,59;1,28;295,74;7;2023;211;INATIVO;SANTO ANTÔNIO DO DESCOBERTO;Dia 30;NÃO;SUPERMERCADO;84;PRATA
SUPERMERCADO BIG;1377733,11;0;0;511,52;450,05;97;14;3;262;35;64;65,42;301,93;5,23;178,11;6;2024;108;INATIVO;SANTO ANTÔNIO DO DESCOBERTO;Dia 30;NÃO;SUPERMERCADO;84;PRATA
SUPERMERCADO BIG;1376813,35;0;0;35,05;57,81;31;11;1;249;41;61;5,16;24,61;42,52;202,34;1;2024;65;INATIVO;SANTO ANTÔNIO DO DESCOBERTO;Dia 30;NÃO;SUPERMERCADO;84;PRATA
SUPERMERCADO BIG;1360509,94;0;0;8,67;26,06;8;4;0;242;15;21;1,78;8,09;0;46,45;2;2024;53;INATIVO;SANTO ANTÔNIO DO DESCOBERTO;Dia 30;NÃO;SUPERMERCADO;84;PRATA
SUPERMERCADO BIG;1350758,08;0;0;108,38;132,87;96;3;0;257;33;84;2,26;12,37;20,51;125,61;4;2024;29;INATIVO;SANTO ANTÔNIO DO DESCOBERTO;Dia 30;NÃO;SUPERMERCADO;84;PRATA
SUPERMERCADO BIG;1343938,53;0;0;644,25;202,69;71;0;0;0;29;0;55,65;256,02;0;37,14;4;2023;0;INATIVO;SANTO ANTÔNIO DO DESCOBERTO;Dia 30;NÃO;SUPERMERCADO;84;PRATA
SUPERMERCADO BIG;1332902,39;0;0;109,07;16,13;25;42;9;246;24;58;2,21;10,41;70,8;185,06;10;2023;131;INATIVO;SANTO ANTÔNIO DO DESCOBERTO;Dia 30;NÃO;SUPERMERCADO;84;PRATA
SUPERMERCADO BIG;1332883,29;0;0;227,82;456,44;66;25;0;243;46;251;7,28;36,67;0;200,56;8;2023;110;INATIVO;SANTO ANTÔNIO DO DESCOBERTO;Dia 30;NÃO;SUPERMERCADO;84;PRATA
SUPERMERCADO BIG;1317713,39;0;0;38,26;56,38;24;27;0;235;23;47;2,34;11,23;74,76;146,31;11;2023;73;INATIVO;SANTO ANTÔNIO DO DESCOBERTO;Dia 30;NÃO;SUPERMERCADO;84;PRATA
SUPERMERCADO BIG;1310460,93;0;0;710,5;450,93;139;14;67;219;54;60;36,72;171,45;0;166,17;5;2023;197;INATIVO;SANTO ANTÔNIO DO DESCOBERTO;Dia 30;NÃO;SUPERMERCADO;84;PRATA
SUPERMERCADO BIG;1301819,97;0;0;434,92;66,83;52;22;0;223;20;22;2,3;11,95;72,55;178,21;9;2023;102;INATIVO;SANTO ANTÔNIO DO DESCOBERTO;Dia 30;NÃO;SUPERMERCADO;84;PRATA
SUPERMERCADO BIG;1278393,8;0;0;676,15;363,18;73;11;0;230;27;29;19,01;87,94;0;234,35;6;2023;222;INATIVO;SANTO ANTÔNIO DO DESCOBERTO;Dia 30;NÃO;SUPERMERCADO;84;PRATA
SUPERMERCADO BIG;1255828,01;0;0;1839,38;1193,56;101;811;3;227;44;45;63,84;299,37;31,39;1571,08;1;2023;1145;INATIVO;SANTO ANTÔNIO DO DESCOBERTO;Dia 30;NÃO;SUPERMERCADO;84;PRATA
SUPERMERCADO BIG;1182880,24;0;0;1789,94;1121,73;103;66;3;221;111;111;1022,97;5255,1;2,76;1334,76;2;2023;985;INATIVO;SANTO ANTÔNIO DO DESCOBERTO;Dia 30;NÃO;SUPERMERCADO;84;PRATA
SUPERMERCADO BIG;1128846,15;0;0;106,43;538,43;132;54;11;0;555;637;300,19;1384,71;3,18;218,91;9;2025;106;INATIVO;SANTO ANTÔNIO DO DESCOBERTO;Dia 30;NÃO;SUPERMERCADO;84;PRATA
SUPERMERCADO BIG;913419,61;0;0;724,72;239,69;110;39;1;202;83;83;794,09;4058,1;1,84;287,95;3;2023;187;INATIVO;SANTO ANTÔNIO DO DESCOBERTO;Dia 30;NÃO;SUPERMERCADO;84;PRATA
SUPERMERCADO BOM PRECO STA HELENA;2120375,83;133830,19;16058,88;39,2;363,47;37;19;2;11;52;58;89,93;415,57;23,08;193,94;12;2024;230;ATIVO;SANTA HELENA DE GOIÁS;Dia 10;SIM;SUPERMERCADO;89;BRONZE
SUPERMERCADO BOM PRECO STA HELENA;1785101,06;118918,12;11838,96;102,71;689,97;37;18;0;0;63;69;62,89;284,39;0;4,89;12;2023;28;ATIVO;SANTA HELENA DE GOIÁS;Dia 10;SIM;SUPERMERCADO;89;BRONZE
SUPERMERCADO BOM PRECO STA HELENA;1766953,52;111981,46;13358,43;133,19;802,36;46;34;3;0;41;48;59,79;277,06;21,21;343,18;4;2025;37;ATIVO;SANTA HELENA DE GOIÁS;Dia 10;SIM;SUPERMERCADO;89;BRONZE
SUPERMERCADO BOM PRECO STA HELENA;1751483,58;123101,91;14771,95;570,48;118,13;39;20;2;0;41;44;43,79;201,12;19,35;350,13;3;2025;24;ATIVO;SANTA HELENA DE GOIÁS;Dia 10;SIM;SUPERMERCADO;89;BRONZE
SUPERMERCADO BOM PRECO STA HELENA;1722336,15;120586;14470,32;31,36;209,17;26;17;1;8;36;36;77,63;357,09;3,46;231,77;11;2024;17;ATIVO;SANTA HELENA DE GOIÁS;Dia 10;SIM;SUPERMERCADO;89;BRONZE
SUPERMERCADO BOM PRECO STA HELENA;1714247,12;115799,54;11451,87;310,85;256,1;44;21;3;23;92;107;79,79;366,23;12,86;88,01;5;2024;28;ATIVO;SANTA HELENA DE GOIÁS;Dia 10;SIM;SUPERMERCADO;89;BRONZE
SUPERMERCADO BOM PRECO STA HELENA;1705043,13;120671,71;14404,88;282,57;421,65;38;31;1;15;36;37;85,78;401,74;0;60,51;10;2024;19;ATIVO;SANTA HELENA DE GOIÁS;Dia 10;SIM;SUPERMERCADO;89;BRONZE
SUPERMERCADO BOM PRECO STA HELENA;1696851,36;130917,52;15416,23;305,02;37,91;21;13;4;0;17;22;32,22;167,35;7,57;128,07;7;2025;10;ATIVO;SANTA HELENA DE GOIÁS;Dia 10;SIM;SUPERMERCADO;89;BRONZE
SUPERMERCADO BOM PRECO STA HELENA;1684258,84;130428,89;15490,23;189,61;18,92;16;12;3;0;20;27;8,71;52,17;2,07;146,33;8;2025;12;ATIVO;SANTA HELENA DE GOIÁS;Dia 10;SIM;SUPERMERCADO;89;BRONZE
SUPERMERCADO BOM PRECO STA HELENA;1677127,37;0;0;290,13;1665,31;144;20;8;0;468;636;2689,72;12428,72;23,4;185,81;6;2023;7522;ATIVO;SANTA HELENA DE GOIÁS;Dia 10;NÃO;SUPERMERCADO;89;BRONZE
SUPERMERCADO BOM PRECO STA HELENA;1676999,43;135625,28;14842,35;1545,46;207,14;36;27;8;0;34;40;43,81;220,55;29,75;144,44;12;2025;18;ATIVO;SANTA HELENA DE GOIÁS;Dia 10;SIM;SUPERMERCADO;89;BRONZE
SUPERMERCADO BOM PRECO STA HELENA;1652383,2;115415,41;13844,4;196,4;100,69;30;16;2;18;26;31;298,63;1464,96;5,35;6,67;7;2024;22;ATIVO;SANTA HELENA DE GOIÁS;Dia 10;SIM;SUPERMERCADO;89;BRONZE
SUPERMERCADO BOM PRECO STA HELENA;1646644,21;124774,96;14958,93;48,19;165,49;30;18;2;0;29;38;12;59,51;6,56;125,22;10;2025;19;ATIVO;SANTA HELENA DE GOIÁS;Dia 10;SIM;SUPERMERCADO;89;BRONZE
SUPERMERCADO BOM PRECO STA HELENA;1644939,7;107310,7;10490,94;717,33;776,07;75;40;2;34;92;108;83,73;375,1;5,11;107,67;3;2024;50;ATIVO;SANTA HELENA DE GOIÁS;Dia 10;SIM;SUPERMERCADO;89;BRONZE
SUPERMERCADO BOM PRECO STA HELENA;1644253,42;111397,86;13367,74;16,32;180,27;35;17;2;14;27;17;26,61;123,02;1,73;246,94;1;2025;12;ATIVO;SANTA HELENA DE GOIÁS;Dia 10;SIM;SUPERMERCADO;89;BRONZE
SUPERMERCADO BOM PRECO STA HELENA;1636181,22;116602,59;11556,02;209,04;23,78;38;14;2;18;70;79;40,54;185,58;4,79;40,33;6;2024;165;ATIVO;SANTA HELENA DE GOIÁS;Dia 10;SIM;SUPERMERCADO;89;BRONZE
SUPERMERCADO BOM PRECO STA HELENA;1624682,54;121743,44;14609,21;55,22;74,46;18;15;2;0;20;27;4,64;20,29;4,38;158,16;9;2025;15;ATIVO;SANTA HELENA DE GOIÁS;Dia 10;SIM;SUPERMERCADO;89;BRONZE
SUPERMERCADO BOM PRECO STA HELENA;1613148,29;91901,88;3697,95;6860,76;1993,13;343;78;8;0;425;573;1823,24;8431,51;27,71;338,39;10;2023;783;ATIVO;SANTA HELENA DE GOIÁS;Dia 10;SIM;SUPERMERCADO;89;BRONZE
SUPERMERCADO BOM PRECO STA HELENA;1602476,13;121864,34;14623,72;27,58;387,77;30;19;2;0;35;40;79,04;364,74;9,59;245,46;5;2025;20;ATIVO;SANTA HELENA DE GOIÁS;Dia 10;SIM;SUPERMERCADO;89;BRONZE
SUPERMERCADO BOM PRECO STA HELENA;1597094,29;119172,68;14292,2;167,24;50,6;17;11;0;14;27;31;16,11;78,97;1,68;27,37;8;2024;9;ATIVO;SANTA HELENA DE GOIÁS;Dia 10;SIM;SUPERMERCADO;89;BRONZE
SUPERMERCADO BOM PRECO STA HELENA;1594938,07;100284,34;9866,82;252,02;1194,91;70;27;0;0;295;304;456,8;2113,58;0;135,88;11;2023;81;ATIVO;SANTA HELENA DE GOIÁS;Dia 10;SIM;SUPERMERCADO;89;BRONZE
SUPERMERCADO BOM PRECO STA HELENA;1593929;127930,53;15318,06;86,88;225,48;34;26;7;0;23;28;13;63,29;16,86;143,6;11;2025;23;ATIVO;SANTA HELENA DE GOIÁS;Dia 10;SIM;SUPERMERCADO;89;BRONZE
SUPERMERCADO BOM PRECO STA HELENA;1587607,67;134068,93;15938,63;179,28;11,79;13;9;1;0;16;19;55,4;256,12;1,84;275,89;6;2025;5;ATIVO;SANTA HELENA DE GOIÁS;Dia 10;SIM;SUPERMERCADO;89;BRONZE
SUPERMERCADO BOM PRECO STA HELENA;1555134,36;100266,19;9827,87;800,54;309,85;47;22;3;28;81;92;98,84;446,46;3,36;109,04;4;2024;27;ATIVO;SANTA HELENA DE GOIÁS;Dia 10;SIM;SUPERMERCADO;89;BRONZE
SUPERMERCADO BOM PRECO STA HELENA;1544886,3;100522,91;9951,96;147,05;43,45;24;16;0;36;41;54;74,23;335,59;0;8,32;1;2024;17;ATIVO;SANTA HELENA DE GOIÁS;Dia 10;SIM;SUPERMERCADO;89;BRONZE
SUPERMERCADO BOM PRECO STA HELENA;1527582,81;105756,76;12640,36;68,53;55,99;34;12;2;13;29;29;12,19;58,34;26,15;223,04;2;2025;19;ATIVO;SANTA HELENA DE GOIÁS;Dia 10;SIM;SUPERMERCADO;89;BRONZE
SUPERMERCADO BOM PRECO STA HELENA;1514830,29;118926,46;14270,97;206,97;135,61;24;15;4;0;20;23;21,17;102,91;1,12;75,44;7;2026;14;ATIVO;SANTA HELENA DE GOIÁS;Dia 10;SIM;SUPERMERCADO;89;BRONZE
SUPERMERCADO BOM PRECO STA HELENA;1503896,65;114037,97;13684,56;116,59;61,3;24;12;2;0;21;24;6,19;33,85;0;24,83;8;2026;17;ATIVO;SANTA HELENA DE GOIÁS;Dia 10;SIM;SUPERMERCADO;89;BRONZE
SUPERMERCADO BOM PRECO STA HELENA;1499259,97;110888,13;13289,12;195,58;106,76;21;19;1;17;19;19;21,07;100,9;2,9;52,75;9;2024;19;ATIVO;SANTA HELENA DE GOIÁS;Dia 10;SIM;SUPERMERCADO;89;BRONZE
SUPERMERCADO BOM PRECO STA HELENA;1492596,67;116438,08;13972,57;270,13;358,53;21;20;4;0;17;19;15,97;73,66;7,38;65,64;5;2026;12;ATIVO;SANTA HELENA DE GOIÁS;Dia 10;SIM;SUPERMERCADO;89;BRONZE
SUPERMERCADO BOM PRECO STA HELENA;1490612,2;91862,52;9139,63;170,1;42,3;30;23;0;31;26;31;22,37;101,32;0;84,93;2;2024;27;ATIVO;SANTA HELENA DE GOIÁS;Dia 10;SIM;SUPERMERCADO;89;BRONZE
SUPERMERCADO BOM PRECO STA HELENA;1425773,99;107821,52;12938,58;218,06;547,92;16;14;2;0;25;27;13,74;64,22;5,01;65,81;4;2026;10;ATIVO;SANTA HELENA DE GOIÁS;Dia 10;SIM;SUPERMERCADO;89;BRONZE
SUPERMERCADO BOM PRECO STA HELENA;1402668,3;116292,65;13955,12;66,07;85,25;15;13;3;0;29;33;42,08;193,68;3,93;80,25;3;2026;10;ATIVO;SANTA HELENA DE GOIÁS;Dia 10;SIM;SUPERMERCADO;89;BRONZE
SUPERMERCADO BOM PRECO STA HELENA;1395168,48;111251,29;13329,54;26,84;67,31;18;14;2;0;12;14;24,76;114,5;1,12;46,05;6;2026;11;ATIVO;SANTA HELENA DE GOIÁS;Dia 10;SIM;SUPERMERCADO;89;BRONZE
SUPERMERCADO BOM PRECO STA HELENA;1335207,84;109258,18;13110,98;88,38;47,4;15;12;6;0;19;25;29,72;137,06;0,81;87,09;2;2026;5;ATIVO;SANTA HELENA DE GOIÁS;Dia 10;SIM;SUPERMERCADO;89;BRONZE
SUPERMERCADO BOM PRECO STA HELENA;1331587,97;108525,4;10916,15;2160,78;46,33;26;18;5;0;16;27;32,21;178,08;5,67;89,74;1;2026;14;ATIVO;SANTA HELENA DE GOIÁS;Dia 10;SIM;SUPERMERCADO;89;BRONZE
SUPERMERCADO BOM SUCESSO;3155025,45;0;0;850,31;2093,58;150;157;2;0;0;0;0;0;0;0;12;2025;147;ATIVO;CATALÃO;Dia 10;NÃO;SUPERMERCADO;85;OURO
SUPERMERCADO BOM SUCESSO;3015928,18;134536,34;16144,36;23,17;84,84;11;20;0;0;0;0;0;0;0;0;3;2025;11;ATIVO;CATALÃO;Dia 10;SIM;SUPERMERCADO;85;OURO
SUPERMERCADO BOM SUCESSO;2997874,74;132748,37;15902,22;51,02;198,38;8;52;36;0;0;0;0;0;0;0;12;2024;56;ATIVO;CATALÃO;Dia 10;SIM;SUPERMERCADO;85;OURO
SUPERMERCADO BOM SUCESSO;2904471,02;0;0;188,27;282,33;95;78;0;133;0;0;0;0;0;0;5;2026;97;ATIVO;CATALÃO;Dia 10;NÃO;SUPERMERCADO;85;OURO
SUPERMERCADO BOM SUCESSO;2877624,53;0;0;5,79;76,16;4;17;2;0;0;0;0;0;0;0;8;2025;1;ATIVO;CATALÃO;Dia 10;NÃO;SUPERMERCADO;85;OURO
SUPERMERCADO BOM SUCESSO;2847686,41;74868,38;8984,21;117,36;82,79;47;19;1;43;0;0;0;0;0;0;5;2024;91;ATIVO;CATALÃO;Dia 10;SIM;SUPERMERCADO;85;OURO
SUPERMERCADO BOM SUCESSO;2797879,49;133536,45;15253,36;129,51;144,85;30;24;3;0;0;0;0;0;0;0;4;2025;29;ATIVO;CATALÃO;Dia 10;SIM;SUPERMERCADO;85;OURO
SUPERMERCADO BOM SUCESSO;2776541,62;137276,61;15863,07;754,87;74,01;21;19;3;0;0;0;0;0;0;0;5;2025;19;ATIVO;CATALÃO;Dia 10;SIM;SUPERMERCADO;85;OURO
SUPERMERCADO BOM SUCESSO;2774964,77;0;0;4,03;77,7;25;17;1;0;0;0;0;0;0;0;3;2026;21;ATIVO;CATALÃO;Dia 10;NÃO;SUPERMERCADO;85;OURO
SUPERMERCADO BOM SUCESSO;2773269,59;0;0;18,17;28,86;6;20;2;0;0;0;0;0;0;0;7;2025;7;ATIVO;CATALÃO;Dia 10;NÃO;SUPERMERCADO;85;OURO
SUPERMERCADO BOM SUCESSO;2772687,73;0;0;11,84;149,44;9;10;1;133;0;0;0;0;0;0;4;2026;4;ATIVO;CATALÃO;Dia 10;NÃO;SUPERMERCADO;85;OURO
SUPERMERCADO BOM SUCESSO;2766003,12;0;0;220,2;234,4;19;17;0;133;0;0;0;0;0;0;7;2026;14;ATIVO;CATALÃO;Dia 10;NÃO;SUPERMERCADO;85;OURO
SUPERMERCADO BOM SUCESSO;2759360,38;0;0;5,4;64,09;15;17;0;133;0;0;0;0;0;0;8;2026;9;ATIVO;CATALÃO;Dia 10;NÃO;SUPERMERCADO;85;OURO
SUPERMERCADO BOM SUCESSO;2752500,81;0;0;242,65;99,24;11;18;4;0;0;0;0;0;0;0;10;2025;7;ATIVO;CATALÃO;Dia 10;NÃO;SUPERMERCADO;85;OURO
SUPERMERCADO BOM SUCESSO;2709193,53;125385,76;15046,29;21,45;146,13;16;20;0;0;0;0;0;0;0;0;2;2025;12;ATIVO;CATALÃO;Dia 10;SIM;SUPERMERCADO;85;OURO
SUPERMERCADO BOM SUCESSO;2698690,02;132118,82;15854,26;4,91;175,49;7;20;0;0;0;0;0;0;0;0;1;2025;9;ATIVO;CATALÃO;Dia 10;SIM;SUPERMERCADO;85;OURO
SUPERMERCADO BOM SUCESSO;2692871,66;0;0;110,45;358,88;24;21;3;133;0;0;0;0;0;0;6;2026;20;ATIVO;CATALÃO;Dia 10;NÃO;SUPERMERCADO;85;OURO
SUPERMERCADO BOM SUCESSO;2689421,9;0;0;2,79;26,66;4;14;0;0;0;0;0;0;0;0;6;2025;5;ATIVO;CATALÃO;Dia 10;NÃO;SUPERMERCADO;85;OURO
SUPERMERCADO BOM SUCESSO;2682704,02;0;0;257,07;17,09;52;63;3;0;0;0;0;0;0;0;11;2025;51;ATIVO;CATALÃO;Dia 10;NÃO;SUPERMERCADO;85;OURO
SUPERMERCADO BOM SUCESSO;2648942,46;0;0;196,09;118,87;12;20;0;4;0;0;0;0;0;0;9;2025;4;ATIVO;CATALÃO;Dia 10;NÃO;SUPERMERCADO;85;OURO
SUPERMERCADO BOM SUCESSO;2575197,66;118826,74;14259,21;12,33;132,12;13;19;0;49;0;0;0;0;0;0;11;2024;30;ATIVO;CATALÃO;Dia 10;SIM;SUPERMERCADO;85;OURO
SUPERMERCADO BOM SUCESSO;2564674,9;115779,87;13893,58;197,48;181,46;50;31;2;49;0;0;0;0;0;0;8;2024;42;ATIVO;CATALÃO;Dia 10;SIM;SUPERMERCADO;85;OURO
SUPERMERCADO BOM SUCESSO;2489714,06;105391,3;12643,01;264,24;537,52;34;14;0;48;0;0;0;0;0;0;7;2024;72;ATIVO;CATALÃO;Dia 10;SIM;SUPERMERCADO;85;OURO
SUPERMERCADO BOM SUCESSO;2489624,94;0;0;296,69;1652,65;78;86;2;0;0;0;0;0;0;0;1;2026;79;ATIVO;CATALÃO;Dia 10;NÃO;SUPERMERCADO;85;OURO
SUPERMERCADO BOM SUCESSO;2471547,25;99341,51;11920,98;167,69;50,45;47;20;5;48;0;0;0;0;0;0;6;2024;84;ATIVO;CATALÃO;Dia 10;SIM;SUPERMERCADO;85;OURO
SUPERMERCADO BOM SUCESSO;2467468,34;116162,64;13939,52;79,78;167,5;10;19;0;50;0;0;0;0;0;0;10;2024;22;ATIVO;CATALÃO;Dia 10;SIM;SUPERMERCADO;85;OURO
SUPERMERCADO BOM SUCESSO;2464611,96;0;0;55,22;30,39;11;53;6;0;0;0;0;0;0;0;2;2026;43;ATIVO;CATALÃO;Dia 10;NÃO;SUPERMERCADO;85;OURO
SUPERMERCADO BOM SUCESSO;2460463,13;110223,98;13226,88;539,6;485,67;29;25;1;47;0;0;0;0;0;0;9;2024;22;ATIVO;CATALÃO;Dia 10;SIM;SUPERMERCADO;85;OURO
SUPERMERCADO BOM SUCESSO;2410184,38;0;0;87,72;30,87;22;16;3;90;26;16;27,7;108,68;29,56;48,66;12;2023;26;ATIVO;CATALÃO;Dia 10;NÃO;SUPERMERCADO;85;OURO
SUPERMERCADO BOM SUCESSO;2251440,41;0;0;20,8;159,16;18;20;0;52;18;55;56,6;225,25;14,73;32,57;3;2024;14;ATIVO;CATALÃO;Dia 10;NÃO;SUPERMERCADO;85;OURO
SUPERMERCADO BOM SUCESSO;2135922,96;0;0;133,6;37,28;19;19;5;58;35;74;52,82;212,86;25,41;87,42;2;2024;35;ATIVO;CATALÃO;Dia 10;NÃO;SUPERMERCADO;85;OURO
SUPERMERCADO BOM SUCESSO;2063027,22;0;0;130,15;100,73;26;27;7;50;25;27;42,32;185,97;82,5;24,553;10;2023;79;ATIVO;CATALÃO;Dia 10;NÃO;SUPERMERCADO;85;OURO
SUPERMERCADO BOM SUCESSO;2038469,1;0;0;128,83;93,61;25;32;3;8;32;71;93,04;427,62;139,52;37,95;9;2023;85;ATIVO;CATALÃO;Dia 10;NÃO;SUPERMERCADO;85;OURO
SUPERMERCADO BOM SUCESSO;2032710,03;0;0;181,91;20,63;17;14;1;13;21;65;3787,91;17486,48;0;17,32;7;2023;93;ATIVO;CATALÃO;Dia 10;NÃO;SUPERMERCADO;85;OURO
SUPERMERCADO BOM SUCESSO;2023633,53;0;0;25,62;197,95;11;17;1;80;9;51;83,81;376,6;0,83;46,11;11;2023;43;ATIVO;CATALÃO;Dia 10;NÃO;SUPERMERCADO;85;OURO
SUPERMERCADO BOM SUCESSO;2000585,59;0;0;161,52;31,97;14;13;0;12;21;67;3847,07;17778,63;2,96;44,4;8;2023;77;ATIVO;CATALÃO;Dia 10;NÃO;SUPERMERCADO;85;OURO
SUPERMERCADO BOM SUCESSO;1975810,07;0;0;648,58;1790,7;218;76;816;35;208;616;3999,86;18427,01;176,85;709,97;12;2022;0;ATIVO;CATALÃO;Dia 10;NÃO;SUPERMERCADO;85;OURO
SUPERMERCADO BOM SUCESSO;1908609,22;0;0;190,01;161,92;23;37;28;101;14;62;3567,65;16472,62;0;22,06;6;2023;127;ATIVO;CATALÃO;Dia 10;NÃO;SUPERMERCADO;85;OURO
SUPERMERCADO BOM SUCESSO;1906094,26;0;0;432,3;17,62;34;21;0;77;52;159;3737,53;17253,79;21,61;151,74;5;2023;124;ATIVO;CATALÃO;Dia 10;NÃO;SUPERMERCADO;85;OURO
SUPERMERCADO BOM SUCESSO;1872146,6;0;0;144,78;15,6;42;26;0;121;64;278;3794,99;17524,13;11,11;158,89;4;2023;156;ATIVO;CATALÃO;Dia 10;NÃO;SUPERMERCADO;85;OURO
SUPERMERCADO BOM SUCESSO;1851050,79;0;0;4828,84;3203,36;950;182;2;47;0;0;0;0;0;0;4;2024;613;ATIVO;CATALÃO;Dia 10;NÃO;SUPERMERCADO;85;OURO
SUPERMERCADO BOM SUCESSO;1688626,45;0;0;109,91;159,4;42;21;3;62;244;563;3339,13;15394,7;53,05;388,28;3;2023;106;ATIVO;CATALÃO;Dia 10;NÃO;SUPERMERCADO;85;OURO
SUPERMERCADO BOM SUCESSO;1631619,95;0;0;189,63;52,21;16;17;3;65;27;71;13,93;48,16;20,32;311,97;1;2024;39;ATIVO;CATALÃO;Dia 10;NÃO;SUPERMERCADO;85;OURO
SUPERMERCADO BOM SUCESSO;1564151,72;0;0;213,09;1514,19;109;52;5;65;263;647;3288,35;15116,31;193,07;878,49;2;2023;273;ATIVO;CATALÃO;Dia 10;NÃO;SUPERMERCADO;85;OURO
SUPERMERCADO BONTEMPO;1432829,62;0;0;898,63;262,81;212;13;47;0;45;47;28,07;135,34;29,07;351,7;12;2024;103;INATIVO;SÃO LUÍS DE MONTES BELOS;Dia 30;NÃO;SUPERMERCADO;77;PRATA
SUPERMERCADO BONTEMPO;1411496,82;0;0;861,64;217,8;192;25;50;0;42;43;14,26;73,3;14,04;194,28;11;2024;105;INATIVO;SÃO LUÍS DE MONTES BELOS;Dia 30;NÃO;SUPERMERCADO;77;PRATA
SUPERMERCADO BONTEMPO;1407033,6;0;0;949,79;214,69;180;25;46;30;27;28;12,89;68,48;21,1;93,19;10;2024;92;INATIVO;SÃO LUÍS DE MONTES BELOS;Dia 30;NÃO;SUPERMERCADO;77;PRATA
SUPERMERCADO BONTEMPO;1307282,35;0;0;1513,79;980,44;296;53;65;28;75;76;24,3;121,46;39,75;1957,28;8;2024;180;INATIVO;SÃO LUÍS DE MONTES BELOS;Dia 30;NÃO;SUPERMERCADO;77;PRATA
SUPERMERCADO BONTEMPO;1297250,21;0;0;1709,87;1444,2;287;58;64;28;86;87;25,06;125,76;237,49;577,33;7;2024;175;INATIVO;SÃO LUÍS DE MONTES BELOS;Dia 30;NÃO;SUPERMERCADO;77;PRATA
SUPERMERCADO BONTEMPO;1288130,94;71833,84;0;10046,74;1012,62;287;47;67;33;67;71;141,45;806,44;31,36;1431,98;5;2024;201;INATIVO;SÃO LUÍS DE MONTES BELOS;Dia 30;SIM;SUPERMERCADO;77;PRATA
SUPERMERCADO BONTEMPO;1273097,14;44003,8;263,74;6083,71;289,66;432;32;48;36;40;43;109,95;614,03;25,93;482,51;12;2023;196;INATIVO;SÃO LUÍS DE MONTES BELOS;Dia 30;SIM;SUPERMERCADO;77;PRATA
SUPERMERCADO BONTEMPO;1257744,15;0;0;949,55;154,91;192;13;64;0;37;40;23,92;112,56;7,37;204,95;1;2025;109;INATIVO;SÃO LUÍS DE MONTES BELOS;Dia 30;NÃO;SUPERMERCADO;77;PRATA
SUPERMERCADO BONTEMPO;1250610,4;0;0;931,96;88,58;162;23;48;31;25;25;14,84;75,07;15,73;273,41;9;2024;101;INATIVO;SÃO LUÍS DE MONTES BELOS;Dia 30;NÃO;SUPERMERCADO;77;PRATA
SUPERMERCADO BONTEMPO;1230182,15;0;0;886,87;334,97;181;17;49;0;45;48;41,3;194,22;41,61;159,16;2;2025;87;INATIVO;SÃO LUÍS DE MONTES BELOS;Dia 30;NÃO;SUPERMERCADO;77;PRATA
SUPERMERCADO BONTEMPO;1223962,51;0;0;1564,96;969,34;264;55;76;29;85;88;26,53;130,4;37,38;971,79;6;2024;159;INATIVO;SÃO LUÍS DE MONTES BELOS;Dia 30;NÃO;SUPERMERCADO;77;PRATA
SUPERMERCADO BONTEMPO;1182511,76;0;0;5748,75;77,74;209;24;52;35;50;53;165,43;850,51;32,45;1547,37;3;2024;142;INATIVO;SÃO LUÍS DE MONTES BELOS;Dia 30;NÃO;SUPERMERCADO;77;PRATA
SUPERMERCADO BONTEMPO;1167426,83;0;0;4676,56;928,52;395;174;49;0;33;35;76,62;450,42;18,05;933,68;7;2023;829;INATIVO;SÃO LUÍS DE MONTES BELOS;Dia 30;NÃO;SUPERMERCADO;77;PRATA
SUPERMERCADO BONTEMPO;1142577,2;63683,58;0;8681,65;344,86;233;30;55;29;57;59;137,46;764,94;23,13;1145,19;4;2024;162;INATIVO;SÃO LUÍS DE MONTES BELOS;Dia 30;SIM;SUPERMERCADO;77;PRATA
SUPERMERCADO BONTEMPO;1137919,6;65775,66;408,22;5347,65;939,38;432;66;42;0;71;66;126,17;682,34;553,22;825,5;9;2023;852;INATIVO;SÃO LUÍS DE MONTES BELOS;Dia 30;SIM;SUPERMERCADO;77;PRATA
SUPERMERCADO BONTEMPO;1125150,51;40789,88;165,03;5758,97;281,65;427;66;51;0;35;38;71,72;433,17;14,77;357,66;11;2023;189;INATIVO;SÃO LUÍS DE MONTES BELOS;Dia 30;SIM;SUPERMERCADO;77;PRATA
SUPERMERCADO BONTEMPO;1115557;34107,86;189,96;4860,03;1009,17;449;73;43;0;64;67;116,11;622,82;29,16;814,94;8;2023;939;INATIVO;SÃO LUÍS DE MONTES BELOS;Dia 30;SIM;SUPERMERCADO;77;PRATA
SUPERMERCADO BONTEMPO;1080314,61;0;0;5407,02;845,46;470;94;51;0;97;100;155,52;820,25;562,8;1563,53;10;2023;802;INATIVO;SÃO LUÍS DE MONTES BELOS;Dia 30;NÃO;SUPERMERCADO;77;PRATA
SUPERMERCADO BONTEMPO;1072278,49;36759,56;277,62;5331,96;438,39;443;24;54;32;41;44;118,77;636,03;25,61;862,57;1;2024;232;INATIVO;SÃO LUÍS DE MONTES BELOS;Dia 30;SIM;SUPERMERCADO;77;PRATA
SUPERMERCADO BONTEMPO;1058128,17;42735,32;142,55;5346,02;226,65;391;64;52;33;36;39;126,99;675,2;25,55;1464,74;2;2024;191;INATIVO;SÃO LUÍS DE MONTES BELOS;Dia 30;SIM;SUPERMERCADO;77;PRATA
SUPERMERCADO BORGES;1362827,13;0;0;14,54;49,5;35;12;2;0;183;213;167,99;772,7;23,93;515,97;4;2025;117;INATIVO;ANÁPOLIS;Dia 20;NÃO;SUPERMERCADO;43;INATIVO
SUPERMERCADO BORGES;1249689,35;0;0;11,27;20,95;37;32;1;0;202;259;175,8;808,19;19,56;505,74;3;2025;104;INATIVO;ANÁPOLIS;Dia 20;NÃO;SUPERMERCADO;43;INATIVO
SUPERMERCADO BORGES;1123372,01;0;0;805,08;2159,9;267;57;8;288;137;433;166,49;764,56;0;409,06;3;2024;151;INATIVO;ANÁPOLIS;Dia 20;NÃO;SUPERMERCADO;43;INATIVO
SUPERMERCADO BORGES;1073294,4;0;0;927,03;2346,78;232;47;7;316;194;490;183,14;843,68;49,32;499,79;7;2024;173;INATIVO;ANÁPOLIS;Dia 20;NÃO;SUPERMERCADO;43;INATIVO
SUPERMERCADO BORGES;996700,1;0;0;42,1;262,52;88;51;2;0;212;529;183,36;843,15;44,17;412,32;12;2024;118;INATIVO;ANÁPOLIS;Dia 20;NÃO;SUPERMERCADO;43;INATIVO
SUPERMERCADO BORGES;980523,06;0;0;29,48;277,1;92;52;2;0;210;534;186,1;857,18;57,38;415,43;1;2025;174;INATIVO;ANÁPOLIS;Dia 20;NÃO;SUPERMERCADO;43;INATIVO
SUPERMERCADO BORGES;947094,62;0;0;93,49;35,23;63;41;3;0;182;446;142,61;655,61;18,86;473,66;2;2025;156;INATIVO;ANÁPOLIS;Dia 20;NÃO;SUPERMERCADO;43;INATIVO
SUPERMERCADO BORGES;826598,94;0;0;191,33;358,33;226;45;5;304;194;482;141,58;651,45;28,47;333,58;8;2024;294;INATIVO;ANÁPOLIS;Dia 20;NÃO;SUPERMERCADO;43;INATIVO
SUPERMERCADO BORGES;763999,11;0;0;163,3;536,11;238;81;10;287;194;483;135,86;624,53;22,02;431,87;9;2024;190;INATIVO;ANÁPOLIS;Dia 20;NÃO;SUPERMERCADO;43;INATIVO
SUPERMERCADO BORGES;754484,1;0;0;34,9;178,15;88;44;2;280;183;469;136,86;628,69;26,13;332,56;11;2024;125;INATIVO;ANÁPOLIS;Dia 20;NÃO;SUPERMERCADO;43;INATIVO
SUPERMERCADO BORGES;746424,31;0;0;39,7;209,97;83;50;2;292;201;494;142,73;656,44;37,8;330,95;10;2024;133;INATIVO;ANÁPOLIS;Dia 20;NÃO;SUPERMERCADO;43;INATIVO
SUPERMERCADO BRASIL;1433226,7;0;0;783,4;61,95;50;23;10;0;133;159;17,1;78,5;172,13;687,38;12;2025;24;ATIVO;DOVERLÂNDIA;Dia 10;NÃO;SUPERMERCADO;94;BRONZE
SUPERMERCADO BRASIL;1381474,79;0;0;860,72;62,04;87;88;9;0;105;120;18,85;85,04;144,86;247,92;5;2026;45;ATIVO;DOVERLÂNDIA;Dia 10;NÃO;SUPERMERCADO;94;BRONZE
SUPERMERCADO BRASIL;1345490,42;0;0;584,36;171,04;94;25;12;0;105;121;454,14;2149,91;214,96;224,15;3;2026;44;ATIVO;DOVERLÂNDIA;Dia 10;NÃO;SUPERMERCADO;94;BRONZE
SUPERMERCADO BRASIL;1308934,55;0;0;1165,65;208,34;148;44;26;0;111;115;8,67;38,35;170,52;290,89;8;2026;34;ATIVO;DOVERLÂNDIA;Dia 10;NÃO;SUPERMERCADO;94;BRONZE
SUPERMERCADO BRASIL;1304286,03;0;0;671,61;50,84;86;89;6;0;81;88;1638,79;7773,25;117,88;243,39;4;2026;36;ATIVO;DOVERLÂNDIA;Dia 10;NÃO;SUPERMERCADO;94;BRONZE
SUPERMERCADO BRASIL;1278120,39;0;0;533,76;90,33;78;40;21;0;85;100;6,27;26,79;112,13;183,96;7;2026;34;ATIVO;DOVERLÂNDIA;Dia 10;NÃO;SUPERMERCADO;94;BRONZE
SUPERMERCADO BRASIL;1246254,46;0;0;553,16;99,26;92;90;18;0;82;101;5,28;23,26;121,18;148,01;6;2026;33;ATIVO;DOVERLÂNDIA;Dia 10;NÃO;SUPERMERCADO;94;BRONZE
SUPERMERCADO BRASIL;1237129,97;0;0;1146,09;1655,39;274;39;15;0;131;165;17,32;81,52;186,38;1163,37;5;2025;81;ATIVO;DOVERLÂNDIA;Dia 10;NÃO;SUPERMERCADO;94;BRONZE
SUPERMERCADO BRASIL;1203673,89;0;0;353,9;57,5;81;26;16;0;109;135;13,12;60,35;157,82;214,54;10;2025;32;ATIVO;DOVERLÂNDIA;Dia 10;NÃO;SUPERMERCADO;94;BRONZE
SUPERMERCADO BRASIL;1179422,28;0;0;484,37;916,65;228;20;9;0;91;112;16,62;76,09;174,01;189,95;8;2025;41;ATIVO;DOVERLÂNDIA;Dia 10;NÃO;SUPERMERCADO;94;BRONZE
SUPERMERCADO BRASIL;1174976,43;0;0;524,09;263,73;58;21;8;0;102;126;25,12;115,7;169,16;258,02;9;2025;27;ATIVO;DOVERLÂNDIA;Dia 10;NÃO;SUPERMERCADO;94;BRONZE
SUPERMERCADO BRASIL;1150434,79;0;0;330,93;775,59;117;33;13;0;76;98;9,36;44,52;133,82;522,57;3;2025;53;ATIVO;DOVERLÂNDIA;Dia 10;NÃO;SUPERMERCADO;94;BRONZE
SUPERMERCADO BRASIL;1131768,91;0;0;524,58;909,58;207;27;9;0;66;79;2,96;13,65;153,97;125,45;7;2025;29;ATIVO;DOVERLÂNDIA;Dia 10;NÃO;SUPERMERCADO;94;BRONZE
SUPERMERCADO BRASIL;1117169,97;0;0;550,84;980,5;206;57;15;0;118;143;8,22;39,12;164,06;701,13;6;2025;69;ATIVO;DOVERLÂNDIA;Dia 10;NÃO;SUPERMERCADO;94;BRONZE
SUPERMERCADO BRASIL;1113645,44;0;0;389,98;72,78;68;25;10;0;125;146;13,26;58,25;227,65;472,77;1;2026;36;ATIVO;DOVERLÂNDIA;Dia 10;NÃO;SUPERMERCADO;94;BRONZE
SUPERMERCADO BRASIL;1112917,33;0;0;437,3;570,38;101;31;11;0;127;145;12,51;55,16;195,12;472,04;2;2026;35;ATIVO;DOVERLÂNDIA;Dia 10;NÃO;SUPERMERCADO;94;BRONZE
SUPERMERCADO BRASIL;1090947,37;0;0;320,23;349,35;87;27;17;0;69;101;13,39;61,33;114,75;291,72;12;2024;27;ATIVO;DOVERLÂNDIA;Dia 10;NÃO;SUPERMERCADO;94;BRONZE
SUPERMERCADO BRASIL;1084964,98;0;0;740,85;623,93;152;34;14;0;113;135;9,85;46,6;142,41;1104,35;4;2025;69;ATIVO;DOVERLÂNDIA;Dia 10;NÃO;SUPERMERCADO;94;BRONZE
SUPERMERCADO BRASIL;1017972,73;0;0;331,32;168,98;72;21;89;265;89;99;37;170,69;100,82;127,8;10;2024;39;ATIVO;DOVERLÂNDIA;Dia 10;NÃO;SUPERMERCADO;94;BRONZE
SUPERMERCADO BRASIL;1016570,76;0;0;790,41;435,86;201;60;9;278;205;408;46,67;216,14;241,03;344,18;7;2024;73;ATIVO;DOVERLÂNDIA;Dia 10;NÃO;SUPERMERCADO;94;BRONZE
SUPERMERCADO BRASIL;1006908,06;0;0;634,56;330,72;183;39;14;262;193;397;42,5;196,27;258,34;411,34;8;2024;68;ATIVO;DOVERLÂNDIA;Dia 10;NÃO;SUPERMERCADO;94;BRONZE
SUPERMERCADO BRASIL;1006320,53;0;0;549,47;291,04;122;14;8;247;151;364;42,05;192,74;241,94;213,44;5;2024;48;ATIVO;DOVERLÂNDIA;Dia 10;NÃO;SUPERMERCADO;94;BRONZE
SUPERMERCADO BRASIL;997580,88;0;0;615,5;297,5;138;21;8;267;164;370;41,54;190,29;222,07;274,84;6;2024;66;ATIVO;DOVERLÂNDIA;Dia 10;NÃO;SUPERMERCADO;94;BRONZE
SUPERMERCADO BRASIL;985524,64;0;0;166,28;155,01;63;22;14;0;68;105;4,9;22,35;126,86;165,89;1;2025;28;ATIVO;DOVERLÂNDIA;Dia 10;NÃO;SUPERMERCADO;94;BRONZE
SUPERMERCADO BRASIL;976428,37;0;0;102,85;57,05;46;18;11;241;51;70;7,44;33,7;58,94;108,85;11;2024;14;ATIVO;DOVERLÂNDIA;Dia 10;NÃO;SUPERMERCADO;94;BRONZE
SUPERMERCADO BRASIL;965656,87;0;0;303,97;212,88;84;27;17;0;79;119;4,27;19,92;115,14;223,73;2;2025;36;ATIVO;DOVERLÂNDIA;Dia 10;NÃO;SUPERMERCADO;94;BRONZE
SUPERMERCADO BRASIL;940824,96;0;0;496,56;371,95;518;38;3;234;124;324;34,55;159,15;162,32;284,35;3;2024;31;ATIVO;DOVERLÂNDIA;Dia 10;NÃO;SUPERMERCADO;94;BRONZE
SUPERMERCADO BRASIL;934740,59;0;0;578,39;259,75;144;132;5;236;132;347;40,23;184,74;214,98;132,23;4;2024;40;ATIVO;DOVERLÂNDIA;Dia 10;NÃO;SUPERMERCADO;94;BRONZE
SUPERMERCADO BRASIL;932520,34;0;0;187,07;115,08;107;22;11;249;107;265;9,16;42,49;124,17;102,38;9;2024;39;ATIVO;DOVERLÂNDIA;Dia 10;NÃO;SUPERMERCADO;94;BRONZE
SUPERMERCADO BRASIL;812842,74;0;0;426,86;264,73;93;22;13;222;162;363;47,46;218,38;206,21;478,21;2;2024;30;ATIVO;DOVERLÂNDIA;Dia 10;NÃO;SUPERMERCADO;94;BRONZE
SUPERMERCADO BRASIL;756684,84;0;0;3112,9;3052,54;1056;249;84;233;967;1199;486,95;2245,62;1519,21;3949,03;10;2023;539;ATIVO;DOVERLÂNDIA;Dia 10;NÃO;SUPERMERCADO;94;BRONZE
SUPERMERCADO BRASIL;756684,84;0;0;1646,57;1664,46;734;307;55;234;731;917;442,67;2036,2;895,71;2380,31;1;2024;340;ATIVO;DOVERLÂNDIA;Dia 10;NÃO;SUPERMERCADO;94;BRONZE
SUPERMERCADO BRASIL (3E) JUNTOS;29916706,24;910859,51;109303,1412;15,18;3563,63;14;9;23;0;24;21;334,36;1447,88;0;6,96;7;2025;4;ATIVO;GOIANÉSIA;Dia 10;NÃO;SUPERMERCADO;255;OURO
SUPERMERCADO BRASIL (3E) JUNTOS;29870093,9;0;0;150,75;117478,93;157;143;18;0;28;28;213,16;1054,5;0;7633,21;1;2026;146;ATIVO;GOIANÉSIA;Dia 10;NÃO;SUPERMERCADO;255;OURO
SUPERMERCADO BRASIL (3E) JUNTOS;29586085,67;0;0;17,98;113122,66;138;136;19;0;23;13;50,24;140,51;0;212,01;10;2025;137;ATIVO;GOIANÉSIA;Dia 10;NÃO;SUPERMERCADO;255;OURO
SUPERMERCADO BRASIL (3E) JUNTOS;29519635,89;0;0;53,39;111329,8;145;138;23;0;25;22;350,38;1530,39;0;86,33;8;2025;141;ATIVO;GOIANÉSIA;Dia 10;NÃO;SUPERMERCADO;255;OURO
SUPERMERCADO BRASIL (3E) JUNTOS;29401829,46;921903,63;108626,86;1150,97;370,51;37;5;20;17;286;282;1570,6;7154,66;45,06;18526,3;12;2024;23;ATIVO;GOIANÉSIA;Dia 10;NÃO;SUPERMERCADO;255;OURO
SUPERMERCADO BRASIL (3E) JUNTOS;29088138,45;853758,11;102324,22;622,7;3515,22;47;10;22;0;83;83;766,39;3437,76;5,19;1597,36;4;2025;41;ATIVO;GOIANÉSIA;Dia 10;NÃO;SUPERMERCADO;255;OURO
SUPERMERCADO BRASIL (3E) JUNTOS;28914764,07;827052,55;99143,92;1162,09;5916,71;53;11;22;2;100;100;636,96;2806,01;122,14;3971,81;3;2025;32;ATIVO;GOIANÉSIA;Dia 10;NÃO;SUPERMERCADO;255;OURO
SUPERMERCADO BRASIL (3E) JUNTOS;28799788,29;0;0;1781,6;115059,57;172;148;21;0;23;20;85,56;324,1;0;164,13;11;2025;155;ATIVO;GOIANÉSIA;Dia 10;NÃO;SUPERMERCADO;255;OURO
SUPERMERCADO BRASIL (3E) JUNTOS;28464062,58;0;0;1446,32;117306,51;173;154;25;0;52;50;3377,79;15583,92;0;152,45;3;2026;155;ATIVO;GOIANÉSIA;Dia 10;NÃO;SUPERMERCADO;255;OURO
SUPERMERCADO BRASIL (3E) JUNTOS;28409648,81;915631,37;109203,4812;460,95;4918,43;10;3;1;0;16;17;460,13;2044,4;0;15,2;6;2025;21;ATIVO;GOIANÉSIA;Dia 10;NÃO;SUPERMERCADO;255;OURO
SUPERMERCADO BRASIL (3E) JUNTOS;28203343,18;0;0;879,9;113315,84;170;179;21;0;32;30;252,22;1087,15;0;173,29;4;2026;158;ATIVO;GOIANÉSIA;Dia 10;NÃO;SUPERMERCADO;255;OURO
SUPERMERCADO BRASIL (3E) JUNTOS;28169192,91;0;0;21,58;106167,54;138;138;22;0;13;11;367,99;1621,15;0;37,02;9;2025;137;ATIVO;GOIANÉSIA;Dia 10;NÃO;SUPERMERCADO;255;OURO
SUPERMERCADO BRASIL (3E) JUNTOS;27773264,11;857348,68;101378,4;837,46;3994,67;14;7;24;0;25;24;779,5;3690,39;0;10,45;5;2025;20;ATIVO;GOIANÉSIA;Dia 10;NÃO;SUPERMERCADO;255;OURO
SUPERMERCADO BRASIL (3E) JUNTOS;26408123,15;964383,46;96387,48;329,09;5617,18;80;44;26;16;645;1105;29873,53;137567,43;662,79;8752,53;12;2023;154;ATIVO;GOIANÉSIA;Dia 10;NÃO;SUPERMERCADO;255;OURO
SUPERMERCADO BRASIL (3E) JUNTOS;26017392,9;881265,9;98430,13;8101,62;3012,61;98;40;24;18;654;1183;14633,82;67402,95;1384,54;19219,94;10;2024;144;ATIVO;GOIANÉSIA;Dia 10;NÃO;SUPERMERCADO;255;OURO
SUPERMERCADO BRASIL (3E) JUNTOS;25949138,99;761682,54;90490,79;713,32;324,11;44;30;21;9;34;30;315,26;1345,16;0;68,09;1;2025;9;ATIVO;GOIANÉSIA;Dia 10;NÃO;SUPERMERCADO;255;OURO
SUPERMERCADO BRASIL (3E) JUNTOS;25561860,2;872681,9;102692,37;2707,35;1732,96;64;28;25;10;270;278;2389,32;10899,95;78,17;34777,39;11;2024;45;ATIVO;GOIANÉSIA;Dia 10;NÃO;SUPERMERCADO;255;OURO
SUPERMERCADO BRASIL (3E) JUNTOS;25264014,56;876685,33;89169,4;16645,41;1893,71;80;33;26;2;599;599;23967,01;110466,18;444,38;2905,24;8;2024;144;ATIVO;GOIANÉSIA;Dia 10;NÃO;SUPERMERCADO;255;OURO
SUPERMERCADO BRASIL (3E) JUNTOS;25138510,34;935665,01;109754,23;6185,34;8018,36;91;48;26;174;699;1275;25444,16;117081,06;278,09;3806,53;5;2024;173;ATIVO;GOIANÉSIA;Dia 10;NÃO;SUPERMERCADO;255;OURO
SUPERMERCADO BRASIL (3E) JUNTOS;24990598,06;701991,67;84081,6564;1388,37;5065,03;47;10;23;1;60;57;471,91;2118,34;0;1221,46;2;2025;25;ATIVO;GOIANÉSIA;Dia 10;NÃO;SUPERMERCADO;255;OURO
SUPERMERCADO BRASIL (3E) JUNTOS;24773895,34;0;0;161,06;111639,28;169;145;2;0;41;43;863,29;4053,97;0;25,72;2;2026;147;ATIVO;GOIANÉSIA;Dia 10;NÃO;SUPERMERCADO;255;OURO
SUPERMERCADO BRASIL (3E) JUNTOS;24644774,07;844093,72;85661,75;15778,61;1523,27;69;22;22;3;607;1146;23366,12;107779,31;324,96;2438,18;9;2024;144;ATIVO;GOIANÉSIA;Dia 10;NÃO;SUPERMERCADO;255;OURO
SUPERMERCADO BRASIL (3E) JUNTOS;24214520,43;864021,41;87164,79;17253,38;1126,42;84;29;29;15;634;1186;23472,38;108125,52;447,74;3527,12;7;2024;145;ATIVO;GOIANÉSIA;Dia 10;NÃO;SUPERMERCADO;255;OURO
SUPERMERCADO BRASIL (3E) JUNTOS;23872366,07;925393,14;89311,45;47591,33;542,27;86;29;27;17;630;1189;23731,51;109221,81;353,49;3107,65;6;2024;141;ATIVO;GOIANÉSIA;Dia 10;NÃO;SUPERMERCADO;255;OURO
SUPERMERCADO BRASIL (3E) JUNTOS;23831197,96;832345,92;83145,058;197,16;7170,37;97;49;24;179;649;1150;27387,47;27387,47;397,99;3164,47;3;2024;167;ATIVO;GOIANÉSIA;Dia 10;NÃO;SUPERMERCADO;255;OURO
SUPERMERCADO BRASIL (3E) JUNTOS;22461712,32;774744,1;92886,72;83,33;6301,13;409;32;29;197;667;1266;21737,79;99922,43;294,78;2827,79;4;2024;154;ATIVO;GOIANÉSIA;Dia 10;NÃO;SUPERMERCADO;255;OURO
SUPERMERCADO BRASIL (3E) JUNTOS;21576828,69;756835,58;75609,9;62,26;5779,69;90;45;23;181;726;1113;26363,26;121062,16;543,36;6800,57;2;2024;155;ATIVO;GOIANÉSIA;Dia 10;NÃO;SUPERMERCADO;255;OURO
SUPERMERCADO BRASIL (3E) JUNTOS;21483654,67;686588,66;67964,49;513,19;6383,64;52;7;25;489;662;1073;44377,72;209296,37;644,62;5623,96;8;2023;325;ATIVO;GOIANÉSIA;Dia 10;NÃO;SUPERMERCADO;255;OURO
SUPERMERCADO BRASIL (3E) JUNTOS;21411712,74;669532,82;66613,58;93,36;4950,61;76;39;24;23;639;1094;25468,51;117191,38;537,73;7053,92;11;2023;152;ATIVO;GOIANÉSIA;Dia 10;NÃO;SUPERMERCADO;255;OURO
SUPERMERCADO BRASIL (3E) JUNTOS;21270238,81;669532,82;66631,58;590,36;6012,93;90;63;23;43;658;1089;42671,37;201865;547,32;6932,52;10;2023;522;ATIVO;GOIANÉSIA;Dia 10;NÃO;SUPERMERCADO;255;OURO
SUPERMERCADO BRASIL (3E) JUNTOS;21190740,09;712324,88;70718,68;516,89;65264,57;70;32;25;512;606;1000;43295,92;203783,19;630,25;16552,91;4;2023;286;ATIVO;GOIANÉSIA;Dia 10;NÃO;SUPERMERCADO;255;OURO
SUPERMERCADO BRASIL (3E) JUNTOS;21157668,01;786867,74;78664,6;45,31;6037,2;82;46;22;181;661;1108;27147,45;124879,7;589,48;7609,75;1;2024;154;ATIVO;GOIANÉSIA;Dia 10;NÃO;SUPERMERCADO;255;OURO
SUPERMERCADO BRASIL (3E) JUNTOS;21076493,38;642792,87;63678,87;526,95;6047,03;45;6;24;31;661;1079;42709,16;201759,96;604,01;6558,97;9;2023;228;ATIVO;GOIANÉSIA;Dia 10;NÃO;SUPERMERCADO;255;OURO
SUPERMERCADO BRASIL (3E) JUNTOS;21043852,74;787188,84;78185,94;528,27;31729,41;73;36;25;1;630;1050;43236,5;204548,2;563,36;4939,73;6;2023;400;ATIVO;GOIANÉSIA;Dia 10;NÃO;SUPERMERCADO;255;OURO
SUPERMERCADO BRASIL (3E) JUNTOS;20981225,76;776527,36;77116,32;472,34;10834,04;68;31;25;0;654;1069;44255,27;208791,83;710,67;5477;7;2023;346;ATIVO;GOIANÉSIA;Dia 10;NÃO;SUPERMERCADO;255;OURO
SUPERMERCADO BRASIL (3E) JUNTOS;20417527,47;760625,57;75656,31;405,22;28338,17;78;42;24;504;635;1046;42611,88;200660,89;635,89;6083,48;5;2023;319;ATIVO;GOIANÉSIA;Dia 10;NÃO;SUPERMERCADO;255;OURO
SUPERMERCADO BRASIL (3E) JUNTOS;19773366,15;614184,66;58045,98;3592,71;51934,59;86;34;27;516;593;1002;40228,84;189763,87;696,42;25998,47;3;2023;279;ATIVO;GOIANÉSIA;Dia 10;NÃO;SUPERMERCADO;255;OURO
SUPERMERCADO BRASIL (3E) JUNTOS;19080379;184038,65;18155,36;2203,74;28750,34;112;53;31;525;639;1027;40513,34;190550,28;676,83;9496,3;1;2023;1603;ATIVO;GOIANÉSIA;Dia 10;NÃO;SUPERMERCADO;255;OURO
SUPERMERCADO BRASIL (3E) JUNTOS;17261810,24;752491,46;73491,05;1986,02;31434,61;118;38;30;514;651;1047;35742,11;168525,38;597,73;22588,98;2;2023;1374;ATIVO;GOIANÉSIA;Dia 10;NÃO;SUPERMERCADO;255;OURO
SUPERMERCADO BRASIL (3E) JUNTOS;12664302,71;824717,44;81213,317;1815,16;29498,49;93;32;30;44;606;994;46299,4;217812,44;677,71;5225,1;12;2022;0;ATIVO;GOIANÉSIA;Dia 10;NÃO;SUPERMERCADO;255;OURO
SUPERMERCADO BRASIL (3E) JUNTOS;11919853,07;691841,68;68365,303;963,85;36868,89;90;47;26;46;585;987;22344,69;102993,56;192,32;4625,48;11;2022;0;ATIVO;GOIANÉSIA;Dia 10;NÃO;SUPERMERCADO;255;OURO
SUPERMERCADO BRASIL (3E) JUNTOS;11597226,11;732708,54;72176,388;1302,57;41823,19;187;121;260;44;782;1286;23527,98;108367,39;777,56;5332,48;10;2022;0;ATIVO;GOIANÉSIA;Dia 10;NÃO;SUPERMERCADO;255;OURO
SUPERMERCADO BRASIL (3E) JUNTOS;11578223,05;729144,86;71376,399;1963,37;30490,05;255;109;27;68;266;750;10130,24;46460,02;206,24;5167,56;7;2022;0;ATIVO;GOIANÉSIA;Dia 10;NÃO;SUPERMERCADO;255;OURO
SUPERMERCADO BRASIL (3E) JUNTOS;11569472,59;821799,62;80643,804;3410,3;30507,68;275;109;24;55;626;1083;23835,73;109566,86;732,96;5059,34;8;2022;0;ATIVO;GOIANÉSIA;Dia 10;NÃO;SUPERMERCADO;255;OURO
SUPERMERCADO BRASIL (3E) JUNTOS;11543071,68;689208,58;68086,268;6348,11;31532,73;181;84;25;44;654;1086;21475,38;98881,36;754,56;4655,07;9;2022;0;ATIVO;GOIANÉSIA;Dia 10;NÃO;SUPERMERCADO;255;OURO
SUPERMERCADO BRASIL (3E) JUNTOS;11434779,21;636003,49;62036,131;2160,75;48497,52;270;152;11;70;364;893;23703,55;113147,25;154,75;2803,89;5;2022;0;ATIVO;GOIANÉSIA;Dia 10;NÃO;SUPERMERCADO;255;OURO
SUPERMERCADO BRASIL (3E) JUNTOS;11310671,47;653348,89;63824,619;1913,87;25012,71;258;156;273;65;423;1015;9589,3;43915,05;183,96;4196,37;6;2022;0;ATIVO;GOIANÉSIA;Dia 10;NÃO;SUPERMERCADO;255;OURO
SUPERMERCADO BRASIL (3E) JUNTOS;11284953,85;507195,1;47400,58;1925,45;72434,74;287;148;3;58;372;148;23815,07;113534,92;125,19;2888,41;4;2022;0;ATIVO;GOIANÉSIA;Dia 10;NÃO;SUPERMERCADO;255;OURO
SUPERMERCADO BRASIL (3E) JUNTOS;11211998,23;534209,29;14352,86;6025,08;144803,44;972;286;57;632;534;1129;28814,74;137903,7;218,21;4734,31;12;2021;0;ATIVO;GOIANÉSIA;Dia 10;NÃO;SUPERMERCADO;255;OURO
SUPERMERCADO BRASIL (3E) JUNTOS;10584260,12;564313,89;55124,852;1752,54;98516,25;487;146;4;65;377;902;21704,44;104085,54;161,61;3032,24;3;2022;0;ATIVO;GOIANÉSIA;Dia 10;NÃO;SUPERMERCADO;255;OURO
SUPERMERCADO BRASIL (3E) JUNTOS;10313353,48;467978,88;12931,02;5471,85;105979,58;886;243;51;622;518;1113;22725,5;109110,17;120,07;6204,76;11;2021;0;ATIVO;GOIANÉSIA;Dia 10;NÃO;SUPERMERCADO;255;OURO
SUPERMERCADO BRASIL (3E) JUNTOS;9889295,49;620507,82;61878,43;6025,08;144081,4;926;285;56;632;534;1129;28814,74;137903,7;218,21;4734,31;1;2022;0;ATIVO;GOIANÉSIA;Dia 10;NÃO;SUPERMERCADO;255;OURO
SUPERMERCADO BRASIL (3E) JUNTOS;9787530,8;504470,7;49186,55;1585,26;79741,64;482;113;3;607;454;988;20492,02;984470,71;127,32;4022,94;2;2022;0;ATIVO;GOIANÉSIA;Dia 10;NÃO;SUPERMERCADO;255;OURO
SUPERMERCADO BRILHANTE;1196105,51;0;0;190,7;953,43;102;98;10;0;32;35;136,04;626,33;0;555,93;5;2026;66;ATIVO;GOIÂNIA;Dia 15;NÃO;SUPERMERCADO;30;PRATA
SUPERMERCADO BRILHANTE;1094432,26;0;0;572,93;335,18;103;88;24;0;90;95;130,42;600,35;0,65;947,09;6;2026;0;ATIVO;GOIÂNIA;Dia 15;NÃO;SUPERMERCADO;30;PRATA
SUPERMERCADO BRILHANTE;1090058,78;0;0;556,93;358,34;68;54;12;163;67;72;96,97;440,04;0;991,49;8;2026;35;ATIVO;GOIÂNIA;Dia 15;NÃO;SUPERMERCADO;30;PRATA
SUPERMERCADO BRISA;2737269,6;0;0;761,97;3400,9;454;128;97;0;0;0;0;0;0;0;12;2025;241;ATIVO;BURITI ALEGRE;Dia 10;NÃO;SUPERMERCADO;106;PRATA
SUPERMERCADO BRISA;2535191,96;0;0;1134,71;11,03;34;26;86;6;32;32;8;36,9;0;967,13;7;2026;5;ATIVO;BURITI ALEGRE;Dia 10;NÃO;SUPERMERCADO;106;PRATA
SUPERMERCADO BRISA;2451870,86;0;0;512,08;16901,46;1164;171;49;0;0;0;0;0;0;0;7;2025;257;ATIVO;BURITI ALEGRE;Dia 10;NÃO;SUPERMERCADO;106;PRATA
SUPERMERCADO BRISA;2425386,59;0;0;1319,24;6288,08;406;133;40;0;0;0;0;0;0;0;10;2025;253;ATIVO;BURITI ALEGRE;Dia 10;NÃO;SUPERMERCADO;106;PRATA
SUPERMERCADO BRISA;2400438,3;0;0;858,68;5604,52;401;126;46;0;0;0;0;0;0;0;4;2026;246;ATIVO;BURITI ALEGRE;Dia 10;NÃO;SUPERMERCADO;106;PRATA
SUPERMERCADO BRISA;2396235,94;0;0;657,57;4999,24;333;125;40;0;0;0;0;0;0;0;1;2026;215;ATIVO;BURITI ALEGRE;Dia 10;NÃO;SUPERMERCADO;106;PRATA
SUPERMERCADO BRISA;2394475,69;0;0;625,19;6696,44;378;109;28;0;0;0;0;0;0;0;11;2025;228;ATIVO;BURITI ALEGRE;Dia 10;NÃO;SUPERMERCADO;106;PRATA
SUPERMERCADO BRISA;2392493,46;0;0;1,44;0;1;1;1;2;13;13;8,9;41,02;0;26,56;8;2026;31;ATIVO;BURITI ALEGRE;Dia 10;NÃO;SUPERMERCADO;106;PRATA
SUPERMERCADO BRISA;2367940,74;0;0;852,34;6236,85;443;146;48;0;0;0;0;0;0;0;5;2026;272;ATIVO;BURITI ALEGRE;Dia 10;NÃO;SUPERMERCADO;106;PRATA
SUPERMERCADO BRISA;2353480,16;0;0;627,26;9199,91;1130;161;49;0;0;0;0;0;0;0;8;2025;246;ATIVO;BURITI ALEGRE;Dia 10;NÃO;SUPERMERCADO;106;PRATA
SUPERMERCADO BRISA;2327765,18;0;0;523,33;68,79;85;12;9;0;0;0;0;0;0;0;6;2026;459;ATIVO;BURITI ALEGRE;Dia 10;NÃO;SUPERMERCADO;106;PRATA
SUPERMERCADO BRISA;2286068,9;0;0;956,6;6042,29;609;118;41;0;0;0;0;0;0;0;3;2026;244;ATIVO;BURITI ALEGRE;Dia 10;NÃO;SUPERMERCADO;106;PRATA
SUPERMERCADO BRISA;2092925,67;0;0;714,01;7935,96;1061;156;33;0;0;0;0;0;0;0;9;2025;272;ATIVO;BURITI ALEGRE;Dia 10;NÃO;SUPERMERCADO;106;PRATA
SUPERMERCADO BRISA;2085511,48;0;0;5020,18;1742,82;486;139;36;0;0;0;0;0;0;0;3;2025;303;ATIVO;BURITI ALEGRE;Dia 10;NÃO;SUPERMERCADO;106;PRATA
SUPERMERCADO BRISA;1731502,84;0;0;481,8;3603,55;509;118;31;0;0;0;0;0;0;0;2;2026;203;ATIVO;BURITI ALEGRE;Dia 10;NÃO;SUPERMERCADO;106;PRATA
SUPERMERCADO CALIFÓRNIA;909912,62;0;0;512,23;272,39;85;22;6;0;498;728;340,88;1570,36;205,39;31458,82;12;2024;185;INATIVO;SANTO ANTÔNIO DE GOIÁS;Dia 15;NÃO;SUPERMERCADO;75;BRONZE
SUPERMERCADO CALIFÓRNIA;769086,07;0;0;836,24;238,93;77;28;6;0;411;600;268,94;1238,72;101,4;28057,49;5;2025;194;INATIVO;SANTO ANTÔNIO DE GOIÁS;Dia 15;NÃO;SUPERMERCADO;75;BRONZE
SUPERMERCADO CALIFÓRNIA;707658,84;0;0;754,09;287,49;96;27;5;0;469;680;297,44;1371,46;186,59;21473,75;1;2025;186;INATIVO;SANTO ANTÔNIO DE GOIÁS;Dia 15;NÃO;SUPERMERCADO;75;BRONZE
SUPERMERCADO CALIFÓRNIA;698314,93;0;0;247,13;408,75;85;49;12;428;97;98;24,72;114,5;159,38;406,59;3;2024;42;INATIVO;SANTO ANTÔNIO DE GOIÁS;Dia 15;NÃO;SUPERMERCADO;75;BRONZE
SUPERMERCADO CALIFÓRNIA;669614,53;0;0;36,03;36,28;27;26;6;495;44;44;10,59;48,65;65,56;227,42;12;2023;22;INATIVO;SANTO ANTÔNIO DE GOIÁS;Dia 15;NÃO;SUPERMERCADO;75;BRONZE
SUPERMERCADO CALIFÓRNIA;665338,56;0;0;339,6;208,27;103;21;6;241;564;827;308,12;1417,92;256,33;13497,66;5;2024;200;INATIVO;SANTO ANTÔNIO DE GOIÁS;Dia 15;NÃO;SUPERMERCADO;75;BRONZE
SUPERMERCADO CALIFÓRNIA;655523,37;0;0;421,92;245,23;91;32;8;198;494;717;246,76;1137,04;248,27;19635,2;9;2024;187;INATIVO;SANTO ANTÔNIO DE GOIÁS;Dia 15;NÃO;SUPERMERCADO;75;BRONZE
SUPERMERCADO CALIFÓRNIA;646690,18;0;0;298,61;249,22;105;20;9;228;557;803;324,87;1495,99;290,84;13965,06;6;2024;178;INATIVO;SANTO ANTÔNIO DE GOIÁS;Dia 15;NÃO;SUPERMERCADO;75;BRONZE
SUPERMERCADO CALIFÓRNIA;646555,52;0;0;493,41;282,38;182;37;14;365;565;850;213,77;986,55;263,5;10458,96;4;2024;195;INATIVO;SANTO ANTÔNIO DE GOIÁS;Dia 15;NÃO;SUPERMERCADO;75;BRONZE
SUPERMERCADO CALIFÓRNIA;625703,05;0;0;231,22;202,72;94;27;9;206;502;738;299,5;1379,73;234,89;14872;8;2024;194;INATIVO;SANTO ANTÔNIO DE GOIÁS;Dia 15;NÃO;SUPERMERCADO;75;BRONZE
SUPERMERCADO CALIFÓRNIA;622229,21;0;0;703,6;162,12;73;24;4;0;390;569;219,86;1013,69;125,59;22539,07;6;2025;182;INATIVO;SANTO ANTÔNIO DE GOIÁS;Dia 15;NÃO;SUPERMERCADO;75;BRONZE
SUPERMERCADO CALIFÓRNIA;620481,44;0;0;239,06;152,18;81;22;5;187;485;711;234,6;1080,84;211,08;20184,05;11;2024;174;INATIVO;SANTO ANTÔNIO DE GOIÁS;Dia 15;NÃO;SUPERMERCADO;75;BRONZE
SUPERMERCADO CALIFÓRNIA;613869,18;0;0;924,03;415,41;100;31;6;0;442;628;309,39;1426,52;167,54;11387,03;3;2025;169;INATIVO;SANTO ANTÔNIO DE GOIÁS;Dia 15;NÃO;SUPERMERCADO;75;BRONZE
SUPERMERCADO CALIFÓRNIA;605809,55;0;0;295,57;223,58;93;27;7;193;488;721;297,42;1370,75;215,51;15956,5;10;2024;189;INATIVO;SANTO ANTÔNIO DE GOIÁS;Dia 15;NÃO;SUPERMERCADO;75;BRONZE
SUPERMERCADO CALIFÓRNIA;590060,51;0;0;946,9;339,88;90;5;5;0;421;606;274,57;1265,33;165,98;11418,02;4;2025;182;INATIVO;SANTO ANTÔNIO DE GOIÁS;Dia 15;NÃO;SUPERMERCADO;75;BRONZE
SUPERMERCADO CALIFÓRNIA;577674,22;0;0;94,83;18,24;37;38;13;554;63;66;6,95;31,85;42,16;82,93;10;2023;27;INATIVO;SANTO ANTÔNIO DE GOIÁS;Dia 15;NÃO;SUPERMERCADO;75;BRONZE
SUPERMERCADO CALIFÓRNIA;576098,85;0;0;301,41;187,16;95;25;9;224;527;762;276,94;1274,76;290,97;11774,49;7;2024;178;INATIVO;SANTO ANTÔNIO DE GOIÁS;Dia 15;NÃO;SUPERMERCADO;75;BRONZE
SUPERMERCADO CALIFÓRNIA;575411,32;0;0;248,04;80,79;46;26;6;420;49;50;2,74;12,44;49,72;138,39;2;2024;25;INATIVO;SANTO ANTÔNIO DE GOIÁS;Dia 15;NÃO;SUPERMERCADO;75;BRONZE
SUPERMERCADO CALIFÓRNIA;569292,61;0;0;58,08;56,51;24;21;2;426;37;37;6,2;28,41;24,18;156,45;1;2024;16;INATIVO;SANTO ANTÔNIO DE GOIÁS;Dia 15;NÃO;SUPERMERCADO;75;BRONZE
SUPERMERCADO CALIFÓRNIA;558279,28;0;0;85,54;27,8;32;37;11;515;46;47;6,83;31,43;42,33;98,36;11;2023;27;INATIVO;SANTO ANTÔNIO DE GOIÁS;Dia 15;NÃO;SUPERMERCADO;75;BRONZE
SUPERMERCADO CALIFÓRNIA;541054,42;0;0;26,07;27,2;25;8;1;609;125;130;25,45;111,65;40,76;892,77;9;2023;74;INATIVO;SANTO ANTÔNIO DE GOIÁS;Dia 15;NÃO;SUPERMERCADO;75;BRONZE
SUPERMERCADO CALIFÓRNIA;532023,37;0;0;885,34;278,21;106;33;9;0;334;497;199,98;921,26;95,92;16091,27;9;2025;207;INATIVO;SANTO ANTÔNIO DE GOIÁS;Dia 15;NÃO;SUPERMERCADO;75;BRONZE
SUPERMERCADO CALIFÓRNIA;496930,17;0;0;47,18;25,68;42;12;4;681;149;157;42,55;194,47;59,83;789,35;8;2023;206;INATIVO;SANTO ANTÔNIO DE GOIÁS;Dia 15;NÃO;SUPERMERCADO;75;BRONZE
SUPERMERCADO CALIFÓRNIA;496930,17;0;0;387,51;12,98;15;4;0;0;33;115;109,72;504,11;134,83;31,43;8;2023;19;INATIVO;SANTO ANTÔNIO DE GOIÁS;Dia 15;NÃO;SUPERMERCADO;75;BRONZE
SUPERMERCADO CALIFÓRNIA;493937,67;0;0;951,68;376,72;88;32;8;0;378;549;208,17;959,1;140,04;12190,19;8;2025;191;INATIVO;SANTO ANTÔNIO DE GOIÁS;Dia 15;NÃO;SUPERMERCADO;75;BRONZE
SUPERMERCADO CALIFÓRNIA;493097,89;0;0;908,54;118,44;114;47;13;136;270;275;35,5;162,34;118,31;8404,35;6;2023;282;INATIVO;SANTO ANTÔNIO DE GOIÁS;Dia 15;NÃO;SUPERMERCADO;75;BRONZE
SUPERMERCADO CALIFÓRNIA;493097,89;0;0;4040,35;139,65;94;18;0;0;93;216;149,93;688,64;42,75;404,2;6;2023;211;INATIVO;SANTO ANTÔNIO DE GOIÁS;Dia 15;NÃO;SUPERMERCADO;75;BRONZE
SUPERMERCADO CALIFÓRNIA;458863,25;0;0;643,37;209,54;88;29;7;0;442;638;214,35;987,49;138,45;9362,79;2;2025;178;INATIVO;SANTO ANTÔNIO DE GOIÁS;Dia 15;NÃO;SUPERMERCADO;75;BRONZE
SUPERMERCADO CALIFÓRNIA;450491,82;0;0;1245,04;227,43;123;53;13;828;255;263;107,23;489,92;102,32;10949;5;2023;112;INATIVO;SANTO ANTÔNIO DE GOIÁS;Dia 15;NÃO;SUPERMERCADO;75;BRONZE
SUPERMERCADO CALIFÓRNIA;450491,82;0;0;5752,23;173,74;203;32;0;226;82;221;128,68;590,88;31,78;414,18;5;2023;141;INATIVO;SANTO ANTÔNIO DE GOIÁS;Dia 15;NÃO;SUPERMERCADO;75;BRONZE
SUPERMERCADO CALIFÓRNIA;415547,02;0;0;597,98;317,47;101;31;6;0;358;539;152,5;702,51;99,29;9077,17;10;2025;201;INATIVO;SANTO ANTÔNIO DE GOIÁS;Dia 15;NÃO;SUPERMERCADO;75;BRONZE
SUPERMERCADO CALIFÓRNIA;267857,1;0;0;5887,89;1218,76;1103;467;260;727;818;824;32,45;148,33;205,16;9172,93;4;2023;483;INATIVO;SANTO ANTÔNIO DE GOIÁS;Dia 15;NÃO;SUPERMERCADO;75;BRONZE
SUPERMERCADO CALIFÓRNIA;155713,52;0;0;7248,86;493,43;1280;434;288;754;934;934;3,3;15;366,14;5741,77;3;2023;554;INATIVO;SANTO ANTÔNIO DE GOIÁS;Dia 15;NÃO;SUPERMERCADO;75;BRONZE
SUPERMERCADO CALIFÓRNIA;155713,52;0;0;4941,06;343,95;438;79;0;0;64;190;29,52;134,17;36,51;223,47;3;2023;256;INATIVO;SANTO ANTÔNIO DE GOIÁS;Dia 15;NÃO;SUPERMERCADO;75;BRONZE
SUPERMERCADO CAMPEÃO;26354731,02;1041455,84;44505,27;2594,18;33538,81;159;133;2;80;48;50;402,2;1827,03;11,03;589,95;3;2024;197;ATIVO;RIO VERDE;Dia 20;SIM;SUPERMERCADO;188;OURO
SUPERMERCADO CAMPEÃO;24910927,89;1118266,66;134190,39;1400,39;911,3;64;39;7;0;21;21;201,71;835,09;9,73;117,37;12;2025;41;ATIVO;RIO VERDE;Dia 20;NÃO;SUPERMERCADO;188;OURO
SUPERMERCADO CAMPEÃO;24426930,87;1050004,43;122060,1312;4326,79;5528,28;192;76;3;0;126;130;600,26;2698,48;446,73;8016,95;12;2024;103;ATIVO;RIO VERDE;Dia 20;SIM;SUPERMERCADO;188;OURO
SUPERMERCADO CAMPEÃO;24336098,15;1044461,07;117624,75;13628,37;1892,58;146;42;2;82;120;123;439,72;1947,74;25,83;8301,03;8;2024;71;ATIVO;RIO VERDE;Dia 20;SIM;SUPERMERCADO;188;OURO
SUPERMERCADO CAMPEÃO;23918759,23;0;0;7037,17;6404,18;226;34;3;90;34;34;530,91;2442,91;28,18;1583,09;12;2023;1406;ATIVO;RIO VERDE;Dia 20;NÃO;SUPERMERCADO;188;OURO
SUPERMERCADO CAMPEÃO;23898795,06;0;0;29522,85;43860,83;526;184;15;254;650;661;16481,15;75018,68;2631,55;50972,7;8;2023;1234;ATIVO;RIO VERDE;Dia 20;NÃO;SUPERMERCADO;188;OURO
SUPERMERCADO CAMPEÃO;23507830,64;975071,91;110314,99;609,58;448,69;126;48;2;78;152;154;507,76;2311,79;26,21;4099,9;6;2024;95;ATIVO;RIO VERDE;Dia 20;SIM;SUPERMERCADO;188;OURO
SUPERMERCADO CAMPEÃO;23232653,47;972271,07;109215,12;2045,21;3092,69;160;45;2;74;117;122;686,35;3053,03;28,64;6748,9;9;2024;75;ATIVO;RIO VERDE;Dia 20;SIM;SUPERMERCADO;188;OURO
SUPERMERCADO CAMPEÃO;23229710,79;1127193,32;133396,44;442,74;470,31;50;61;19;0;21;18;42,48;113,68;0;1300,06;7;2026;72;ATIVO;RIO VERDE;Dia 20;NÃO;SUPERMERCADO;188;OURO
SUPERMERCADO CAMPEÃO;22681104,01;1048160,07;123442,06;630,83;393,73;186;69;6;74;135;138;231,05;989,38;0;4802,62;10;2024;96;ATIVO;RIO VERDE;Dia 20;SIM;SUPERMERCADO;188;OURO
SUPERMERCADO CAMPEÃO;22248743,04;951403,71;114143,58;2654,13;1667,54;60;23;0;94;28;29;79,08;347,74;4,62;1191,61;5;2024;47;ATIVO;RIO VERDE;Dia 20;SIM;SUPERMERCADO;188;OURO
SUPERMERCADO CAMPEÃO;22218718,48;1047438,07;122617,8744;3489,66;5153,53;185;70;3;71;104;107;327,28;1441,14;317,25;7404,91;11;2024;91;ATIVO;RIO VERDE;Dia 20;SIM;SUPERMERCADO;188;OURO
SUPERMERCADO CAMPEÃO;22165677,28;888577,09;281105,95;583,19;372,63;123;43;5;77;126;129;409,1;1859,25;34,29;5663,83;7;2024;66;ATIVO;RIO VERDE;Dia 20;SIM;SUPERMERCADO;188;OURO
SUPERMERCADO CAMPEÃO;22122801,75;1032138,92;123120,2064;12524,88;2547,63;208;40;7;0;123;127;1431,74;6480,76;29,56;2912,42;3;2025;80;ATIVO;RIO VERDE;Dia 20;SIM;SUPERMERCADO;188;OURO
SUPERMERCADO CAMPEÃO;22080868,46;1042888,52;122504,26;2762,37;2892,67;85;61;18;0;34;37;190,56;813,85;2,96;276,28;4;2026;65;ATIVO;RIO VERDE;Dia 20;NÃO;SUPERMERCADO;188;OURO
SUPERMERCADO CAMPEÃO;22028082,98;0;0;21960,1;45578,88;925;259;25;320;870;888;13742,95;63315,33;2671,87;74795,06;7;2023;1580;ATIVO;RIO VERDE;Dia 20;NÃO;SUPERMERCADO;188;OURO
SUPERMERCADO CAMPEÃO;21725665,64;0;0;1863,59;2670,08;38;39;4;90;52;38;386,62;1777,17;22,84;486,54;1;2024;99;ATIVO;RIO VERDE;Dia 20;NÃO;SUPERMERCADO;188;OURO
SUPERMERCADO CAMPEÃO;21625210,48;1028481,22;122557,7832;3937,21;1537,31;179;44;9;0;92;97;705,38;3162,98;5,56;1670,64;4;2025;129;ATIVO;RIO VERDE;Dia 20;SIM;SUPERMERCADO;188;OURO
SUPERMERCADO CAMPEÃO;21483613,33;1036567,06;124388,0472;741,49;835,64;90;28;9;0;90;95;47,31;140,09;13,12;1952,77;6;2025;94;ATIVO;RIO VERDE;Dia 20;SIM;SUPERMERCADO;188;OURO
SUPERMERCADO CAMPEÃO;21445789,13;1096839,76;128209,24;4658,55;1516,44;54;46;4;0;18;22;224,81;914,32;1,39;99,66;3;2026;44;ATIVO;RIO VERDE;Dia 20;NÃO;SUPERMERCADO;188;OURO
SUPERMERCADO CAMPEÃO;21390661,22;1060749,12;127204,5;629,84;206,63;24;20;3;0;46;49;172,02;709,07;0;930,17;11;2025;24;ATIVO;RIO VERDE;Dia 20;NÃO;SUPERMERCADO;188;OURO
SUPERMERCADO CAMPEÃO;21383804,38;0;0;4994,29;7573,34;385;146;4;312;139;142;604,93;2774,48;1444,91;22619,5;10;2023;1578;ATIVO;RIO VERDE;Dia 20;NÃO;SUPERMERCADO;188;OURO
SUPERMERCADO CAMPEÃO;21306694,41;1072738,63;128600,18;389,57;445,91;30;37;4;0;22;26;73,62;263,4;0;326,6;10;2025;49;ATIVO;RIO VERDE;Dia 20;NÃO;SUPERMERCADO;188;OURO
SUPERMERCADO CAMPEÃO;21296852,53;951206,91;114136,7556;547,69;539,45;61;31;3;0;35;39;126,55;474,8;26,91;37,32;8;2025;38;ATIVO;RIO VERDE;Dia 20;SIM;SUPERMERCADO;188;OURO
SUPERMERCADO CAMPEÃO;20971792,83;1039399,9;124243,9428;2588,31;2551,29;136;43;8;0;84;90;595,24;2671,32;10,64;1493,39;5;2025;114;ATIVO;RIO VERDE;Dia 20;SIM;SUPERMERCADO;188;OURO
SUPERMERCADO CAMPEÃO;20923693,98;0;0;4178,67;9998,51;322;71;5;294;130;133;701,58;3237,8;1586,41;23984,49;9;2023;1513;ATIVO;RIO VERDE;Dia 20;NÃO;SUPERMERCADO;188;OURO
SUPERMERCADO CAMPEÃO;20757563,57;760970,69;12142,11;1582,92;987,36;54;31;3;81;42;31;690,45;3163,28;2,32;240,39;2;2024;83;ATIVO;RIO VERDE;Dia 20;SIM;SUPERMERCADO;188;OURO
SUPERMERCADO CAMPEÃO;20745267,43;0;0;19374,86;5197,81;319;57;5;317;53;53;353,04;1624,74;51,27;8123,75;11;2023;837;ATIVO;RIO VERDE;Dia 20;NÃO;SUPERMERCADO;188;OURO
SUPERMERCADO CAMPEÃO;20689465,9;1014268,64;121459,4616;854,66;465,33;62;29;12;0;47;52;59,38;180,03;19,87;559,63;7;2025;27;ATIVO;RIO VERDE;Dia 20;SIM;SUPERMERCADO;188;OURO
SUPERMERCADO CAMPEÃO;20683852,25;1034499,24;123141,59;2793,2;899,24;68;32;3;0;14;18;30,42;123,79;1,39;164,68;1;2026;49;ATIVO;RIO VERDE;Dia 20;NÃO;SUPERMERCADO;188;OURO
SUPERMERCADO CAMPEÃO;20409254,95;907726,44;105536,9424;9770,58;5227,14;294;99;10;0;175;181;724,86;3267,79;285,94;5520,49;1;2025;148;ATIVO;RIO VERDE;Dia 20;SIM;SUPERMERCADO;188;OURO
SUPERMERCADO CAMPEÃO;20163245,06;1802426,53;56647,38;5708,98;7008,77;2769;43;2;87;57;59;171,47;779,1;19,04;1727,3;4;2024;196;ATIVO;RIO VERDE;Dia 20;SIM;SUPERMERCADO;188;OURO
SUPERMERCADO CAMPEÃO;19942811,71;1015132,31;121680,82;229,84;658,49;24;29;2;0;23;25;53,57;138,53;0;439,13;9;2025;33;ATIVO;RIO VERDE;Dia 20;SIM;SUPERMERCADO;188;OURO
SUPERMERCADO CAMPEÃO;19582489,07;977265,85;115995,43;2846,54;949,92;66;39;5;0;19;19;53,46;174,3;4,17;99,01;2;2026;56;ATIVO;RIO VERDE;Dia 20;NÃO;SUPERMERCADO;188;OURO
SUPERMERCADO CAMPEÃO;19390496,4;900162,97;104502,1164;36217,24;3850,46;374;116;11;0;270;274;1294,99;5878,72;145,8;7924,28;2;2025;207;ATIVO;RIO VERDE;Dia 20;SIM;SUPERMERCADO;188;OURO
SUPERMERCADO CAMPEÃO;0;0;0;48301,75;25410,66;882;901;35;286;193;901;10720,09;49374,7;1719,08;55061,66;10;2022;0;ATIVO;RIO VERDE;Dia 20;NÃO;SUPERMERCADO;188;OURO
SUPERMERCADO CAMPEÃO (ITUMBIARA);1247247,53;78312,24;9397,47;373,33;147,58;58;12;9;0;236;454;96,65;446,27;0;267,74;12;2025;36;ATIVO;ITUMBIARA;Dia 20;SIM;SUPERMERCADO;175;PRATA
SUPERMERCADO CAMPEÃO (ITUMBIARA);1181878,99;76591,58;9185,53;156,82;1854,77;424;447;440;0;267;477;259,5;1196,69;0;72,84;5;2025;147;ATIVO;ITUMBIARA;Dia 20;SIM;SUPERMERCADO;175;PRATA
SUPERMERCADO CAMPEÃO (ITUMBIARA);1161892,97;78001,37;9358,72;145,63;1764,12;363;396;396;0;221;440;72,52;333,74;0;283,08;7;2025;147;ATIVO;ITUMBIARA;Dia 20;SIM;SUPERMERCADO;175;PRATA
SUPERMERCADO CAMPEÃO (ITUMBIARA);1148342,04;73771,1;8697,96;370,93;375,44;140;130;125;0;121;183;19,34;92,04;43,86;340,61;3;2025;51;ATIVO;ITUMBIARA;Dia 20;SIM;SUPERMERCADO;175;PRATA
SUPERMERCADO CAMPEÃO (ITUMBIARA);1138884,39;77700,39;9322,61;82,32;1732,87;367;390;383;0;210;409;205,7;949,12;0;51,83;6;2025;163;ATIVO;ITUMBIARA;Dia 20;SIM;SUPERMERCADO;175;PRATA
SUPERMERCADO CAMPEÃO (ITUMBIARA);1125743,28;68624,55;8232,18;251,74;1530,27;351;375;371;0;226;422;255,64;1180,09;9,03;197,8;4;2025;134;ATIVO;ITUMBIARA;Dia 20;SIM;SUPERMERCADO;175;PRATA
SUPERMERCADO CAMPEÃO (ITUMBIARA);1108238,43;86820,35;10304,49;233,45;1848,02;51;25;13;0;193;361;102,12;469,39;0,83;652,06;6;2026;26;ATIVO;ITUMBIARA;Dia 20;NÃO;SUPERMERCADO;175;PRATA
SUPERMERCADO CAMPEÃO (ITUMBIARA);1107470,4;86317,24;10276,18;126,51;1223,16;33;21;3;0;248;455;119,5;550,59;0;131,65;5;2026;23;ATIVO;ITUMBIARA;Dia 20;NÃO;SUPERMERCADO;175;PRATA
SUPERMERCADO CAMPEÃO (ITUMBIARA);1100360,12;66302,53;7903,36;436,37;301,61;82;34;11;7;107;109;53,08;248,79;33,81;1202,22;10;2024;61;ATIVO;ITUMBIARA;Dia 20;SIM;SUPERMERCADO;175;PRATA
SUPERMERCADO CAMPEÃO (ITUMBIARA);1087774,44;88068,75;10448,05;259,05;47,15;22;25;20;0;206;399;293,98;1353,41;11,78;396,38;7;2026;11;ATIVO;ITUMBIARA;Dia 20;NÃO;SUPERMERCADO;175;PRATA
SUPERMERCADO CAMPEÃO (ITUMBIARA);1079986,1;75419,57;9032,23;111,94;1498,2;129;121;116;0;124;232;178,57;823,83;0;244,53;8;2025;62;ATIVO;ITUMBIARA;Dia 20;SIM;SUPERMERCADO;175;PRATA
SUPERMERCADO CAMPEÃO (ITUMBIARA);1066495,14;66568,25;7948,35;353,71;269,55;81;42;19;12;126;134;63,14;294,19;28,83;1332,06;11;2024;69;ATIVO;ITUMBIARA;Dia 20;SIM;SUPERMERCADO;175;PRATA
SUPERMERCADO CAMPEÃO (ITUMBIARA);1056529,42;66723,61;7886;262,29;101,21;61;27;10;8;93;93;18,4;89,27;19,9;671,58;1;2025;41;ATIVO;ITUMBIARA;Dia 20;SIM;SUPERMERCADO;175;PRATA
SUPERMERCADO CAMPEÃO (ITUMBIARA);1055873,48;79993,64;9303,71;319,63;10,95;18;0;0;0;221;436;80,64;371,57;0;109,45;4;2026;8;ATIVO;ITUMBIARA;Dia 20;NÃO;SUPERMERCADO;175;PRATA
SUPERMERCADO CAMPEÃO (ITUMBIARA);1054653,24;80418,69;9650,24;62,72;103,16;19;2;0;0;152;301;56,02;258,98;0;88,3;10;2025;16;ATIVO;ITUMBIARA;Dia 20;SIM;SUPERMERCADO;175;PRATA
SUPERMERCADO CAMPEÃO (ITUMBIARA);1052371,71;83632,06;9657,35;427,32;24,29;25;1;0;0;249;478;108,65;501,19;0,92;43,85;3;2026;26;ATIVO;ITUMBIARA;Dia 20;SIM;SUPERMERCADO;175;PRATA
SUPERMERCADO CAMPEÃO (ITUMBIARA);1044146,87;75571,08;9068,53;20,42;90,59;15;4;0;0;259;468;213,93;986,54;2,03;43,42;1;2026;21;ATIVO;ITUMBIARA;Dia 20;SIM;SUPERMERCADO;175;PRATA
SUPERMERCADO CAMPEÃO (ITUMBIARA);1029019,79;74109,73;8893,17;32,8;12,2;15;1;0;0;234;471;94,84;437,57;0;71,05;11;2025;24;ATIVO;ITUMBIARA;Dia 20;SIM;SUPERMERCADO;175;PRATA
SUPERMERCADO CAMPEÃO (ITUMBIARA);999455,01;63652,91;7405,44;510,55;78,46;40;14;3;0;55;55;5,24;27,82;19,54;521,28;2;2025;33;ATIVO;ITUMBIARA;Dia 20;SIM;SUPERMERCADO;175;PRATA
SUPERMERCADO CAMPEÃO (ITUMBIARA);978541,08;60028,92;2619,96;5050,91;242,14;164;186;9;12;186;206;77,74;360,36;64,89;844,61;9;2024;301;ATIVO;ITUMBIARA;Dia 20;SIM;SUPERMERCADO;175;PRATA
SUPERMERCADO CAMPEÃO (ITUMBIARA);974498,71;71547,79;8585,73;100,73;251,69;66;54;51;0;128;257;45,63;211,18;0;53,05;9;2025;25;ATIVO;ITUMBIARA;Dia 20;SIM;SUPERMERCADO;175;PRATA
SUPERMERCADO CAMPEÃO (ITUMBIARA);971071,19;72916,1;8749,93;45,26;54,27;17;2;0;0;190;386;69,97;323,38;0;20,78;2;2026;28;ATIVO;ITUMBIARA;Dia 20;SIM;SUPERMERCADO;175;PRATA
SUPERMERCADO CAMPEÃO (ITUMBIARA);951665,91;0;0;7711,37;3771,59;399;81;26;7;525;774;640,45;2952,74;152,67;3996,91;7;2024;225;ATIVO;ITUMBIARA;Dia 20;NÃO;SUPERMERCADO;175;PRATA
SUPERMERCADO CAMPEÃO (ITUMBIARA);837473,91;61293,76;7333,18;270,29;226,59;59;54;9;7;88;89;36,05;168,25;15,16;1149,63;12;2024;51;ATIVO;ITUMBIARA;Dia 20;SIM;SUPERMERCADO;175;PRATA
SUPERMERCADO CANADÁ;542890,28;0;0;94,93;195,05;23;15;3;522;31;59;31,27;144,03;6,47;51,58;8;2026;28;ATIVO;GOIÂNIA;Dia 15;NÃO;SUPERMERCADO;160;BRONZE
SUPERMERCADO CANADÁ;532926,59;0;0;104,27;192,97;27;14;1;0;14;39;23,44;108,74;5,38;14,07;6;2026;18;ATIVO;GOIÂNIA;Dia 15;NÃO;SUPERMERCADO;160;BRONZE
SUPERMERCADO CANADÁ;527036,05;0;0;137,6;159,79;31;14;1;0;32;59;29,37;134,82;2,76;7,35;5;2026;15;ATIVO;GOIÂNIA;Dia 15;NÃO;SUPERMERCADO;160;BRONZE
SUPERMERCADO CANADÁ;526322,71;0;0;90,33;49,13;7;9;1;0;13;36;10,74;51,11;1,44;4,44;12;2025;7;ATIVO;GOIÂNIA;Dia 15;NÃO;SUPERMERCADO;160;BRONZE
SUPERMERCADO CANADÁ;517005,64;0;0;101,27;73,15;16;8;1;0;21;48;14,37;66,67;0,92;7,98;3;2026;6;ATIVO;GOIÂNIA;Dia 15;NÃO;SUPERMERCADO;160;BRONZE
SUPERMERCADO CANADÁ;513578,89;0;0;86,42;111,23;16;15;5;0;18;50;22;101,64;1,44;10,33;10;2025;6;ATIVO;GOIÂNIA;Dia 15;NÃO;SUPERMERCADO;160;BRONZE
SUPERMERCADO CANADÁ;513199,12;0;0;111,59;171,04;28;15;3;0;18;45;16,85;78,07;3,91;11,75;7;2026;18;ATIVO;GOIÂNIA;Dia 15;NÃO;SUPERMERCADO;160;BRONZE
SUPERMERCADO CANADÁ;494976,96;0;0;93,13;59,16;9;9;1;0;10;35;15,43;70,98;2,92;15,88;8;2025;4;ATIVO;GOIÂNIA;Dia 15;NÃO;SUPERMERCADO;160;BRONZE
SUPERMERCADO CANADÁ;493793,3;0;0;78,11;118,29;9;6;1;0;13;40;236;1147,26;0;5,3;1;2026;3;ATIVO;GOIÂNIA;Dia 15;NÃO;SUPERMERCADO;160;BRONZE
SUPERMERCADO CANADÁ;493648,93;0;0;21,62;18,1;13;13;0;2;1;29;0,52;2,36;0;0;12;2024;5;ATIVO;GOIÂNIA;Dia 15;NÃO;SUPERMERCADO;160;BRONZE
SUPERMERCADO CANADÁ;492106,9;0;0;2,67;8,05;6;9;0;0;6;30;2,46;11,63;2,96;3,69;5;2025;0;ATIVO;GOIÂNIA;Dia 15;NÃO;SUPERMERCADO;160;BRONZE
SUPERMERCADO CANADÁ;487102,42;0;0;69,04;57,92;10;9;0;0;11;36;16,05;74,14;1,44;8,38;7;2025;5;ATIVO;GOIÂNIA;Dia 15;NÃO;SUPERMERCADO;160;BRONZE
SUPERMERCADO CANADÁ;487023,28;0;0;75,47;131,73;10;16;5;0;17;36;25,75;119,2;0;11,1;9;2025;4;ATIVO;GOIÂNIA;Dia 15;NÃO;SUPERMERCADO;160;BRONZE
SUPERMERCADO CANADÁ;485370,78;0;0;100,34;102,18;18;11;1;0;18;44;14,09;65,11;0;27,74;4;2026;10;ATIVO;GOIÂNIA;Dia 15;NÃO;SUPERMERCADO;160;BRONZE
SUPERMERCADO CANADÁ;477486,14;0;0;88,07;33,24;10;11;0;0;9;38;13,62;63,56;0;0;6;2025;5;ATIVO;GOIÂNIA;Dia 15;NÃO;SUPERMERCADO;160;BRONZE
SUPERMERCADO CANADÁ;467505,62;0;0;225,3;160,79;53;19;2;1;86;115;13,2;60,04;39,55;805,34;10;2024;21;ATIVO;GOIÂNIA;Dia 15;NÃO;SUPERMERCADO;160;BRONZE
SUPERMERCADO CANADÁ;464335,37;0;0;47,77;48,8;15;6;0;0;12;36;2,13;9,84;0;33,87;3;2025;11;ATIVO;GOIÂNIA;Dia 15;NÃO;SUPERMERCADO;160;BRONZE
SUPERMERCADO CANADÁ;458712,95;0;0;72,47;93,38;14;8;1;0;19;47;8,95;41,8;1,4;13,23;2;2026;6;ATIVO;GOIÂNIA;Dia 15;NÃO;SUPERMERCADO;160;BRONZE
SUPERMERCADO CANADÁ;449951,32;0;0;17,22;7,53;4;11;0;4;3;30;0,13;0,59;0,74;18,33;11;2024;3;ATIVO;GOIÂNIA;Dia 15;NÃO;SUPERMERCADO;160;BRONZE
SUPERMERCADO CANADÁ;449295,28;0;0;16,63;49,93;22;20;1;28;32;65;4,4;19,92;16,43;35,22;8;2024;20;ATIVO;GOIÂNIA;Dia 15;NÃO;SUPERMERCADO;160;BRONZE
SUPERMERCADO CANADÁ;445403,18;0;0;0,42;2,78;2;0;0;0;2;26;0,27;1,25;0;0;4;2025;0;ATIVO;GOIÂNIA;Dia 15;NÃO;SUPERMERCADO;160;BRONZE
SUPERMERCADO CANADÁ;445131,82;0;0;0,15;10,52;3;7;0;0;6;29;10,52;8,45;0;4,45;1;2025;1;ATIVO;GOIÂNIA;Dia 15;NÃO;SUPERMERCADO;160;BRONZE
SUPERMERCADO CANADÁ;444790,95;0;0;0,84;16,74;9;12;0;3;17;48;2,19;10,1;18,02;21,9;9;2024;7;ATIVO;GOIÂNIA;Dia 15;NÃO;SUPERMERCADO;160;BRONZE
SUPERMERCADO CANADÁ;439786,32;0;0;20,11;450,15;49;36;4;30;58;58;7,24;33,73;29,18;67,08;6;2024;24;ATIVO;GOIÂNIA;Dia 15;NÃO;SUPERMERCADO;160;BRONZE
SUPERMERCADO CANADÁ;438937,88;0;0;21,8;41,21;21;14;0;32;26;61;4,85;22,08;8,55;43,51;7;2024;17;ATIVO;GOIÂNIA;Dia 15;NÃO;SUPERMERCADO;160;BRONZE
SUPERMERCADO CANADÁ;434539,2;0;0;60,32;510,37;50;39;4;26;40;75;3,54;16,5;27,13;100,2;4;2024;24;ATIVO;GOIÂNIA;Dia 15;NÃO;SUPERMERCADO;160;BRONZE
SUPERMERCADO CANADÁ;431523,98;0;0;167,19;35,47;30;121;6;52;66;121;18,26;83,62;9,78;274,84;12;2023;10;ATIVO;GOIÂNIA;Dia 15;NÃO;SUPERMERCADO;160;BRONZE
SUPERMERCADO CANADÁ;425349,31;0;0;5,86;28,06;9;20;2;29;24;52;3,6;16,48;9,71;73,8;3;2024;11;ATIVO;GOIÂNIA;Dia 15;NÃO;SUPERMERCADO;160;BRONZE
SUPERMERCADO CANADÁ;416606,19;0;0;58,61;26,74;15;13;1;0;4;30;0,46;2,12;0;10,89;2;2025;13;ATIVO;GOIÂNIA;Dia 15;NÃO;SUPERMERCADO;160;BRONZE
SUPERMERCADO CANADÁ;415663,42;0;0;26,45;37,84;25;12;5;43;50;103;15,94;72,68;7,96;94,12;1;2024;13;ATIVO;GOIÂNIA;Dia 15;NÃO;SUPERMERCADO;160;BRONZE
SUPERMERCADO CANADÁ;386385,8;0;0;48,15;46,59;15;12;5;1;40;40;9,99;45,53;4,86;160,28;10;2023;380;ATIVO;GOIÂNIA;Dia 15;NÃO;SUPERMERCADO;160;BRONZE
SUPERMERCADO CANADÁ;378431,31;0;0;29,43;37,21;21;15;7;1;57;97;14,64;66,88;4,86;252,99;11;2023;9;ATIVO;GOIÂNIA;Dia 15;NÃO;SUPERMERCADO;160;BRONZE
SUPERMERCADO CANADÁ;371451,07;0;0;199,24;37,67;19;10;4;5;113;156;33,1;152,45;25,87;125,02;8;2023;500;ATIVO;GOIÂNIA;Dia 15;NÃO;SUPERMERCADO;160;BRONZE
SUPERMERCADO CANADÁ;364520,98;0;0;103,04;63,8;19;12;3;2;47;90;9,84;45,17;19,13;211,92;9;2023;475;ATIVO;GOIÂNIA;Dia 15;NÃO;SUPERMERCADO;160;BRONZE
SUPERMERCADO CANADÁ;360003,53;0;0;228,41;124,48;47;13;2;202;360;622;62,79;289,77;48,49;12303,88;5;2023;533;ATIVO;GOIÂNIA;Dia 15;NÃO;SUPERMERCADO;160;BRONZE
SUPERMERCADO CANADÁ;359317,41;0;0;190,29;102,56;48;18;3;221;353;633;51,24;236,76;41,42;12224,01;3;2023;565;ATIVO;GOIÂNIA;Dia 15;NÃO;SUPERMERCADO;160;BRONZE
SUPERMERCADO CANADÁ;349541,04;0;0;204,72;148,36;57;19;6;204;343;615;50,75;234,236;66,45;11810,16;6;2023;535;ATIVO;GOIÂNIA;Dia 15;NÃO;SUPERMERCADO;160;BRONZE
SUPERMERCADO CANADÁ;337157,76;0;0;139,87;118,32;41;15;0;200;377;637;57,25;264,74;56,12;11547,8;4;2023;538;ATIVO;GOIÂNIA;Dia 15;NÃO;SUPERMERCADO;160;BRONZE
SUPERMERCADO CANADÁ;331696,29;0;0;91,69;96,89;41;13;4;0;333;571;52,78;243,24;40,63;7536,31;7;2023;487;ATIVO;GOIÂNIA;Dia 15;NÃO;SUPERMERCADO;160;BRONZE
SUPERMERCADO CANADÁ;323692,65;0;0;198,73;109,65;40;19;4;204;362;616;41,14;189,93;31,97;11363,64;1;2023;534;ATIVO;GOIÂNIA;Dia 15;NÃO;SUPERMERCADO;160;BRONZE
SUPERMERCADO CANADÁ;317614,62;0;0;233,8;51,56;71;32;9;294;311;506;43,51;200,79;34,51;10754,9;11;2022;0;ATIVO;GOIÂNIA;Dia 15;NÃO;SUPERMERCADO;160;BRONZE
SUPERMERCADO CANADÁ;317485,57;0;0;4762,59;305,05;257;101;24;225;331;521;42,8;196,91;50,26;10718,99;8;2022;0;ATIVO;GOIÂNIA;Dia 15;NÃO;SUPERMERCADO;160;BRONZE
SUPERMERCADO CANADÁ;314914,35;0;0;4016,89;312,12;253;106;21;223;313;501;41,98;193,75;36,37;10388,54;9;2022;0;ATIVO;GOIÂNIA;Dia 15;NÃO;SUPERMERCADO;160;BRONZE
SUPERMERCADO CANADÁ;308553,56;0;0;4607,05;358,17;288;109;30;248;0;0;0;0;0;0;3;2022;0;ATIVO;GOIÂNIA;Dia 15;NÃO;SUPERMERCADO;160;BRONZE
SUPERMERCADO CANADÁ;305068,13;0;0;161,56;115,17;45;18;5;198;343;605;34,4;159,76;27,67;10597,89;2;2023;511;ATIVO;GOIÂNIA;Dia 15;NÃO;SUPERMERCADO;160;BRONZE
SUPERMERCADO CANADÁ;269718,54;0;0;10,96;19,38;15;8;2;30;25;59;8,83;40,66;9,5;19,28;2;2024;11;ATIVO;GOIÂNIA;Dia 15;NÃO;SUPERMERCADO;160;BRONZE
SUPERMERCADO CANADÁ;237841,56;0;0;159,12;47,76;52;23;7;259;321;504;24,66;114,05;26,07;8132,96;12;2022;0;ATIVO;GOIÂNIA;Dia 15;NÃO;SUPERMERCADO;160;BRONZE
SUPERMERCADO CANADÁ;236676,92;0;0;3465,07;276,76;264;111;28;218;159;356;36,78;168,92;13,21;1202,84;7;2022;0;ATIVO;GOIÂNIA;Dia 15;NÃO;SUPERMERCADO;160;BRONZE
SUPERMERCADO CANADÁ;214976,76;0;0;101,48;87,81;123;67;5;203;300;478;32,89;151,87;25,65;7106;10;2022;0;ATIVO;GOIÂNIA;Dia 15;NÃO;SUPERMERCADO;160;BRONZE
SUPERMERCADO CANADÁ;201730,2;0;0;2917,91;225,1;238;84;24;215;162;335;32,36;148,53;22,94;1082,2;4;2022;0;ATIVO;GOIÂNIA;Dia 15;NÃO;SUPERMERCADO;160;BRONZE
SUPERMERCADO CANADÁ;175988,64;0;0;1944,38;153,43;181;83;15;209;147;325;26,07;119,34;16,43;887,16;6;2022;0;ATIVO;GOIÂNIA;Dia 15;NÃO;SUPERMERCADO;160;BRONZE
SUPERMERCADO CANADÁ;172537,32;0;0;13,01;533,65;65;46;5;28;57;89;4,48;20,72;30,78;26,15;5;2024;34;ATIVO;GOIÂNIA;Dia 15;NÃO;SUPERMERCADO;160;BRONZE
SUPERMERCADO CANADÁ;158745,14;0;0;1880,28;160,13;191;82;21;194;147;316;24,78;113,58;10,21;900,09;5;2022;0;ATIVO;GOIÂNIA;Dia 15;NÃO;SUPERMERCADO;160;BRONZE
SUPERMERCADO CASA NOSTRA;1373454,69;0;0;2364,55;3270,76;302;142;7;41;99;101;178,7;822,14;30,29;894,51;12;2023;177;ATIVO;SANTO ANTÔNIO DA BARRA;Dia 10;NÃO;SUPERMERCADO;19;OURO
SUPERMERCADO CASA NOSTRA;1049918,7;62166,91;7454,31;37,78;143,49;48;29;2;0;3359;4906;5906,87;27234,92;0;0;7;2026;39;ATIVO;TURVELÂNDIA;Dia 10;SIM;SUPERMERCADO;19;OURO
SUPERMERCADO CASA NOSTRA;1018380,04;59273,12;7049,84;21,29;151,02;56;30;2;0;3213;4802;4808,41;22178,02;1,48;15,66;8;2026;43;ATIVO;TURVELÂNDIA;Dia 10;SIM;SUPERMERCADO;19;OURO
SUPERMERCADO CASA NOSTRA;941154,45;0;0;695,54;1160,12;245;104;3;32;83;83;64,91;297,49;18,86;228,15;1;2024;128;ATIVO;TURVELÂNDIA;Dia 10;NÃO;SUPERMERCADO;19;OURO
SUPERMERCADO CASA NOSTRA;815620,33;70503,21;8458,66;17,14;40,88;12;8;0;0;3;3;1,75;7,66;3,68;0,98;12;2024;9;ATIVO;TURVELÂNDIA;Dia 10;SIM;SUPERMERCADO;19;OURO
SUPERMERCADO CASA NOSTRA;790396,29;0;0;55,59;61,17;77;9;0;23;21;21;5,76;25,62;1,47;126,15;3;2024;16;ATIVO;TURVELÂNDIA;Dia 10;NÃO;SUPERMERCADO;19;OURO
SUPERMERCADO CASA NOSTRA;762275,77;0;0;19,13;24,09;21;14;4;11;15;15;6,38;28,9;4,03;32,67;5;2024;8;ATIVO;TURVELÂNDIA;Dia 10;NÃO;SUPERMERCADO;19;OURO
SUPERMERCADO CASA NOSTRA;752815,51;59178,12;7101,37;23,73;38,3;14;7;0;6;6;6;1,45;6,22;5,08;0;11;2024;11;ATIVO;TURVELÂNDIA;Dia 10;SIM;SUPERMERCADO;19;OURO
SUPERMERCADO CASA NOSTRA;752350,86;0;0;170,69;668,77;25;12;2;8;16;17;66,73;306,46;3,88;9,7;10;2024;41;ATIVO;TURVELÂNDIA;Dia 10;NÃO;SUPERMERCADO;19;OURO
SUPERMERCADO CASA NOSTRA;740901,7;0;0;40,96;26,59;15;8;2;8;16;16;3,6;15,92;1,47;41,36;8;2024;12;ATIVO;TURVELÂNDIA;Dia 10;NÃO;SUPERMERCADO;19;OURO
SUPERMERCADO CASA NOSTRA;735229,06;0;0;35,71;19,58;15;7;1;11;30;31;6,47;29,81;2,41;66,66;7;2024;9;ATIVO;TURVELÂNDIA;Dia 10;NÃO;SUPERMERCADO;19;OURO
SUPERMERCADO CASA NOSTRA;733576,61;0;0;28,79;143,82;21;9;0;26;20;20;6,62;30,33;1,48;40,97;2;2024;17;ATIVO;TURVELÂNDIA;Dia 10;NÃO;SUPERMERCADO;19;OURO
SUPERMERCADO CASA NOSTRA;710452,07;0;0;131,93;941,67;46;35;2;8;14;14;26,37;121,36;6,73;12,87;9;2024;41;ATIVO;TURVELÂNDIA;Dia 10;NÃO;SUPERMERCADO;19;OURO
SUPERMERCADO CASA NOSTRA;706105,57;0;0;49,17;14,74;20;9;0;11;37;37;8,79;39,99;3,41;91,82;6;2024;9;ATIVO;TURVELÂNDIA;Dia 10;NÃO;SUPERMERCADO;19;OURO
SUPERMERCADO CASA NOSTRA;696494,21;50941;6112,662;225,14;65,83;19;9;3;0;2437;3823;3995,36;18407,66;0;0;12;2025;14;ATIVO;TURVELÂNDIA;Dia 10;SIM;SUPERMERCADO;19;OURO
SUPERMERCADO CASA NOSTRA;688945,98;0;0;36,2;103,89;202;7;2;17;13;13;1,44;5,55;7,95;52,2;4;2024;8;ATIVO;TURVELÂNDIA;Dia 10;NÃO;SUPERMERCADO;19;OURO
SUPERMERCADO CASA NOSTRA;674001,17;53481,76;6417,81;47,91;9,27;14;7;1;0;9;9;1,01;4,35;6,41;35,78;3;2025;12;ATIVO;TURVELÂNDIA;Dia 10;SIM;SUPERMERCADO;19;OURO
SUPERMERCADO CASA NOSTRA;659742,98;56619,92;6794,39;14,05;11,49;8;5;1;0;4;4;0,68;2,59;0;3,33;1;2025;7;ATIVO;TURVELÂNDIA;Dia 10;SIM;SUPERMERCADO;19;OURO
SUPERMERCADO CASA NOSTRA;653329,62;52870,43;6252,55;127,8;135,19;31;12;0;0;3;3;3,48;15,56;0;3,34;5;2025;30;ATIVO;TURVELÂNDIA;Dia 10;SIM;SUPERMERCADO;19;OURO
SUPERMERCADO CASA NOSTRA;650868,6;52018,05;6141,34;125,43;107,69;23;8;2;0;5;5;1,1;4,77;5,55;5,82;4;2025;21;ATIVO;TURVELÂNDIA;Dia 10;SIM;SUPERMERCADO;19;OURO
SUPERMERCADO CASA NOSTRA;637758,85;53704,73;6403,68;51,43;66,71;23;10;3;0;1806;2834;3479,35;16017,94;0;0;8;2025;19;ATIVO;TURVELÂNDIA;Dia 10;SIM;SUPERMERCADO;19;OURO
SUPERMERCADO CASA NOSTRA;625889,97;47932,78;5751,93;1,07;11,55;10;10;1;0;6;6;0,74;2,96;1,27;1,72;2;2025;9;ATIVO;TURVELÂNDIA;Dia 10;SIM;SUPERMERCADO;19;OURO
SUPERMERCADO CASA NOSTRA;618359,18;52172,07;6179,13;117,51;71,65;35;13;1;0;3;3;2,45;11,33;0;3,32;6;2025;37;ATIVO;TURVELÂNDIA;Dia 10;SIM;SUPERMERCADO;19;OURO
SUPERMERCADO CASA NOSTRA;616419,61;48528,21;5692,79;133,49;43,36;15;8;0;0;2054;3453;3271,86;15064,06;0;0;10;2025;17;ATIVO;TURVELÂNDIA;Dia 10;SIM;SUPERMERCADO;19;OURO
SUPERMERCADO CASA NOSTRA;607437,59;54117,19;6397,24;100,44;20,88;16;7;0;0;1670;2668;3357,05;15462,01;0;0;9;2025;15;ATIVO;TURVELÂNDIA;Dia 10;SIM;SUPERMERCADO;19;OURO
SUPERMERCADO CASA NOSTRA;597616,3;52819,17;6334,11;18,64;105,57;22;13;1;0;1260;2092;1459,04;6722,74;5,09;5,25;7;2025;20;ATIVO;TURVELÂNDIA;Dia 10;SIM;SUPERMERCADO;19;OURO
SUPERMERCADO CASA NOSTRA;596733,59;46819,97;5613,9132;174,47;80,02;21;9;5;0;2125;3419;3333,64;15347,92;0;0;1;2026;9;ATIVO;TURVELÂNDIA;Dia 10;SIM;SUPERMERCADO;19;OURO
SUPERMERCADO CASA NOSTRA;594290,14;48002,08;5754,744;205,83;85,41;21;9;1;0;1928;3178;3204,97;14759,75;0;0;11;2025;14;ATIVO;TURVELÂNDIA;Dia 10;SIM;SUPERMERCADO;19;OURO
SUPERMERCADO CASA NOSTRA;561484,97;39838,73;4780,65;28,17;18,19;12;6;1;0;1879;2994;3189,61;14685,81;0;0;2;2026;13;ATIVO;TURVELÂNDIA;Dia 10;SIM;SUPERMERCADO;19;OURO
SUPERMERCADO CEBOLINHA;1424994,5;0;0;94,93;181,79;39;11;3;0;37;35;64;298,1;15,42;213,66;12;2025;21;ATIVO;TRINDADE;Dia 10;NÃO;SUPERMERCADO;105;PRATA
SUPERMERCADO CEBOLINHA;1234525,43;0;0;2531,43;54,71;23;24;5;0;18;20;10,67;52,28;38,64;1011,57;6;2026;33;ATIVO;TRINDADE;Dia 10;NÃO;SUPERMERCADO;105;PRATA
SUPERMERCADO CEBOLINHA;1200005,38;0;0;76,42;65,19;18;8;2;0;9;12;11,5;60,05;3;2,44;8;2025;26;ATIVO;TRINDADE;Dia 10;NÃO;SUPERMERCADO;105;PRATA
SUPERMERCADO CEBOLINHA;1163564,95;0;0;66,24;82,06;35;12;2;0;24;31;18,89;91,76;8,87;8,87;6;2025;32;ATIVO;TRINDADE;Dia 10;NÃO;SUPERMERCADO;105;PRATA
SUPERMERCADO CEBOLINHA;1129802,08;0;0;18,63;420,73;29;10;2;0;22;24;5,82;31,13;10,58;40,85;5;2025;29;ATIVO;TRINDADE;Dia 10;NÃO;SUPERMERCADO;105;PRATA
SUPERMERCADO CEBOLINHA;1128676,23;0;0;1048,57;20,03;17;29;7;0;20;20;9,68;48,78;4,84;425,61;5;2026;92;ATIVO;TRINDADE;Dia 10;NÃO;SUPERMERCADO;105;PRATA
SUPERMERCADO CEBOLINHA;1112995,38;0;0;72,6;63,7;32;13;1;0;21;27;15,45;76,97;76,97;63,88;7;2025;35;ATIVO;TRINDADE;Dia 10;NÃO;SUPERMERCADO;105;PRATA
SUPERMERCADO CEBOLINHA;1093763,56;0;0;39,59;143,6;35;9;1;0;25;26;7,25;38,51;7,5;70,5;4;2025;34;ATIVO;TRINDADE;Dia 10;NÃO;SUPERMERCADO;105;PRATA
SUPERMERCADO CEBOLINHA;1065353,96;0;0;76,5;31,5;24;11;1;0;12;14;17,98;86,44;10,58;0,88;9;2025;31;ATIVO;TRINDADE;Dia 10;NÃO;SUPERMERCADO;105;PRATA
SUPERMERCADO CEBOLINHA;1039283,22;0;0;79,89;79,09;26;18;5;0;15;16;11,49;56,89;8,44;36,13;4;2026;30;ATIVO;TRINDADE;Dia 10;NÃO;SUPERMERCADO;105;PRATA
SUPERMERCADO CEBOLINHA;1034445,15;0;0;366,52;371,9;106;24;6;0;29;32;80,62;373,5;24,47;206,18;7;2026;44;ATIVO;TRINDADE;Dia 10;NÃO;SUPERMERCADO;105;PRATA
SUPERMERCADO CEBOLINHA;1025741,47;0;0;80,76;35,51;28;14;2;0;21;23;12,73;62,72;64,78;13,04;10;2025;30;ATIVO;TRINDADE;Dia 10;NÃO;SUPERMERCADO;105;PRATA
SUPERMERCADO CEBOLINHA;983865,92;0;0;120,95;3406,59;48;18;5;0;48;35;20,36;97,45;24,96;47,2;3;2026;29;ATIVO;TRINDADE;Dia 10;NÃO;SUPERMERCADO;105;PRATA
SUPERMERCADO CEBOLINHA;951121,82;0;0;51,62;1551,59;40;14;4;0;39;37;16,71;79,89;21,59;83,2;2;2026;25;ATIVO;TRINDADE;Dia 10;NÃO;SUPERMERCADO;105;PRATA
SUPERMERCADO CEBOLINHA;931894,05;0;0;138,95;39,32;45;19;8;0;38;48;10,27;50,34;9,4;54,23;3;2025;38;ATIVO;TRINDADE;Dia 10;NÃO;SUPERMERCADO;105;PRATA
SUPERMERCADO CEBOLINHA;927955,52;0;0;25,47;27,61;31;17;3;0;30;25;11,24;53,18;9,47;72,97;11;2025;30;ATIVO;TRINDADE;Dia 10;NÃO;SUPERMERCADO;105;PRATA
SUPERMERCADO CEBOLINHA;918056,03;0;0;195,3;215,17;262;11;1;115;15;17;4,97;22,43;10,75;8,06;8;2026;6;ATIVO;TRINDADE;Dia 10;NÃO;SUPERMERCADO;105;PRATA
SUPERMERCADO CEBOLINHA;882790,16;0;0;156,59;28,22;33;16;5;0;31;30;12,02;58,5;23,22;121,14;1;2026;30;ATIVO;TRINDADE;Dia 10;NÃO;SUPERMERCADO;105;PRATA
SUPERMERCADO CEBOLINHA;742350,24;0;0;62,28;116,26;32;12;2;0;36;42;6,98;34,42;28,15;45,01;12;2024;66;ATIVO;TRINDADE;Dia 10;NÃO;SUPERMERCADO;105;PRATA
SUPERMERCADO CEBOLINHA;736374,54;0;0;387,84;272,95;81;28;14;3;59;65;778,79;3845,63;23,51;163,27;10;2024;93;ATIVO;TRINDADE;Dia 10;NÃO;SUPERMERCADO;105;PRATA
SUPERMERCADO CEBOLINHA;719106,98;0;0;162;946,88;63;42;10;0;34;43;9,9;49,68;10,06;45,06;2;2025;56;ATIVO;TRINDADE;Dia 10;NÃO;SUPERMERCADO;105;PRATA
SUPERMERCADO CEBOLINHA;702960,41;0;0;93,06;44,49;37;11;2;3;34;38;8,57;42,12;28,77;22,59;11;2024;64;ATIVO;TRINDADE;Dia 10;NÃO;SUPERMERCADO;105;PRATA
SUPERMERCADO CEBOLINHA;632740,22;0;0;20,9;823,35;45;34;6;0;15;18;5,68;29,59;7,05;1,51;1;2025;45;ATIVO;TRINDADE;Dia 10;NÃO;SUPERMERCADO;105;PRATA
SUPERMERCADO CEBOLINHA;313130,99;0;0;1070,43;469,54;330;104;49;3;252;282;310,49;1459,04;89,52;648,15;9;2024;228;ATIVO;TRINDADE;Dia 10;NÃO;SUPERMERCADO;105;PRATA
SUPERMERCADO CELEIRO;11502941,46;281636,69;33782,39;595,14;957,77;79;31;1;0;38;43;52,24;236,81;0;613,16;12;2025;193;ATIVO;MORRINHOS;Dia 15;SIM;SUPERMERCADO;11;DIAMANTE
SUPERMERCADO CELEIRO;10904408,4;232367,57;27748,49;969,6;5892,89;62;28;6;0;6;60;19,03;71,42;0;1161,68;12;2024;195;ATIVO;MORRINHOS;Dia 15;SIM;SUPERMERCADO;11;DIAMANTE
SUPERMERCADO CELEIRO;10642241,81;253430,58;30411,67;43,18;476,33;46;64;0;0;25;25;28,36;127,13;0;184,32;8;2026;201;ATIVO;MORRINHOS;Dia 15;NÃO;SUPERMERCADO;11;DIAMANTE
SUPERMERCADO CELEIRO;10466118,87;277944,15;33326,99;905,61;3464,6;104;30;4;0;25;161;32,18;125,6;90,32;629,63;5;2025;188;ATIVO;MORRINHOS;Dia 15;SIM;SUPERMERCADO;11;DIAMANTE
SUPERMERCADO CELEIRO;10356109,4;0;0;110,29;865,72;39;24;0;0;26;29;36,14;159,98;0;513,07;10;2025;178;ATIVO;MORRINHOS;Dia 15;NÃO;SUPERMERCADO;11;DIAMANTE
SUPERMERCADO CELEIRO;10329244,2;254847,06;30560,31;287,88;223,13;73;27;0;0;18;39;37,35;140,6;2,63;680,05;8;2025;184;ATIVO;MORRINHOS;Dia 15;SIM;SUPERMERCADO;11;DIAMANTE
SUPERMERCADO CELEIRO;10328612,31;254480,36;30537,65;765,31;518,66;56;18;3;0;45;48;59,98;272,21;0;795,64;11;2025;185;ATIVO;MORRINHOS;Dia 15;SIM;SUPERMERCADO;11;DIAMANTE
SUPERMERCADO CELEIRO;10313690,11;267708,08;32124,97;196,83;6777,75;45;49;0;0;12;21;20,04;87,62;0;145,82;7;2026;191;ATIVO;MORRINHOS;Dia 15;NÃO;SUPERMERCADO;11;DIAMANTE
SUPERMERCADO CELEIRO;10301818,58;271311,76;31022,41;7576,45;4896,68;146;32;8;0;37;176;40,07;171,14;20,29;1492,88;4;2025;239;ATIVO;MORRINHOS;Dia 15;SIM;SUPERMERCADO;11;DIAMANTE
SUPERMERCADO CELEIRO;10240851,24;245401,48;22835,21;2955,49;1457,34;84;28;3;0;41;61;62,54;283,76;0;644,15;4;2026;203;ATIVO;MORRINHOS;Dia 15;SIM;SUPERMERCADO;11;DIAMANTE
SUPERMERCADO CELEIRO;10231135,7;245295,74;21772,96;3264,44;1762,55;84;30;5;0;31;53;68,06;308,29;0;290,49;3;2026;184;ATIVO;MORRINHOS;Dia 15;SIM;SUPERMERCADO;11;DIAMANTE
SUPERMERCADO CELEIRO;10104214,63;257869,45;30937,49;1135,41;1163,77;86;36;3;0;31;55;54,93;245,44;0;594,72;1;2026;211;ATIVO;MORRINHOS;Dia 15;SIM;SUPERMERCADO;11;DIAMANTE
SUPERMERCADO CELEIRO;9973871,79;251831,75;30158,21;336,69;179,81;35;13;9;0;18;19;21,62;97,5;0;283,67;5;2026;190;ATIVO;MORRINHOS;Dia 15;SIM;SUPERMERCADO;11;DIAMANTE
SUPERMERCADO CELEIRO;9922243,6;273193,8;32770,36;1321,17;3765,15;107;33;1;0;15;107;30,84;124,2;145,48;524,69;6;2025;202;ATIVO;MORRINHOS;Dia 15;SIM;SUPERMERCADO;11;DIAMANTE
SUPERMERCADO CELEIRO;9883599,59;234706,4;18452,02;12011,21;3636,37;159;42;11;0;77;202;118,49;547,5;13,05;13,05;3;2025;247;ATIVO;MORRINHOS;Dia 15;SIM;SUPERMERCADO;11;DIAMANTE
SUPERMERCADO CELEIRO;9854420,23;233917,94;28070,16;247,57;799,32;65;30;0;0;15;22;15,54;40,56;5,26;397,72;9;2025;180;ATIVO;MORRINHOS;Dia 15;SIM;SUPERMERCADO;11;DIAMANTE
SUPERMERCADO CELEIRO;9827384,75;245640,53;29476,86;305,79;3730,46;31;47;1;0;7;13;28,51;125,36;0;134,29;6;2026;184;ATIVO;MORRINHOS;Dia 15;SIM;SUPERMERCADO;11;DIAMANTE
SUPERMERCADO CELEIRO;9684619,79;215145,24;25655,53;285,6;1524,77;25;18;5;10;13;21;160,57;722,43;0;39,99;11;2024;167;ATIVO;MORRINHOS;Dia 15;SIM;SUPERMERCADO;11;DIAMANTE
SUPERMERCADO CELEIRO;9651534,56;224769,3;26150,37;1022,14;2000,95;53;26;7;10;26;42;64,9;284,31;0;437,31;10;2024;87;ATIVO;MORRINHOS;Dia 15;SIM;SUPERMERCADO;11;DIAMANTE
SUPERMERCADO CELEIRO;9559967,47;276575,15;33171,86;1488,21;1965,04;100;35;2;0;22;108;43,58;167,55;57,42;785,5;7;2025;229;ATIVO;MORRINHOS;Dia 15;SIM;SUPERMERCADO;11;DIAMANTE
SUPERMERCADO CELEIRO;9407509,63;224497,49;26844,61;959,09;3527,32;62;22;6;0;20;83;8,79;33,13;0;1047,37;1;2025;163;ATIVO;MORRINHOS;Dia 15;SIM;SUPERMERCADO;11;DIAMANTE
SUPERMERCADO CELEIRO;9371468,58;228891,48;17890,81;585,98;740,9;189;22;13;10;98;98;544,66;2516,34;0;637,62;8;2024;88;ATIVO;MORRINHOS;Dia 15;SIM;SUPERMERCADO;11;DIAMANTE
SUPERMERCADO CELEIRO;9288613,69;229019,02;20918,22;2513,67;808,89;55;24;7;0;20;24;45,33;201,2;0;31,61;2;2026;192;ATIVO;MORRINHOS;Dia 15;SIM;SUPERMERCADO;11;DIAMANTE
SUPERMERCADO CELEIRO;9116244,63;0;0;21095,56;4816,57;454;211;156;10;383;684;0;7777,85;44,06;9056,84;7;2024;466;ATIVO;MORRINHOS;Dia 15;NÃO;SUPERMERCADO;11;DIAMANTE
SUPERMERCADO CELEIRO;9088498,56;210330,33;24788,59;1281,08;904,02;102;32;11;0;84;170;155,29;710,47;18,06;3655,63;2;2025;176;ATIVO;MORRINHOS;Dia 15;SIM;SUPERMERCADO;11;DIAMANTE
SUPERMERCADO CELEIRO;8993016,13;216237,99;19999,09;1195,89;556,33;87;23;12;10;87;115;727,52;3337,77;7,76;855,88;9;2024;87;ATIVO;MORRINHOS;Dia 15;SIM;SUPERMERCADO;11;DIAMANTE
SUPERMERCADO CELEIRO;8832070,81;147934,88;92,55;13739,55;6655,1;360;95;38;9;332;660;2118,2;9726,66;96,99;14560,15;6;2024;154;ATIVO;MORRINHOS;Dia 15;SIM;SUPERMERCADO;11;DIAMANTE
SUPERMERCADO CELEIRO;8376507,66;0;0;1177,96;3819,4;188;63;28;232;303;653;1630,66;7495,56;356,91;2543,46;1;2024;202;ATIVO;MORRINHOS;Dia 15;NÃO;SUPERMERCADO;11;DIAMANTE
SUPERMERCADO CENTRAL;570508,45;25893,44;2560,09;795,73;351,14;70;15;1;0;63;70;76,08;185,47;13,99;294,28;12;2024;51;ATIVO;APARECIDA DE GOIÂNIA;Dia 10;SIM;SUPERMERCADO;86;BRONZE
SUPERMERCADO CENTRAL;551496,28;10778,84;1077,88;165,32;303,88;45;11;8;0;48;65;64,24;144,13;16,14;166,84;10;2023;31;ATIVO;APARECIDA DE GOIÂNIA;Dia 10;SIM;SUPERMERCADO;86;BRONZE
SUPERMERCADO CENTRAL;550811,98;12980,85;1282,48;105,06;242,44;25;6;3;0;24;42;60,31;101,88;36,8;13,62;12;2023;21;ATIVO;APARECIDA DE GOIÂNIA;Dia 10;SIM;SUPERMERCADO;86;BRONZE
SUPERMERCADO CENTRAL;548479,72;21970,66;21970,66;2645,88;428,2;74;11;0;0;10;12;580,1;2469;14,1;5,6;12;2025;25;ATIVO;APARECIDA DE GOIÂNIA;Dia 10;SIM;SUPERMERCADO;86;BRONZE
SUPERMERCADO CENTRAL;546331,5;19929,34;2382,95;49,7;39,56;19;91;6;0;10;10;37,79;84,95;0;27,72;5;2026;99;ATIVO;APARECIDA DE GOIÂNIA;Dia 10;SIM;SUPERMERCADO;86;BRONZE
SUPERMERCADO CENTRAL;539985,03;23801,98;683,66;2482,72;418,32;72;115;2;0;16;16;540,47;2319,07;5,1;33,03;5;2025;111;ATIVO;APARECIDA DE GOIÂNIA;Dia 10;SIM;SUPERMERCADO;86;BRONZE
SUPERMERCADO CENTRAL;527569,67;14591,54;1535,74;243,66;216,08;19;6;1;0;13;19;51,68;104,71;4,58;37,45;5;2024;31;ATIVO;APARECIDA DE GOIÂNIA;Dia 10;SIM;SUPERMERCADO;86;BRONZE
SUPERMERCADO CENTRAL;526102,83;10067,28;1006,73;25,05;240,21;25;3;1;0;29;38;53,9;102;14,68;40,44;9;2023;19;ATIVO;APARECIDA DE GOIÂNIA;Dia 10;SIM;SUPERMERCADO;86;BRONZE
SUPERMERCADO CENTRAL;523768,31;20292,48;1836,32;727,55;131,46;64;22;12;0;19;21;52,8;136,79;8,01;33;4;2026;281;ATIVO;APARECIDA DE GOIÂNIA;Dia 10;SIM;SUPERMERCADO;86;BRONZE
SUPERMERCADO CENTRAL;514400;26237,51;930,97;2493,04;428,74;86;17;5;0;29;34;515,81;2211,02;4,19;474,81;3;2025;511;ATIVO;APARECIDA DE GOIÂNIA;Dia 10;SIM;SUPERMERCADO;86;BRONZE
SUPERMERCADO CENTRAL;513873,24;20888,32;330,74;2574,16;351,87;62;10;0;0;9;10;519,31;2193,44;9,14;8,56;11;2025;23;ATIVO;APARECIDA DE GOIÂNIA;Dia 10;SIM;SUPERMERCADO;86;BRONZE
SUPERMERCADO CENTRAL;512766,08;18653,24;2238,39;137,15;253,91;35;6;1;0;36;36;60,46;136,49;14,09;89,29;11;2024;32;ATIVO;APARECIDA DE GOIÂNIA;Dia 10;SIM;SUPERMERCADO;86;BRONZE
SUPERMERCADO CENTRAL;511506,49;21103,86;414,77;2609;389,67;66;9;0;0;9;10;507,49;2129,33;0;169,13;10;2025;38;ATIVO;APARECIDA DE GOIÂNIA;Dia 10;SIM;SUPERMERCADO;86;BRONZE
SUPERMERCADO CENTRAL;511249,07;22628,16;299,21;2740,92;192,24;59;8;1;0;12;13;525,02;2239,47;20,53;34,96;3;2026;36;ATIVO;APARECIDA DE GOIÂNIA;Dia 10;SIM;SUPERMERCADO;86;BRONZE
SUPERMERCADO CENTRAL;510681,48;22582,54;491,72;3273,8;437,82;71;19;1;0;15;15;543,55;2312,67;6,82;545,94;7;2025;19;ATIVO;APARECIDA DE GOIÂNIA;Dia 10;SIM;SUPERMERCADO;86;BRONZE
SUPERMERCADO CENTRAL;510096,81;12386,36;1238,64;3,92;229,17;10;3;0;0;10;20;62,44;108,66;0;17,91;3;2024;14;ATIVO;APARECIDA DE GOIÂNIA;Dia 10;SIM;SUPERMERCADO;86;BRONZE
SUPERMERCADO CENTRAL;501577,53;16082,26;1929,87;18,27;347,28;18;9;3;0;28;28;57,29;113,96;4,58;68,44;10;2024;20;ATIVO;APARECIDA DE GOIÂNIA;Dia 10;SIM;SUPERMERCADO;86;BRONZE
SUPERMERCADO CENTRAL;500158,84;23787,46;578,42;2456,6;436,57;76;16;2;0;17;17;528,8;2255,48;2,08;35,75;6;2025;21;ATIVO;APARECIDA DE GOIÂNIA;Dia 10;SIM;SUPERMERCADO;86;BRONZE
SUPERMERCADO CENTRAL;500153,12;13375,43;1605,05;14,9;337,26;16;15;1;0;9;11;45,06;78,47;4,44;19,26;8;2024;29;ATIVO;APARECIDA DE GOIÂNIA;Dia 10;SIM;SUPERMERCADO;86;BRONZE
SUPERMERCADO CENTRAL;494507,69;14841,21;1614,39;182,68;200,33;16;9;3;0;12;18;468,64;2018,52;12,62;20,37;6;2024;28;ATIVO;APARECIDA DE GOIÂNIA;Dia 10;SIM;SUPERMERCADO;86;BRONZE
SUPERMERCADO CENTRAL;493110,57;11695,26;1158,51;203,56;234,79;44;8;7;0;43;58;59,12;124,21;31,14;68,66;11;2023;23;ATIVO;APARECIDA DE GOIÂNIA;Dia 10;SIM;SUPERMERCADO;86;BRONZE
SUPERMERCADO CENTRAL;491848,88;15929,86;1737,17;206,53;292,73;24;13;1;0;13;18;47,07;97,81;13,32;12,3;7;2024;26;ATIVO;APARECIDA DE GOIÂNIA;Dia 10;SIM;SUPERMERCADO;86;BRONZE
SUPERMERCADO CENTRAL;491847,4;23423,78;694,86;2404,44;387,32;78;19;6;0;32;32;500,87;2150,54;5,36;632,4;4;2025;13;ATIVO;APARECIDA DE GOIÂNIA;Dia 10;SIM;SUPERMERCADO;86;BRONZE
SUPERMERCADO CENTRAL;491819,93;17547,65;2103,51;13,53;37,19;8;7;5;0;6;6;32,22;68,79;5,18;14,74;6;2026;13;ATIVO;APARECIDA DE GOIÂNIA;Dia 10;SIM;SUPERMERCADO;86;BRONZE
SUPERMERCADO CENTRAL;490805,33;17214,65;363,11;3667,98;334,29;66;13;1;0;13;14;500,16;2126,79;10,18;1114,68;8;2025;17;ATIVO;APARECIDA DE GOIÂNIA;Dia 10;SIM;SUPERMERCADO;86;BRONZE
SUPERMERCADO CENTRAL;490450,43;12326,94;1232,69;45,14;221,43;25;2;5;0;18;39;53,36;99,96;27,58;21,52;1;2024;25;ATIVO;APARECIDA DE GOIÂNIA;Dia 10;SIM;SUPERMERCADO;86;BRONZE
SUPERMERCADO CENTRAL;487613,28;24600,44;999,13;2079,8;443,89;93;17;3;0;46;51;498,1;2128,68;12,96;446,99;1;2025;465;ATIVO;APARECIDA DE GOIÂNIA;Dia 10;SIM;SUPERMERCADO;86;BRONZE
SUPERMERCADO CENTRAL;485248,35;18626,26;2235,15;5,73;22,77;6;26;6;0;6;6;30,64;60,81;2,22;597,97;7;2026;15;ATIVO;APARECIDA DE GOIÂNIA;Dia 10;SIM;SUPERMERCADO;86;BRONZE
SUPERMERCADO CENTRAL;482728,56;16260,27;304,94;2364,58;411,71;65;11;2;0;14;16;496,6;2101,47;15,57;34,12;9;2025;23;ATIVO;APARECIDA DE GOIÂNIA;Dia 10;SIM;SUPERMERCADO;86;BRONZE
SUPERMERCADO CENTRAL;477180,53;10854,7;1299,81;23,07;204,09;19;8;5;0;8;18;46,6;78,91;0;26,75;4;2024;19;ATIVO;APARECIDA DE GOIÂNIA;Dia 10;SIM;SUPERMERCADO;86;BRONZE
SUPERMERCADO CENTRAL;476072,09;12440,82;1244,08;43,89;243,06;17;4;2;128;11;15;53,98;106,45;2,24;10,38;5;2023;16;ATIVO;APARECIDA DE GOIÂNIA;Dia 10;SIM;SUPERMERCADO;86;BRONZE
SUPERMERCADO CENTRAL;474595,62;12025,73;1192,73;11,32;206,89;13;0;0;0;10;17;53,6;99,94;7,59;7,08;2;2024;11;ATIVO;APARECIDA DE GOIÂNIA;Dia 10;SIM;SUPERMERCADO;86;BRONZE
SUPERMERCADO CENTRAL;473065,71;13274,81;1592,98;132,58;491,82;22;14;5;0;7;9;45,84;73,12;2,59;9,44;9;2024;20;ATIVO;APARECIDA DE GOIÂNIA;Dia 10;SIM;SUPERMERCADO;86;BRONZE
SUPERMERCADO CENTRAL;471440,46;19356,94;384,34;2264,85;339,61;67;10;1;0;13;15;475,72;2026,36;15,21;42,49;2;2026;36;ATIVO;APARECIDA DE GOIÂNIA;Dia 10;SIM;SUPERMERCADO;86;BRONZE
SUPERMERCADO CENTRAL;466174,87;9713,5;971,35;60,98;624,99;38;13;4;132;17;22;87,16;271,04;6,73;11,06;6;2023;43;ATIVO;APARECIDA DE GOIÂNIA;Dia 10;SIM;SUPERMERCADO;86;BRONZE
SUPERMERCADO CENTRAL;463752,18;16750,33;2010,04;18,71;14,86;12;8;1;3;6;6;2,07;9,57;0;19,89;8;2026;6;ATIVO;APARECIDA DE GOIÂNIA;Dia 10;SIM;SUPERMERCADO;86;BRONZE
SUPERMERCADO CENTRAL;463722,89;13340,79;1226,66;133,36;229,15;34;5;1;0;29;32;414,11;1756,39;60,31;20,95;8;2023;45;ATIVO;APARECIDA DE GOIÂNIA;Dia 10;SIM;SUPERMERCADO;86;BRONZE
SUPERMERCADO CENTRAL;460620,35;6513,76;333,16;789,03;474,42;94;15;3;126;36;37;420,86;1794,49;0,56;43,97;4;2023;68;ATIVO;APARECIDA DE GOIÂNIA;Dia 10;SIM;SUPERMERCADO;86;BRONZE
SUPERMERCADO CENTRAL;449656,18;22125,31;1560,71;2196,19;439,55;84;32;5;0;32;38;465,75;1988,55;7,72;475,23;2;2025;459;ATIVO;APARECIDA DE GOIÂNIA;Dia 10;SIM;SUPERMERCADO;86;BRONZE
SUPERMERCADO CENTRAL;449509,16;11349,67;944,75;218,83;233,47;34;6;2;123;15;18;405,96;1723,8;15,62;16,5;7;2023;32;ATIVO;APARECIDA DE GOIÂNIA;Dia 10;SIM;SUPERMERCADO;86;BRONZE
SUPERMERCADO CENTRAL;366067,84;0;0;2275,32;256,97;120;26;3;125;34;34;394,64;1688,35;0;124,32;3;2022;93;ATIVO;APARECIDA DE GOIÂNIA;Dia 10;NÃO;SUPERMERCADO;86;BRONZE
SUPERMERCADO CENTRAL;196453,81;21489,6;291,03;963,84;155;56;6;0;0;6;8;191,93;813,95;3,74;6,3;1;2026;30;ATIVO;APARECIDA DE GOIÂNIA;Dia 10;SIM;SUPERMERCADO;86;BRONZE
SUPERMERCADO CHURRASCÃO;1107710,36;0;0;244,83;972,8;61;43;4;0;0;0;0;0;0;0;12;2025;49;ATIVO;GOIATUBA;Dia 25;NÃO;SUPERMERCADO;203;PRATA
SUPERMERCADO CHURRASCÃO;1006453,31;0;0;37,61;27,94;24;14;3;50;26;27;7,07;32,27;2,41;45,49;7;2026;10;ATIVO;GOIATUBA;Dia 25;NÃO;SUPERMERCADO;203;PRATA
SUPERMERCADO CHURRASCÃO;998684,67;0;0;12,73;14,02;11;3;1;0;27;28;7,99;36,76;39,98;41,6;5;2026;5;ATIVO;GOIATUBA;Dia 25;NÃO;SUPERMERCADO;203;PRATA
SUPERMERCADO CHURRASCÃO;995281,07;0;0;39,83;45,46;23;7;2;0;29;33;9,58;43,9;4,71;369,05;6;2026;10;ATIVO;GOIATUBA;Dia 25;NÃO;SUPERMERCADO;203;PRATA
SUPERMERCADO CHURRASCÃO;925518,26;0;0;340,2;421,62;76;39;9;0;56;57;12,66;59,04;51,31;353,49;4;2026;50;ATIVO;GOIATUBA;Dia 25;NÃO;SUPERMERCADO;203;PRATA
SUPERMERCADO CHURRASCÃO;903979,03;0;0;306,81;801,22;85;49;11;0;44;45;13,08;60,77;65,19;739,69;1;2026;54;ATIVO;GOIATUBA;Dia 25;NÃO;SUPERMERCADO;203;PRATA
SUPERMERCADO CHURRASCÃO;865922,05;0;0;1949,87;1420,34;130;62;24;0;84;85;44,68;207,12;104,63;3019,9;3;2026;64;ATIVO;GOIATUBA;Dia 25;NÃO;SUPERMERCADO;203;PRATA
SUPERMERCADO CHURRASCÃO;802470,79;0;0;1239,13;975;100;50;16;0;65;65;16,55;76,8;63,08;1641,63;2;2026;56;ATIVO;GOIATUBA;Dia 25;NÃO;SUPERMERCADO;203;PRATA
SUPERMERCADO CHURRASCÃO;796832,36;0;0;1139,91;1065,76;85;43;5;0;0;0;0;0;0;0;10;2025;70;ATIVO;GOIATUBA;Dia 25;NÃO;SUPERMERCADO;203;PRATA
SUPERMERCADO CHURRASCÃO;736152,85;0;0;800,92;742,75;72;35;5;0;89;109;11,17;51,85;57,96;199,7;9;2025;60;ATIVO;GOIATUBA;Dia 25;NÃO;SUPERMERCADO;203;PRATA
SUPERMERCADO COMPRE BEM;1275348,38;0;0;97,32;164,12;31;20;8;23;23;23;3,29;15,34;0;305,17;7;2026;5;ATIVO;SÃO MIGUEL DO ARAGUAIA;Dia 20;NÃO;SUPERMERCADO;12;DIAMANTE
SUPERMERCADO COMPRE BEM;1115722,98;0;0;1438,37;647,29;189;60;102;0;36;37;5,21;23,58;17,75;960,78;7;2025;110;ATIVO;SÃO MIGUEL DO ARAGUAIA;Dia 20;NÃO;SUPERMERCADO;12;DIAMANTE
SUPERMERCADO COMPRE BEM;1079684,41;0;0;287,64;189,11;50;55;13;0;29;32;2,85;13,18;11,72;394,25;6;2026;19;ATIVO;SÃO MIGUEL DO ARAGUAIA;Dia 20;NÃO;SUPERMERCADO;12;DIAMANTE
SUPERMERCADO COMPRE BEM;1058416,54;0;0;990,31;417,38;63;19;6;0;52;80;72,7;334,64;8,99;610,72;12;2025;83;ATIVO;SÃO MIGUEL DO ARAGUAIA;Dia 20;NÃO;SUPERMERCADO;12;DIAMANTE
SUPERMERCADO COMPRE BEM;1003950,21;0;0;465,52;362,93;37;18;5;0;23;23;57,32;263,09;18,22;38,84;10;2025;21;ATIVO;SÃO MIGUEL DO ARAGUAIA;Dia 20;NÃO;SUPERMERCADO;12;DIAMANTE
SUPERMERCADO COMPRE BEM;988477,81;0;0;746,77;2376,29;1016;135;5;0;62;70;9,59;44,59;103,85;386,51;12;2024;305;ATIVO;SÃO MIGUEL DO ARAGUAIA;Dia 20;NÃO;SUPERMERCADO;12;DIAMANTE
SUPERMERCADO COMPRE BEM;983865,8;0;0;221,58;212,89;58;20;11;0;44;45;20,47;94,4;9,13;193,69;4;2026;24;ATIVO;SÃO MIGUEL DO ARAGUAIA;Dia 20;NÃO;SUPERMERCADO;12;DIAMANTE
SUPERMERCADO COMPRE BEM;971803,34;0;0;866,41;367,49;64;25;1;0;23;23;29,16;134,21;23,17;107,42;8;2025;51;ATIVO;SÃO MIGUEL DO ARAGUAIA;Dia 20;NÃO;SUPERMERCADO;12;DIAMANTE
SUPERMERCADO COMPRE BEM;926113,96;0;0;61,25;430,93;62;20;12;0;21;23;8,94;41,28;5,08;26,98;3;2026;20;ATIVO;SÃO MIGUEL DO ARAGUAIA;Dia 20;NÃO;SUPERMERCADO;12;DIAMANTE
SUPERMERCADO COMPRE BEM;925646,32;0;0;142,65;318,65;59;19;8;0;51;68;9,12;42,02;21,71;421,49;1;2026;74;ATIVO;SÃO MIGUEL DO ARAGUAIA;Dia 20;NÃO;SUPERMERCADO;12;DIAMANTE
SUPERMERCADO COMPRE BEM;909671,72;0;0;338,15;862,23;351;44;1;0;23;26;5,91;27,42;43,43;343,93;4;2025;61;ATIVO;SÃO MIGUEL DO ARAGUAIA;Dia 20;NÃO;SUPERMERCADO;12;DIAMANTE
SUPERMERCADO COMPRE BEM;896292,62;0;0;49,94;195,88;33;10;2;0;15;15;68,58;315,39;1,33;8,34;9;2025;13;ATIVO;SÃO MIGUEL DO ARAGUAIA;Dia 20;NÃO;SUPERMERCADO;12;DIAMANTE
SUPERMERCADO COMPRE BEM;890980,04;0;0;70,05;734,46;404;83;1;0;15;18;2,26;11,41;20,18;126,55;3;2025;42;ATIVO;SÃO MIGUEL DO ARAGUAIA;Dia 20;NÃO;SUPERMERCADO;12;DIAMANTE
SUPERMERCADO COMPRE BEM;871697,11;0;0;716,44;189,99;139;29;17;0;2072;1177;2743,67;12643,6;2,26;271,58;11;2025;162;ATIVO;SÃO MIGUEL DO ARAGUAIA;Dia 20;NÃO;SUPERMERCADO;12;DIAMANTE
SUPERMERCADO COMPRE BEM;870579,58;0;0;110,28;521,06;92;39;17;0;40;57;4,34;19,94;25,94;809,42;2;2026;88;ATIVO;SÃO MIGUEL DO ARAGUAIA;Dia 20;NÃO;SUPERMERCADO;12;DIAMANTE
SUPERMERCADO COMPRE BEM;857359,59;0;0;8771,78;1879,91;1039;74;19;151;509;525;698,8;3219,04;37,72;2855,88;7;2024;522;ATIVO;SÃO MIGUEL DO ARAGUAIA;Dia 20;NÃO;SUPERMERCADO;12;DIAMANTE
SUPERMERCADO COMPRE BEM;849223,66;0;0;1248,05;388,94;121;58;1;0;27;30;12,09;52,86;28,14;228,31;6;2025;105;ATIVO;SÃO MIGUEL DO ARAGUAIA;Dia 20;NÃO;SUPERMERCADO;12;DIAMANTE
SUPERMERCADO COMPRE BEM;841649,87;0;0;1060,64;625,22;124;73;0;0;21;27;3,38;15,55;26,54;523,15;5;2025;103;ATIVO;SÃO MIGUEL DO ARAGUAIA;Dia 20;NÃO;SUPERMERCADO;12;DIAMANTE
SUPERMERCADO COMPRE BEM;807360,04;0;0;12282,4;6234,85;1268;392;4;144;522;541;654,75;3019,12;97,23;3150,83;8;2024;516;ATIVO;SÃO MIGUEL DO ARAGUAIA;Dia 20;NÃO;SUPERMERCADO;12;DIAMANTE
SUPERMERCADO COMPRE BEM;791383,17;0;0;288,19;2336,93;209;130;10;143;511;528;573,54;2642,32;45,09;4263,91;10;2024;235;ATIVO;SÃO MIGUEL DO ARAGUAIA;Dia 20;NÃO;SUPERMERCADO;12;DIAMANTE
SUPERMERCADO COMPRE BEM;783813,14;0;0;1931,56;1132,04;205;40;7;153;54;96;60,24;284,91;138,57;239,73;3;2024;49;ATIVO;SÃO MIGUEL DO ARAGUAIA;Dia 20;NÃO;SUPERMERCADO;12;DIAMANTE
SUPERMERCADO COMPRE BEM;753237,48;0;0;566,89;1002,18;859;112;5;0;41;49;8,8;40,43;57,71;252,61;1;2025;328;ATIVO;SÃO MIGUEL DO ARAGUAIA;Dia 20;NÃO;SUPERMERCADO;12;DIAMANTE
SUPERMERCADO COMPRE BEM;749362,03;0;0;189,09;599,29;509;54;4;0;20;20;10,72;49,96;8,79;22,34;2;2025;77;ATIVO;SÃO MIGUEL DO ARAGUAIA;Dia 20;NÃO;SUPERMERCADO;12;DIAMANTE
SUPERMERCADO COMPRE BEM;736395,53;0;0;319,8;1851,3;399;231;11;132;475;492;546,83;2513,36;48,32;4154,09;9;2024;329;ATIVO;SÃO MIGUEL DO ARAGUAIA;Dia 20;NÃO;SUPERMERCADO;12;DIAMANTE
SUPERMERCADO COMPRE BEM;570285,63;0;0;206,81;2473,1;578;106;18;136;81;84;10,68;49,52;10,64;93,37;11;2024;157;ATIVO;SÃO MIGUEL DO ARAGUAIA;Dia 20;NÃO;SUPERMERCADO;12;DIAMANTE
SUPERMERCADO CRISTAL DE BOM JESUS;1058879,5;41628,63;1794,39;3836,87;414,6;148;4;3;150;0;0;0;0;0;0;11;2022;0;INATIVO;BOM JESUS;Dia 10;SIM;SUPERMERCADO;48;BRONZE
SUPERMERCADO CRISTAL DE BOM JESUS;1058879,5;0;0;9670,49;675,49;195;1;0;164;0;0;0;0;0;0;12;2022;0;INATIVO;BOM JESUS;Dia 10;NÃO;SUPERMERCADO;48;BRONZE
SUPERMERCADO CRISTAL DE BOM JESUS;856928,49;0;0;155,03;97,64;40;48;3;35;0;0;0;0;0;0;12;2023;19;INATIVO;BOM JESUS;Dia 10;NÃO;SUPERMERCADO;48;BRONZE
SUPERMERCADO CRISTAL DE BOM JESUS;833602,77;39493,77;2262,03;1880,16;176,58;87;8;14;146;0;0;0;0;0;0;3;2023;694;INATIVO;BOM JESUS;Dia 10;SIM;SUPERMERCADO;48;BRONZE
SUPERMERCADO CRISTAL DE BOM JESUS;823473,79;42512,73;4251,27;237,71;477,97;104;15;14;150;0;0;0;0;0;0;5;2023;666;INATIVO;BOM JESUS;Dia 10;SIM;SUPERMERCADO;48;BRONZE
SUPERMERCADO CRISTAL DE BOM JESUS;812018,18;0;0;125;78,77;58;18;14;14;0;0;0;0;0;0;12;2024;9;INATIVO;BOM JESUS;Dia 10;NÃO;SUPERMERCADO;48;BRONZE
SUPERMERCADO CRISTAL DE BOM JESUS;804962,59;0;0;53,19;180,85;21;13;5;19;0;0;0;0;0;0;7;2024;17;INATIVO;BOM JESUS;Dia 10;NÃO;SUPERMERCADO;48;BRONZE
SUPERMERCADO CRISTAL DE BOM JESUS;793778,96;39440,97;2816,68;1226,01;175,76;82;9;8;139;0;0;0;0;0;0;4;2023;639;INATIVO;BOM JESUS;Dia 10;SIM;SUPERMERCADO;48;BRONZE
SUPERMERCADO CRISTAL DE BOM JESUS;778506,43;0;0;114,56;101,02;21;2;0;22;0;0;0;0;0;0;5;2024;19;INATIVO;BOM JESUS;Dia 10;NÃO;SUPERMERCADO;48;BRONZE
SUPERMERCADO CRISTAL DE BOM JESUS;774180,17;0;0;118,69;106,49;30;10;4;16;0;0;0;0;0;0;8;2024;19;INATIVO;BOM JESUS;Dia 10;NÃO;SUPERMERCADO;48;BRONZE
SUPERMERCADO CRISTAL DE BOM JESUS;769544,78;0;0;62,3;71,41;16;6;4;19;0;0;0;0;0;0;6;2024;9;INATIVO;BOM JESUS;Dia 10;NÃO;SUPERMERCADO;48;BRONZE
SUPERMERCADO CRISTAL DE BOM JESUS;769021,19;0;0;202,6;88,87;33;84;1;142;0;0;0;0;0;0;10;2023;2795;INATIVO;BOM JESUS;Dia 10;NÃO;SUPERMERCADO;48;BRONZE
SUPERMERCADO CRISTAL DE BOM JESUS;765365,37;0;0;39,19;26,87;24;3;1;15;0;0;0;0;0;0;10;2024;21;INATIVO;BOM JESUS;Dia 10;NÃO;SUPERMERCADO;48;BRONZE
SUPERMERCADO CRISTAL DE BOM JESUS;762792,63;0;0;37,44;82,22;18;28;0;27;0;0;0;0;0;0;3;2024;9;INATIVO;BOM JESUS;Dia 10;NÃO;SUPERMERCADO;48;BRONZE
SUPERMERCADO CRISTAL DE BOM JESUS;762365,75;0;0;298,74;667,94;163;85;13;151;0;0;0;0;0;0;8;2023;1103;INATIVO;BOM JESUS;Dia 10;NÃO;SUPERMERCADO;48;BRONZE
SUPERMERCADO CRISTAL DE BOM JESUS;742878,97;44174,71;4417,47;257,09;847,22;138;43;12;150;0;0;0;0;0;0;7;2023;3266;INATIVO;BOM JESUS;Dia 10;SIM;SUPERMERCADO;48;BRONZE
SUPERMERCADO CRISTAL DE BOM JESUS;739670,71;0;0;123,48;116,25;37;11;4;14;0;0;0;0;0;0;9;2024;21;INATIVO;BOM JESUS;Dia 10;NÃO;SUPERMERCADO;48;BRONZE
SUPERMERCADO CRISTAL DE BOM JESUS;736193,33;0;0;117,31;10,25;36;29;2;27;0;0;0;0;0;0;2;2024;14;INATIVO;BOM JESUS;Dia 10;NÃO;SUPERMERCADO;48;BRONZE
SUPERMERCADO CRISTAL DE BOM JESUS;735239,32;42467,25;2637,47;98,76;27,29;57;8;6;15;0;0;0;0;0;0;11;2024;29;INATIVO;BOM JESUS;Dia 10;SIM;SUPERMERCADO;48;BRONZE
SUPERMERCADO CRISTAL DE BOM JESUS;734846,41;0;0;72,34;110,39;32;63;4;134;0;0;0;0;0;0;11;2023;15;INATIVO;BOM JESUS;Dia 10;NÃO;SUPERMERCADO;48;BRONZE
SUPERMERCADO CRISTAL DE BOM JESUS;731925,12;42428,29;5015,66;1785,23;112,09;41;10;8;0;168;278;111,47;512,91;26,99;925,99;3;2025;20;INATIVO;BOM JESUS;Dia 10;SIM;SUPERMERCADO;48;BRONZE
SUPERMERCADO CRISTAL DE BOM JESUS;729890,9;0;0;225,03;282,27;174;196;11;162;0;0;0;0;0;0;9;2023;3037;INATIVO;BOM JESUS;Dia 10;NÃO;SUPERMERCADO;48;BRONZE
SUPERMERCADO CRISTAL DE BOM JESUS;720825,94;33438,73;1989,63;1444,23;82,22;67;6;5;139;0;0;0;0;0;0;2;2023;640;INATIVO;BOM JESUS;Dia 10;SIM;SUPERMERCADO;48;BRONZE
SUPERMERCADO CRISTAL DE BOM JESUS;720558,92;0;0;157,59;11,56;53;35;2;26;0;0;0;0;0;0;1;2024;40;INATIVO;BOM JESUS;Dia 10;NÃO;SUPERMERCADO;48;BRONZE
SUPERMERCADO CRISTAL DE BOM JESUS;706918,08;0;0;47,04;119,46;21;19;0;23;0;0;0;0;0;0;4;2024;14;INATIVO;BOM JESUS;Dia 10;NÃO;SUPERMERCADO;48;BRONZE
SUPERMERCADO CRISTAL DE BOM JESUS;699211,7;40033,78;4732,27;697,6;104,03;42;9;8;13;132;241;49,83;229,88;13,44;570,08;2;2025;19;INATIVO;BOM JESUS;Dia 10;SIM;SUPERMERCADO;48;BRONZE
SUPERMERCADO CRISTAL DE BOM JESUS;631014,05;31587,75;3790,53;209,67;37,82;56;14;10;13;124;227;33,45;154,48;50,07;134,92;1;2025;25;INATIVO;BOM JESUS;Dia 10;SIM;SUPERMERCADO;48;BRONZE
SUPERMERCADO CRISTAL DE BOM JESUS;592996,54;26107,33;1465,51;1321;186,58;99;6;7;131;0;0;0;0;0;0;1;2023;686;INATIVO;BOM JESUS;Dia 10;SIM;SUPERMERCADO;48;BRONZE
SUPERMERCADO CRISTAL DE BOM JESUS;474063,5;22789,66;2278,97;133,39;337,8;137;34;11;138;0;0;0;0;0;0;6;2023;608;INATIVO;BOM JESUS;Dia 10;SIM;SUPERMERCADO;48;BRONZE
SUPERMERCADO DA VERDURA;3009180,33;0;0;476,17;391,54;57;56;48;0;14;19;1734,16;8324,01;2,36;2,64;7;2026;18;ATIVO;BRASÍLIA;Dia 30;NÃO;SUPERMERCADO;232;PRATA
SUPERMERCADO DA VERDURA;1984281,56;0;0;18239,06;230,82;296;255;251;0;49;53;1294,99;6234,03;0;359,7;7;2025;63;ATIVO;BRASÍLIA;Dia 30;NÃO;SUPERMERCADO;232;PRATA
SUPERMERCADO DA VERDURA;1929690,64;0;0;162,85;196,85;22;19;14;0;9;9;1112,34;5343,88;0;5,28;6;2026;10;ATIVO;BRASÍLIA;Dia 30;NÃO;SUPERMERCADO;232;PRATA
SUPERMERCADO DA VERDURA;1813604,93;0;0;16227,67;239,56;301;256;252;0;57;61;1194,15;5769,44;12,95;223,06;8;2025;63;ATIVO;BRASÍLIA;Dia 30;NÃO;SUPERMERCADO;232;PRATA
SUPERMERCADO DA VERDURA;1790964;0;0;13646,02;166,71;293;254;253;0;43;45;1112,61;5421,25;71,66;198,64;9;2025;50;ATIVO;BRASÍLIA;Dia 30;NÃO;SUPERMERCADO;232;PRATA
SUPERMERCADO DA VERDURA;1758436,96;0;0;1156,88;296,92;45;46;44;0;6;6;981,33;4701,12;0;31,61;3;2026;8;ATIVO;BRASÍLIA;Dia 30;NÃO;SUPERMERCADO;232;PRATA
SUPERMERCADO DA VERDURA;1573457,3;0;0;14832,94;221,49;385;339;331;0;35;38;1039,45;4995,37;0;87,22;6;2025;77;ATIVO;BRASÍLIA;Dia 30;NÃO;SUPERMERCADO;232;PRATA
SUPERMERCADO DA VERDURA;1450631,57;0;0;1643,55;472,77;113;95;65;0;25;25;833,23;4084,08;0;100,27;3;2025;50;ATIVO;BRASÍLIA;Dia 30;NÃO;SUPERMERCADO;232;PRATA
SUPERMERCADO DAMASCO;2001327,24;54519,9;6542,39;2852,38;351,66;29;2;1;0;35;45;12,77;59,07;46,95;548,13;12;2024;18;ATIVO;SANTA HELENA DE GOIÁS;Dia 10;SIM;SUPERMERCADO;31;PRATA
SUPERMERCADO DAMASCO;1956220,12;46878,28;5625,39;149,94;441,1;15;3;3;0;25;36;8,56;40,7;0;394,69;12;2025;6;ATIVO;SANTA HELENA DE GOIÁS;Dia 10;SIM;SUPERMERCADO;31;PRATA
SUPERMERCADO DAMASCO;1888863,53;48751,91;4881,58;6027,5;1369,76;476;88;12;0;69;73;40,07;185,19;7,68;257,27;5;2026;143;ATIVO;SANTA HELENA DE GOIÁS;Dia 10;SIM;SUPERMERCADO;31;PRATA
SUPERMERCADO DAMASCO;1884641,36;52205,41;6264,65;23,48;142,39;5;5;1;0;10;10;0;0;0;114,53;8;2026;2;ATIVO;SANTA HELENA DE GOIÁS;Dia 10;SIM;SUPERMERCADO;31;PRATA
SUPERMERCADO DAMASCO;1869641,81;48743,17;5834,73;332,78;166,6;29;13;4;0;29;37;6,48;29,48;3,79;260,17;7;2026;21;ATIVO;SANTA HELENA DE GOIÁS;Dia 10;SIM;SUPERMERCADO;31;PRATA
SUPERMERCADO DAMASCO;1808739,34;47640,63;2442,36;3859,88;2229,35;541;57;5;0;60;61;0;185,15;20,16;1494,77;4;2026;94;ATIVO;SANTA HELENA DE GOIÁS;Dia 10;SIM;SUPERMERCADO;31;PRATA
SUPERMERCADO DAMASCO;1799975,37;44304,51;2824,7;3654,35;2427,36;546;64;12;0;62;67;45,42;208,92;17,33;597,94;3;2026;9;ATIVO;SANTA HELENA DE GOIÁS;Dia 10;SIM;SUPERMERCADO;31;PRATA
SUPERMERCADO DAMASCO;1770085,16;50830,84;6099,7;1500,86;142,93;30;7;5;11;34;41;7,14;32,89;49,16;358,68;11;2024;22;ATIVO;SANTA HELENA DE GOIÁS;Dia 10;SIM;SUPERMERCADO;31;PRATA
SUPERMERCADO DAMASCO;1754939,74;41862,15;4986,78;93,62;209,36;15;4;3;0;23;34;2,49;12,07;0;281,34;1;2026;8;ATIVO;SANTA HELENA DE GOIÁS;Dia 10;SIM;SUPERMERCADO;31;PRATA
SUPERMERCADO DAMASCO;1754462,85;57014,69;6841,76;257,92;656,93;24;5;2;0;50;67;5,68;26,51;47,14;2466,59;3;2025;15;ATIVO;SANTA HELENA DE GOIÁS;Dia 10;SIM;SUPERMERCADO;31;PRATA
SUPERMERCADO DAMASCO;1714319,35;45243,75;5429,25;118,73;209,76;21;7;6;0;24;41;1,83;8,9;0;374,64;11;2025;9;ATIVO;SANTA HELENA DE GOIÁS;Dia 10;SIM;SUPERMERCADO;31;PRATA
SUPERMERCADO DAMASCO;1703586,58;45573,22;5463,18;418,59;391,64;19;7;7;0;28;49;62,41;287,11;1,2;835,69;10;2025;7;ATIVO;SANTA HELENA DE GOIÁS;Dia 10;SIM;SUPERMERCADO;31;PRATA
SUPERMERCADO DAMASCO;1698672,35;48530,88;5823,71;457,57;389,36;42;7;3;0;29;43;4,2;19,78;25,11;285,42;1;2025;26;ATIVO;SANTA HELENA DE GOIÁS;Dia 10;SIM;SUPERMERCADO;31;PRATA
SUPERMERCADO DAMASCO;1681993,79;34648,43;0;594,39;541,12;8;49;5;6;59;66;102,94;475,9;72,45;156,29;11;2023;70;ATIVO;SANTA HELENA DE GOIÁS;Dia 10;SIM;SUPERMERCADO;31;PRATA
SUPERMERCADO DAMASCO;1654718,5;51049,21;6125,91;131,05;157,86;17;4;1;0;39;65;4,98;22,82;41,35;790,86;8;2025;11;ATIVO;SANTA HELENA DE GOIÁS;Dia 10;SIM;SUPERMERCADO;31;PRATA
SUPERMERCADO DAMASCO;1612327,94;47286,91;5673,11;132,04;255,55;30;10;5;21;26;34;0,61;2,85;51,25;369;10;2024;22;ATIVO;SANTA HELENA DE GOIÁS;Dia 10;SIM;SUPERMERCADO;31;PRATA
SUPERMERCADO DAMASCO;1609049,52;41241,54;4040,18;224,01;157,36;43;22;7;22;31;45;39,69;176,45;18,32;155,56;3;2024;47;ATIVO;SANTA HELENA DE GOIÁS;Dia 10;SIM;SUPERMERCADO;31;PRATA
SUPERMERCADO DAMASCO;1589425,22;39969,09;4783,35;38,3;253,46;12;5;30;0;18;25;4,24;19,18;0;305,26;2;2026;6;ATIVO;SANTA HELENA DE GOIÁS;Dia 10;SIM;SUPERMERCADO;31;PRATA
SUPERMERCADO DAMASCO;1587427,52;49853,74;5982,45;330,5;228,21;17;6;3;0;46;81;4,68;20,51;29,67;1193,25;9;2025;9;ATIVO;SANTA HELENA DE GOIÁS;Dia 10;SIM;SUPERMERCADO;31;PRATA
SUPERMERCADO DAMASCO;1578810,49;43036,38;5163,53;297,37;250,91;37;10;8;21;21;25;2,08;9,52;32,9;178,59;9;2024;22;ATIVO;SANTA HELENA DE GOIÁS;Dia 10;SIM;SUPERMERCADO;31;PRATA
SUPERMERCADO DAMASCO;1569937,62;52068,55;6248,23;125,67;62,3;17;4;1;0;34;57;3,55;15,72;26,88;752,64;7;2025;12;ATIVO;SANTA HELENA DE GOIÁS;Dia 10;SIM;SUPERMERCADO;31;PRATA
SUPERMERCADO DAMASCO;1569747,22;43982,67;5277,92;865,21;420,99;39;7;2;0;35;52;6,87;31,86;33,55;628,87;2;2025;21;ATIVO;SANTA HELENA DE GOIÁS;Dia 10;SIM;SUPERMERCADO;31;PRATA
SUPERMERCADO DAMASCO;1564365,21;43946,17;5187,08;342,45;548,46;57;19;9;20;43;60;15,54;70,87;8,41;433,95;7;2024;37;ATIVO;SANTA HELENA DE GOIÁS;Dia 10;SIM;SUPERMERCADO;31;PRATA
SUPERMERCADO DAMASCO;1557537,53;0;0;3905,5;511,73;164;81;23;6;68;82;110,07;505,97;37,66;301,91;8;2023;238;ATIVO;SANTA HELENA DE GOIÁS;Dia 10;NÃO;SUPERMERCADO;31;PRATA
SUPERMERCADO DAMASCO;1550497,1;41548,99;4656,31;520,14;493,46;398;20;11;22;56;65;83,27;379,77;6,63;502,11;5;2024;62;ATIVO;SANTA HELENA DE GOIÁS;Dia 10;SIM;SUPERMERCADO;31;PRATA
SUPERMERCADO DAMASCO;1539955,46;51652,55;6087,58;182,97;130,78;17;5;4;0;44;59;5;23,08;28,83;2271,59;4;2025;7;ATIVO;SANTA HELENA DE GOIÁS;Dia 10;SIM;SUPERMERCADO;31;PRATA
SUPERMERCADO DAMASCO;1534362,84;42105,52;4971,13;622,48;167,34;60;28;14;20;56;66;53,4;240,84;33,41;1003,66;6;2024;32;ATIVO;SANTA HELENA DE GOIÁS;Dia 10;SIM;SUPERMERCADO;31;PRATA
SUPERMERCADO DAMASCO;1533272,11;38816,22;4432,95;426,77;633,78;711;23;9;21;30;38;53,54;243,33;0,69;184,84;4;2024;46;ATIVO;SANTA HELENA DE GOIÁS;Dia 10;SIM;SUPERMERCADO;31;PRATA
SUPERMERCADO DAMASCO;1530633,42;46661,9;5501,78;290,52;388,48;40;13;8;20;14;21;3,71;16,58;0;135,8;8;2024;29;ATIVO;SANTA HELENA DE GOIÁS;Dia 10;SIM;SUPERMERCADO;31;PRATA
SUPERMERCADO DAMASCO;1520885,66;0;0;3170,06;257,29;114;38;1;7;48;55;94,75;428,65;40,47;115,31;5;2023;115;ATIVO;SANTA HELENA DE GOIÁS;Dia 10;NÃO;SUPERMERCADO;31;PRATA
SUPERMERCADO DAMASCO;1506197,15;47331,58;5679,79;71,42;153,5;19;5;2;0;41;56;6,82;30,88;46,47;903,6;6;2025;9;ATIVO;SANTA HELENA DE GOIÁS;Dia 10;SIM;SUPERMERCADO;31;PRATA
SUPERMERCADO DAMASCO;1476891,22;48817,24;5814,45;97,48;210,28;19;4;2;0;33;52;7,47;33,98;33,24;696,74;5;2025;9;ATIVO;SANTA HELENA DE GOIÁS;Dia 10;SIM;SUPERMERCADO;31;PRATA
SUPERMERCADO DAMASCO;1414164,83;36331,92;3607,69;166,19;230,01;63;26;9;18;40;57;29,85;131,52;48,9;98,75;2;2024;57;ATIVO;SANTA HELENA DE GOIÁS;Dia 10;SIM;SUPERMERCADO;31;PRATA
SUPERMERCADO DAMASCO;1318661,79;28995,9;1726,64;1196,22;413,83;26;42;7;19;50;55;45,17;210,22;30,97;177,86;12;2023;86;ATIVO;SANTA HELENA DE GOIÁS;Dia 10;SIM;SUPERMERCADO;31;PRATA
SUPERMERCADO DAMASCO;1290211,95;0;0;2455,59;153,52;49;21;6;0;50;56;27,78;128,57;0;132,95;6;2026;41;ATIVO;SANTA HELENA DE GOIÁS;Dia 10;NÃO;SUPERMERCADO;31;PRATA
SUPERMERCADO DAMASCO;979520,01;22153,13;2215,31;96,95;88,64;39;14;3;17;20;29;16,68;76,24;18,8;119,49;1;2024;49;ATIVO;SANTA HELENA DE GOIÁS;Dia 10;SIM;SUPERMERCADO;31;PRATA
SUPERMERCADO DEL RIO;804744,86;0;0;2193,73;731,4;260;69;33;34;0;0;0;0;0;0;6;2023;0;ATIVO;GOIÂNIA;Dia 30;NÃO;SUPERMERCADO;231;BRONZE
SUPERMERCADO DEL RIO;679312,77;52526,9;6155,4;209,02;109,46;14;25;2;0;3;47;5,72;26,45;0;1,52;8;2025;56;ATIVO;GOIÂNIA;Dia 30;SIM;SUPERMERCADO;231;BRONZE
SUPERMERCADO DEL RIO;625485,33;38858,43;4614,44;53,11;122,99;2;25;2;0;6;57;9,44;43,52;0;7,6;6;2026;69;ATIVO;GOIÂNIA;Dia 30;SIM;SUPERMERCADO;231;BRONZE
SUPERMERCADO DEL RIO;607035,57;52031,15;5942,09;304,29;58,35;9;18;1;0;2;41;6,83;29,34;0;6,44;6;2025;56;ATIVO;GOIÂNIA;Dia 30;SIM;SUPERMERCADO;231;BRONZE
SUPERMERCADO DEL RIO;606902,13;69470,4;8244,54;97,65;3,86;9;27;2;0;7;48;7,74;34,08;0;5,17;5;2026;73;ATIVO;GOIÂNIA;Dia 30;SIM;SUPERMERCADO;231;BRONZE
SUPERMERCADO DEL RIO;606119,73;59039,89;6728,79;362,37;47,57;7;27;1;0;0;43;5,47;31,84;0;0;5;2025;57;ATIVO;GOIÂNIA;Dia 30;SIM;SUPERMERCADO;231;BRONZE
SUPERMERCADO DEL RIO;603244,22;60422,86;7082,74;171,9;77,51;8;28;1;0;2;49;4,11;17,63;0;1,92;9;2025;53;ATIVO;GOIÂNIA;Dia 30;SIM;SUPERMERCADO;231;BRONZE
SUPERMERCADO DEL RIO;596969,61;68441,07;8180,95;33,34;7,79;10;7;1;0;0;41;0,47;2,66;0;0;3;2026;112;ATIVO;GOIÂNIA;Dia 30;SIM;SUPERMERCADO;231;BRONZE
SUPERMERCADO DEL RIO;585795,24;42671,1;0;5254,39;236,7;43;26;1;1;7;49;68,88;446,74;0;79,74;3;2025;58;ATIVO;GOIÂNIA;Dia 30;SIM;SUPERMERCADO;231;BRONZE
SUPERMERCADO DEL RIO;585543,07;67898,16;8012,54;143,14;148,37;15;33;3;0;11;62;10,58;48,32;0;1,92;11;2025;71;ATIVO;GOIÂNIA;Dia 30;SIM;SUPERMERCADO;231;BRONZE
SUPERMERCADO DEL RIO;585132,54;65090,87;7725,22;136,78;189,81;16;21;2;0;6;47;11,54;53,85;0;3,9;12;2025;30;ATIVO;GOIÂNIA;Dia 30;SIM;SUPERMERCADO;231;BRONZE
SUPERMERCADO DEL RIO;577220,31;63820,84;7512,34;150,15;57,93;9;29;1;0;2;42;4,9;22,21;0;0;10;2025;59;ATIVO;GOIÂNIA;Dia 30;SIM;SUPERMERCADO;231;BRONZE
SUPERMERCADO DEL RIO;573267,82;71338,36;8432,81;143,16;5,23;17;22;2;0;5;41;3,52;14,33;0;1,06;4;2026;52;ATIVO;GOIÂNIA;Dia 30;SIM;SUPERMERCADO;231;BRONZE
SUPERMERCADO DEL RIO;568650,92;51807,52;4775,04;1546,75;192,22;42;28;1;0;6;53;16,74;122,01;0;5,38;4;2025;54;ATIVO;GOIÂNIA;Dia 30;SIM;SUPERMERCADO;231;BRONZE
SUPERMERCADO DEL RIO;562451,85;0;0;1196,21;465,16;121;15;5;11;0;0;0;0;0;0;5;2024;52;ATIVO;GOIÂNIA;Dia 30;NÃO;SUPERMERCADO;231;BRONZE
SUPERMERCADO DEL RIO;556125,67;0;0;107,59;118,6;34;16;2;1;67;107;11,61;67,87;22,12;181,95;8;2024;45;ATIVO;GOIÂNIA;Dia 30;NÃO;SUPERMERCADO;231;BRONZE
SUPERMERCADO DEL RIO;545162,39;0;0;68,05;16,48;6;10;2;1;13;60;4;21,95;0;72,68;10;2024;24;ATIVO;GOIÂNIA;Dia 30;NÃO;SUPERMERCADO;231;BRONZE
SUPERMERCADO DEL RIO;541080,4;0;0;1699,62;1229,92;141;44;22;5;0;0;0;0;0;0;8;2023;2912;ATIVO;GOIÂNIA;Dia 30;NÃO;SUPERMERCADO;231;BRONZE
SUPERMERCADO DEL RIO;540797,45;0;0;88,74;15,76;8;4;1;0;6;49;1,51;11,7;0;37,69;9;2024;22;ATIVO;GOIÂNIA;Dia 30;NÃO;SUPERMERCADO;231;BRONZE
SUPERMERCADO DEL RIO;534386,58;0;0;246,91;1168,47;111;7;4;199;201;492;93,43;404,02;7,38;4094,18;5;2023;473;ATIVO;GOIÂNIA;Dia 30;NÃO;SUPERMERCADO;231;BRONZE
SUPERMERCADO DEL RIO;530778,83;0;0;1320,51;1047,53;149;42;21;4;0;0;0;0;0;0;9;2023;770;ATIVO;GOIÂNIA;Dia 30;NÃO;SUPERMERCADO;231;BRONZE
SUPERMERCADO DEL RIO;530249,46;0;0;181,03;581,5;109;9;7;213;220;518;107,19;471,59;6,37;4153,04;3;2023;543;ATIVO;GOIÂNIA;Dia 30;NÃO;SUPERMERCADO;231;BRONZE
SUPERMERCADO DEL RIO;528031,7;0;0;259,73;178,37;110;33;6;119;221;499;109,71;489,27;13,79;4351,02;12;2022;0;ATIVO;GOIÂNIA;Dia 30;NÃO;SUPERMERCADO;231;BRONZE
SUPERMERCADO DEL RIO;526800,86;0;0;1704,09;1005,34;158;49;27;4;0;0;0;0;0;0;10;2023;743;ATIVO;GOIÂNIA;Dia 30;NÃO;SUPERMERCADO;231;BRONZE
SUPERMERCADO DEL RIO;524850,03;0;0;1536,88;888,41;151;48;24;6;0;0;0;0;0;0;11;2023;85;ATIVO;GOIÂNIA;Dia 30;NÃO;SUPERMERCADO;231;BRONZE
SUPERMERCADO DEL RIO;522498;60698,1;7173,91;135,39;125,2;19;26;2;0;2;41;19,05;87,98;0;0;1;2026;33;ATIVO;GOIÂNIA;Dia 30;SIM;SUPERMERCADO;231;BRONZE
SUPERMERCADO DEL RIO;522322,04;0;0;1339,33;447,69;311;140;11;12;0;0;0;0;0;0;6;2024;299;ATIVO;GOIÂNIA;Dia 30;NÃO;SUPERMERCADO;231;BRONZE
SUPERMERCADO DEL RIO;514282,35;60335,17;7026,02;216,74;93,58;10;19;1;0;1;47;5,5;24,41;0;0;7;2025;52;ATIVO;GOIÂNIA;Dia 30;SIM;SUPERMERCADO;231;BRONZE
SUPERMERCADO DEL RIO;512854,5;0;0;1414,81;719,35;141;40;23;19;0;0;0;0;0;0;1;2024;85;ATIVO;GOIÂNIA;Dia 30;NÃO;SUPERMERCADO;231;BRONZE
SUPERMERCADO DEL RIO;511213,23;0;0;1256,44;644,83;172;45;29;17;0;0;0;0;0;0;3;2024;85;ATIVO;GOIÂNIA;Dia 30;NÃO;SUPERMERCADO;231;BRONZE
SUPERMERCADO DEL RIO;497863,24;0;0;126,93;10,68;20;5;1;1;0;0;0;0;0;0;7;2024;163;ATIVO;GOIÂNIA;Dia 30;NÃO;SUPERMERCADO;231;BRONZE
SUPERMERCADO DEL RIO;496980,7;0;0;1031,62;430,14;127;14;6;15;0;0;0;0;0;0;4;2024;52;ATIVO;GOIÂNIA;Dia 30;NÃO;SUPERMERCADO;231;BRONZE
SUPERMERCADO DEL RIO;494035,6;0;0;136,42;485,59;93;8;7;191;207;499;96,36;417,56;8,68;3793,3;4;2023;482;ATIVO;GOIÂNIA;Dia 30;NÃO;SUPERMERCADO;231;BRONZE
SUPERMERCADO DEL RIO;493420,77;25878,63;939,93;1473,43;445,59;147;45;24;4;0;0;0;0;0;0;7;2023;512;ATIVO;GOIÂNIA;Dia 30;SIM;SUPERMERCADO;231;BRONZE
SUPERMERCADO DEL RIO;491018,85;0;0;252,82;121,89;88;7;5;132;219;511;101,45;451,32;11,38;3141,85;8;2022;0;ATIVO;GOIÂNIA;Dia 30;NÃO;SUPERMERCADO;231;BRONZE
SUPERMERCADO DEL RIO;483593,98;0;0;1538,04;583,96;148;38;24;13;0;0;0;0;0;0;2;2024;80;ATIVO;GOIÂNIA;Dia 30;NÃO;SUPERMERCADO;231;BRONZE
SUPERMERCADO DEL RIO;472636,37;0;0;313,12;221,36;133;14;8;133;210;397;77,38;344,54;0;2755,96;5;2022;0;ATIVO;GOIÂNIA;Dia 30;NÃO;SUPERMERCADO;231;BRONZE
SUPERMERCADO DEL RIO;470786,66;0;0;302,6;205,5;82;11;6;129;237;516;95,16;425,3;26,37;3548,92;11;2022;0;ATIVO;GOIÂNIA;Dia 30;NÃO;SUPERMERCADO;231;BRONZE
SUPERMERCADO DEL RIO;465371,55;0;0;165,73;369,7;103;12;7;215;275;563;95,4;422,81;12,57;3939,68;1;2023;489;ATIVO;GOIÂNIA;Dia 30;NÃO;SUPERMERCADO;231;BRONZE
SUPERMERCADO DEL RIO;463065,75;0;0;215,35;136,97;92;11;6;129;222;516;92,48;412,32;9,17;3341,7;9;2022;0;ATIVO;GOIÂNIA;Dia 30;NÃO;SUPERMERCADO;231;BRONZE
SUPERMERCADO DEL RIO;457693,87;0;0;283,73;142,76;95;8;5;136;197;469;123,35;555,97;10,09;2857,01;7;2022;0;ATIVO;GOIÂNIA;Dia 30;NÃO;SUPERMERCADO;231;BRONZE
SUPERMERCADO DEL RIO;457587,43;0;0;286,06;137,8;88;8;6;126;226;518;115,06;512,2;11,69;3553,43;10;2022;0;ATIVO;GOIÂNIA;Dia 30;NÃO;SUPERMERCADO;231;BRONZE
SUPERMERCADO DEL RIO;454145,28;0;0;190,33;141,26;90;9;4;138;177;363;98,79;443,03;2,49;2582,88;6;2022;0;ATIVO;GOIÂNIA;Dia 30;NÃO;SUPERMERCADO;231;BRONZE
SUPERMERCADO DEL RIO;445038,4;0;0;185,97;430,22;93;9;7;218;205;484;94,95;418,61;17,38;3624,67;2;2023;479;ATIVO;GOIÂNIA;Dia 30;NÃO;SUPERMERCADO;231;BRONZE
SUPERMERCADO DEL RIO;420050,31;0;0;754,71;3870,68;625;364;357;160;440;536;52,43;223,63;16,76;6699,62;3;2022;0;ATIVO;GOIÂNIA;Dia 30;NÃO;SUPERMERCADO;231;BRONZE
SUPERMERCADO DEL RIO;416765,59;0;0;622,16;2036,02;569;321;312;160;472;576;52,74;233,75;24,64;5285,08;4;2022;0;ATIVO;GOIÂNIA;Dia 30;NÃO;SUPERMERCADO;231;BRONZE
SUPERMERCADO DEL RIO;375037,8;0;0;953,04;3190,15;596;335;329;280;280;0;0;0;0;0;2;2022;0;ATIVO;GOIÂNIA;Dia 30;NÃO;SUPERMERCADO;231;BRONZE
SUPERMERCADO DIBRAHKOL BEER;1208485,35;37201,88;120,49;107,27;799,07;142;8;4;0;209;223;353,61;1632,43;5,82;1336,99;10;2025;95;ATIVO;PIRENÓPOLIS;Dia 10;SIM;SUPERMERCADO;98;PRATA
SUPERMERCADO DIBRAHKOL BEER;1126296;0;0;114,87;334,35;77;43;8;233;224;508;617,92;2848,25;0;2175,46;12;2024;107;ATIVO;PIRENÓPOLIS;Dia 10;NÃO;SUPERMERCADO;98;PRATA
SUPERMERCADO DIBRAHKOL BEER;1083595,85;43537,06;4979,36;316,99;427,57;125;67;6;0;186;202;190,84;878,99;13,16;2020,85;4;2026;276;ATIVO;PIRENÓPOLIS;Dia 10;SIM;SUPERMERCADO;98;PRATA
SUPERMERCADO DIBRAHKOL BEER;1080324,65;35729,87;4092,31;8,26;623,85;162;122;12;0;187;217;180,84;832,92;9,77;2373,6;2;2026;349;ATIVO;PIRENÓPOLIS;Dia 10;SIM;SUPERMERCADO;98;PRATA
SUPERMERCADO DIBRAHKOL BEER;1069821,14;0;0;79,38;221,16;71;36;9;0;255;530;434,41;2009,33;2,12;3653,16;1;2025;101;ATIVO;PIRENÓPOLIS;Dia 10;NÃO;SUPERMERCADO;98;PRATA
SUPERMERCADO DIBRAHKOL BEER;1063542,15;40390,96;4835,56;18,93;232,08;58;25;0;0;173;184;178,78;821,44;11,4;1751,76;5;2026;232;ATIVO;PIRENÓPOLIS;Dia 10;SIM;SUPERMERCADO;98;PRATA
SUPERMERCADO DIBRAHKOL BEER;1051508,92;31599,4;3668,7;6;615,56;111;12;6;0;181;193;297,15;1367,24;7,29;1401,57;11;2025;101;ATIVO;PIRENÓPOLIS;Dia 10;SIM;SUPERMERCADO;98;PRATA
SUPERMERCADO DIBRAHKOL BEER;1013512,78;40325,02;4824,86;66,23;324,19;72;71;2;0;176;187;159,6;733,52;12,03;1914,98;6;2026;198;ATIVO;PIRENÓPOLIS;Dia 10;SIM;SUPERMERCADO;98;PRATA
SUPERMERCADO DIBRAHKOL BEER;1008403,72;43667,89;5221,57;57,74;442,83;126;73;3;0;181;192;152,42;701,37;12,18;1106,16;7;2026;225;ATIVO;PIRENÓPOLIS;Dia 10;SIM;SUPERMERCADO;98;PRATA
SUPERMERCADO DIBRAHKOL BEER;1004655,54;0;0;255,32;35,5;47;40;0;0;200;222;384,4;1771,04;19,93;808,1;6;2025;105;ATIVO;PIRENÓPOLIS;Dia 10;NÃO;SUPERMERCADO;98;PRATA
SUPERMERCADO DIBRAHKOL BEER;999944,58;40995,42;4799,8;5,2;870,27;123;12;5;0;164;182;173,32;799,21;4,26;785,22;12;2025;110;ATIVO;PIRENÓPOLIS;Dia 10;SIM;SUPERMERCADO;98;PRATA
SUPERMERCADO DIBRAHKOL BEER;987279,58;0;0;104,75;104,75;36;34;0;0;192;231;321,81;1481,5;8,45;1351,38;5;2025;104;ATIVO;PIRENÓPOLIS;Dia 10;NÃO;SUPERMERCADO;98;PRATA
SUPERMERCADO DIBRAHKOL BEER;974016,09;37247,24;4288,54;324,62;700,98;157;99;6;0;196;218;193,74;892,65;10,77;1678,14;3;2026;329;ATIVO;PIRENÓPOLIS;Dia 10;SIM;SUPERMERCADO;98;PRATA
SUPERMERCADO DIBRAHKOL BEER;971966,08;0;0;15,54;60,91;18;11;1;0;191;235;325,13;1500,27;24,48;1423,11;4;2025;83;ATIVO;PIRENÓPOLIS;Dia 10;NÃO;SUPERMERCADO;98;PRATA
SUPERMERCADO DIBRAHKOL BEER;970425,75;0;0;54,31;127,98;97;13;5;0;194;206;349,26;1610,06;7,11;774,84;9;2025;94;ATIVO;PIRENÓPOLIS;Dia 10;NÃO;SUPERMERCADO;98;PRATA
SUPERMERCADO DIBRAHKOL BEER;954367,75;41731,99;5007,84;25,61;505,42;121;65;2;0;184;200;173,96;798,79;16,15;1024,42;8;2026;210;ATIVO;PIRENÓPOLIS;Dia 10;SIM;SUPERMERCADO;98;PRATA
SUPERMERCADO DIBRAHKOL BEER;941812,08;0;0;90,07;99,15;25;16;1;0;203;230;374,38;1726,17;16,14;754,31;7;2025;95;ATIVO;PIRENÓPOLIS;Dia 10;NÃO;SUPERMERCADO;98;PRATA
SUPERMERCADO DIBRAHKOL BEER;935330,39;0;0;19,67;86,79;17;12;4;0;199;218;362,3;1669,51;8,6;559,51;8;2025;102;ATIVO;PIRENÓPOLIS;Dia 10;NÃO;SUPERMERCADO;98;PRATA
SUPERMERCADO DIBRAHKOL BEER;892566,71;39180,05;4567,39;6,12;588,43;142;89;6;0;170;195;153,48;706,88;6,59;673,7;1;2026;334;ATIVO;PIRENÓPOLIS;Dia 10;SIM;SUPERMERCADO;98;PRATA
SUPERMERCADO DIBRAHKOL BEER;887015,51;0;0;128,16;431,91;72;46;8;236;248;500;831,02;3829,29;0;2030,71;11;2024;101;ATIVO;PIRENÓPOLIS;Dia 10;NÃO;SUPERMERCADO;98;PRATA
SUPERMERCADO DIBRAHKOL BEER;868077,69;0;0;77,52;837,83;123;118;3;229;108;386;80,7;373,47;0;2003,21;11;2023;152;ATIVO;PIRENÓPOLIS;Dia 10;NÃO;SUPERMERCADO;98;PRATA
SUPERMERCADO DIBRAHKOL BEER;864373,75;28554,52;0;319,36;226,81;71;32;3;254;244;555;805,09;3706,29;1,56;2292,89;7;2024;107;ATIVO;PIRENÓPOLIS;Dia 10;SIM;SUPERMERCADO;98;PRATA
SUPERMERCADO DIBRAHKOL BEER;811251,82;22774,41;0;122,76;280,51;56;19;3;254;221;498;662,56;3054,29;0;1980,05;4;2024;84;ATIVO;PIRENÓPOLIS;Dia 10;SIM;SUPERMERCADO;98;PRATA
SUPERMERCADO DIBRAHKOL BEER;789227,05;0;0;112,97;413,88;83;50;11;229;244;503;697,68;3215,69;1,56;1760,9;10;2024;90;ATIVO;PIRENÓPOLIS;Dia 10;NÃO;SUPERMERCADO;98;PRATA
SUPERMERCADO DIBRAHKOL BEER;755716,87;0;0;53,83;72,92;33;14;4;0;209;280;301,07;1388,62;1,56;2056,26;3;2025;96;ATIVO;PIRENÓPOLIS;Dia 10;NÃO;SUPERMERCADO;98;PRATA
SUPERMERCADO DIBRAHKOL BEER;696954,38;18204,12;0;122,18;215,11;55;20;3;239;212;494;534,5;2462,38;0;1498,26;5;2024;74;ATIVO;PIRENÓPOLIS;Dia 10;SIM;SUPERMERCADO;98;PRATA
SUPERMERCADO DIBRAHKOL BEER;695930,22;0;0;167,89;375,24;65;37;4;229;223;503;622,6;2865,93;1,56;1548,1;9;2024;90;ATIVO;PIRENÓPOLIS;Dia 10;NÃO;SUPERMERCADO;98;PRATA
SUPERMERCADO DIBRAHKOL BEER;695725,72;19797,43;0;129,29;153,89;58;20;3;232;217;496;618,2;2844,89;1,02;1721,02;6;2024;92;ATIVO;PIRENÓPOLIS;Dia 10;SIM;SUPERMERCADO;98;PRATA
SUPERMERCADO DIBRAHKOL BEER;685088,09;18073,39;1768,22;133,65;779,48;116;109;1;239;100;377;68,71;316,62;1,02;1568,47;2;2024;173;ATIVO;PIRENÓPOLIS;Dia 10;SIM;SUPERMERCADO;98;PRATA
SUPERMERCADO DIBRAHKOL BEER;663606,42;0;0;1339,55;274,57;96;85;1;231;195;455;521,68;2404,68;0;1560,56;3;2024;99;ATIVO;PIRENÓPOLIS;Dia 10;NÃO;SUPERMERCADO;98;PRATA
SUPERMERCADO DIBRAHKOL BEER;651990,36;0;0;65,43;144,79;53;30;4;232;189;189;540,23;2486,81;0;1455,43;8;2024;113;ATIVO;PIRENÓPOLIS;Dia 10;NÃO;SUPERMERCADO;98;PRATA
SUPERMERCADO DIBRAHKOL BEER;650988,59;0;0;103;22,74;36;15;2;0;204;430;284,73;1314,75;0;1558,82;2;2025;92;ATIVO;PIRENÓPOLIS;Dia 10;NÃO;SUPERMERCADO;98;PRATA
SUPERMERCADO DO PARQUE;2180824,78;0;0;143,33;110,34;22;32;4;0;52;65;42,31;194,57;6,49;466,82;6;2026;10;ATIVO;GOIÂNIA;Dia 20;NÃO;SUPERMERCADO;171;PRATA
SUPERMERCADO DO PARQUE;2080455,16;0;0;102,06;157,14;20;5;3;15;31;31;15,65;71,71;71,71;430,53;7;2026;4;ATIVO;GOIÂNIA;Dia 20;NÃO;SUPERMERCADO;171;PRATA
SUPERMERCADO DO PARQUE;2064166,03;0;0;105,31;559,14;49;9;0;0;76;116;51,08;235,03;51,26;137,99;3;2026;69;ATIVO;GOIÂNIA;Dia 20;NÃO;SUPERMERCADO;171;PRATA
SUPERMERCADO DO PARQUE;2061859,92;0;0;76,45;141,43;39;5;2;0;68;104;59,73;275,82;14,8;66,52;12;2025;31;ATIVO;GOIÂNIA;Dia 20;NÃO;SUPERMERCADO;171;PRATA
SUPERMERCADO DO PARQUE;2029641,08;0;0;438,19;636,99;85;47;1;0;56;98;17,52;80,76;31,59;397,63;4;2026;51;ATIVO;GOIÂNIA;Dia 20;NÃO;SUPERMERCADO;171;PRATA
SUPERMERCADO DO PARQUE;1974394,34;0;0;54;47,06;12;3;2;0;48;127;17,82;82,33;59,73;64,43;5;2025;36;ATIVO;GOIÂNIA;Dia 20;NÃO;SUPERMERCADO;171;PRATA
SUPERMERCADO DO PARQUE;1962618,91;0;0;357,01;346,94;30;7;0;0;68;132;22,31;102,59;46,8;354,47;8;2025;46;ATIVO;GOIÂNIA;Dia 20;NÃO;SUPERMERCADO;171;PRATA
SUPERMERCADO DO PARQUE;1953879,43;0;0;2,32;70,12;9;7;2;0;43;120;20,85;95,62;22,92;36,22;12;2024;86;ATIVO;GOIÂNIA;Dia 20;NÃO;SUPERMERCADO;171;PRATA
SUPERMERCADO DO PARQUE;1943864,67;0;0;336,65;4642,82;48;18;1;0;61;117;14,05;65,07;7,68;436,05;9;2025;41;ATIVO;GOIÂNIA;Dia 20;NÃO;SUPERMERCADO;171;PRATA
SUPERMERCADO DO PARQUE;1928638,79;0;0;101,66;208,36;37;5;0;0;47;81;49,28;227,54;34,75;38,04;1;2026;57;ATIVO;GOIÂNIA;Dia 20;NÃO;SUPERMERCADO;171;PRATA
SUPERMERCADO DO PARQUE;1918386,43;0;0;3,29;15,53;4;1;1;0;48;132;17,1;78,77;45,09;75,91;3;2025;38;ATIVO;GOIÂNIA;Dia 20;NÃO;SUPERMERCADO;171;PRATA
SUPERMERCADO DO PARQUE;1884461,67;0;0;18,12;62,06;14;4;4;0;43;116;18,8;86,82;32,9;59,12;4;2025;66;ATIVO;GOIÂNIA;Dia 20;NÃO;SUPERMERCADO;171;PRATA
SUPERMERCADO DO PARQUE;1883426,01;0;0;60,07;113,86;37;2;0;0;71;114;56,38;260,47;11,19;89,91;11;2025;28;ATIVO;GOIÂNIA;Dia 20;NÃO;SUPERMERCADO;171;PRATA
SUPERMERCADO DO PARQUE;1845029,06;0;0;68,02;30,73;11;3;2;0;50;126;17,19;79,78;62,07;79,89;6;2025;4;ATIVO;GOIÂNIA;Dia 20;NÃO;SUPERMERCADO;171;PRATA
SUPERMERCADO DO PARQUE;1815490,52;0;0;15,69;23,68;12;4;2;0;53;120;21,08;97,36;43,59;59,74;7;2025;16;ATIVO;GOIÂNIA;Dia 20;NÃO;SUPERMERCADO;171;PRATA
SUPERMERCADO DO PARQUE;1798972,87;0;0;2,36;30,09;5;2;0;0;40;121;9,19;42,32;46,99;66,55;1;2025;59;ATIVO;GOIÂNIA;Dia 20;NÃO;SUPERMERCADO;171;PRATA
SUPERMERCADO DO PARQUE;1794120,81;0;0;8,69;12,12;7;3;0;1;40;120;19,23;88,31;12,48;58,19;10;2024;38;ATIVO;GOIÂNIA;Dia 20;NÃO;SUPERMERCADO;171;PRATA
SUPERMERCADO DO PARQUE;1793297,44;0;0;925,41;481,44;46;25;0;1;249;473;214,13;988,08;237,37;1013,54;2;2024;163;ATIVO;GOIÂNIA;Dia 20;NÃO;SUPERMERCADO;171;PRATA
SUPERMERCADO DO PARQUE;1779862,37;0;0;92,26;2206,9;43;12;1;0;42;77;51,99;239,82;49,64;58,57;2;2026;106;ATIVO;GOIÂNIA;Dia 20;NÃO;SUPERMERCADO;171;PRATA
SUPERMERCADO DO PARQUE;1777006,62;0;0;2,51;42,1;5;4;0;1;28;114;18,44;84,79;14,71;31,14;11;2024;86;ATIVO;GOIÂNIA;Dia 20;NÃO;SUPERMERCADO;171;PRATA
SUPERMERCADO DO PARQUE;1773126,87;0;0;206,57;225,16;69;23;7;1;350;559;375,91;1738,89;343,77;1340,3;4;2024;226;ATIVO;GOIÂNIA;Dia 20;NÃO;SUPERMERCADO;171;PRATA
SUPERMERCADO DO PARQUE;1712599,69;0;0;1,91;74,15;16;10;5;0;54;135;18,19;83,68;66,35;93,82;2;2025;70;ATIVO;GOIÂNIA;Dia 20;NÃO;SUPERMERCADO;171;PRATA
SUPERMERCADO DO PARQUE;1686522,27;0;0;14,03;25,24;13;5;1;1;15;71;8,02;36,67;16,17;41,64;8;2024;18;ATIVO;GOIÂNIA;Dia 20;NÃO;SUPERMERCADO;171;PRATA
SUPERMERCADO DO PARQUE;1669330,58;0;0;109,39;274,63;77;40;4;1;296;474;309,9;1433,51;142,09;723,82;5;2024;169;ATIVO;GOIÂNIA;Dia 20;NÃO;SUPERMERCADO;171;PRATA
SUPERMERCADO DO PARQUE;1664527,59;0;0;29,22;17,89;10;3;0;1;29;93;14,23;65,16;21,16;59,99;9;2024;28;ATIVO;GOIÂNIA;Dia 20;NÃO;SUPERMERCADO;171;PRATA
SUPERMERCADO DO PARQUE;1580646,21;0;0;121,73;64,92;31;9;3;1;78;217;74,93;347,08;3,96;133,43;6;2024;37;ATIVO;GOIÂNIA;Dia 20;NÃO;SUPERMERCADO;171;PRATA
SUPERMERCADO DO PARQUE;1570209,55;0;0;142,29;108,16;39;12;5;1;43;103;29,51;136,46;14,14;87,08;7;2024;26;ATIVO;GOIÂNIA;Dia 20;NÃO;SUPERMERCADO;171;PRATA
SUPERMERCADO DO PARQUE;1229538,94;0;0;104,45;140,75;29;7;0;0;68;110;41,5;191,94;3,25;70,33;10;2025;18;ATIVO;GOIÂNIA;Dia 20;NÃO;SUPERMERCADO;171;PRATA
SUPERMERCADO DULAR;522970,37;0;0;66,32;220,21;83;197;1;0;248;317;184,66;851,47;0,56;45,53;8;2026;145;ATIVO;SANTO ANTÔNIO DO DESCOBERTO;Dia 15;NÃO;SUPERMERCADO;163;BRONZE
SUPERMERCADO DULAR;511463,54;0;0;192,74;277,53;87;2;2;0;232;327;205,13;943,68;1,61;58,9;5;2026;118;ATIVO;SANTO ANTÔNIO DO DESCOBERTO;Dia 15;NÃO;SUPERMERCADO;163;BRONZE
SUPERMERCADO DULAR;507598,42;0;0;155,83;314,98;83;173;2;0;256;371;173,11;797,29;0;65,01;7;2026;114;ATIVO;SANTO ANTÔNIO DO DESCOBERTO;Dia 15;NÃO;SUPERMERCADO;163;BRONZE
SUPERMERCADO DULAR;504602,13;0;0;477,72;78,13;78;3;1;0;280;392;231,39;1066,93;1,61;124,01;8;2025;4;ATIVO;SANTO ANTÔNIO DO DESCOBERTO;Dia 15;NÃO;SUPERMERCADO;163;BRONZE
SUPERMERCADO DULAR;500774,95;0;0;148,22;146,62;45;0;0;0;144;213;76,19;351,33;0;72,74;12;2024;376;ATIVO;SANTO ANTÔNIO DO DESCOBERTO;Dia 15;NÃO;SUPERMERCADO;163;BRONZE
SUPERMERCADO DULAR;500298,22;0;0;233,54;267,56;74;0;0;0;203;301;124,55;574,02;3,42;150,32;5;2025;0;ATIVO;SANTO ANTÔNIO DO DESCOBERTO;Dia 15;NÃO;SUPERMERCADO;163;BRONZE
SUPERMERCADO DULAR;494621,26;0;0;105,8;206,08;80;91;2;0;221;338;173,39;796,6;5;47,54;6;2026;113;ATIVO;SANTO ANTÔNIO DO DESCOBERTO;Dia 15;NÃO;SUPERMERCADO;163;BRONZE
SUPERMERCADO DULAR;487365,89;0;0;322,91;16,04;581;1;1;0;180;253;77,94;360,62;4,72;126,03;3;2025;400;ATIVO;SANTO ANTÔNIO DO DESCOBERTO;Dia 15;NÃO;SUPERMERCADO;163;BRONZE
SUPERMERCADO DULAR;482603,28;0;0;533,45;181,67;61;0;0;0;203;284;205,69;950,21;0,46;116,34;7;2025;0;ATIVO;SANTO ANTÔNIO DO DESCOBERTO;Dia 15;NÃO;SUPERMERCADO;163;BRONZE
SUPERMERCADO DULAR;477401,67;0;0;443,02;173,34;63;3;1;0;186;259;216,37;992,74;1,84;62,26;10;2025;30;ATIVO;SANTO ANTÔNIO DO DESCOBERTO;Dia 15;NÃO;SUPERMERCADO;163;BRONZE
SUPERMERCADO DULAR;470567,73;0;0;206,24;185,15;66;0;0;0;203;293;157,21;725,2;0,46;110,99;6;2025;0;ATIVO;SANTO ANTÔNIO DO DESCOBERTO;Dia 15;NÃO;SUPERMERCADO;163;BRONZE
SUPERMERCADO DULAR;465807,47;0;0;90,64;263,79;57;0;0;0;206;273;200,94;923,53;1,38;31,45;3;2026;70;ATIVO;SANTO ANTÔNIO DO DESCOBERTO;Dia 15;NÃO;SUPERMERCADO;163;BRONZE
SUPERMERCADO DULAR;461050,6;0;0;665,03;276,33;64;3;1;0;185;256;214,42;987,51;2,07;66,06;9;2025;4;ATIVO;SANTO ANTÔNIO DO DESCOBERTO;Dia 15;NÃO;SUPERMERCADO;163;BRONZE
SUPERMERCADO DULAR;457785,96;0;0;110,08;234,67;67;1;1;0;202;280;171,94;789,86;1,38;6,64;4;2026;88;ATIVO;SANTO ANTÔNIO DO DESCOBERTO;Dia 15;NÃO;SUPERMERCADO;163;BRONZE
SUPERMERCADO DULAR;450562,56;0;0;261,81;201,08;64;1;0;0;144;244;67,71;314,19;2,22;156,39;1;2025;415;ATIVO;SANTO ANTÔNIO DO DESCOBERTO;Dia 15;NÃO;SUPERMERCADO;163;BRONZE
SUPERMERCADO DULAR;449249,54;0;0;256,51;235,53;64;1;1;0;154;204;95,04;438,04;6,42;134,26;4;2025;0;ATIVO;SANTO ANTÔNIO DO DESCOBERTO;Dia 15;NÃO;SUPERMERCADO;163;BRONZE
SUPERMERCADO DULAR;448399,2;0;0;314,46;240,62;65;2;1;0;235;314;207,48;957,6;0,92;29,56;1;2026;56;ATIVO;SANTO ANTÔNIO DO DESCOBERTO;Dia 15;NÃO;SUPERMERCADO;163;BRONZE
SUPERMERCADO DULAR;448223,3;0;0;132,03;142,55;39;0;0;0;121;194;56,08;259,07;3,74;39,16;11;2024;382;ATIVO;SANTO ANTÔNIO DO DESCOBERTO;Dia 15;NÃO;SUPERMERCADO;163;BRONZE
SUPERMERCADO DULAR;444695,03;0;0;231,87;143,72;58;5;1;0;145;189;179,22;824,21;1,61;5,52;11;2025;0;ATIVO;SANTO ANTÔNIO DO DESCOBERTO;Dia 15;NÃO;SUPERMERCADO;163;BRONZE
SUPERMERCADO DULAR;441370,59;0;0;118,38;66,2;42;0;0;0;171;297;66,2;303,96;0;9,88;10;2024;386;ATIVO;SANTO ANTÔNIO DO DESCOBERTO;Dia 15;NÃO;SUPERMERCADO;163;BRONZE
SUPERMERCADO DULAR;430431,08;0;0;82,88;268,07;82;3;1;0;218;291;161,77;744,79;1,15;68,65;2;2026;72;ATIVO;SANTO ANTÔNIO DO DESCOBERTO;Dia 15;NÃO;SUPERMERCADO;163;BRONZE
SUPERMERCADO DULAR;427174,23;0;0;250,63;47,25;56;1;0;0;149;202;70,69;326,65;6,91;129,5;2;2025;379;ATIVO;SANTO ANTÔNIO DO DESCOBERTO;Dia 15;NÃO;SUPERMERCADO;163;BRONZE
SUPERMERCADO DULAR;426688,02;0;0;70,58;106,96;24;1;1;0;131;206;98,62;456,56;9,26;203,13;5;2024;3;ATIVO;SANTO ANTÔNIO DO DESCOBERTO;Dia 15;NÃO;SUPERMERCADO;163;BRONZE
SUPERMERCADO DULAR;425842,51;0;0;219,73;19,56;53;0;0;0;133;233;38,12;173,98;0,23;5,57;9;2024;361;ATIVO;SANTO ANTÔNIO DO DESCOBERTO;Dia 15;NÃO;SUPERMERCADO;163;BRONZE
SUPERMERCADO DULAR;424097,84;0;0;300,84;43,45;41;3;1;0;100;146;18,08;82,82;12,76;102,26;8;2024;30;ATIVO;SANTO ANTÔNIO DO DESCOBERTO;Dia 15;NÃO;SUPERMERCADO;163;BRONZE
SUPERMERCADO DULAR;420600,72;0;0;103,89;206,3;43;2;2;0;196;309;115,31;532,8;9,1;199,07;6;2024;9;ATIVO;SANTO ANTÔNIO DO DESCOBERTO;Dia 15;NÃO;SUPERMERCADO;163;BRONZE
SUPERMERCADO DULAR;419131,86;0;0;130,74;173,32;45;1;1;0;189;278;52,35;239,82;12,52;162,37;7;2024;5;ATIVO;SANTO ANTÔNIO DO DESCOBERTO;Dia 15;NÃO;SUPERMERCADO;163;BRONZE
SUPERMERCADO DULAR;414769,16;0;0;0;9,63;5;1;1;0;115;227;19,19;88,26;7,3;21,08;12;2023;0;ATIVO;SANTO ANTÔNIO DO DESCOBERTO;Dia 15;NÃO;SUPERMERCADO;163;BRONZE
SUPERMERCADO DULAR;400698,14;0;0;230,39;17;17;4;1;0;105;172;100,89;468;5,69;138,86;3;2024;5;ATIVO;SANTO ANTÔNIO DO DESCOBERTO;Dia 15;NÃO;SUPERMERCADO;163;BRONZE
SUPERMERCADO DULAR;391016,84;0;0;170,19;53,69;24;2;0;0;196;296;128,61;595,37;4,14;239,1;4;2024;9;ATIVO;SANTO ANTÔNIO DO DESCOBERTO;Dia 15;NÃO;SUPERMERCADO;163;BRONZE
SUPERMERCADO DULAR;388215,89;0;0;23,39;51;12;2;2;0;155;271;57,78;266,6;13,57;89,46;1;2024;0;ATIVO;SANTO ANTÔNIO DO DESCOBERTO;Dia 15;NÃO;SUPERMERCADO;163;BRONZE
SUPERMERCADO DULAR;387299,01;0;0;241,77;42,8;18;1;0;0;144;263;83,3;384,88;3,75;115,14;2;2024;6;ATIVO;SANTO ANTÔNIO DO DESCOBERTO;Dia 15;NÃO;SUPERMERCADO;163;BRONZE
SUPERMERCADO DULAR;376822,3;0;0;733,33;188,5;91;2;2;140;257;406;145,79;672,15;26,77;266,66;4;2023;617;ATIVO;SANTO ANTÔNIO DO DESCOBERTO;Dia 15;NÃO;SUPERMERCADO;163;BRONZE
SUPERMERCADO DULAR;376008,99;0;0;525;160,51;107;2;2;151;302;499;158,14;730,13;17,43;317,03;5;2023;671;ATIVO;SANTO ANTÔNIO DO DESCOBERTO;Dia 15;NÃO;SUPERMERCADO;163;BRONZE
SUPERMERCADO DULAR;372943,32;0;0;71,7;7,4;13;2;2;146;167;283;37,9;174,53;15,23;15,73;7;2023;661;ATIVO;SANTO ANTÔNIO DO DESCOBERTO;Dia 15;NÃO;SUPERMERCADO;163;BRONZE
SUPERMERCADO DULAR;372216,91;0;0;22,87;99,13;37;5;5;0;122;190;40,68;186,83;22,53;144,52;10;2023;60;ATIVO;SANTO ANTÔNIO DO DESCOBERTO;Dia 15;NÃO;SUPERMERCADO;163;BRONZE
SUPERMERCADO DULAR;368064,63;0;0;11,6;10,38;12;1;1;139;122;222;47,39;216,86;33,43;12,65;8;2023;615;ATIVO;SANTO ANTÔNIO DO DESCOBERTO;Dia 15;NÃO;SUPERMERCADO;163;BRONZE
SUPERMERCADO DULAR;366795,49;0;0;13,68;82,74;37;6;6;0;112;187;49,64;226,72;13,68;134,59;11;2023;0;ATIVO;SANTO ANTÔNIO DO DESCOBERTO;Dia 15;NÃO;SUPERMERCADO;163;BRONZE
SUPERMERCADO DULAR;364222,56;0;0;453,35;260,97;129;1;1;174;226;396;110,57;509,94;28,8;164,8;3;2023;779;ATIVO;SANTO ANTÔNIO DO DESCOBERTO;Dia 15;NÃO;SUPERMERCADO;163;BRONZE
SUPERMERCADO DULAR;357870,44;0;0;30,61;62,55;31;2;2;0;146;235;25,51;117,71;13,82;122,66;9;2023;669;ATIVO;SANTO ANTÔNIO DO DESCOBERTO;Dia 15;NÃO;SUPERMERCADO;163;BRONZE
SUPERMERCADO DULAR;356832,12;0;0;429,11;150,43;70;4;4;126;201;343;75,41;374,52;13,55;181,75;6;2023;596;ATIVO;SANTO ANTÔNIO DO DESCOBERTO;Dia 15;NÃO;SUPERMERCADO;163;BRONZE
SUPERMERCADO DULAR;303728,8;0;0;161,65;130,23;59;4;0;0;138;176;115,27;532,14;2,07;14,97;12;2025;23;ATIVO;SANTO ANTÔNIO DO DESCOBERTO;Dia 15;NÃO;SUPERMERCADO;163;BRONZE
SUPERMERCADO DUZE;1922509,73;0;0;348,56;151,81;79;35;15;38;126;126;16,49;75,51;171,15;444,07;7;2026;9;ATIVO;PORTELÂNDIA;Dia 10;NÃO;SUPERMERCADO;96;OURO
SUPERMERCADO DUZE;1907313,62;0;0;118,77;150,04;31;13;1;0;29;30;26,31;121,12;12,91;75,33;12;2025;18;ATIVO;PORTELÂNDIA;Dia 10;NÃO;SUPERMERCADO;96;OURO
SUPERMERCADO DUZE;1890429,98;0;0;674,59;305,93;76;33;15;13;158;158;1,41;6,63;181,13;754,15;8;2026;10;ATIVO;PORTELÂNDIA;Dia 10;NÃO;SUPERMERCADO;96;OURO
SUPERMERCADO DUZE;1849706,46;0;0;5051,31;1833,72;794;101;38;0;962;984;233,48;1075,1;958,79;8846,22;5;2026;550;ATIVO;PORTELÂNDIA;Dia 10;NÃO;SUPERMERCADO;96;OURO
SUPERMERCADO DUZE;1767123,05;0;0;406,06;172,8;36;17;2;221;77;77;86,55;398,89;12,01;69,88;12;2024;21;ATIVO;PORTELÂNDIA;Dia 10;NÃO;SUPERMERCADO;96;OURO
SUPERMERCADO DUZE;1751969,24;0;0;699,72;460,2;27;19;7;0;3884;26;8869,56;8587,55;14,16;505,71;3;2026;17;ATIVO;PORTELÂNDIA;Dia 10;NÃO;SUPERMERCADO;96;OURO
SUPERMERCADO DUZE;1734277,7;0;0;285,63;231,31;130;32;11;0;192;196;46,37;213,65;483,2;2192,89;6;2026;62;ATIVO;PORTELÂNDIA;Dia 10;NÃO;SUPERMERCADO;96;OURO
SUPERMERCADO DUZE;1712704,67;0;0;238,03;10,4;20;10;3;0;22;24;5,78;26,83;12,38;33,39;8;2025;12;ATIVO;PORTELÂNDIA;Dia 10;NÃO;SUPERMERCADO;96;OURO
SUPERMERCADO DUZE;1693036,65;0;0;146,92;43,68;26;10;5;0;19;22;7,61;35,22;9,8;72,07;10;2025;11;ATIVO;PORTELÂNDIA;Dia 10;NÃO;SUPERMERCADO;96;OURO
SUPERMERCADO DUZE;1687016,79;0;0;26,63;36,97;16;6;0;0;25;25;5,19;23,76;21,79;29,27;5;2025;7;ATIVO;PORTELÂNDIA;Dia 10;NÃO;SUPERMERCADO;96;OURO
SUPERMERCADO DUZE;1604519,12;0;0;32,92;223,52;49;7;4;0;3088;45;4614,31;84,8;47,99;28,58;1;2026;7;ATIVO;PORTELÂNDIA;Dia 10;NÃO;SUPERMERCADO;96;OURO
SUPERMERCADO DUZE;1603395,76;0;0;89,34;51,57;29;10;1;0;38;39;22,09;102,45;20,15;37,3;4;2025;17;ATIVO;PORTELÂNDIA;Dia 10;NÃO;SUPERMERCADO;96;OURO
SUPERMERCADO DUZE;1600602;0;0;164,35;23,44;16;5;0;0;21;22;13,55;62,58;27,45;3,7;7;2025;9;ATIVO;PORTELÂNDIA;Dia 10;NÃO;SUPERMERCADO;96;OURO
SUPERMERCADO DUZE;1583904,43;0;0;150,91;16;24;15;4;0;16;18;5,31;24,39;1,29;52,17;9;2025;14;ATIVO;PORTELÂNDIA;Dia 10;NÃO;SUPERMERCADO;96;OURO
SUPERMERCADO DUZE;1574273,38;0;0;61,57;30,91;19;7;1;0;20;21;13,68;63,52;13,14;35,13;11;2025;7;ATIVO;PORTELÂNDIA;Dia 10;NÃO;SUPERMERCADO;96;OURO
SUPERMERCADO DUZE;1557267,24;0;0;194,27;520,03;38;12;3;0;3688;9;7733,5;4521,15;3,12;5,86;2;2023;14;ATIVO;PORTELÂNDIA;Dia 10;NÃO;SUPERMERCADO;96;OURO
SUPERMERCADO DUZE;1525222,1;0;0;125,31;25,97;21;7;0;0;33;34;18,85;86,83;16,18;81,49;3;2025;15;ATIVO;PORTELÂNDIA;Dia 10;NÃO;SUPERMERCADO;96;OURO
SUPERMERCADO DUZE;1521564,06;0;0;18,39;7,51;6;4;0;0;11;14;2,36;10,8;7,56;10,13;6;2025;4;ATIVO;PORTELÂNDIA;Dia 10;NÃO;SUPERMERCADO;96;OURO
SUPERMERCADO DUZE;1500090,5;0;0;24,04;243,76;16;10;1;206;46;46;32,11;148,85;3,6;12,73;11;2024;13;ATIVO;PORTELÂNDIA;Dia 10;NÃO;SUPERMERCADO;96;OURO
SUPERMERCADO DUZE;1465461,58;0;0;33,84;93,33;19;9;2;193;80;81;47,76;220,29;3,24;127,68;1;2025;12;ATIVO;PORTELÂNDIA;Dia 10;NÃO;SUPERMERCADO;96;OURO
SUPERMERCADO DUZE;1446252,39;0;0;15,66;72,79;25;15;1;203;13;13;15,66;72,79;2,13;0;10;2024;20;ATIVO;PORTELÂNDIA;Dia 10;NÃO;SUPERMERCADO;96;OURO
SUPERMERCADO DUZE;1431641,99;0;0;182,15;32,16;19;6;1;209;51;51;28,68;132,23;4,35;110,95;2;2025;11;ATIVO;PORTELÂNDIA;Dia 10;NÃO;SUPERMERCADO;96;OURO
SUPERMERCADO DUZE;1397982,99;0;0;944,45;2858,95;392;86;10;233;151;151;131,92;609,12;57,47;765,3;12;2023;151;ATIVO;PORTELÂNDIA;Dia 10;NÃO;SUPERMERCADO;96;OURO
SUPERMERCADO DUZE;1374757,53;0;0;78,12;67,53;21;6;3;216;61;62;57,02;262,36;24,06;0;8;2024;10;ATIVO;PORTELÂNDIA;Dia 10;NÃO;SUPERMERCADO;96;OURO
SUPERMERCADO DUZE;1372727,79;0;0;208,01;11,56;19;8;2;217;23;59;6,49;29,72;35,28;37,04;5;2024;20;ATIVO;PORTELÂNDIA;Dia 10;NÃO;SUPERMERCADO;96;OURO
SUPERMERCADO DUZE;1362951,47;0;0;69,28;51,39;21;9;3;224;150;154;155,59;721,54;39,2;14,9;7;2024;8;ATIVO;PORTELÂNDIA;Dia 10;NÃO;SUPERMERCADO;96;OURO
SUPERMERCADO DUZE;1342191,45;0;0;122,37;12,35;29;11;4;199;63;63;48,32;223,41;43,91;8,3;9;2024;20;ATIVO;PORTELÂNDIA;Dia 10;NÃO;SUPERMERCADO;96;OURO
SUPERMERCADO DUZE;1316003,1;0;0;180,74;55,6;31;11;3;218;165;183;201,42;935,84;35,42;32,22;6;2024;23;ATIVO;PORTELÂNDIA;Dia 10;NÃO;SUPERMERCADO;96;OURO
SUPERMERCADO DUZE;1303277,79;0;0;333,66;127,7;80;15;5;216;33;229;54,96;255,45;2,22;45,58;3;2024;64;ATIVO;PORTELÂNDIA;Dia 10;NÃO;SUPERMERCADO;96;OURO
SUPERMERCADO DUZE;1249049,07;0;0;295,53;36,14;33;13;8;220;38;118;26,97;124,42;23,01;56,05;4;2024;28;ATIVO;PORTELÂNDIA;Dia 10;NÃO;SUPERMERCADO;96;OURO
SUPERMERCADO DUZE;1112288,05;0;0;322,29;1469,14;290;74;8;220;120;309;88,77;412,74;35,74;436,51;2;2024;151;ATIVO;PORTELÂNDIA;Dia 10;NÃO;SUPERMERCADO;96;OURO
SUPERMERCADO E CASA DE CARNE RAIMUNDO FARINHA;1454230,31;74788,11;8715,46;429,01;25,06;29;6;2;0;129;243;20,4;94,67;21,77;32,71;8;2026;16;ATIVO;CALDAS NOVAS;Dia 15;SIM;SUPERMERCADO;149;OURO
SUPERMERCADO E CASA DE CARNE RAIMUNDO FARINHA;1422583,4;67857,27;7854,53;351,52;50,7;30;5;1;0;145;281;27,11;125,09;12,58;278,19;12;2025;24;ATIVO;CALDAS NOVAS;Dia 15;SIM;SUPERMERCADO;149;OURO
SUPERMERCADO E CASA DE CARNE RAIMUNDO FARINHA;1384801,4;73687,89;8675,91;241,76;40,58;29;8;2;0;174;318;0;161,98;9,98;200,33;7;2026;17;ATIVO;CALDAS NOVAS;Dia 15;SIM;SUPERMERCADO;149;OURO
SUPERMERCADO E CASA DE CARNE RAIMUNDO FARINHA;1380046,94;70263,07;8290,95;176,95;77,57;25;9;4;0;126;258;25,89;119,48;9,71;76,45;5;2026;15;ATIVO;CALDAS NOVAS;Dia 15;SIM;SUPERMERCADO;149;OURO
SUPERMERCADO E CASA DE CARNE RAIMUNDO FARINHA;1292898,21;69714,12;7496,86;1178,69;812,84;74;23;3;0;439;540;59,8;275,41;551,03;2546,34;8;2025;80;ATIVO;CALDAS NOVAS;Dia 15;SIM;SUPERMERCADO;149;OURO
SUPERMERCADO E CASA DE CARNE RAIMUNDO FARINHA;1290554,21;63507,92;5055,61;287,9;422,27;103;23;7;0;158;301;32,66;149,86;13,76;614,42;11;2025;79;ATIVO;CALDAS NOVAS;Dia 15;SIM;SUPERMERCADO;149;OURO
SUPERMERCADO E CASA DE CARNE RAIMUNDO FARINHA;1280927,86;68235,59;8130,32;106,71;39,5;26;9;5;0;164;316;29,2;135,56;20,62;106,72;4;2026;16;ATIVO;CALDAS NOVAS;Dia 15;SIM;SUPERMERCADO;149;OURO
SUPERMERCADO E CASA DE CARNE RAIMUNDO FARINHA;1271650,77;67525,82;7990,21;164,3;36,5;25;7;3;0;158;313;0;124,57;0;77,4;6;2026;14;ATIVO;CALDAS NOVAS;Dia 15;SIM;SUPERMERCADO;149;OURO
SUPERMERCADO E CASA DE CARNE RAIMUNDO FARINHA;1258696,41;64153,68;6031,11;1791,46;289,27;84;22;3;0;166;297;25,39;117,01;9,1;483,39;1;2026;76;ATIVO;CALDAS NOVAS;Dia 15;SIM;SUPERMERCADO;149;OURO
SUPERMERCADO E CASA DE CARNE RAIMUNDO FARINHA;1250553,35;0;0;4408,6;739,49;100;35;12;35;880;1048;441,52;2033,04;1360,48;17848,91;6;2025;97;ATIVO;CALDAS NOVAS;Dia 15;NÃO;SUPERMERCADO;149;OURO
SUPERMERCADO E CASA DE CARNE RAIMUNDO FARINHA;1243849,82;68768,11;6528,82;1826,56;611,87;78;19;3;0;160;307;49,26;226,58;5,28;52,23;3;2026;64;ATIVO;CALDAS NOVAS;Dia 15;SIM;SUPERMERCADO;149;OURO
SUPERMERCADO E CASA DE CARNE RAIMUNDO FARINHA;1242091,64;60893,06;3968,58;348,74;724,69;131;33;9;0;248;330;51,71;237,26;265,49;578,14;10;2025;102;ATIVO;CALDAS NOVAS;Dia 15;SIM;SUPERMERCADO;149;OURO
SUPERMERCADO E CASA DE CARNE RAIMUNDO FARINHA;1220289,83;71953,13;5502,72;4948,02;850,43;157;47;8;0;869;1059;237,41;1093,78;785,95;7859,71;7;2025;150;ATIVO;CALDAS NOVAS;Dia 15;SIM;SUPERMERCADO;149;OURO
SUPERMERCADO E CASA DE CARNE RAIMUNDO FARINHA;1213454,07;60937,8;6832,68;762,88;789,84;71;23;7;0;454;571;62,62;288,47;507,92;1962,19;9;2025;67;ATIVO;CALDAS NOVAS;Dia 15;SIM;SUPERMERCADO;149;OURO
SUPERMERCADO E CASA DE CARNE RAIMUNDO FARINHA;1123639,43;59881,94;3139,41;4188,74;486,45;82;14;1;0;136;239;157,16;723,78;4,95;63,28;2;2026;106;ATIVO;CALDAS NOVAS;Dia 15;SIM;SUPERMERCADO;149;OURO
SUPERMERCADO E CASA DE CARNES SOL;6193567,94;0;0;200,51;169,86;65;10;1;2;9;13;1,93;8,55;4,23;38,6;7;2026;5;ATIVO;CALDAS NOVAS;Dia 20;NÃO;SUPERMERCADO;164;OURO
SUPERMERCADO E CASA DE CARNES SOL;5837366,49;0;0;221,77;861,83;365;51;2;0;17;18;432,04;838,66;18,77;24,1;12;2025;65;ATIVO;CALDAS NOVAS;Dia 20;NÃO;SUPERMERCADO;164;OURO
SUPERMERCADO E CASA DE CARNES SOL;5820494,32;0;0;118,81;528,99;165;7;1;0;15;22;418,52;809,2;0;30,42;5;2026;24;ATIVO;CALDAS NOVAS;Dia 20;NÃO;SUPERMERCADO;164;OURO
SUPERMERCADO E CASA DE CARNES SOL;5675313,69;0;0;78,95;285,63;97;8;1;0;7;13;445,07;803,65;0;12,41;6;2026;20;ATIVO;CALDAS NOVAS;Dia 20;NÃO;SUPERMERCADO;164;OURO
SUPERMERCADO E CASA DE CARNES SOL;5470924,36;0;0;35,57;579,75;131;7;1;0;7;13;397,06;780,72;13,37;56,33;4;2026;22;ATIVO;CALDAS NOVAS;Dia 20;NÃO;SUPERMERCADO;164;OURO
SUPERMERCADO E CASA DE CARNES SOL;5348667,27;0;0;166,93;606,09;184;10;4;0;15;17;418,01;845,27;0,58;38,17;3;2026;32;ATIVO;CALDAS NOVAS;Dia 20;NÃO;SUPERMERCADO;164;OURO
SUPERMERCADO E CASA DE CARNES SOL;5275833,8;0;0;559,56;1327,67;234;9;4;0;21;25;4729,65;20619,79;13,99;1937,21;5;2025;29;ATIVO;CALDAS NOVAS;Dia 20;NÃO;SUPERMERCADO;164;OURO
SUPERMERCADO E CASA DE CARNES SOL;5266210,5;0;0;159,47;843,26;85;50;1;0;12;13;433,21;971,9;18,64;18,94;1;2026;61;ATIVO;CALDAS NOVAS;Dia 20;NÃO;SUPERMERCADO;164;OURO
SUPERMERCADO E CASA DE CARNES SOL;5115178,35;0;0;83,18;1601,21;280;6;1;0;12;19;4663,14;20234,12;2,36;615,62;6;2025;17;ATIVO;CALDAS NOVAS;Dia 20;NÃO;SUPERMERCADO;164;OURO
SUPERMERCADO E CASA DE CARNES SOL;4932642,9;0;0;173,43;449,51;116;7;0;0;20;20;388,46;806,46;18,72;31,45;2;2026;23;ATIVO;CALDAS NOVAS;Dia 20;NÃO;SUPERMERCADO;164;OURO
SUPERMERCADO E CASA DE CARNES SOL;4924140,54;0;0;180,45;1196,98;193;9;2;0;13;16;4465,83;19555,39;8,22;252,44;4;2025;23;ATIVO;CALDAS NOVAS;Dia 20;NÃO;SUPERMERCADO;164;OURO
SUPERMERCADO E CASA DE CARNES SOL;4879774,14;0;0;101,41;742,28;111;8;4;0;14;16;372,74;820,45;0;11,94;10;2025;636;ATIVO;CALDAS NOVAS;Dia 20;NÃO;SUPERMERCADO;164;OURO
SUPERMERCADO E CASA DE CARNES SOL;4858486,93;0;0;148,73;693,51;329;58;14;0;11;12;356,36;709,84;9,05;14,89;11;2025;88;ATIVO;CALDAS NOVAS;Dia 20;NÃO;SUPERMERCADO;164;OURO
SUPERMERCADO E CASA DE CARNES SOL;4742562,57;0;0;122,14;644,31;29;3;1;0;10;11;427,7;965,82;0;60,63;8;2025;15;ATIVO;CALDAS NOVAS;Dia 20;NÃO;SUPERMERCADO;164;OURO
SUPERMERCADO E CASA DE CARNES SOL;4742413,26;0;0;14,21;74,14;94;1;1;0;4;4;417,48;951,32;0;155,87;7;2025;4;ATIVO;CALDAS NOVAS;Dia 20;NÃO;SUPERMERCADO;164;OURO
SUPERMERCADO E CASA DE CARNES SOL;4667739,6;0;0;136,48;1196,98;52;9;2;0;17;28;4217,29;18405,11;0;279,59;3;2025;26;ATIVO;CALDAS NOVAS;Dia 20;NÃO;SUPERMERCADO;164;OURO
SUPERMERCADO E CASA DE CARNES SOL;4612332,06;0;0;263,12;1361,31;59;6;5;25;30;32;4224,9;18311,58;12,78;147,92;12;2024;24;ATIVO;CALDAS NOVAS;Dia 20;NÃO;SUPERMERCADO;164;OURO
SUPERMERCADO E CASA DE CARNES SOL;4275306,36;0;0;3324,51;4064,82;168;274;17;256;289;329;291,57;1342,25;734,84;5476,25;7;2023;442;ATIVO;CALDAS NOVAS;Dia 20;NÃO;SUPERMERCADO;164;OURO
SUPERMERCADO E CASA DE CARNES SOL;4022929,15;0;0;1148,61;1259,38;90;1;1;0;19;19;3618,4;15695,99;0;182;1;2025;39;ATIVO;CALDAS NOVAS;Dia 20;NÃO;SUPERMERCADO;164;OURO
SUPERMERCADO E CASA DE CARNES SOL;3996995,22;0;0;481,17;661,1;202;17;22;34;86;88;56,74;261,7;281,98;404,86;7;2024;32;ATIVO;CALDAS NOVAS;Dia 20;NÃO;SUPERMERCADO;164;OURO
SUPERMERCADO E CASA DE CARNES SOL;3940301,84;0;0;553,52;999,43;224;24;26;33;83;83;44,23;205,73;181,02;586,24;8;2024;43;ATIVO;CALDAS NOVAS;Dia 20;NÃO;SUPERMERCADO;164;OURO
SUPERMERCADO E CASA DE CARNES SOL;3830349,58;0;0;2,47;1142,34;33;2;1;25;13;14;3442,51;14941,13;3,58;102,43;11;2024;27;ATIVO;CALDAS NOVAS;Dia 20;NÃO;SUPERMERCADO;164;OURO
SUPERMERCADO E CASA DE CARNES SOL;3801353,52;0;0;83,54;962,83;104;10;2;0;39;54;3266,62;14229,58;2;203,25;2;2025;40;ATIVO;CALDAS NOVAS;Dia 20;NÃO;SUPERMERCADO;164;OURO
SUPERMERCADO E CASA DE CARNES SOL;3791634,02;0;0;609,2;907,04;212;20;23;33;78;78;40,57;187,07;98,18;781,14;9;2024;40;ATIVO;CALDAS NOVAS;Dia 20;NÃO;SUPERMERCADO;164;OURO
SUPERMERCADO E CASA DE CARNES SOL;3669958,38;0;0;215,62;814,85;167;8;15;31;81;83;104,29;481,85;287,6;324,15;5;2024;16;ATIVO;CALDAS NOVAS;Dia 20;NÃO;SUPERMERCADO;164;OURO
SUPERMERCADO E CASA DE CARNES SOL;3574400,96;0;0;367,64;679,3;171;12;16;30;85;87;55,1;254,4;172,59;359,12;6;2024;29;ATIVO;CALDAS NOVAS;Dia 20;NÃO;SUPERMERCADO;164;OURO
SUPERMERCADO E CASA DE CARNES SOL;3508342,7;0;0;548,27;1008,38;46;20;14;37;62;63;40,52;183,45;77,53;74,4;12;2023;23;ATIVO;CALDAS NOVAS;Dia 20;NÃO;SUPERMERCADO;164;OURO
SUPERMERCADO E CASA DE CARNES SOL;3341617,81;0;0;74,57;1052,16;323;13;16;32;79;79;121,26;558,02;215,28;292,75;4;2024;17;ATIVO;CALDAS NOVAS;Dia 20;NÃO;SUPERMERCADO;164;OURO
SUPERMERCADO E CASA DE CARNES SOL;3319388,87;0;0;65,87;2540,81;62;21;12;36;53;53;62,6;288,26;134,5;56,17;3;2024;23;ATIVO;CALDAS NOVAS;Dia 20;NÃO;SUPERMERCADO;164;OURO
SUPERMERCADO E CASA DE CARNES SOL;2882720,99;0;0;608,46;783,55;72;199;17;238;81;84;73,21;336,15;229,53;56,58;9;2023;259;ATIVO;CALDAS NOVAS;Dia 20;NÃO;SUPERMERCADO;164;OURO
SUPERMERCADO E CASA DE CARNES SOL;2857320,69;0;0;286,88;2010,21;44;21;11;37;57;58;40,77;184,28;99,84;81,54;1;2024;26;ATIVO;CALDAS NOVAS;Dia 20;NÃO;SUPERMERCADO;164;OURO
SUPERMERCADO E CASA DE CARNES SOL;2844417,62;0;0;163,71;544,05;63;68;15;236;78;80;55,08;251,85;217,66;63,58;10;2023;212;ATIVO;CALDAS NOVAS;Dia 20;NÃO;SUPERMERCADO;164;OURO
SUPERMERCADO E CASA DE CARNES SOL;2673685,37;0;0;245,26;1941,43;41;21;14;36;51;52;47,92;218,41;95,4;39,21;2;2024;27;ATIVO;CALDAS NOVAS;Dia 20;NÃO;SUPERMERCADO;164;OURO
SUPERMERCADO E CASA DE CARNES SOL;2669291,73;0;0;200,84;429,76;48;20;16;236;71;73;44,77;205,22;236,49;56,74;11;2023;24;ATIVO;CALDAS NOVAS;Dia 20;NÃO;SUPERMERCADO;164;OURO
SUPERMERCADO E CASA DE CARNES SOL;2626781,27;0;0;1026,39;2212,63;154;264;18;242;229;259;173,14;795,8;346,43;479,01;8;2023;379;ATIVO;CALDAS NOVAS;Dia 20;NÃO;SUPERMERCADO;164;OURO
SUPERMERCADO E CASA DE CARNES SOL;2425178,16;0;0;3447,91;1209,62;117;36;20;217;225;266;181,95;863,35;390,25;3391,47;6;2023;1158;ATIVO;CALDAS NOVAS;Dia 20;NÃO;SUPERMERCADO;164;OURO
SUPERMERCADO E PANIFICADORA CENTRAL;2502057,62;150436,93;17367,48;906,08;235,3;71;15;14;0;88;119;180,98;834,08;962,66;27937,58;4;2025;2;INATIVO;SANTO ANTÔNIO DO DESCOBERTO;Dia 15;SIM;SUPERMERCADO;76;PRATA
SUPERMERCADO E PANIFICADORA CENTRAL;2302743,48;136695,81;16402,9;335,89;95,19;46;9;9;25;38;60;88,54;437,58;0;477,81;11;2024;2;INATIVO;SANTO ANTÔNIO DO DESCOBERTO;Dia 15;SIM;SUPERMERCADO;76;PRATA
SUPERMERCADO E PANIFICADORA CENTRAL;2302162,65;139785,16;13977,92;15,37;80,28;70;5;0;45;26;45;19,76;97,05;0;745,7;12;2023;879;INATIVO;SANTO ANTÔNIO DO DESCOBERTO;Dia 15;SIM;SUPERMERCADO;76;PRATA
SUPERMERCADO E PANIFICADORA CENTRAL;2299391,39;136097,94;15983,79;651,53;132,96;60;14;13;0;68;97;159,15;733,52;620,63;32264,09;1;2025;134;INATIVO;SANTO ANTÔNIO DO DESCOBERTO;Dia 15;SIM;SUPERMERCADO;76;PRATA
SUPERMERCADO E PANIFICADORA CENTRAL;2225961,28;131750,49;15795,7872;381,95;63,25;41;9;9;26;38;57;114,64;556,15;0;582,08;10;2024;45;INATIVO;SANTO ANTÔNIO DO DESCOBERTO;Dia 15;SIM;SUPERMERCADO;76;PRATA
SUPERMERCADO E PANIFICADORA CENTRAL;2222710,12;134319,93;15759,72;734,39;525,17;75;15;12;0;93;125;195,5;900,06;751,23;31397,79;2;2025;3;INATIVO;SANTO ANTÔNIO DO DESCOBERTO;Dia 15;SIM;SUPERMERCADO;76;PRATA
SUPERMERCADO E PANIFICADORA CENTRAL;2143713,86;0;0;11862,54;2724,37;1315;156;7;144;99;156;203,57;1195,57;16,85;1798,65;12;2022;0;INATIVO;SANTO ANTÔNIO DO DESCOBERTO;Dia 15;NÃO;SUPERMERCADO;76;PRATA
SUPERMERCADO E PANIFICADORA CENTRAL;2112808,2;136986,1;13213,89;283,07;60,01;85;6;3;27;41;58;49,02;233,82;80,75;482,33;3;2024;29;INATIVO;SANTO ANTÔNIO DO DESCOBERTO;Dia 15;SIM;SUPERMERCADO;76;PRATA
SUPERMERCADO E PANIFICADORA CENTRAL;2101161,27;129353,17;15520,1;888,35;53,18;40;6;6;24;44;56;95,53;446,82;6,52;1364,76;8;2024;0;INATIVO;SANTO ANTÔNIO DO DESCOBERTO;Dia 15;SIM;SUPERMERCADO;76;PRATA
SUPERMERCADO E PANIFICADORA CENTRAL;2064715,77;125869,74;15094,06;578,6;89,22;36;10;10;30;36;47;23,13;128,09;0;145,07;9;2024;23;INATIVO;SANTO ANTÔNIO DO DESCOBERTO;Dia 15;SIM;SUPERMERCADO;76;PRATA
SUPERMERCADO E PANIFICADORA CENTRAL;2052418,27;125186,86;14732,39;641,26;79,51;47;3;3;27;42;68;109,94;523,91;21,698;870,67;5;2024;0;INATIVO;SANTO ANTÔNIO DO DESCOBERTO;Dia 15;SIM;SUPERMERCADO;76;PRATA
SUPERMERCADO E PANIFICADORA CENTRAL;1996332,66;125278,57;15033,43;240,36;63,04;32;2;2;23;25;35;80,93;382,1;0;186,85;7;2024;0;INATIVO;SANTO ANTÔNIO DO DESCOBERTO;Dia 15;SIM;SUPERMERCADO;76;PRATA
SUPERMERCADO E PANIFICADORA CENTRAL;1980215,38;0;0;9956,07;1718,25;1264;233;3;130;85;170;1547,81;8084,41;6,18;1408,48;11;2022;0;INATIVO;SANTO ANTÔNIO DO DESCOBERTO;Dia 15;NÃO;SUPERMERCADO;76;PRATA
SUPERMERCADO E PANIFICADORA CENTRAL;1964819,63;119071,28;13835,66;713,61;362,65;84;23;19;0;93;127;175,38;809,38;826,52;25342;3;2025;5;INATIVO;SANTO ANTÔNIO DO DESCOBERTO;Dia 15;SIM;SUPERMERCADO;76;PRATA
SUPERMERCADO E PANIFICADORA CENTRAL;1952152,43;114690,86;7903,66;2026,09;1500,56;166;4;2;31;33;56;19,54;160,42;118,64;802,28;2;2024;3;INATIVO;SANTO ANTÔNIO DO DESCOBERTO;Dia 15;SIM;SUPERMERCADO;76;PRATA
SUPERMERCADO E PANIFICADORA CENTRAL;1950473,07;121141,32;12111,93;134,43;51,24;65;4;4;0;13;35;7,84;38,02;0;28,99;10;2023;1015;INATIVO;SANTO ANTÔNIO DO DESCOBERTO;Dia 15;SIM;SUPERMERCADO;76;PRATA
SUPERMERCADO E PANIFICADORA CENTRAL;1927873,47;124562,98;14746;1045,11;75,02;37;7;7;28;52;52;100,85;475,85;36,4;349,64;6;2024;0;INATIVO;SANTO ANTÔNIO DO DESCOBERTO;Dia 15;SIM;SUPERMERCADO;76;PRATA
SUPERMERCADO E PANIFICADORA CENTRAL;1927049,97;119531,97;11952,5;70,35;45,74;66;8;4;0;13;32;18,32;93,27;1;7,88;11;2023;876;INATIVO;SANTO ANTÔNIO DO DESCOBERTO;Dia 15;SIM;SUPERMERCADO;76;PRATA
SUPERMERCADO E PANIFICADORA CENTRAL;1890495,32;111853,24;9985,85;1905;1308,49;383;27;2;163;66;178;1470,78;7703,91;4,2;221,38;4;2023;1277;INATIVO;SANTO ANTÔNIO DO DESCOBERTO;Dia 15;SIM;SUPERMERCADO;76;PRATA
SUPERMERCADO E PANIFICADORA CENTRAL;1875788,09;121189,28;9700,78;1429,54;1103,38;189;4;3;36;25;44;25,96;161,86;0,79;580,21;1;2024;832;INATIVO;SANTO ANTÔNIO DO DESCOBERTO;Dia 15;SIM;SUPERMERCADO;76;PRATA
SUPERMERCADO E PANIFICADORA CENTRAL;1875072,61;107096,93;9673,85;1179,14;1088,1;421;15;2;157;50;150;1374,79;7300,58;0;740,08;5;2023;1303;INATIVO;SANTO ANTÔNIO DO DESCOBERTO;Dia 15;SIM;SUPERMERCADO;76;PRATA
SUPERMERCADO E PANIFICADORA CENTRAL;1857871,47;123319,39;12326;51,47;92,63;185;7;0;0;17;175;1361,94;7443,06;0;791,73;7;2023;1013;INATIVO;SANTO ANTÔNIO DO DESCOBERTO;Dia 15;SIM;SUPERMERCADO;76;PRATA
SUPERMERCADO E PANIFICADORA CENTRAL;1837611,1;102719,04;8366,38;1264,43;1560,87;558;81;2;180;66;276;1314,55;7164,84;0;678,98;3;2023;1344;INATIVO;SANTO ANTÔNIO DO DESCOBERTO;Dia 15;SIM;SUPERMERCADO;76;PRATA
SUPERMERCADO E PANIFICADORA CENTRAL;1820933,69;110761,35;13207,46;322,89;248,36;689;7;4;29;32;50;83,26;397,24;2,87;331,3;4;2024;26;INATIVO;SANTO ANTÔNIO DO DESCOBERTO;Dia 15;SIM;SUPERMERCADO;76;PRATA
SUPERMERCADO E PANIFICADORA CENTRAL;1812427,66;133928,4;7326,6;7796,57;4518,88;916;992;12;146;85;353;1463,91;7843,58;12,59;1806,09;1;2023;1164;INATIVO;SANTO ANTÔNIO DO DESCOBERTO;Dia 15;SIM;SUPERMERCADO;76;PRATA
SUPERMERCADO E PANIFICADORA CENTRAL;1806813,5;107458,38;7277,03;474,49;3852,63;1082;12;2;149;23;175;1285,82;6889;0;850,1;6;2023;1315;INATIVO;SANTO ANTÔNIO DO DESCOBERTO;Dia 15;SIM;SUPERMERCADO;76;PRATA
SUPERMERCADO E PANIFICADORA CENTRAL;1748434,62;0;0;9759,97;1773,91;1151;200;6;156;102;214;1455,23;7571,24;12,97;2178,39;6;2022;0;INATIVO;SANTO ANTÔNIO DO DESCOBERTO;Dia 15;NÃO;SUPERMERCADO;76;PRATA
SUPERMERCADO E PANIFICADORA CENTRAL;1719484,37;102241,86;10218,89;585,51;296,62;477;22;6;0;39;99;20,9;96,49;0;559,57;8;2023;1045;INATIVO;SANTO ANTÔNIO DO DESCOBERTO;Dia 15;SIM;SUPERMERCADO;76;PRATA
SUPERMERCADO E PANIFICADORA CENTRAL;1712683,05;91119,19;7716,42;1788,2;1464,59;394;105;4;168;76;240;1252,37;6830,19;0;1791,65;2;2023;1331;INATIVO;SANTO ANTÔNIO DO DESCOBERTO;Dia 15;SIM;SUPERMERCADO;76;PRATA
SUPERMERCADO E PANIFICADORA CENTRAL;1675920,85;132969,96;15928,92;251,05;87,64;52;11;10;28;77;107;121,61;560,38;516,16;20685,93;12;2024;2;INATIVO;SANTO ANTÔNIO DO DESCOBERTO;Dia 15;SIM;SUPERMERCADO;76;PRATA
SUPERMERCADO E PANIFICADORA CENTRAL;1378589,17;90313,15;9020,76;18,19;136,44;441;6;6;0;24;42;22,88;105,5;0;177,21;9;2023;1073;INATIVO;SANTO ANTÔNIO DO DESCOBERTO;Dia 15;SIM;SUPERMERCADO;76;PRATA
SUPERMERCADO EMPÓRIO INDAIÁ;353719,79;0;0;11;2,66;4;11;8;0;11;45;5,16;23,58;2,12;0;12;2025;116;ATIVO;GOIÂNIA;Dia 20;NÃO;SUPERMERCADO;166;BRONZE
SUPERMERCADO EMPÓRIO INDAIÁ;346977,4;0;0;19,94;2,66;10;10;6;0;12;41;3,91;17,94;2,24;0;10;2025;121;ATIVO;GOIÂNIA;Dia 20;NÃO;SUPERMERCADO;166;BRONZE
SUPERMERCADO EMPÓRIO INDAIÁ;345935,36;0;0;456,47;54,19;59;27;18;177;2052;122;18,6;4972,23;0;220,21;3;2024;160;ATIVO;GOIÂNIA;Dia 20;NÃO;SUPERMERCADO;166;BRONZE
SUPERMERCADO EMPÓRIO INDAIÁ;329408,08;0;0;28,24;213,44;12;19;13;0;23;51;6,37;29,21;0,22;10,95;12;2024;123;ATIVO;GOIÂNIA;Dia 20;NÃO;SUPERMERCADO;166;BRONZE
SUPERMERCADO EMPÓRIO INDAIÁ;329146,21;0;0;51,04;36,64;22;16;100;0;17;45;12,71;59,23;2,02;35,14;3;2025;138;ATIVO;GOIÂNIA;Dia 20;NÃO;SUPERMERCADO;166;BRONZE
SUPERMERCADO EMPÓRIO INDAIÁ;324709,42;0;0;536,54;157,76;172;32;20;160;1961;137;46,06;4450,72;0;168,67;5;2024;150;ATIVO;GOIÂNIA;Dia 20;NÃO;SUPERMERCADO;166;BRONZE
SUPERMERCADO EMPÓRIO INDAIÁ;324346,17;0;0;85,86;9,69;14;12;6;0;7;36;2,6;12,49;1,79;1,47;8;2025;136;ATIVO;GOIÂNIA;Dia 20;NÃO;SUPERMERCADO;166;BRONZE
SUPERMERCADO EMPÓRIO INDAIÁ;323321,1;0;0;480,92;193,81;261;28;21;182;2002;127;17,08;4411,17;1,92;183,13;4;2024;164;ATIVO;GOIÂNIA;Dia 20;NÃO;SUPERMERCADO;166;BRONZE
SUPERMERCADO EMPÓRIO INDAIÁ;322899,34;0;0;139,11;16,06;18;12;8;0;13;38;3,98;18,32;1,18;20,01;1;2026;128;ATIVO;GOIÂNIA;Dia 20;NÃO;SUPERMERCADO;166;BRONZE
SUPERMERCADO EMPÓRIO INDAIÁ;322134,99;0;0;216,25;15,46;24;13;7;0;12;37;4,47;20,51;3,72;34,2;3;2026;119;ATIVO;GOIÂNIA;Dia 20;NÃO;SUPERMERCADO;166;BRONZE
SUPERMERCADO EMPÓRIO INDAIÁ;320030,09;0;0;29,55;357,1;8;18;11;150;20;46;9,11;41,81;0;3,44;11;2024;130;ATIVO;GOIÂNIA;Dia 20;NÃO;SUPERMERCADO;166;BRONZE
SUPERMERCADO EMPÓRIO INDAIÁ;319093,95;0;0;14,21;8,58;15;13;7;0;15;42;0,7;3,18;1,12;22,16;5;2025;121;ATIVO;GOIÂNIA;Dia 20;NÃO;SUPERMERCADO;166;BRONZE
SUPERMERCADO EMPÓRIO INDAIÁ;319034,35;0;0;39,21;338,34;14;20;12;154;22;51;13,11;60,31;0;12,84;10;2024;127;ATIVO;GOIÂNIA;Dia 20;NÃO;SUPERMERCADO;166;BRONZE
SUPERMERCADO EMPÓRIO INDAIÁ;317420,02;0;0;675,01;98,82;171;29;20;168;1957;136;51;4449,51;5,61;134,06;6;2024;146;ATIVO;GOIÂNIA;Dia 20;NÃO;SUPERMERCADO;166;BRONZE
SUPERMERCADO EMPÓRIO INDAIÁ;316063,62;0;0;123,55;49,43;26;9;2;0;7;33;4,38;20,05;0;1,71;6;2026;106;ATIVO;GOIÂNIA;Dia 20;NÃO;SUPERMERCADO;166;BRONZE
SUPERMERCADO EMPÓRIO INDAIÁ;315705,56;0;0;30,59;284,98;14;10;6;161;518;54;10,12;360,9;0,87;14,75;8;2024;131;ATIVO;GOIÂNIA;Dia 20;NÃO;SUPERMERCADO;166;BRONZE
SUPERMERCADO EMPÓRIO INDAIÁ;315131,04;0;0;225,7;28,57;28;16;9;0;6;32;2,66;12,16;1,06;5,74;5;2026;121;ATIVO;GOIÂNIA;Dia 20;NÃO;SUPERMERCADO;166;BRONZE
SUPERMERCADO EMPÓRIO INDAIÁ;309047,1;0;0;27,52;7185,43;1279;1469;5;0;550;936;175,82;808,94;2,48;5,36;1;2025;135;ATIVO;GOIÂNIA;Dia 20;NÃO;SUPERMERCADO;166;BRONZE
SUPERMERCADO EMPÓRIO INDAIÁ;307168,72;0;0;27,81;265,63;12;12;6;161;107;46;3,42;89,33;0;8,5;9;2024;122;ATIVO;GOIÂNIA;Dia 20;NÃO;SUPERMERCADO;166;BRONZE
SUPERMERCADO EMPÓRIO INDAIÁ;304466,05;0;0;27,94;18,25;20;21;6;0;10;37;1,18;5,5;0;12,06;4;2025;140;ATIVO;GOIÂNIA;Dia 20;NÃO;SUPERMERCADO;166;BRONZE
SUPERMERCADO EMPÓRIO INDAIÁ;300858,71;0;0;437,54;45,33;41;26;16;192;1935;104;11,5;4076,78;0;195,25;2;2024;160;ATIVO;GOIÂNIA;Dia 20;NÃO;SUPERMERCADO;166;BRONZE
SUPERMERCADO EMPÓRIO INDAIÁ;300450,93;0;0;13,17;2,4;8;8;4;0;8;38;1,66;7,83;5,4;3,39;6;2025;117;ATIVO;GOIÂNIA;Dia 20;NÃO;SUPERMERCADO;166;BRONZE
SUPERMERCADO EMPÓRIO INDAIÁ;299627,7;0;0;211,6;12,49;21;16;10;0;9;35;5,55;25,66;3,18;5,15;4;2026;115;ATIVO;GOIÂNIA;Dia 20;NÃO;SUPERMERCADO;166;BRONZE
SUPERMERCADO EMPÓRIO INDAIÁ;298153,17;0;0;73,7;25,86;28;20;85;0;20;51;46,33;214,25;1,94;16,31;2;2025;138;ATIVO;GOIÂNIA;Dia 20;NÃO;SUPERMERCADO;166;BRONZE
SUPERMERCADO EMPÓRIO INDAIÁ;289556,16;0;0;209,5;0,59;15;12;8;0;13;40;4,34;20,09;0;32,25;2;2026;114;ATIVO;GOIÂNIA;Dia 20;NÃO;SUPERMERCADO;166;BRONZE
SUPERMERCADO EMPÓRIO INDAIÁ;283425,32;0;0;230,47;77,77;72;20;12;166;1924;118;28,82;4056,4;0;202,04;12;2023;155;ATIVO;GOIÂNIA;Dia 20;NÃO;SUPERMERCADO;166;BRONZE
SUPERMERCADO EMPÓRIO INDAIÁ;283078,41;0;0;7,88;5,82;8;8;4;0;8;34;2,81;13,22;0,74;2,7;7;2025;113;ATIVO;GOIÂNIA;Dia 20;NÃO;SUPERMERCADO;166;BRONZE
SUPERMERCADO EMPÓRIO INDAIÁ;280322,81;0;0;380,14;76,91;122;28;18;161;1885;124;33,14;3548,4;0;134,31;7;2024;131;ATIVO;GOIÂNIA;Dia 20;NÃO;SUPERMERCADO;166;BRONZE
SUPERMERCADO EMPÓRIO INDAIÁ;261535,91;;;18,24;1,26;5;5;3;0;8;34;3,96;18,17;0;4,08;7;2026;110;ATIVO;GOIÂNIA;Dia 20;NÃO;SUPERMERCADO;166;BRONZE
SUPERMERCADO EMPÓRIO INDAIÁ;243292,18;0;0;244,23;49,34;37;17;8;174;1863;104;9,21;3461,96;0;149,97;1;2024;174;ATIVO;GOIÂNIA;Dia 20;NÃO;SUPERMERCADO;166;BRONZE
SUPERMERCADO EMPÓRIO INDAIÁ;164887,08;0;0;141,8;4534,02;1175;1349;1;126;1530;88;232,65;2631,64;0;59,25;11;2023;298;ATIVO;GOIÂNIA;Dia 20;NÃO;SUPERMERCADO;166;BRONZE
SUPERMERCADO EMPORIO JAO;582781,2;0;0;18578,38;15472,5;1737;979;923;6;1088;1088;0;0;524,59;26060,45;12;2023;498;INATIVO;GOIÂNIA;Dia 10;NÃO;SUPERMERCADO;59;PRATA
SUPERMERCADO EMPORIO JAO;556785,02;0;0;18169,4;13837,33;1778;1000;950;0;1149;1149;0;0;661,92;25373,18;10;2023;506;INATIVO;GOIÂNIA;Dia 10;NÃO;SUPERMERCADO;59;PRATA
SUPERMERCADO EMPORIO JAO;514784,68;0;0;16884,3;12386,11;1678;951;900;0;1078;1078;0;0;520,94;24044,78;11;2023;504;INATIVO;GOIÂNIA;Dia 10;NÃO;SUPERMERCADO;59;PRATA
SUPERMERCADO EMPORIO JAO;502718,56;0;0;13062,05;11700,45;1669;973;926;0;456;984;0;0;508,23;21115,27;9;2023;456;INATIVO;GOIÂNIA;Dia 10;NÃO;SUPERMERCADO;59;PRATA
SUPERMERCADO EMPORIO JAO;471322,58;0;0;16185,55;10722,34;1630;893;832;4;1073;1073;0;0;531,87;21628,26;1;2024;480;INATIVO;GOIÂNIA;Dia 10;NÃO;SUPERMERCADO;59;PRATA
SUPERMERCADO EMPORIO JAO;453445,03;0;0;15315,17;11580,33;1639;930;873;4;1070;1070;0;0;593,74;20627,97;2;2024;462;INATIVO;GOIÂNIA;Dia 10;NÃO;SUPERMERCADO;59;PRATA
SUPERMERCADO ESPERANÇA;309380,42;0;0;4091,78;5035,91;2365;254;186;242;398;416;239,96;1102,59;58,62;1885,95;5;2025;181;INATIVO;LUZIÂNIA;Dia 15;NÃO;SUPERMERCADO;70;INATIVO
SUPERMERCADO ESPERANÇA;300073,7;0;0;3348,44;4604,3;2282;232;174;0;434;452;248,3;1139,96;51,18;1659,9;6;2025;203;INATIVO;LUZIÂNIA;Dia 15;NÃO;SUPERMERCADO;70;INATIVO
SUPERMERCADO ESPERANÇA;278651,46;0;0;4661,66;1365,22;1610;216;136;0;315;347;71,35;328,48;18,6;770,36;7;2025;315;INATIVO;LUZIÂNIA;Dia 15;NÃO;SUPERMERCADO;70;INATIVO
SUPERMERCADO ESTÂNCIA;977592,42;0;0;2497,85;14274,27;1523;482;419;0;662;873;1428,21;6605,97;5,82;313,98;12;2024;207;INATIVO;BRASÍLIA;Dia 10;NÃO;SUPERMERCADO;50;INATIVO
SUPERMERCADO ESTÂNCIA;899036,77;0;0;795,38;1439,31;74;59;51;0;43;46;1683,85;7755,32;1,66;61,23;3;2025;16;INATIVO;BRASÍLIA;Dia 10;NÃO;SUPERMERCADO;50;INATIVO
SUPERMERCADO ESTÂNCIA;854400,3;0;0;15809,53;242,84;73;61;55;0;43;45;1133,66;5221,13;3,33;34,18;4;2025;17;INATIVO;BRASÍLIA;Dia 10;NÃO;SUPERMERCADO;50;INATIVO
SUPERMERCADO ESTÂNCIA;829902,72;0;0;260,79;168,08;42;35;26;0;24;25;11,79;53,52;10,69;22,95;8;2025;14;INATIVO;BRASÍLIA;Dia 10;NÃO;SUPERMERCADO;50;INATIVO
SUPERMERCADO ESTÂNCIA;829334,25;0;0;162,16;310,71;27;20;15;0;17;18;5,32;24,17;0,74;30,92;5;2025;9;INATIVO;BRASÍLIA;Dia 10;NÃO;SUPERMERCADO;50;INATIVO
SUPERMERCADO ESTÂNCIA;789918,51;0;0;92,62;1463,58;76;71;56;0;19;21;14,52;67,02;11,41;12,85;1;2026;22;INATIVO;BRASÍLIA;Dia 10;NÃO;SUPERMERCADO;50;INATIVO
SUPERMERCADO ESTÂNCIA;775823,43;0;0;208,81;164,18;54;49;41;0;24;28;12,34;56,37;22,41;6,74;9;2025;18;INATIVO;BRASÍLIA;Dia 10;NÃO;SUPERMERCADO;50;INATIVO
SUPERMERCADO ESTÂNCIA;739105,16;0;0;1307,39;9764,4;1341;387;344;0;628;828;954,5;4419,5;1,66;108,73;1;2025;172;INATIVO;BRASÍLIA;Dia 10;NÃO;SUPERMERCADO;50;INATIVO
SUPERMERCADO ESTÂNCIA;730150,38;0;0;6191,29;1000,08;309;246;226;0;62;67;74,63;340,5;12,63;138,69;11;2025;225;INATIVO;BRASÍLIA;Dia 10;NÃO;SUPERMERCADO;50;INATIVO
SUPERMERCADO ESTÂNCIA;728890,11;0;0;468,41;1868,06;606;192;158;0;80;87;61,3;282,08;1,66;100,43;2;2025;65;INATIVO;BRASÍLIA;Dia 10;NÃO;SUPERMERCADO;50;INATIVO
SUPERMERCADO ESTÂNCIA;675439,25;0;0;1279,66;9409,22;1374;411;370;0;600;812;1092,88;5039,26;3,69;87,45;11;2024;203;INATIVO;BRASÍLIA;Dia 10;NÃO;SUPERMERCADO;50;INATIVO
SUPERMERCADO ESTÂNCIA;587655,27;0;0;218,08;58,53;22;18;17;0;9;10;3,69;16,36;1,85;14,04;7;2025;12;INATIVO;BRASÍLIA;Dia 10;NÃO;SUPERMERCADO;50;INATIVO
SUPERMERCADO ESTÂNCIA;428146,13;0;0;9829,45;296,86;327;201;186;0;183;269;166,38;763,64;15,7;43,83;10;2025;261;INATIVO;BRASÍLIA;Dia 10;NÃO;SUPERMERCADO;50;INATIVO
SUPERMERCADO ESTEVAM;6741260;0;0;306,18;527,74;49;40;9;33;200;351;198,78;909,69;60,71;508,82;12;2024;31;ATIVO;BOM JESUS;Dia 10;NÃO;SUPERMERCADO;87;OURO
SUPERMERCADO ESTEVAM;6559764,94;0;0;253,29;148,1;79;16;4;46;0;0;0;0;0;0;12;2023;70;ATIVO;BOM JESUS;Dia 10;NÃO;SUPERMERCADO;87;OURO
SUPERMERCADO ESTEVAM;6482114,83;253355,34;28488,87;114,76;20,4;36;11;4;0;111;184;87,27;404,93;31,07;349,75;12;2025;31;ATIVO;BOM JESUS;Dia 10;NÃO;SUPERMERCADO;87;OURO
SUPERMERCADO ESTEVAM;6115403,91;0;0;447,45;181,86;70;13;3;0;212;347;46,18;213,05;188,53;447,32;7;2025;28;ATIVO;BOM JESUS;Dia 10;NÃO;SUPERMERCADO;87;OURO
SUPERMERCADO ESTEVAM;6091303,44;229481,61;27038,72;156,63;1265,79;55;10;7;0;1257;2;1249,26;5763,45;21,88;356,87;5;2026;19;ATIVO;BOM JESUS;Dia 10;NÃO;SUPERMERCADO;87;OURO
SUPERMERCADO ESTEVAM;6074934,85;0;0;198,12;508,1;62;16;7;0;144;267;89,47;412,5;54,36;245,99;3;2025;33;ATIVO;BOM JESUS;Dia 10;NÃO;SUPERMERCADO;87;OURO
SUPERMERCADO ESTEVAM;6037625;236972,21;28182,65;369,28;71,68;27;24;8;0;1323;2104;1375,24;6343,3;10,7;148,93;7;2026;23;ATIVO;BOM JESUS;Dia 10;NÃO;SUPERMERCADO;87;OURO
SUPERMERCADO ESTEVAM;6002116,24;232628,14;27593,6;401,53;290,57;35;28;17;0;1317;2108;1318,74;6087,98;0;279,48;8;2026;23;ATIVO;BOM JESUS;Dia 10;NÃO;SUPERMERCADO;87;OURO
SUPERMERCADO ESTEVAM;5988167,24;0;0;44,6;401,95;48;19;5;0;131;239;95,62;441,47;8,78;101,09;5;2025;22;ATIVO;BOM JESUS;Dia 10;NÃO;SUPERMERCADO;87;OURO
SUPERMERCADO ESTEVAM;5889332,05;0;0;32,21;309,34;56;8;9;0;218;350;110,42;509,68;112,31;245,28;4;2025;12;ATIVO;BOM JESUS;Dia 10;NÃO;SUPERMERCADO;87;OURO
SUPERMERCADO ESTEVAM;5873867,49;0;0;131,34;85,84;88;35;1;45;0;0;0;0;0;0;3;2024;34;ATIVO;BOM JESUS;Dia 10;NÃO;SUPERMERCADO;87;OURO
SUPERMERCADO ESTEVAM;5866610,9;0;0;346,08;148,79;72;41;6;37;260;378;177,25;807,81;25,98;766,55;11;2024;35;ATIVO;BOM JESUS;Dia 10;NÃO;SUPERMERCADO;87;OURO
SUPERMERCADO ESTEVAM;5861197,67;223831,01;26513,74;578,84;426,97;45;11;4;0;1331;2172;1336,97;6165,31;100,58;732,38;3;2026;21;ATIVO;BOM JESUS;Dia 10;NÃO;SUPERMERCADO;87;OURO
SUPERMERCADO ESTEVAM;5851051,47;239054,4;28366,73;97,04;588,36;36;15;19;0;1308;2;1290,22;5953,36;3,69;343,14;6;2026;18;ATIVO;BOM JESUS;Dia 10;NÃO;SUPERMERCADO;87;OURO
SUPERMERCADO ESTEVAM;5822509,68;0;0;366,37;136,35;97;39;5;34;270;436;261,1;1198,38;43,04;1126,72;10;2024;46;ATIVO;BOM JESUS;Dia 10;NÃO;SUPERMERCADO;87;OURO
SUPERMERCADO ESTEVAM;5755863,43;0;0;164,88;266,63;54;11;2;0;161;289;36,22;167,13;49,32;347,11;6;2025;24;ATIVO;BOM JESUS;Dia 10;NÃO;SUPERMERCADO;87;OURO
SUPERMERCADO ESTEVAM;5754638,09;222225,28;26227,97;446,25;1672,07;51;13;9;0;1198;1979;1142,1;5270,48;5,9;416,97;4;2026;19;ATIVO;BOM JESUS;Dia 10;NÃO;SUPERMERCADO;87;OURO
SUPERMERCADO ESTEVAM;5706900,27;0;0;138,27;193,48;29;13;6;0;77;127;33,84;156,66;60,78;391,37;8;2025;26;ATIVO;BOM JESUS;Dia 10;NÃO;SUPERMERCADO;87;OURO
SUPERMERCADO ESTEVAM;5683398,38;0;0;365,29;142,7;77;24;9;36;0;0;0;0;0;0;5;2024;47;ATIVO;BOM JESUS;Dia 10;NÃO;SUPERMERCADO;87;OURO
SUPERMERCADO ESTEVAM;5655342,1;0;0;681,35;345,5;139;24;1;0;233;416;182,92;832,67;41,29;181,75;1;2025;107;ATIVO;BOM JESUS;Dia 10;NÃO;SUPERMERCADO;87;OURO
SUPERMERCADO ESTEVAM;5605175,4;228639,67;24874,47;144,98;208,87;55;13;4;0;175;306;77,66;360,49;8,37;223,33;11;2025;31;ATIVO;BOM JESUS;Dia 10;NÃO;SUPERMERCADO;87;OURO
SUPERMERCADO ESTEVAM;5600779,91;0;0;299,5;216,9;110;41;8;43;237;339;75,99;350,22;115,34;1280,41;7;2024;59;ATIVO;BOM JESUS;Dia 10;NÃO;SUPERMERCADO;87;OURO
SUPERMERCADO ESTEVAM;5546779,62;0;0;149,7;1306,19;91;62;6;37;210;336;44,65;197,36;293,07;1192,48;8;2024;59;ATIVO;BOM JESUS;Dia 10;NÃO;SUPERMERCADO;87;OURO
SUPERMERCADO ESTEVAM;5538995,78;215724,95;18507,2;378,34;185,34;27;8;4;0;113;224;35,92;165,76;18,06;160,49;10;2025;66;ATIVO;BOM JESUS;Dia 10;NÃO;SUPERMERCADO;87;OURO
SUPERMERCADO ESTEVAM;5516077,51;0;0;147,47;134,75;58;41;3;0;0;0;0;0;0;0;11;2023;66;ATIVO;BOM JESUS;Dia 10;NÃO;SUPERMERCADO;87;OURO
SUPERMERCADO ESTEVAM;5514272,73;0;0;139,51;181,45;64;50;6;39;258;439;161,92;742,13;315,38;508,91;9;2024;32;ATIVO;BOM JESUS;Dia 10;NÃO;SUPERMERCADO;87;OURO
SUPERMERCADO ESTEVAM;5504475,39;216186,32;24275,1;113,52;70,1;37;26;5;0;171;291;59,19;275,69;21,55;720,63;1;2026;48;ATIVO;BOM JESUS;Dia 10;NÃO;SUPERMERCADO;87;OURO
SUPERMERCADO ESTEVAM;5445024,18;0;0;138,16;194,96;52;25;5;36;243;409;73,06;336,36;144,3;232,01;6;2024;36;ATIVO;BOM JESUS;Dia 10;NÃO;SUPERMERCADO;87;OURO
SUPERMERCADO ESTEVAM;5440201,1;0;0;518,32;2975,43;160;129;7;0;0;0;0;0;0;0;10;2023;10750;ATIVO;BOM JESUS;Dia 10;NÃO;SUPERMERCADO;87;OURO
SUPERMERCADO ESTEVAM;5397630,07;0;0;796,94;2992,72;180;64;2;0;0;0;0;0;0;0;7;2023;11011;ATIVO;BOM JESUS;Dia 10;NÃO;SUPERMERCADO;87;OURO
SUPERMERCADO ESTEVAM;5384846,01;0;0;154,36;154,03;74;28;8;47;0;0;0;0;0;0;1;2024;119;ATIVO;BOM JESUS;Dia 10;NÃO;SUPERMERCADO;87;OURO
SUPERMERCADO ESTEVAM;5366905,18;0;0;3360,61;5769,64;386;96;9;436;0;0;0;0;0;0;9;2022;0;ATIVO;BOM JESUS;Dia 10;NÃO;SUPERMERCADO;87;OURO
SUPERMERCADO ESTEVAM;5355188,63;0;0;297,06;70,02;42;20;2;35;0;0;0;0;0;0;4;2024;29;ATIVO;BOM JESUS;Dia 10;NÃO;SUPERMERCADO;87;OURO
SUPERMERCADO ESTEVAM;5334514,49;0;0;42,59;86,72;59;13;9;0;220;421;69,97;322,04;38,89;49,58;2;2025;35;ATIVO;BOM JESUS;Dia 10;NÃO;SUPERMERCADO;87;OURO
SUPERMERCADO ESTEVAM;5319782,11;0;0;841,37;4628,99;244;83;9;0;0;0;0;0;0;0;9;2023;11584;ATIVO;BOM JESUS;Dia 10;NÃO;SUPERMERCADO;87;OURO
SUPERMERCADO ESTEVAM;5290964,51;0;0;825,35;3895,45;199;65;9;0;0;0;0;0;0;0;8;2023;11321;ATIVO;BOM JESUS;Dia 10;NÃO;SUPERMERCADO;87;OURO
SUPERMERCADO ESTEVAM;5274956,51;0;0;282,47;775,74;147;69;5;371;0;0;0;0;0;0;4;2023;8104;ATIVO;BOM JESUS;Dia 10;NÃO;SUPERMERCADO;87;OURO
SUPERMERCADO ESTEVAM;5270322,71;0;0;57,92;37,29;31;8;5;0;95;176;33,53;155,2;41,71;67,16;9;2025;17;ATIVO;BOM JESUS;Dia 10;NÃO;SUPERMERCADO;87;OURO
SUPERMERCADO ESTEVAM;5227310,04;0;0;270,37;194,56;133;41;8;50;0;0;0;0;0;0;2;2024;56;ATIVO;BOM JESUS;Dia 10;NÃO;SUPERMERCADO;87;OURO
SUPERMERCADO ESTEVAM;5203187,57;201419,37;24017,93;33,26;115,16;51;18;6;0;631;1051;384,07;1774,53;65,56;755,53;2;2026;45;ATIVO;BOM JESUS;Dia 10;NÃO;SUPERMERCADO;87;OURO
SUPERMERCADO ESTEVAM;5197522,56;0;0;531,08;720,23;125;40;3;342;0;0;0;0;0;0;5;2023;10933;ATIVO;BOM JESUS;Dia 10;NÃO;SUPERMERCADO;87;OURO
SUPERMERCADO ESTEVAM;5185411,2;0;0;1762,89;621,27;325;78;31;315;0;0;0;0;0;0;6;2023;10797;ATIVO;BOM JESUS;Dia 10;NÃO;SUPERMERCADO;87;OURO
SUPERMERCADO ESTEVAM;5174368,38;0;0;1976,19;1668,01;282;183;9;403;0;0;0;0;0;0;3;2023;1985;ATIVO;BOM JESUS;Dia 10;NÃO;SUPERMERCADO;87;OURO
SUPERMERCADO ESTEVAM;4528362,09;0;0;3346,59;2661,81;279;142;10;355;0;0;0;0;0;0;2;2023;1739;ATIVO;BOM JESUS;Dia 10;NÃO;SUPERMERCADO;87;OURO
SUPERMERCADO ESTEVAM;4451093,98;0;0;3437,19;2569,95;293;305;11;382;0;0;0;0;0;0;1;2023;2013;ATIVO;BOM JESUS;Dia 10;NÃO;SUPERMERCADO;87;OURO
SUPERMERCADO FÁCIL ATACAREJO;6403831,95;115331,48;13714,56;474,64;79,93;19;2;0;0;117;165;280,74;1492,49;167,79;512,42;12;2025;30;ATIVO;CALDAS NOVAS;Dia 25;SIM;SUPERMERCADO;206;PRATA
SUPERMERCADO FÁCIL ATACAREJO;5315885,71;110468,72;13047,46;395,16;109,34;27;10;1;0;110;153;241,84;1321,98;59,7;677,62;1;2026;41;ATIVO;CALDAS NOVAS;Dia 25;SIM;SUPERMERCADO;206;PRATA
SUPERMERCADO FÁCIL ATACAREJO;5314851,93;114701,42;13577,85;335,24;538,99;35;14;37;0;113;161;327,07;1760,77;17,91;336,39;3;2026;38;ATIVO;CALDAS NOVAS;Dia 25;SIM;SUPERMERCADO;206;PRATA
SUPERMERCADO FÁCIL ATACAREJO;5039046,39;111273,57;13165;126,52;207,82;15;3;0;0;127;175;278,44;1461,67;152,88;1922,13;11;2025;17;ATIVO;CALDAS NOVAS;Dia 25;SIM;SUPERMERCADO;206;PRATA
SUPERMERCADO FÁCIL ATACAREJO;4940089,4;0;0;38,5;92,22;19;10;1;63;58;210;218,06;1006,83;4389,69;27844,36;12;2023;11;ATIVO;CALDAS NOVAS;Dia 25;NÃO;SUPERMERCADO;206;PRATA
SUPERMERCADO FÁCIL ATACAREJO;4865270,92;108709,57;12986,88;307,72;400,02;69;54;73;0;52;110;234,91;1317;14,21;303,17;7;2026;64;ATIVO;CALDAS NOVAS;Dia 25;SIM;SUPERMERCADO;206;PRATA
SUPERMERCADO FÁCIL ATACAREJO;4840571,89;97825,38;11586,51;480,74;120,13;38;13;1;0;118;180;231,79;1264,36;81,21;479,71;2;2026;57;ATIVO;CALDAS NOVAS;Dia 25;SIM;SUPERMERCADO;206;PRATA
SUPERMERCADO FÁCIL ATACAREJO;4571648,43;0;0;655,61;100,83;138;11;2;0;64;223;261,76;1204,58;3722,37;29443,04;10;2023;35;ATIVO;CALDAS NOVAS;Dia 25;NÃO;SUPERMERCADO;206;PRATA
SUPERMERCADO FÁCIL ATACAREJO;4425879,03;0;0;761,07;61,9;125;11;2;0;81;531;1443,54;6637,69;167,36;3845,41;7;2023;21;ATIVO;CALDAS NOVAS;Dia 25;NÃO;SUPERMERCADO;206;PRATA
SUPERMERCADO FÁCIL ATACAREJO;4334963,06;0;0;783,4;113,56;131;10;2;0;86;540;1161,3;5342,27;210,97;3463,39;8;2023;23;ATIVO;CALDAS NOVAS;Dia 25;NÃO;SUPERMERCADO;206;PRATA
SUPERMERCADO FÁCIL ATACAREJO;4332714,26;0;0;764,39;101,01;137;8;3;0;70;527;632,57;2933,2;2772,63;16493,97;9;2023;111;ATIVO;CALDAS NOVAS;Dia 25;NÃO;SUPERMERCADO;206;PRATA
SUPERMERCADO FÁCIL ATACAREJO;4221607,74;0;0;584,4;114,07;133;6;0;305;149;495;1233,15;5676,69;24,03;3341,73;5;2023;17;ATIVO;CALDAS NOVAS;Dia 25;NÃO;SUPERMERCADO;206;PRATA
SUPERMERCADO FÁCIL ATACAREJO;4150204,65;105411,57;12626,47;418,72;24,61;23;4;65;0;65;120;220,16;1245,41;0,52;392,87;5;2026;15;ATIVO;CALDAS NOVAS;Dia 25;SIM;SUPERMERCADO;206;PRATA
SUPERMERCADO FÁCIL ATACAREJO;4073918,54;0;0;693,84;29,15;140;4;0;298;140;488;1260,26;5805,08;18,88;2915,75;6;2023;20;ATIVO;CALDAS NOVAS;Dia 25;NÃO;SUPERMERCADO;206;PRATA
SUPERMERCADO FÁCIL ATACAREJO;4000884,91;0;0;643,95;95,68;123;7;0;310;156;496;1328,13;6114,85;20,76;3119,1;4;2023;13;ATIVO;CALDAS NOVAS;Dia 25;NÃO;SUPERMERCADO;206;PRATA
SUPERMERCADO FÁCIL ATACAREJO;3896703,79;0;0;172,83;375,23;27;10;68;0;62;115;319,5;1674,39;8,51;371,01;4;2026;18;ATIVO;CALDAS NOVAS;Dia 25;SIM;SUPERMERCADO;206;PRATA
SUPERMERCADO FÁCIL ATACAREJO;3788099,4;98486,44;11727,87;725,97;47,03;32;12;47;0;57;112;218,86;1211,2;3,12;353,11;6;2026;15;ATIVO;CALDAS NOVAS;Dia 25;SIM;SUPERMERCADO;206;PRATA
SUPERMERCADO FÁCIL ATACAREJO;3772789,97;0;0;62,81;48,87;31;10;1;0;76;231;275,02;1271,28;4159,29;27975,97;11;2023;16;ATIVO;CALDAS NOVAS;Dia 25;NÃO;SUPERMERCADO;206;PRATA
SUPERMERCADO FÁCIL ATACAREJO;3696465,75;94280,84;11203,35;79,27;45,27;23;2;0;0;125;172;253,95;1332,25;429,59;4243,75;10;2025;22;ATIVO;CALDAS NOVAS;Dia 25;SIM;SUPERMERCADO;206;PRATA
SUPERMERCADO FÁCIL ATACAREJO;3657315,31;0;0;24,23;183,95;24;12;3;63;47;200;185,87;856,03;7559,93;17208,71;1;2024;9;ATIVO;CALDAS NOVAS;Dia 25;NÃO;SUPERMERCADO;206;PRATA
SUPERMERCADO FÁCIL ATACAREJO;3621412,25;89918,24;10346,42;667,21;46,86;52;2;0;0;74;118;269,85;1404,38;56,9;809,33;7;2025;101;ATIVO;CALDAS NOVAS;Dia 25;SIM;SUPERMERCADO;206;PRATA
SUPERMERCADO FÁCIL ATACAREJO;3534491,36;0;0;129,75;489,02;117;12;1;412;144;500;1481,2;6812,64;23,55;2499,83;12;2022;0;ATIVO;CALDAS NOVAS;Dia 25;NÃO;SUPERMERCADO;206;PRATA
SUPERMERCADO FÁCIL ATACAREJO;3414608,25;0;0;615,77;101,45;139;10;1;319;170;515;1338,75;6125,73;9,51;2640,22;3;2023;16;ATIVO;CALDAS NOVAS;Dia 25;NÃO;SUPERMERCADO;206;PRATA
SUPERMERCADO FÁCIL ATACAREJO;3369286,31;63294,35;7456,59;158,33;209,65;29;4;0;0;0;0;0;0;0;0;4;2025;52;ATIVO;CALDAS NOVAS;Dia 25;SIM;SUPERMERCADO;206;PRATA
SUPERMERCADO FÁCIL ATACAREJO;3312029,04;0;0;603,1;30,44;124;6;0;319;179;521;1326,19;6104,83;0,51;3329,21;2;2023;13;ATIVO;CALDAS NOVAS;Dia 25;NÃO;SUPERMERCADO;206;PRATA
SUPERMERCADO FÁCIL ATACAREJO;3238947,89;95456,57;8677,1;4,95;52,23;60;4;0;0;98;139;277,34;1447,68;104,97;438,66;8;2025;126;ATIVO;CALDAS NOVAS;Dia 25;SIM;SUPERMERCADO;206;PRATA
SUPERMERCADO FÁCIL ATACAREJO;3236354,08;75543,67;7229,78;1870,72;341,47;34;13;0;0;0;0;0;0;0;0;12;2024;45;ATIVO;CALDAS NOVAS;Dia 25;SIM;SUPERMERCADO;206;PRATA
SUPERMERCADO FÁCIL ATACAREJO;3178626,77;0;0;724,5;25,16;132;120;0;354;131;477;1302,94;5997,57;0;3305,11;1;2023;41;ATIVO;CALDAS NOVAS;Dia 25;NÃO;SUPERMERCADO;206;PRATA
SUPERMERCADO FÁCIL ATACAREJO;3082375,18;70392,25;8252,81;388,57;106,52;28;4;1;0;0;0;0;0;0;0;3;2025;49;ATIVO;CALDAS NOVAS;Dia 25;SIM;SUPERMERCADO;206;PRATA
SUPERMERCADO FÁCIL ATACAREJO;2999225,19;0;0;191,54;445,4;331;46;0;429;151;614;1306;6021,44;36,1;4683,17;10;2022;0;ATIVO;CALDAS NOVAS;Dia 25;NÃO;SUPERMERCADO;206;PRATA
SUPERMERCADO FÁCIL ATACAREJO;2996448,86;73991,41;5441,24;187,79;572,95;35;14;1;25;0;0;0;0;0;0;11;2024;36;ATIVO;CALDAS NOVAS;Dia 25;SIM;SUPERMERCADO;206;PRATA
SUPERMERCADO FÁCIL ATACAREJO;2945669,1;86830,25;10295,27;133,15;32,1;29;2;0;0;124;170;178,92;931,02;475,11;5779,71;9;2025;87;ATIVO;CALDAS NOVAS;Dia 25;SIM;SUPERMERCADO;206;PRATA
SUPERMERCADO FÁCIL ATACAREJO;2916653,42;0;0;21,46;0,34;8;9;0;47;11;0;0;0;0;0;5;2024;1;ATIVO;CALDAS NOVAS;Dia 25;NÃO;SUPERMERCADO;206;PRATA
SUPERMERCADO FÁCIL ATACAREJO;2895750,2;74085,08;8780,85;132,27;54,82;17;3;1;0;0;0;0;0;0;0;1;2025;35;ATIVO;CALDAS NOVAS;Dia 25;SIM;SUPERMERCADO;206;PRATA
SUPERMERCADO FÁCIL ATACAREJO;2853575,56;69609,91;8274,44;268,97;14,07;14;1;0;0;0;0;0;0;0;0;6;2025;69;ATIVO;CALDAS NOVAS;Dia 25;SIM;SUPERMERCADO;206;PRATA
SUPERMERCADO FÁCIL ATACAREJO;2809269,27;0;0;123,4;12,53;15;14;0;53;33;0;0;0;0;0;3;2024;13;ATIVO;CALDAS NOVAS;Dia 25;NÃO;SUPERMERCADO;206;PRATA
SUPERMERCADO FÁCIL ATACAREJO;2787112,8;0;0;35,68;228,17;24;14;2;60;82;238;274,43;1260,71;5374;19567,17;2;2024;17;ATIVO;CALDAS NOVAS;Dia 25;NÃO;SUPERMERCADO;206;PRATA
SUPERMERCADO FÁCIL ATACAREJO;2776330,83;0;0;0;275,02;141;25;0;387;188;449;1228,22;5661,36;13,07;1739,18;11;2022;0;ATIVO;CALDAS NOVAS;Dia 25;NÃO;SUPERMERCADO;206;PRATA
SUPERMERCADO FÁCIL ATACAREJO;2735834,98;0;0;21,46;42,53;8;3;1;52;0;0;0;0;0;0;7;2024;9;ATIVO;CALDAS NOVAS;Dia 25;NÃO;SUPERMERCADO;206;PRATA
SUPERMERCADO FÁCIL ATACAREJO;2725139,33;58535,61;0;6432,74;3827,07;393;116;16;3;0;0;0;0;0;0;7;2022;0;ATIVO;CALDAS NOVAS;Dia 25;SIM;SUPERMERCADO;206;PRATA
SUPERMERCADO FÁCIL ATACAREJO;2679937,37;0;0;6,66;101,36;16;8;0;49;22;0;0;0;0;0;4;2024;3;ATIVO;CALDAS NOVAS;Dia 25;NÃO;SUPERMERCADO;206;PRATA
SUPERMERCADO FÁCIL ATACAREJO;2666878,87;65444,51;7717,31;416,62;98,6;34;4;1;0;0;0;0;0;0;0;2;2025;46;ATIVO;CALDAS NOVAS;Dia 25;SIM;SUPERMERCADO;206;PRATA
SUPERMERCADO FÁCIL ATACAREJO;2648691,29;0;0;722,22;3625,17;338;119;12;3;0;0;0;0;0;0;8;2022;0;ATIVO;CALDAS NOVAS;Dia 25;NÃO;SUPERMERCADO;206;PRATA
SUPERMERCADO FÁCIL ATACAREJO;2605046,2;61203,02;7257,65;89,28;22,43;9;1;0;0;0;0;0;0;0;0;5;2025;63;ATIVO;CALDAS NOVAS;Dia 25;SIM;SUPERMERCADO;206;PRATA
SUPERMERCADO FÁCIL ATACAREJO;2555621,82;0;0;294,8;4997,88;384;96;11;384;0;0;0;0;0;0;9;2022;0;ATIVO;CALDAS NOVAS;Dia 25;NÃO;SUPERMERCADO;206;PRATA
SUPERMERCADO FÁCIL ATACAREJO;2506689,83;0;0;35,5;21,74;9;0;0;40;0;0;0;0;0;0;9;2024;14;ATIVO;CALDAS NOVAS;Dia 25;NÃO;SUPERMERCADO;206;PRATA
SUPERMERCADO FÁCIL ATACAREJO;2386367,53;0;0;36,52;19,01;11;0;0;46;14;0;0;0;0;0;6;2024;11;ATIVO;CALDAS NOVAS;Dia 25;NÃO;SUPERMERCADO;206;PRATA
SUPERMERCADO FÁCIL ATACAREJO;2149455,82;44762,66;0;5432,9;4056,98;406;119;19;2;0;0;0;0;0;0;6;2022;0;ATIVO;CALDAS NOVAS;Dia 25;SIM;SUPERMERCADO;206;PRATA
SUPERMERCADO FÁCIL ATACAREJO;2141167,93;0;0;6,09;36,258;13;6;0;44;0;0;0;0;0;0;8;2024;20;ATIVO;CALDAS NOVAS;Dia 25;NÃO;SUPERMERCADO;206;PRATA
SUPERMERCADO FERNANDES;528608,03;0;0;194,56;208,59;90;19;5;0;147;151;284,76;1311,96;16,46;395,09;9;2025;46;INATIVO;ALTO PARAÍSO DE GOIÁS;Dia 15;NÃO;SUPERMERCADO;154;BRONZE
SUPERMERCADO FERNANDES;491191,14;0;0;6814,39;513,2;176;70;16;0;130;136;312,89;1466;26,7;393,03;10;2025;142;INATIVO;ALTO PARAÍSO DE GOIÁS;Dia 15;NÃO;SUPERMERCADO;154;BRONZE
SUPERMERCADO FERNANDES;482224,35;0;0;210,11;552,42;109;67;6;0;33;35;52,96;244,37;51,32;130,41;12;2025;76;INATIVO;ALTO PARAÍSO DE GOIÁS;Dia 15;NÃO;SUPERMERCADO;154;BRONZE
SUPERMERCADO FERNANDES;478678,16;0;0;226,78;626,39;125;73;5;0;63;65;61,48;283,69;4,71;217,5;1;2026;96;INATIVO;ALTO PARAÍSO DE GOIÁS;Dia 15;NÃO;SUPERMERCADO;154;BRONZE
SUPERMERCADO FERNANDES;383347;0;0;120,83;562,23;95;61;4;0;47;48;31,38;144,56;12,84;113,85;2;2026;87;INATIVO;ALTO PARAÍSO DE GOIÁS;Dia 15;NÃO;SUPERMERCADO;154;BRONZE
SUPERMERCADO FIORANO;387060,04;0;0;4912,87;3429,77;823;338;72;0;382;1502;484,3;2229,82;29,84;2251,86;11;2024;494;INATIVO;APARECIDA DE GOIÂNIA;Dia 25;NÃO;SUPERMERCADO;45;BRONZE
SUPERMERCADO FIORANO;352540,58;0;0;4081,72;3173,68;840;352;77;0;386;2034;424,86;1957,21;54,06;1825,43;12;2024;477;INATIVO;APARECIDA DE GOIÂNIA;Dia 25;NÃO;SUPERMERCADO;45;BRONZE
SUPERMERCADO FIORANO;304636,68;0;0;3446,99;3034,72;826;360;91;0;393;425;407,29;1878,13;60,34;1624,02;8;2024;465;INATIVO;APARECIDA DE GOIÂNIA;Dia 25;NÃO;SUPERMERCADO;45;BRONZE
SUPERMERCADO FIORANO;299804,92;0;0;1640,36;76,67;168;24;14;6;168;96;101;465,53;9,19;1654,23;3;2024;40;INATIVO;APARECIDA DE GOIÂNIA;Dia 25;NÃO;SUPERMERCADO;45;BRONZE
SUPERMERCADO FIORANO;286793,45;0;0;2766,11;184,46;492;148;74;9;194;176;32,98;151,67;12,68;1819;1;2024;375;INATIVO;APARECIDA DE GOIÂNIA;Dia 25;NÃO;SUPERMERCADO;45;BRONZE
SUPERMERCADO FIORANO;235790,97;0;0;2776,13;2083,03;837;332;93;0;417;430;291,89;1345,1;31,84;1313,56;10;2024;450;INATIVO;APARECIDA DE GOIÂNIA;Dia 25;NÃO;SUPERMERCADO;45;BRONZE
SUPERMERCADO FIORANO;234382,49;0;0;1275,75;244,18;104;24;19;6;196;108;89,93;414,49;10,44;1501,3;5;2024;36;INATIVO;APARECIDA DE GOIÂNIA;Dia 25;NÃO;SUPERMERCADO;45;BRONZE
SUPERMERCADO FIORANO;228071,73;0;0;1383,63;87,95;93;55;13;6;130;82;52,28;240,58;9,41;1558,88;2;2024;38;INATIVO;APARECIDA DE GOIÂNIA;Dia 25;NÃO;SUPERMERCADO;45;BRONZE
SUPERMERCADO FIORANO;225296,09;0;0;2602,55;2111,93;700;326;78;0;339;378;289,39;1336,72;28,77;1180,33;7;2024;446;INATIVO;APARECIDA DE GOIÂNIA;Dia 25;NÃO;SUPERMERCADO;45;BRONZE
SUPERMERCADO FIORANO;206996,06;0;0;6440,04;598,73;806;87;72;6;485;369;147,94;681,48;31,85;1956,68;12;2023;388;INATIVO;APARECIDA DE GOIÂNIA;Dia 25;NÃO;SUPERMERCADO;45;BRONZE
SUPERMERCADO FIORANO;164752,69;0;0;2145,32;1415,44;650;282;77;0;321;357;202,12;931,33;21,86;916,13;9;2024;381;INATIVO;APARECIDA DE GOIÂNIA;Dia 25;NÃO;SUPERMERCADO;45;BRONZE
SUPERMERCADO FIORANO;69254,48;0;0;522,46;48,89;73;18;11;2;118;72;27,77;128,2;3,33;529,05;6;2024;22;INATIVO;APARECIDA DE GOIÂNIA;Dia 25;NÃO;SUPERMERCADO;45;BRONZE
SUPERMERCADO FLAMBOYANT;852220,06;0;0;37,06;1035,51;15;3;1;0;17;19;119,25;552,28;4,8;438,8;5;2026;13;ATIVO;RIO VERDE;Dia 30;NÃO;SUPERMERCADO;217;PRATA
SUPERMERCADO FLAMBOYANT;795477,24;0;0;101,8;99,67;33;15;8;0;42;49;1,68;7,78;46,69;180,62;10;2025;32;ATIVO;RIO VERDE;Dia 30;NÃO;SUPERMERCADO;217;PRATA
SUPERMERCADO FLAMBOYANT;794315,11;0;0;143,98;86,23;35;16;8;0;43;53;2,45;11,39;26,74;197,87;11;2025;28;ATIVO;RIO VERDE;Dia 30;NÃO;SUPERMERCADO;217;PRATA
SUPERMERCADO FLAMBOYANT;790442,3;0;0;87,02;56,18;33;21;11;0;41;47;5,4;24,99;31,72;117,66;1;2026;30;ATIVO;RIO VERDE;Dia 30;NÃO;SUPERMERCADO;217;PRATA
SUPERMERCADO FLAMBOYANT;785458,68;0;0;43,65;134,92;20;31;11;0;23;23;7,92;36,23;5,25;501,04;6;2026;6;ATIVO;RIO VERDE;Dia 30;NÃO;SUPERMERCADO;217;PRATA
SUPERMERCADO FLAMBOYANT;778138,99;0;0;73,44;567,03;33;7;1;0;20;24;107,66;498,84;6,89;410,17;4;2026;39;ATIVO;RIO VERDE;Dia 30;NÃO;SUPERMERCADO;217;PRATA
SUPERMERCADO FLAMBOYANT;768770,96;0;0;63,47;129,72;24;8;2;0;47;50;44,55;203,69;28,64;243,85;12;2024;16;ATIVO;RIO VERDE;Dia 30;NÃO;SUPERMERCADO;217;PRATA
SUPERMERCADO FLAMBOYANT;764337,07;0;0;475,93;322,63;75;16;8;0;60;69;344,77;1582,76;22,14;427,87;8;2025;21;ATIVO;RIO VERDE;Dia 30;NÃO;SUPERMERCADO;217;PRATA
SUPERMERCADO FLAMBOYANT;763547,96;0;0;21,24;96,21;33;15;5;0;55;64;8,38;38,73;38,32;324,51;3;2025;17;ATIVO;RIO VERDE;Dia 30;NÃO;SUPERMERCADO;217;PRATA
SUPERMERCADO FLAMBOYANT;753138,16;0;0;60,46;265,87;38;14;5;0;52;59;354,72;1628,52;48,91;402,99;5;2025;17;ATIVO;RIO VERDE;Dia 30;NÃO;SUPERMERCADO;217;PRATA
SUPERMERCADO FLAMBOYANT;750484,56;0;0;66,89;115,09;27;9;2;0;24;27;0,54;2,5;29,15;72,34;3;2026;21;ATIVO;RIO VERDE;Dia 30;NÃO;SUPERMERCADO;217;PRATA
SUPERMERCADO FLAMBOYANT;728397,07;0;0;42,68;1299,74;121;17;6;0;55;62;360,51;1655,88;38,22;405,77;6;2025;22;ATIVO;RIO VERDE;Dia 30;NÃO;SUPERMERCADO;217;PRATA
SUPERMERCADO FLAMBOYANT;727847,63;0;0;64,28;263,07;32;8;5;0;55;59;299,66;1375,98;17,01;368,33;4;2025;10;ATIVO;RIO VERDE;Dia 30;NÃO;SUPERMERCADO;217;PRATA
SUPERMERCADO FLAMBOYANT;725753,78;0;0;433,88;260,26;32;10;5;0;45;48;4,17;19,12;80,85;280,18;11;2024;15;ATIVO;RIO VERDE;Dia 30;NÃO;SUPERMERCADO;217;PRATA
SUPERMERCADO FLAMBOYANT;718983,53;0;0;225,57;1698,36;124;26;15;0;58;66;344,59;1580,86;29,05;306,66;7;2025;22;ATIVO;RIO VERDE;Dia 30;NÃO;SUPERMERCADO;217;PRATA
SUPERMERCADO FLAMBOYANT;715104,8;0;0;36,1;138,33;29;14;5;0;53;56;29,4;134,85;36,05;214,81;1;2025;29;ATIVO;RIO VERDE;Dia 30;NÃO;SUPERMERCADO;217;PRATA
SUPERMERCADO FLAMBOYANT;708353,42;0;0;954,76;104,88;46;14;7;0;63;71;95,72;439,86;18;327,18;9;2025;42;ATIVO;RIO VERDE;Dia 30;NÃO;SUPERMERCADO;217;PRATA
SUPERMERCADO FLAMBOYANT;705928,53;0;0;1,3;65,78;9;4;2;0;9;13;0;0;15,31;30,11;2;2026;4;ATIVO;RIO VERDE;Dia 30;NÃO;SUPERMERCADO;217;PRATA
SUPERMERCADO FLAMBOYANT;685115,58;0;0;494,06;127,55;51;19;7;5;25;28;1,6;7,32;7,01;199,3;10;2024;28;ATIVO;RIO VERDE;Dia 30;NÃO;SUPERMERCADO;217;PRATA
SUPERMERCADO FLAMBOYANT;665910,97;0;0;84,05;34,76;37;6;3;5;17;22;3,22;14,81;16,07;3,78;8;2024;22;ATIVO;RIO VERDE;Dia 30;NÃO;SUPERMERCADO;217;PRATA
SUPERMERCADO FLAMBOYANT;662280,31;0;0;406,55;7628,96;445;64;16;5;74;79;162,57;748,53;19,99;141,83;5;2024;89;ATIVO;RIO VERDE;Dia 30;NÃO;SUPERMERCADO;217;PRATA
SUPERMERCADO FLAMBOYANT;643438,61;0;0;60,1;124,44;32;11;5;0;45;52;10,88;50,34;21,82;236,28;2;2025;20;ATIVO;RIO VERDE;Dia 30;NÃO;SUPERMERCADO;217;PRATA
SUPERMERCADO FLAMBOYANT;642687,95;0;0;399,13;7306,74;100;64;12;5;53;58;14,85;66,74;30,96;158,88;6;2024;76;ATIVO;RIO VERDE;Dia 30;NÃO;SUPERMERCADO;217;PRATA
SUPERMERCADO FLAMBOYANT;642451,16;0;0;391,72;1083,68;79;46;6;5;33;42;5,44;24,75;30,03;63,5;7;2024;61;ATIVO;RIO VERDE;Dia 30;NÃO;SUPERMERCADO;217;PRATA
SUPERMERCADO FLAMBOYANT;637989,97;0;0;92,85;94,03;43;12;4;5;12;13;0,69;3,2;14,94;33,79;9;2024;24;ATIVO;RIO VERDE;Dia 30;NÃO;SUPERMERCADO;217;PRATA
SUPERMERCADO FLAMBOYANT;615624,5;0;0;884,15;730,19;53;18;11;5;51;54;230,81;1065,17;15,69;280,59;3;2024;44;ATIVO;RIO VERDE;Dia 30;NÃO;SUPERMERCADO;217;PRATA
SUPERMERCADO FLAMBOYANT;592078,16;0;0;920,67;9052,62;767;67;18;5;76;84;256;1181,17;21,87;203,65;4;2024;97;ATIVO;RIO VERDE;Dia 30;NÃO;SUPERMERCADO;217;PRATA
SUPERMERCADO FLORESTA;1035757,42;0;0;81,07;66,54;56;11;8;0;45;52;5,28;23,75;78,79;77,17;12;2024;103;ATIVO;CRISTIANÓPOLIS;Dia 25;NÃO;SUPERMERCADO;191;BRONZE
SUPERMERCADO FLORESTA;991264,52;0;0;980,33;529,45;277;28;6;0;59;60;5,51;24,76;71,48;178,34;12;2025;54;ATIVO;CRISTIANÓPOLIS;Dia 25;NÃO;SUPERMERCADO;191;BRONZE
SUPERMERCADO FLORESTA;940536,91;0;0;732,02;117,91;655;18;11;52;55;55;4,35;18,39;31,6;420,27;12;2023;183;ATIVO;CRISTIANÓPOLIS;Dia 25;NÃO;SUPERMERCADO;191;BRONZE
SUPERMERCADO FLORESTA;932261,92;0;0;97,06;99,1;44;50;5;0;38;33;10,08;44,52;35,2;42,7;4;2026;28;ATIVO;CRISTIANÓPOLIS;Dia 25;NÃO;SUPERMERCADO;191;BRONZE
SUPERMERCADO FLORESTA;881499,44;0;0;137,11;127,82;76;30;14;28;54;54;14,78;62,84;45,99;137,24;8;2024;143;ATIVO;CRISTIANÓPOLIS;Dia 25;NÃO;SUPERMERCADO;191;BRONZE
SUPERMERCADO FLORESTA;873497,29;0;0;3607,91;382,67;198;33;7;0;112;56;4,63;21,41;90,88;806,94;6;2025;150;ATIVO;CRISTIANÓPOLIS;Dia 25;NÃO;SUPERMERCADO;191;BRONZE
SUPERMERCADO FLORESTA;867663,83;0;0;600,93;139,68;164;149;4;0;49;71;7,78;35,27;42,39;71,54;3;2026;61;ATIVO;CRISTIANÓPOLIS;Dia 25;NÃO;SUPERMERCADO;191;BRONZE
SUPERMERCADO FLORESTA;865263,87;0;0;293,43;27,44;52;16;9;0;31;32;1,35;5,68;32,72;151,04;3;2025;162;ATIVO;CRISTIANÓPOLIS;Dia 25;NÃO;SUPERMERCADO;191;BRONZE
SUPERMERCADO FLORESTA;859917,29;0;0;117,82;137,75;51;20;6;0;32;38;9,71;40,95;22,38;52,75;11;2024;98;ATIVO;CRISTIANÓPOLIS;Dia 25;NÃO;SUPERMERCADO;191;BRONZE
SUPERMERCADO FLORESTA;857406,44;0;0;463,45;331,54;35;57;7;0;27;40;6,07;26,41;18,76;173,79;5;2026;37;ATIVO;CRISTIANÓPOLIS;Dia 25;NÃO;SUPERMERCADO;191;BRONZE
SUPERMERCADO FLORESTA;844257,91;0;0;908,07;310,74;302;19;6;0;49;50;21,95;100,23;85,62;85,62;1;2026;93;ATIVO;CRISTIANÓPOLIS;Dia 25;NÃO;SUPERMERCADO;191;BRONZE
SUPERMERCADO FLORESTA;834816,21;0;0;123,57;42,47;72;16;11;0;47;49;2,33;9,54;55,91;49,16;1;2025;143;ATIVO;CRISTIANÓPOLIS;Dia 25;NÃO;SUPERMERCADO;191;BRONZE
SUPERMERCADO FLORESTA;832615,28;0;0;3068,9;434,78;161;29;3;0;28;28;4,78;30,36;24,99;27,8;8;2025;44;ATIVO;CRISTIANÓPOLIS;Dia 25;NÃO;SUPERMERCADO;191;BRONZE
SUPERMERCADO FLORESTA;822371,58;0;0;290,76;226,13;87;31;12;31;60;65;13,31;54,98;56,8;169,17;10;2024;146;ATIVO;CRISTIANÓPOLIS;Dia 25;NÃO;SUPERMERCADO;191;BRONZE
SUPERMERCADO FLORESTA;819769,95;0;0;278,76;23,04;44;57;6;0;33;40;6,07;27,44;49,24;118,71;6;2026;37;ATIVO;CRISTIANÓPOLIS;Dia 25;NÃO;SUPERMERCADO;191;BRONZE
SUPERMERCADO FLORESTA;819341,79;0;0;301,77;51,55;64;9;4;0;50;50;2,9;12,65;57,64;123,98;5;2025;151;ATIVO;CRISTIANÓPOLIS;Dia 25;NÃO;SUPERMERCADO;191;BRONZE
SUPERMERCADO FLORESTA;815277,24;0;0;177,27;262,87;84;36;18;26;50;50;22,6;99,71;16,68;233,53;7;2024;150;ATIVO;CRISTIANÓPOLIS;Dia 25;NÃO;SUPERMERCADO;191;BRONZE
SUPERMERCADO FLORESTA;814215,17;0;0;169,78;20,7;51;37;8;19;37;38;23,78;109,7;43,04;76,59;7;2026;4;ATIVO;CRISTIANÓPOLIS;Dia 25;NÃO;SUPERMERCADO;191;BRONZE
SUPERMERCADO FLORESTA;802782,77;0;0;199,93;31,7;60;12;7;0;44;45;1,6;6,89;67,73;112,71;2;2025;101;ATIVO;CRISTIANÓPOLIS;Dia 25;NÃO;SUPERMERCADO;191;BRONZE
SUPERMERCADO FLORESTA;802453,14;0;0;203,32;32,5;55;7;4;0;39;39;3,27;14,62;60,94;86,61;4;2025;142;ATIVO;CRISTIANÓPOLIS;Dia 25;NÃO;SUPERMERCADO;191;BRONZE
SUPERMERCADO FLORESTA;798561,87;0;0;656,96;388,54;257;21;8;0;59;59;10,24;46,54;64,7;150,14;11;2025;44;ATIVO;CRISTIANÓPOLIS;Dia 25;NÃO;SUPERMERCADO;191;BRONZE
SUPERMERCADO FLORESTA;796804,7;0;0;275,19;255,88;70;29;11;29;48;49;16,53;72,26;69,8;129,81;9;2024;130;ATIVO;CRISTIANÓPOLIS;Dia 25;NÃO;SUPERMERCADO;191;BRONZE
SUPERMERCADO FLORESTA;794178,42;0;0;519,61;175,29;342;20;11;37;38;65;8,04;36,41;22,47;201,48;3;2024;103;ATIVO;CRISTIANÓPOLIS;Dia 25;NÃO;SUPERMERCADO;191;BRONZE
SUPERMERCADO FLORESTA;791504,75;0;0;5630,67;1098,04;375;78;6;0;73;41;1,47;7,87;41,28;151,98;7;2025;99;ATIVO;CRISTIANÓPOLIS;Dia 25;NÃO;SUPERMERCADO;191;BRONZE
SUPERMERCADO FLORESTA;783626,01;0;0;2603,85;579,02;448;33;5;0;30;30;4,41;20,92;18,44;76,72;9;2025;46;ATIVO;CRISTIANÓPOLIS;Dia 25;NÃO;SUPERMERCADO;191;BRONZE
SUPERMERCADO FLORESTA;782142,68;0;0;579,35;19,35;369;13;5;44;34;96;5,96;26,75;37,96;156,12;2;2024;108;ATIVO;CRISTIANÓPOLIS;Dia 25;NÃO;SUPERMERCADO;191;BRONZE
SUPERMERCADO FLORESTA;770360,33;0;0;6652,71;952,93;3116;19;12;30;40;41;11,26;52,69;12,42;359,13;5;2024;97;ATIVO;CRISTIANÓPOLIS;Dia 25;NÃO;SUPERMERCADO;191;BRONZE
SUPERMERCADO FLORESTA;760465,06;0;0;348,74;245,92;223;19;7;0;41;41;10,68;48,31;32,91;110,58;10;2025;34;ATIVO;CRISTIANÓPOLIS;Dia 25;NÃO;SUPERMERCADO;191;BRONZE
SUPERMERCADO FLORESTA;751186,01;0;0;5580,85;916,54;2950;28;15;28;42;42;13,68;60,24;13,42;342,61;6;2024;165;ATIVO;CRISTIANÓPOLIS;Dia 25;NÃO;SUPERMERCADO;191;BRONZE
SUPERMERCADO FLORESTA;742016,29;0;0;3540,09;2388,24;674;55;21;165;110;181;33,32;154,22;1084,88;548,33;11;2023;217;ATIVO;CRISTIANÓPOLIS;Dia 25;NÃO;SUPERMERCADO;191;BRONZE
SUPERMERCADO FLORESTA;705890,6;0;0;437,37;30,26;341;13;4;53;35;119;4,74;20,57;26,79;165,22;1;2024;173;ATIVO;CRISTIANÓPOLIS;Dia 25;NÃO;SUPERMERCADO;191;BRONZE
SUPERMERCADO FLORESTA;682039,95;0;0;1745,6;1409,15;2427;19;11;33;46;63;10,95;51,2;10,77;350,78;4;2024;94;ATIVO;CRISTIANÓPOLIS;Dia 25;NÃO;SUPERMERCADO;191;BRONZE
SUPERMERCADO FLORESTA;658157,65;0;0;683,68;206,15;215;11;2;0;49;50;14,62;66,41;65,76;95,96;2;2026;61;ATIVO;CRISTIANÓPOLIS;Dia 25;NÃO;SUPERMERCADO;191;BRONZE
SUPERMERCADO FLORESTA;563814,46;0;0;5373,11;1564,14;627;62;21;152;67;156;43,26;200,51;1677,18;361,42;10;2023;117;ATIVO;CRISTIANÓPOLIS;Dia 25;NÃO;SUPERMERCADO;191;BRONZE
SUPERMERCADO FLORESTA;557725,41;0;0;5458,36;1503,42;671;571;33;172;41;137;28,53;130,42;1516,15;168,16;9;2023;129;ATIVO;CRISTIANÓPOLIS;Dia 25;NÃO;SUPERMERCADO;191;BRONZE
SUPERMERCADO FORMOSINHA;341717,43;0;0;12920,53;1536,28;757;289;266;0;569;569;92,84;427,11;282,65;9282,52;10;2023;291;INATIVO;FORMOSA;Dia 15;NÃO;SUPERMERCADO;57;BRONZE
SUPERMERCADO FORMOSINHA;333684,46;0;0;17672,11;1388,11;844;356;328;0;624;624;44,98;207,37;259,5;12244,78;7;2023;325;INATIVO;FORMOSA;Dia 15;NÃO;SUPERMERCADO;57;BRONZE
SUPERMERCADO FORMOSINHA;322524,91;0;0;2348,93;340,71;136;66;57;15;158;162;152,3;702,98;31,6;1633,26;12;2023;47;INATIVO;FORMOSA;Dia 15;NÃO;SUPERMERCADO;57;BRONZE
SUPERMERCADO FORMOSINHA;299476,24;0;0;9227,45;1052,84;730;426;271;0;526;528;68,53;314,36;176,36;5407,02;11;2023;275;INATIVO;FORMOSA;Dia 15;NÃO;SUPERMERCADO;57;BRONZE
SUPERMERCADO FORMOSINHA;235015,03;0;0;1083,79;200,93;116;62;52;15;140;149;101,99;470,24;23,48;863,92;1;2024;38;INATIVO;FORMOSA;Dia 15;NÃO;SUPERMERCADO;57;BRONZE
SUPERMERCADO FREITAS;855591,63;51163,72;0;7594,9;656,05;139;33;2;214;2111;244;3571,96;17805,75;7,39;281,8;7;2026;101;ATIVO;TRINDADE;Dia 30;SIM;SUPERMERCADO;244;BRONZE
SUPERMERCADO FREITAS;817169,07;84247,45;1714,24;8776,87;854,72;141;41;10;214;33;51;217,4;1120,12;64,81;167,94;5;2026;116;ATIVO;TRINDADE;Dia 30;SIM;SUPERMERCADO;244;BRONZE
SUPERMERCADO FREITAS;805762,41;48039,17;2103,33;4427,58;798,9;224;65;10;214;1820;295;2170,3;10858,13;8,01;244,7;6;2026;162;ATIVO;TRINDADE;Dia 30;SIM;SUPERMERCADO;244;BRONZE
SUPERMERCADO FREITAS;773629,2;55430,37;9,23;7713,32;475,98;116;32;6;214;38;58;221,84;1144,96;0;120,65;4;2026;101;ATIVO;TRINDADE;Dia 30;SIM;SUPERMERCADO;244;BRONZE
SUPERMERCADO FRIBURGUER;501379,98;0;0;352,62;435,68;95;44;21;347;0;0;0;0;0;0;7;2024;24;INATIVO;GOIÂNIA;Dia 20;NÃO;SUPERMERCADO;61;BRONZE
SUPERMERCADO FRIBURGUER;474528,12;0;0;435,52;640,16;135;42;27;0;0;0;0;0;0;0;12;2024;83;INATIVO;GOIÂNIA;Dia 20;NÃO;SUPERMERCADO;61;BRONZE
SUPERMERCADO FRIBURGUER;461631,95;0;0;334,43;105,28;86;34;25;334;0;0;0;0;0;0;6;2024;96;INATIVO;GOIÂNIA;Dia 20;NÃO;SUPERMERCADO;61;BRONZE
SUPERMERCADO FRIBURGUER;451972,55;0;0;700,33;147,15;125;44;38;339;0;0;0;0;0;0;3;2024;46;INATIVO;GOIÂNIA;Dia 20;NÃO;SUPERMERCADO;61;BRONZE
SUPERMERCADO FRIBURGUER;451083,46;0;0;820,24;65,77;113;34;29;325;0;0;0;0;0;0;11;2023;515;INATIVO;GOIÂNIA;Dia 20;NÃO;SUPERMERCADO;61;BRONZE
SUPERMERCADO FRIBURGUER;451036,94;0;0;647,96;210,33;134;58;51;342;0;0;0;0;0;0;4;2024;76;INATIVO;GOIÂNIA;Dia 20;NÃO;SUPERMERCADO;61;BRONZE
SUPERMERCADO FRIBURGUER;449601,34;0;0;327,8;101,03;101;37;34;342;0;0;0;0;0;0;5;2024;66;INATIVO;GOIÂNIA;Dia 20;NÃO;SUPERMERCADO;61;BRONZE
SUPERMERCADO FRIBURGUER;448177,4;0;0;1390,88;338,87;276;56;48;326;0;0;0;0;0;0;8;2023;271;INATIVO;GOIÂNIA;Dia 20;NÃO;SUPERMERCADO;61;BRONZE
SUPERMERCADO FRIBURGUER;425815,68;0;0;368,95;83,75;97;38;30;343;0;0;0;0;0;0;1;2024;59;INATIVO;GOIÂNIA;Dia 20;NÃO;SUPERMERCADO;61;BRONZE
SUPERMERCADO FRIBURGUER;421307,44;0;0;547,69;90,96;107;33;33;296;0;0;0;0;0;0;9;2023;226;INATIVO;GOIÂNIA;Dia 20;NÃO;SUPERMERCADO;61;BRONZE
SUPERMERCADO FRIBURGUER;421141,83;0;0;559,31;108,25;123;35;32;341;0;0;0;0;0;0;2;2024;26;INATIVO;GOIÂNIA;Dia 20;NÃO;SUPERMERCADO;61;BRONZE
SUPERMERCADO FRIBURGUER;417728,4;0;0;190,46;238,92;102;24;19;329;0;0;0;0;0;0;11;2024;57;INATIVO;GOIÂNIA;Dia 20;NÃO;SUPERMERCADO;61;BRONZE
SUPERMERCADO FRIBURGUER;416985,14;0;0;393,82;52,7;95;37;30;358;0;0;0;0;0;0;12;2023;31;INATIVO;GOIÂNIA;Dia 20;NÃO;SUPERMERCADO;61;BRONZE
SUPERMERCADO FRIBURGUER;415276,56;0;0;586,79;709,38;129;30;22;0;0;0;0;0;0;0;5;2025;11;INATIVO;GOIÂNIA;Dia 20;NÃO;SUPERMERCADO;61;BRONZE
SUPERMERCADO FRIBURGUER;414166,78;0;0;425,2;877,9;132;51;25;0;0;0;0;0;0;0;8;2025;447;INATIVO;GOIÂNIA;Dia 20;NÃO;SUPERMERCADO;61;BRONZE
SUPERMERCADO FRIBURGUER;409608,94;0;0;3208,43;306,02;420;43;35;326;0;0;0;0;0;0;6;2023;574;INATIVO;GOIÂNIA;Dia 20;NÃO;SUPERMERCADO;61;BRONZE
SUPERMERCADO FRIBURGUER;396676,52;0;0;1303,8;283,01;308;47;43;328;0;0;0;0;0;0;7;2023;552;INATIVO;GOIÂNIA;Dia 20;NÃO;SUPERMERCADO;61;BRONZE
SUPERMERCADO FRIBURGUER;395333,34;0;0;394,51;821,55;113;29;18;0;0;0;0;0;0;0;1;2025;104;INATIVO;GOIÂNIA;Dia 20;NÃO;SUPERMERCADO;61;BRONZE
SUPERMERCADO FRIBURGUER;394991,89;0;0;211,95;144,22;105;33;23;319;0;0;0;0;0;0;9;2024;40;INATIVO;GOIÂNIA;Dia 20;NÃO;SUPERMERCADO;61;BRONZE
SUPERMERCADO FRIBURGUER;390884,43;0;0;245,41;224,27;109;28;22;330;0;0;0;0;0;0;10;2024;40;INATIVO;GOIÂNIA;Dia 20;NÃO;SUPERMERCADO;61;BRONZE
SUPERMERCADO FRIBURGUER;390390,35;0;0;348,56;665,83;130;56;28;0;0;0;0;0;0;0;10;2025;434;INATIVO;GOIÂNIA;Dia 20;NÃO;SUPERMERCADO;61;BRONZE
SUPERMERCADO FRIBURGUER;376910,54;0;0;685,46;74,92;104;46;40;313;0;0;0;0;0;0;10;2023;408;INATIVO;GOIÂNIA;Dia 20;NÃO;SUPERMERCADO;61;BRONZE
SUPERMERCADO FRIBURGUER;371038,11;0;0;339,49;694,83;120;26;23;0;0;0;0;0;0;0;7;2025;3;INATIVO;GOIÂNIA;Dia 20;NÃO;SUPERMERCADO;61;BRONZE
SUPERMERCADO FRIBURGUER;362384,11;0;0;374,55;685,13;117;35;27;0;0;0;0;0;0;0;2;2025;105;INATIVO;GOIÂNIA;Dia 20;NÃO;SUPERMERCADO;61;BRONZE
SUPERMERCADO FRIBURGUER;355406,66;0;0;380,25;665,71;106;30;23;0;0;0;0;0;0;0;3;2025;104;INATIVO;GOIÂNIA;Dia 20;NÃO;SUPERMERCADO;61;BRONZE
SUPERMERCADO FRIBURGUER;349424,69;0;0;357,54;668,1;109;28;23;0;0;0;0;0;0;0;4;2025;4;INATIVO;GOIÂNIA;Dia 20;NÃO;SUPERMERCADO;61;BRONZE
SUPERMERCADO FRIBURGUER;348930,01;0;0;303,61;551,15;102;21;18;0;0;0;0;0;0;0;6;2025;3;INATIVO;GOIÂNIA;Dia 20;NÃO;SUPERMERCADO;61;BRONZE
SUPERMERCADO FRIBURGUER;343163,65;0;0;799,29;169,38;104;30;19;317;0;0;0;0;0;0;8;2024;37;INATIVO;GOIÂNIA;Dia 20;NÃO;SUPERMERCADO;61;BRONZE
SUPERMERCADO GARCIA;1737393,97;0;0;1513,42;1418,07;180;82;23;126;1718;2;938,17;4321,52;1046,36;24903,51;5;2026;132;ATIVO;COCALZINHO DE GOIÁS;Dia 30;NÃO;SUPERMERCADO;32;PRATA
SUPERMERCADO GARCIA;1572101,84;0;0;780,13;905,44;327;87;29;126;1079;1447;0;2291,21;142,86;6658,6;6;2026;120;ATIVO;COCALZINHO DE GOIÁS;Dia 30;NÃO;SUPERMERCADO;32;PRATA
SUPERMERCADO GIRASSOL;266416,84;0;0;376,25;371,4;173;61;27;60;84;94;368,63;1531;22,65;374,24;12;2023;400;INATIVO;APARECIDA DE GOIÂNIA;Dia 10;NÃO;SUPERMERCADO;46;BRONZE
SUPERMERCADO GIRASSOL;251784,77;0;0;97,57;389,59;65;40;2;33;38;39;319,4;1334,94;11,87;105,01;3;2024;63;INATIVO;APARECIDA DE GOIÂNIA;Dia 10;NÃO;SUPERMERCADO;46;BRONZE
SUPERMERCADO GIRASSOL;249830,12;0;0;357,78;357,48;169;62;27;406;94;117;338,99;1413,95;27,51;348,79;9;2023;527;INATIVO;APARECIDA DE GOIÂNIA;Dia 10;NÃO;SUPERMERCADO;46;BRONZE
SUPERMERCADO GIRASSOL;245245,77;0;0;202,45;208,18;135;71;15;40;71;75;305,81;1271,65;20,37;173,95;1;2024;286;INATIVO;APARECIDA DE GOIÂNIA;Dia 10;NÃO;SUPERMERCADO;46;BRONZE
SUPERMERCADO GIRASSOL;234484,22;0;0;84,63;163,4;56;32;1;31;37;39;296,11;1232,86;12,18;118,53;2;2024;54;INATIVO;APARECIDA DE GOIÂNIA;Dia 10;NÃO;SUPERMERCADO;46;BRONZE
SUPERMERCADO GIRASSOL;227667,55;0;0;210,03;2038,88;1992;17;0;29;54;55;281,75;1179,49;10,65;271,74;4;2024;56;INATIVO;APARECIDA DE GOIÂNIA;Dia 10;NÃO;SUPERMERCADO;46;BRONZE
SUPERMERCADO GLOBO;2668113,68;72058,25;8646,99;102,22;186,77;15;8;0;0;46;51;54,56;251,58;45,73;817,71;12;2025;10;ATIVO;APARECIDA DE GOIÂNIA;Dia 25;SIM;SUPERMERCADO;207;PRATA
SUPERMERCADO GLOBO;2563512,55;68475,29;8217,03;14,05;10,95;4;3;0;0;32;34;13,88;63,67;53,8;216,02;12;2024;1;ATIVO;APARECIDA DE GOIÂNIA;Dia 25;SIM;SUPERMERCADO;207;PRATA
SUPERMERCADO GLOBO;2505994,71;76963,96;9218,09;28,95;391,27;47;8;1;0;28;29;43,41;202,15;10,38;75,75;5;2026;28;ATIVO;APARECIDA DE GOIÂNIA;Dia 25;NÃO;SUPERMERCADO;207;PRATA
SUPERMERCADO GLOBO;2471006,73;77588,88;9310,67;20,46;485,45;17;10;0;0;24;24;86,02;397;21,17;16,32;6;2026;37;ATIVO;APARECIDA DE GOIÂNIA;Dia 25;NÃO;SUPERMERCADO;207;PRATA
SUPERMERCADO GLOBO;2446492,28;74239,41;8908,73;80,56;28,78;12;3;0;0;19;21;49,29;226,82;28,08;1227,76;10;2025;4;ATIVO;APARECIDA DE GOIÂNIA;Dia 25;SIM;SUPERMERCADO;207;PRATA
SUPERMERCADO GLOBO;2443792,37;78167,8;9327,29;54,51;19,71;7;5;0;7;13;130;13,46;62,03;6,65;0;7;2026;14;ATIVO;APARECIDA DE GOIÂNIA;Dia 25;NÃO;SUPERMERCADO;207;PRATA
SUPERMERCADO GLOBO;2430155,16;73934,99;8872,2;4,49;29,39;7;8;1;0;46;47;39,14;180,21;69,67;333,01;8;2025;5;ATIVO;APARECIDA DE GOIÂNIA;Dia 25;SIM;SUPERMERCADO;207;PRATA
SUPERMERCADO GLOBO;2417784,07;70785,31;8416,48;243,57;13,2;21;4;0;0;49;51;48,78;224,05;51,77;506,92;5;2025;18;ATIVO;APARECIDA DE GOIÂNIA;Dia 25;SIM;SUPERMERCADO;207;PRATA
SUPERMERCADO GLOBO;2414250,68;69636,56;0;102,44;140,37;22;4;1;0;24;24;49,9;233,14;14,44;69,18;4;2026;58;ATIVO;APARECIDA DE GOIÂNIA;Dia 25;NÃO;SUPERMERCADO;207;PRATA
SUPERMERCADO GLOBO;2393405,24;43518,17;5222,18;101,19;159,17;14;9;0;0;33;38;34,72;161,81;36,96;4,73;3;2026;11;ATIVO;APARECIDA DE GOIÂNIA;Dia 25;SIM;SUPERMERCADO;207;PRATA
SUPERMERCADO GLOBO;2388202,74;70067,53;8408,1;89,61;23,48;11;4;0;0;19;22;50,42;231,52;21,87;446,68;11;2025;9;ATIVO;APARECIDA DE GOIÂNIA;Dia 25;SIM;SUPERMERCADO;207;PRATA
SUPERMERCADO GLOBO;2369078,13;71220,95;8546,51;99,21;213,69;13;9;0;0;43;45;59,61;277,01;66,29;541,43;1;2026;9;ATIVO;APARECIDA DE GOIÂNIA;Dia 25;SIM;SUPERMERCADO;207;PRATA
SUPERMERCADO GLOBO;2364797,21;72511,77;8701,41;29,06;10,88;6;4;0;0;40;43;8,43;38,79;71,97;180,12;3;2025;4;ATIVO;APARECIDA DE GOIÂNIA;Dia 25;SIM;SUPERMERCADO;207;PRATA
SUPERMERCADO GLOBO;2341682,83;72319,99;8678,4;42,47;19,27;14;6;1;0;48;48;45,7;210,02;69,03;224,77;6;2025;8;ATIVO;APARECIDA DE GOIÂNIA;Dia 25;SIM;SUPERMERCADO;207;PRATA
SUPERMERCADO GLOBO;2335245,08;67480,61;7839,91;282,07;14,91;7;3;0;13;30;33;12,58;56,88;57,7;157,43;11;2024;3;ATIVO;APARECIDA DE GOIÂNIA;Dia 25;SIM;SUPERMERCADO;207;PRATA
SUPERMERCADO GLOBO;2328783,03;71053,02;8526,36;1,99;48,93;7;10;1;0;45;48;54,85;252,37;79,68;194,88;7;2025;5;ATIVO;APARECIDA DE GOIÂNIA;Dia 25;SIM;SUPERMERCADO;207;PRATA
SUPERMERCADO GLOBO;2317861,59;67097,35;7727,68;445,6;12,14;17;3;0;0;44;46;43,27;199,09;75,88;256,94;4;2025;14;ATIVO;APARECIDA DE GOIÂNIA;Dia 25;SIM;SUPERMERCADO;207;PRATA
SUPERMERCADO GLOBO;2286133,29;69047,39;7895,3976;712,12;57,57;15;2;0;13;24;28;14,45;64,01;58,83;36,85;10;2024;9;ATIVO;APARECIDA DE GOIÂNIA;Dia 25;SIM;SUPERMERCADO;207;PRATA
SUPERMERCADO GLOBO;2273132,53;71930,73;8631,69;55,36;63,17;7;4;0;0;29;30;54,44;250,82;20,67;855,67;9;2025;50;ATIVO;APARECIDA DE GOIÂNIA;Dia 25;SIM;SUPERMERCADO;207;PRATA
SUPERMERCADO GLOBO;2257156,14;57534,34;5753,43;240,12;212,52;14;7;2;136;16;25;8,29;38,05;6,93;808,94;12;2023;6;ATIVO;APARECIDA DE GOIÂNIA;Dia 25;SIM;SUPERMERCADO;207;PRATA
SUPERMERCADO GLOBO;2229457,31;70504,57;8460,55;55,91;10,64;12;4;0;0;29;33;13,14;60,64;30,7;286,64;1;2025;5;ATIVO;APARECIDA DE GOIÂNIA;Dia 25;SIM;SUPERMERCADO;207;PRATA
SUPERMERCADO GLOBO;2210603,08;64104,26;5781,6;91,84;91,84;14;6;0;0;36;38;28,82;134,78;29,65;230,85;2;2026;8;ATIVO;APARECIDA DE GOIÂNIA;Dia 25;SIM;SUPERMERCADO;207;PRATA
SUPERMERCADO GLOBO;2188296,54;61158,74;6115,87;330,2;16,01;10;14;0;119;20;23;21,15;102,9;33,98;22,33;3;2024;6;ATIVO;APARECIDA DE GOIÂNIA;Dia 25;SIM;SUPERMERCADO;207;PRATA
SUPERMERCADO GLOBO;2160160,23;64142,11;7697,05;1319,33;156,13;36;20;1;100;49;55;7,41;34,12;82,39;341,64;5;2024;11;ATIVO;APARECIDA DE GOIÂNIA;Dia 25;SIM;SUPERMERCADO;207;PRATA
SUPERMERCADO GLOBO;2145715,61;68250,88;8190,11;79,22;47,23;30;14;0;103;58;62;75,41;347,24;31,77;466,79;8;2024;15;ATIVO;APARECIDA DE GOIÂNIA;Dia 25;SIM;SUPERMERCADO;207;PRATA
SUPERMERCADO GLOBO;2133657,71;49975,57;37,37;15144,37;4924,08;1148;142;45;423;317;2064;1179,75;5451,41;403,53;2071,92;12;2022;0;ATIVO;APARECIDA DE GOIÂNIA;Dia 25;SIM;SUPERMERCADO;207;PRATA
SUPERMERCADO GLOBO;2117046,67;63982,81;7654,21;943,52;30,59;9;1;0;13;39;44;4,15;18,9;22;113,8;9;2024;3;ATIVO;APARECIDA DE GOIÂNIA;Dia 25;SIM;SUPERMERCADO;207;PRATA
SUPERMERCADO GLOBO;2116419,66;64264,22;7711,71;56,88;8,79;8;3;0;0;36;40;5,82;26,92;45,25;153,47;2;2025;4;ATIVO;APARECIDA DE GOIÂNIA;Dia 25;SIM;SUPERMERCADO;207;PRATA
SUPERMERCADO GLOBO;2088604,28;69811,97;8329,86;199,04;309,58;57;17;2;104;93;98;142,81;657,47;29,63;3243,71;7;2024;32;ATIVO;APARECIDA DE GOIÂNIA;Dia 25;SIM;SUPERMERCADO;207;PRATA
SUPERMERCADO GLOBO;2073322,67;68443,35;8158,27;341,57;25,66;52;14;3;108;90;95;87,98;402,41;33,54;795,16;6;2024;27;ATIVO;APARECIDA DE GOIÂNIA;Dia 25;SIM;SUPERMERCADO;207;PRATA
SUPERMERCADO GLOBO;2064181,89;55041,54;5504,15;123,41;336,73;20;8;3;133;17;24;9,96;45,93;9,57;51,9;1;2024;18;ATIVO;APARECIDA DE GOIÂNIA;Dia 25;SIM;SUPERMERCADO;207;PRATA
SUPERMERCADO GLOBO;2037469,89;61241,97;5936,68;2109,3;187,64;55;18;2;113;37;42;4,59;21,59;65,73;152,26;4;2024;19;ATIVO;APARECIDA DE GOIÂNIA;Dia 25;SIM;SUPERMERCADO;207;PRATA
SUPERMERCADO GLOBO;2037421,62;58987,82;5898,78;398,08;48,17;20;8;0;0;53;66;18,92;87,07;106,91;350,5;10;2023;15;ATIVO;APARECIDA DE GOIÂNIA;Dia 25;SIM;SUPERMERCADO;207;PRATA
SUPERMERCADO GLOBO;2018901,79;63995,07;5720,54;2292,51;89,73;43;14;9;0;120;219;23,51;108,29;211,39;2602,65;7;2023;35;ATIVO;APARECIDA DE GOIÂNIA;Dia 25;SIM;SUPERMERCADO;207;PRATA
SUPERMERCADO GLOBO;2005016,51;0;0;14055,43;6278,61;1147;199;46;411;298;1646;872,97;4061,3;266,38;1629,06;10;2022;0;ATIVO;APARECIDA DE GOIÂNIA;Dia 25;NÃO;SUPERMERCADO;207;PRATA
SUPERMERCADO GLOBO;1987738,14;57333,31;5733,33;149,6;112,83;22;11;2;132;29;37;18,34;84,31;46,18;40,66;2;2024;14;ATIVO;APARECIDA DE GOIÂNIA;Dia 25;SIM;SUPERMERCADO;207;PRATA
SUPERMERCADO GLOBO;1978343,8;56182,46;5618,25;308,41;41,38;37;10;5;0;68;93;35,73;164,51;261,5;573,09;9;2023;53;ATIVO;APARECIDA DE GOIÂNIA;Dia 25;SIM;SUPERMERCADO;207;PRATA
SUPERMERCADO GLOBO;1960067,79;59575,08;5957,51;802,48;83,33;66;24;9;0;118;189;26,97;124,08;182,92;2129,59;8;2023;77;ATIVO;APARECIDA DE GOIÂNIA;Dia 25;SIM;SUPERMERCADO;207;PRATA
SUPERMERCADO GLOBO;1952980,65;55222,81;5522,28;2549,15;552,69;104;71;44;407;482;1953;167,11;801;101,08;13543,52;4;2023;259;ATIVO;APARECIDA DE GOIÂNIA;Dia 25;SIM;SUPERMERCADO;207;PRATA
SUPERMERCADO GLOBO;1950616,7;58403,38;3475,17;3450,59;190,79;89;41;25;9;544;556;431,74;2005,38;189,48;67076,19;5;2023;160;ATIVO;APARECIDA DE GOIÂNIA;Dia 25;SIM;SUPERMERCADO;207;PRATA
SUPERMERCADO GLOBO;1943221,85;56613,69;5661,37;104,3;30,54;26;10;0;0;39;44;13,64;61,46;30;693,8;11;2023;19;ATIVO;APARECIDA DE GOIÂNIA;Dia 25;SIM;SUPERMERCADO;207;PRATA
SUPERMERCADO GLOBO;1876967,88;62164,83;3336,35;3495,3;65,58;48;10;5;0;97;201;63,83;293,95;94,1;1892,25;6;2023;29;ATIVO;APARECIDA DE GOIÂNIA;Dia 25;SIM;SUPERMERCADO;207;PRATA
SUPERMERCADO GLOBO;1854403,69;54554,6;0;19725,21;383,45;1005;2013;17;412;298;2013;213,17;1098,74;260,51;4726,5;1;2023;300;ATIVO;APARECIDA DE GOIÂNIA;Dia 25;SIM;SUPERMERCADO;207;PRATA
SUPERMERCADO GLOBO;1772527,94;31412,08;125,86;16922,74;118,86;831;11;21;412;201;1954;95,74;469,36;67,4;1433,33;2;2023;66;ATIVO;APARECIDA DE GOIÂNIA;Dia 25;SIM;SUPERMERCADO;207;PRATA
SUPERMERCADO GLOBO;1500464,51;46761,27;4676,13;328,95;317,81;43;75;3;399;143;1863;87,17;423,03;52,4;503,11;3;2023;48;ATIVO;APARECIDA DE GOIÂNIA;Dia 25;SIM;SUPERMERCADO;207;PRATA
SUPERMERCADO GOIABÃO CRUZEIRO;1347200,71;0;0;3101,62;295,73;133;337;2;0;77;142;30,36;141,82;7,03;302,49;11;2023;190;INATIVO;GOIÂNIA;Dia 10;NÃO;SUPERMERCADO;81;OURO
SUPERMERCADO GOIABÃO CRUZEIRO;1332001,84;0;0;24,16;301,76;22;22;6;13;23;60;31,15;143,78;0;41,91;11;2024;25;INATIVO;GOIÂNIA;Dia 10;NÃO;SUPERMERCADO;81;OURO
SUPERMERCADO GOIABÃO CRUZEIRO;1214734,43;0;0;35,39;199,22;19;13;3;16;10;54;35,69;164,03;0;35,12;8;2024;67;INATIVO;GOIÂNIA;Dia 10;NÃO;SUPERMERCADO;81;OURO
SUPERMERCADO GOIABÃO CRUZEIRO;1161368,72;0;0;75,5;76,21;21;10;4;17;10;48;18,52;84,3;0;14,56;9;2024;41;INATIVO;GOIÂNIA;Dia 10;NÃO;SUPERMERCADO;81;OURO
SUPERMERCADO GOIABÃO CRUZEIRO;1158145,54;0;0;13,19;278,99;22;23;6;11;31;66;21,93;100,38;2,59;57,2;12;2024;39;INATIVO;GOIÂNIA;Dia 10;NÃO;SUPERMERCADO;81;OURO
SUPERMERCADO GOIABÃO CRUZEIRO;1143883,11;0;0;7598,05;1487,24;355;227;33;0;267;329;662,32;3057,1;4,71;900,6;10;2023;336;INATIVO;GOIÂNIA;Dia 10;NÃO;SUPERMERCADO;81;OURO
SUPERMERCADO GOIABÃO CRUZEIRO;1140303,56;0;0;36,32;57,66;12;7;1;16;20;63;10,78;50,3;0;69,35;10;2024;41;INATIVO;GOIÂNIA;Dia 10;NÃO;SUPERMERCADO;81;OURO
SUPERMERCADO GOIABÃO CRUZEIRO;1115368,99;0;0;235,22;18,72;51;80;3;17;12;56;24,03;110,37;0,2;34,09;4;2024;73;INATIVO;GOIÂNIA;Dia 10;NÃO;SUPERMERCADO;81;OURO
SUPERMERCADO GOIABÃO CRUZEIRO;1113470,78;0;0;116,43;194,2;35;16;4;17;24;72;21,25;98,38;0;50,73;6;2024;134;INATIVO;GOIÂNIA;Dia 10;NÃO;SUPERMERCADO;81;OURO
SUPERMERCADO GOIABÃO CRUZEIRO;1110762,18;0;0;177,16;94,48;44;14;6;0;70;107;47,78;221,65;2,88;331,8;2;2025;69;INATIVO;GOIÂNIA;Dia 10;NÃO;SUPERMERCADO;81;OURO
SUPERMERCADO GOIABÃO CRUZEIRO;1105327,51;0;0;2058,22;10765,77;357;59;55;0;238;387;530,94;2450,96;6,4;1933,88;8;2023;331;INATIVO;GOIÂNIA;Dia 10;NÃO;SUPERMERCADO;81;OURO
SUPERMERCADO GOIABÃO CRUZEIRO;1101940,28;0;0;153,28;14,7;28;61;3;14;15;63;7,38;34,65;0;22,1;5;2024;102;INATIVO;GOIÂNIA;Dia 10;NÃO;SUPERMERCADO;81;OURO
SUPERMERCADO GOIABÃO CRUZEIRO;1095656,99;0;0;183,45;90,56;28;229;2;25;33;83;8,31;39,41;4,52;158,35;12;2023;81;INATIVO;GOIÂNIA;Dia 10;NÃO;SUPERMERCADO;81;OURO
SUPERMERCADO GOIABÃO CRUZEIRO;1086124,5;0;0;95,85;211,41;59;22;7;0;38;71;18,46;85,14;2,59;148,52;1;2025;80;INATIVO;GOIÂNIA;Dia 10;NÃO;SUPERMERCADO;81;OURO
SUPERMERCADO GOIABÃO CRUZEIRO;1065706,08;0;0;135,37;67,87;22;160;3;17;25;72;49,94;231,72;15,09;30,3;3;2024;43;INATIVO;GOIÂNIA;Dia 10;NÃO;SUPERMERCADO;81;OURO
SUPERMERCADO GOIABÃO CRUZEIRO;1025706,72;0;0;259,46;215,72;58;35;2;23;74;117;1849,68;8520,4;4,9;179,45;7;2024;91;INATIVO;GOIÂNIA;Dia 10;NÃO;SUPERMERCADO;81;OURO
SUPERMERCADO GOIABÃO CRUZEIRO;966297,5;0;0;125,11;17,83;14;157;3;22;21;66;1,82;8,46;0;26,49;1;2024;72;INATIVO;GOIÂNIA;Dia 10;NÃO;SUPERMERCADO;81;OURO
SUPERMERCADO GOIABÃO CRUZEIRO;950118,77;0;0;2,51;44,31;5;126;0;18;9;55;18,03;85,39;0;9,13;2;2024;53;INATIVO;GOIÂNIA;Dia 10;NÃO;SUPERMERCADO;81;OURO
SUPERMERCADO GOIABÃO GOIÁ;3030250;0;0;337,77;1619,72;69;28;12;0;54;54;81,23;372,81;0;356,68;12;2025;78;ATIVO;GOIÂNIA;Dia 10;NÃO;SUPERMERCADO;258;OURO
SUPERMERCADO GOIABÃO GOIÁ;2975228,95;0;0;6872,38;1324,52;317;97;36;0;298;318;230,62;1072,42;451,14;4096,25;5;2026;142;ATIVO;GOIÂNIA;Dia 10;NÃO;SUPERMERCADO;258;OURO
SUPERMERCADO GOIABÃO GOIÁ;2887918,15;0;0;10,1;7,2;4;4;0;10;2;2;99,72;459,37;0;3,22;8;2026;2;ATIVO;GOIÂNIA;Dia 10;NÃO;SUPERMERCADO;258;OURO
SUPERMERCADO GOIABÃO GOIÁ;2845496,82;0;0;1639,69;903,07;261;64;25;0;201;214;123,43;571,06;110,37;1031,84;6;2026;145;ATIVO;GOIÂNIA;Dia 10;NÃO;SUPERMERCADO;258;OURO
SUPERMERCADO GOIABÃO GOIÁ;2818706,35;0;0;55,61;82,85;19;13;1;6;8;8;17,92;82,57;0;16,2;7;2026;6;ATIVO;GOIÂNIA;Dia 10;NÃO;SUPERMERCADO;258;OURO
SUPERMERCADO GOIABÃO GOIÁ;2786603,55;0;0;293,01;120,65;28;9;2;0;54;54;37,44;172,32;7,77;1367,74;3;2026;28;ATIVO;GOIÂNIA;Dia 10;NÃO;SUPERMERCADO;258;OURO
SUPERMERCADO GOIABÃO GOIÁ;2781835,14;0;0;13436,68;761,78;362;88;34;0;292;307;239,42;1104,76;201,46;2582,72;4;2026;196;ATIVO;GOIÂNIA;Dia 10;NÃO;SUPERMERCADO;258;OURO
SUPERMERCADO GOIABÃO GOIÁ;2612193,8;0;0;719,21;719,21;55;11;1;0;59;61;50,28;230,05;0,92;406,77;2;2026;62;ATIVO;GOIÂNIA;Dia 10;NÃO;SUPERMERCADO;258;OURO
SUPERMERCADO GOIABÃO GOIÁ;2601748,28;0;0;6942,9;2925,36;212;295;15;3;237;462;284,93;1320,43;173,84;4746,76;7;2023;940;ATIVO;GOIÂNIA;Dia 10;NÃO;SUPERMERCADO;258;OURO
SUPERMERCADO GOIABÃO GOIÁ;2587837,38;0;0;506,2;1382,68;77;29;13;0;66;68;77,99;357,78;0;296,8;1;2026;78;ATIVO;GOIÂNIA;Dia 10;NÃO;SUPERMERCADO;258;OURO
SUPERMERCADO GOIABÃO GOIÁ;2494734,76;0;0;93,62;1022,34;37;38;11;0;58;33;20,75;96,67;0;298,12;10;2025;44;ATIVO;GOIÂNIA;Dia 10;NÃO;SUPERMERCADO;258;OURO
SUPERMERCADO GOIABÃO GOIÁ;2443977,88;0;0;110,8;355,04;27;23;5;0;104;124;101,58;468,95;17,24;879,81;8;2025;33;ATIVO;GOIÂNIA;Dia 10;NÃO;SUPERMERCADO;258;OURO
SUPERMERCADO GOIABÃO GOIÁ;2367373,97;0;0;133,64;262,31;30;28;3;0;85;106;97,78;452,16;2,92;687,24;5;2025;46;ATIVO;GOIÂNIA;Dia 10;NÃO;SUPERMERCADO;258;OURO
SUPERMERCADO GOIABÃO GOIÁ;2255812,16;0;0;314,87;171,51;25;31;4;0;76;96;54,12;248,78;38,74;903,23;4;2025;46;ATIVO;GOIÂNIA;Dia 10;NÃO;SUPERMERCADO;258;OURO
SUPERMERCADO GOIABÃO GOIÁ;2247618,58;0;0;36,91;325,91;17;23;5;0;95;117;159,39;737,63;22,42;834,33;7;2025;33;ATIVO;GOIÂNIA;Dia 10;NÃO;SUPERMERCADO;258;OURO
SUPERMERCADO GOIABÃO GOIÁ;2209266,4;0;0;66,13;78,72;19;20;1;0;91;114;80,76;371,98;12,3;594,76;6;2025;20;ATIVO;GOIÂNIA;Dia 10;NÃO;SUPERMERCADO;258;OURO
SUPERMERCADO GOIABÃO GOIÁ;2179875,65;0;0;197,76;184,49;24;29;5;0;74;101;74,59;344,82;28,77;561,33;3;2025;27;ATIVO;GOIÂNIA;Dia 10;NÃO;SUPERMERCADO;258;OURO
SUPERMERCADO GOIABÃO GOIÁ;2151866,14;0;0;15,17;136,37;30;27;7;0;30;126;69,38;321,41;73,2;760,01;12;2024;52;ATIVO;GOIÂNIA;Dia 10;NÃO;SUPERMERCADO;258;OURO
SUPERMERCADO GOIABÃO GOIÁ;1928509,33;0;0;8,02;83,43;27;27;0;0;89;116;70,7;325,68;42,1;801,92;1;2025;52;ATIVO;GOIÂNIA;Dia 10;NÃO;SUPERMERCADO;258;OURO
SUPERMERCADO GOIABÃO GOIÁ;1917852,15;0;0;160,7;147,22;50;37;11;30;96;122;74,47;344,14;54,79;700,68;11;2024;58;ATIVO;GOIÂNIA;Dia 10;NÃO;SUPERMERCADO;258;OURO
SUPERMERCADO GOIABÃO GOIÁ;1908165,26;0;0;239,85;552,16;29;74;9;28;11;42;164,96;765,88;0;95,1;5;2024;39;ATIVO;GOIÂNIA;Dia 10;NÃO;SUPERMERCADO;258;OURO
SUPERMERCADO GOIABÃO GOIÁ;1903502,98;0;0;28,88;149,78;22;18;3;0;96;125;74,34;344,51;32,82;640,8;2;2025;30;ATIVO;GOIÂNIA;Dia 10;NÃO;SUPERMERCADO;258;OURO
SUPERMERCADO GOIABÃO GOIÁ;1894548,31;0;0;345,79;608,79;57;26;7;25;64;93;103,36;470,56;12,48;564,46;8;2024;59;ATIVO;GOIÂNIA;Dia 10;NÃO;SUPERMERCADO;258;OURO
SUPERMERCADO GOIABÃO GOIÁ;1893041,68;0;0;32,93;355,28;34;117;25;37;42;71;38,91;179,39;18,85;390,79;12;2023;77;ATIVO;GOIÂNIA;Dia 10;NÃO;SUPERMERCADO;258;OURO
SUPERMERCADO GOIABÃO GOIÁ;1862883,95;0;0;425,91;233,03;46;36;9;33;55;79;65,62;304,11;0;516,13;10;2024;59;ATIVO;GOIÂNIA;Dia 10;NÃO;SUPERMERCADO;258;OURO
SUPERMERCADO GOIABÃO GOIÁ;1862143,97;0;0;1,34;64,97;10;73;7;37;9;34;20,91;96,28;0;36,22;3;2024;41;ATIVO;GOIÂNIA;Dia 10;NÃO;SUPERMERCADO;258;OURO
SUPERMERCADO GOIABÃO GOIÁ;1825826,6;0;0;195,78;171,44;29;71;7;26;18;48;89,29;409,14;14,5;26,55;6;2024;38;ATIVO;GOIÂNIA;Dia 10;NÃO;SUPERMERCADO;258;OURO
SUPERMERCADO GOIABÃO GOIÁ;1769568,27;0;0;491,12;452,29;81;50;7;25;63;88;62,98;287,46;0;712,71;9;2024;50;ATIVO;GOIÂNIA;Dia 10;NÃO;SUPERMERCADO;258;OURO
SUPERMERCADO GOIABÃO GOIÁ;1766566,42;0;0;336,18;92,92;87;84;12;28;21;49;101,15;467,06;3,38;105,04;4;2024;79;ATIVO;GOIÂNIA;Dia 10;NÃO;SUPERMERCADO;258;OURO
SUPERMERCADO GOIABÃO GOIÁ;1758401,35;0;0;534,9;323,81;38;78;5;26;17;44;39,58;174,08;5;90,25;7;2024;58;ATIVO;GOIÂNIA;Dia 10;NÃO;SUPERMERCADO;258;OURO
SUPERMERCADO GOIABÃO GOIÁ;1707926,19;0;0;90,02;51,84;21;57;9;36;20;57;14,58;67,31;5,52;168,21;2;2024;30;ATIVO;GOIÂNIA;Dia 10;NÃO;SUPERMERCADO;258;OURO
SUPERMERCADO GOIABÃO GOIÁ;1702584,29;0;0;3877,58;836,88;243;160;22;35;198;224;832,74;3872,79;34,12;811,13;10;2023;776;ATIVO;GOIÂNIA;Dia 10;NÃO;SUPERMERCADO;258;OURO
SUPERMERCADO GOIABÃO GOIÁ;1693630,44;0;0;3739,27;1216,75;255;164;36;1;209;244;1105,76;5118,72;88,01;1485,61;8;2023;636;ATIVO;GOIÂNIA;Dia 10;NÃO;SUPERMERCADO;258;OURO
SUPERMERCADO GOIABÃO GOIÁ;1689317,02;0;0;99,7;166,13;40;76;12;37;40;79;16,22;74,57;7,82;234,8;1;2024;81;ATIVO;GOIÂNIA;Dia 10;NÃO;SUPERMERCADO;258;OURO
SUPERMERCADO GOIABÃO GOIÁ;1658256,98;0;0;1517,05;229,57;71;130;34;30;42;69;23,83;109,12;11,46;290,95;11;2023;127;ATIVO;GOIÂNIA;Dia 10;NÃO;SUPERMERCADO;258;OURO
SUPERMERCADO GOIABÃO OESTE;2619753,94;0;0;818,82;49,75;28;16;8;0;61;67;322,3;1488,4;0;670,85;3;2026;26;ATIVO;GOIÂNIA;Dia 10;NÃO;SUPERMERCADO;259;OURO
SUPERMERCADO GOIABÃO OESTE;2562958,3;0;0;1095,29;1128,68;461;149;33;0;420;46;403,46;1861,24;419,66;6611,62;5;2026;228;ATIVO;GOIÂNIA;Dia 10;NÃO;SUPERMERCADO;259;OURO
SUPERMERCADO GOIABÃO OESTE;2506872,59;0;0;202,71;909,74;49;51;23;0;35;62;38,38;177,48;0;241,05;11;2025;30;ATIVO;GOIÂNIA;Dia 10;NÃO;SUPERMERCADO;259;OURO
SUPERMERCADO GOIABÃO OESTE;2498363,72;0;0;227,54;854,64;53;51;23;0;38;67;41,78;192,44;0;520,51;12;2025;23;ATIVO;GOIÂNIA;Dia 10;NÃO;SUPERMERCADO;259;OURO
SUPERMERCADO GOIABÃO OESTE;2494734,76;0;0;93,62;1022,34;37;38;11;0;33;58;20,75;96,67;0;298,12;10;2025;44;ATIVO;GOIÂNIA;Dia 10;NÃO;SUPERMERCADO;259;OURO
SUPERMERCADO GOIABÃO OESTE;2463592,96;0;0;994,66;635,97;420;110;32;0;364;392;220,09;1011,12;379,34;4335,02;6;2026;225;ATIVO;GOIÂNIA;Dia 10;NÃO;SUPERMERCADO;259;OURO
SUPERMERCADO GOIABÃO OESTE;2459905,13;0;0;41,78;0;7;7;3;11;20;20;54,28;249,59;0;22,18;8;2026;3;ATIVO;GOIÂNIA;Dia 10;NÃO;SUPERMERCADO;259;OURO
SUPERMERCADO GOIABÃO OESTE;2407050,31;0;0;417,17;347,98;78;46;18;0;80;102;215,57;997,28;0;629,55;1;2026;53;ATIVO;GOIÂNIA;Dia 10;NÃO;SUPERMERCADO;259;OURO
SUPERMERCADO GOIABÃO OESTE;2379177,54;0;0;419,85;195,78;34;20;2;58;73;73;16,49;75,46;68,67;5140,71;7;2026;13;ATIVO;GOIÂNIA;Dia 10;NÃO;SUPERMERCADO;259;OURO
SUPERMERCADO GOIABÃO OESTE;2309988,07;0;0;1049,78;307,32;71;38;17;0;72;80;114,55;532,08;0;534,53;2;2026;60;ATIVO;GOIÂNIA;Dia 10;NÃO;SUPERMERCADO;259;OURO
SUPERMERCADO GOIABÃO OESTE;2253901,66;0;0;172,01;963,77;33;25;3;0;80;103;42,07;195,83;7,32;887,31;9;2025;45;ATIVO;GOIÂNIA;Dia 10;NÃO;SUPERMERCADO;259;OURO
SUPERMERCADO GOIABÃO VERA CRUZ;3885112,16;0;0;1420,23;2360,63;46;15;8;0;40;78;51;230,17;4,53;683,18;12;2025;44;ATIVO;GOIÂNIA;Dia 10;NÃO;SUPERMERCADO;260;OURO
SUPERMERCADO GOIABÃO VERA CRUZ;3742874,26;0;0;1752,82;478,5;72;29;12;0;56;54;42,63;198,68;17,93;932,37;5;2026;36;ATIVO;GOIÂNIA;Dia 10;NÃO;SUPERMERCADO;260;OURO
SUPERMERCADO GOIABÃO VERA CRUZ;3695967,54;0;0;79,64;983,43;57;27;0;0;69;113;158,76;734,38;0;1260,67;12;2024;42;ATIVO;GOIÂNIA;Dia 10;NÃO;SUPERMERCADO;260;OURO
SUPERMERCADO GOIABÃO VERA CRUZ;3648677,1;0;0;851,03;308,21;57;28;4;0;81;79;33,01;150,06;76,92;906,64;3;2026;47;ATIVO;GOIÂNIA;Dia 10;NÃO;SUPERMERCADO;260;OURO
SUPERMERCADO GOIABÃO VERA CRUZ;3615892,96;0;0;1184,87;1145,96;63;19;1;0;68;66;43,29;201,4;7,29;662,8;4;2026;52;ATIVO;GOIÂNIA;Dia 10;NÃO;SUPERMERCADO;260;OURO
SUPERMERCADO GOIABÃO VERA CRUZ;3614146,15;0;0;1093,69;110,56;38;22;4;0;69;111;203,8;940,96;0;1398,93;4;2025;34;ATIVO;GOIÂNIA;Dia 10;NÃO;SUPERMERCADO;260;OURO
SUPERMERCADO GOIABÃO VERA CRUZ;3607071,8;0;0;113,48;642,33;55;33;10;0;56;97;109,77;508,94;0;653,86;8;2025;30;ATIVO;GOIÂNIA;Dia 10;NÃO;SUPERMERCADO;260;OURO
SUPERMERCADO GOIABÃO VERA CRUZ;3598644,05;0;0;44,69;27,11;11;9;3;12;21;19;114,74;528,45;15;16,93;8;2026;2;ATIVO;GOIÂNIA;Dia 10;NÃO;SUPERMERCADO;260;OURO
SUPERMERCADO GOIABÃO VERA CRUZ;3596410,98;0;0;850,31;2483,41;32;31;0;0;26;64;46,84;211,11;0;271,97;10;2025;28;ATIVO;GOIÂNIA;Dia 10;NÃO;SUPERMERCADO;260;OURO
SUPERMERCADO GOIABÃO VERA CRUZ;3565472,41;0;0;1811,17;27,28;33;9;18;0;47;45;32,67;152,07;24,72;245,79;6;2026;22;ATIVO;GOIÂNIA;Dia 10;NÃO;SUPERMERCADO;260;OURO
SUPERMERCADO GOIABÃO VERA CRUZ;3485352,16;0;0;49,3;24,83;19;12;5;10;34;32;42,43;195,22;11,41;112,87;7;2026;3;ATIVO;GOIÂNIA;Dia 10;NÃO;SUPERMERCADO;260;OURO
SUPERMERCADO GOIABÃO VERA CRUZ;3471691,33;0;0;1181,63;605,51;32;19;0;0;57;101;147,26;679,64;0;1375,6;3;2025;35;ATIVO;GOIÂNIA;Dia 10;NÃO;SUPERMERCADO;260;OURO
SUPERMERCADO GOIABÃO VERA CRUZ;3462291,65;0;0;164,78;206,37;40;25;3;0;79;113;143,68;664,82;0,7;761,58;5;2025;35;ATIVO;GOIÂNIA;Dia 10;NÃO;SUPERMERCADO;260;OURO
SUPERMERCADO GOIABÃO VERA CRUZ;3455538,56;0;0;1783,3;520,26;65;23;7;0;59;100;125,86;585,07;0;711,83;9;2025;33;ATIVO;GOIÂNIA;Dia 10;NÃO;SUPERMERCADO;260;OURO
SUPERMERCADO GOIABÃO VERA CRUZ;3449398,32;0;0;7,31;405,59;25;6;0;0;69;109;121,92;570,59;0;700,89;7;2025;7;ATIVO;GOIÂNIA;Dia 10;NÃO;SUPERMERCADO;260;OURO
SUPERMERCADO GOIABÃO VERA CRUZ;3427713,47;0;0;38,26;408,7;45;16;2;0;30;60;27,99;129,4;0;536,5;11;2025;37;ATIVO;GOIÂNIA;Dia 10;NÃO;SUPERMERCADO;260;OURO
SUPERMERCADO GOIABÃO VERA CRUZ;3384216,9;0;0;494,77;979,2;124;57;9;0;84;111;56,02;260,92;16,37;529,43;1;2026;111;ATIVO;GOIÂNIA;Dia 10;NÃO;SUPERMERCADO;260;OURO
SUPERMERCADO GOIABÃO VERA CRUZ;3365979,82;0;0;95,86;123,88;24;19;1;0;70;111;267,21;1233,36;0,4;873,36;6;2025;23;ATIVO;GOIÂNIA;Dia 10;NÃO;SUPERMERCADO;260;OURO
SUPERMERCADO GOIABÃO VERA CRUZ;3311624,85;0;0;138,56;567,17;64;28;0;0;67;104;132,06;610,63;0;1213,34;1;2025;52;ATIVO;GOIÂNIA;Dia 10;NÃO;SUPERMERCADO;260;OURO
SUPERMERCADO GOIABÃO VERA CRUZ;3302587,47;0;0;534,01;1484,27;60;446;8;28;39;83;297,42;1389,06;13,23;135,57;12;2023;60;ATIVO;GOIÂNIA;Dia 10;NÃO;SUPERMERCADO;260;OURO
SUPERMERCADO GOIABÃO VERA CRUZ;3298934,02;0;0;586,44;4969,08;68;42;6;0;54;53;37,91;176,85;30,51;451,16;2;2026;71;ATIVO;GOIÂNIA;Dia 10;NÃO;SUPERMERCADO;260;OURO
SUPERMERCADO GOIABÃO VERA CRUZ;3217920,34;0;0;19,33;271,03;26;18;0;26;20;63;123,16;567,37;0;398,02;11;2024;22;ATIVO;GOIÂNIA;Dia 10;NÃO;SUPERMERCADO;260;OURO
SUPERMERCADO GOIABÃO VERA CRUZ;3162828,46;0;0;827,98;443,92;40;23;2;25;30;70;132,69;601,81;0;454,88;10;2024;50;ATIVO;GOIÂNIA;Dia 10;NÃO;SUPERMERCADO;260;OURO
SUPERMERCADO GOIABÃO VERA CRUZ;3151122,94;0;0;866,48;1170,32;62;27;9;15;37;75;341,31;1589,02;59,81;56,79;5;2024;122;ATIVO;GOIÂNIA;Dia 10;NÃO;SUPERMERCADO;260;OURO
SUPERMERCADO GOIABÃO VERA CRUZ;3145801,1;0;0;253,55;521,07;35;23;0;0;64;110;126,52;585,07;0;1341,8;2;2025;35;ATIVO;GOIÂNIA;Dia 10;NÃO;SUPERMERCADO;260;OURO
SUPERMERCADO GOIABÃO VERA CRUZ;3078270,46;0;0;799,32;165,55;34;359;2;22;22;64;96,33;443,81;12,88;128,69;3;2024;15;ATIVO;GOIÂNIA;Dia 10;NÃO;SUPERMERCADO;260;OURO
SUPERMERCADO GOIABÃO VERA CRUZ;3030989,13;0;0;2737,17;429,68;73;44;18;25;42;82;131,92;615;18,94;134,48;8;2024;73;ATIVO;GOIÂNIA;Dia 10;NÃO;SUPERMERCADO;260;OURO
SUPERMERCADO GOIABÃO VERA CRUZ;2954003,61;0;0;1666,19;504,13;40;31;4;25;36;78;195,55;887,08;4,17;348,45;9;2024;50;ATIVO;GOIÂNIA;Dia 10;NÃO;SUPERMERCADO;260;OURO
SUPERMERCADO GOIABÃO VERA CRUZ;2920145,47;0;0;355,55;542,45;42;22;9;25;38;73;261,57;1215,72;32,12;277,41;6;2024;122;ATIVO;GOIÂNIA;Dia 10;NÃO;SUPERMERCADO;260;OURO
SUPERMERCADO GOIABÃO VERA CRUZ;2889645,99;0;0;6510;1125,43;205;367;3;18;26;67;176,13;817,28;4,06;72,02;4;2024;54;ATIVO;GOIÂNIA;Dia 10;NÃO;SUPERMERCADO;260;OURO
SUPERMERCADO GOIABÃO VERA CRUZ;2887048,03;0;0;263,46;273,84;54;405;6;31;38;82;99,69;467,38;12,94;42,25;1;2024;77;ATIVO;GOIÂNIA;Dia 10;NÃO;SUPERMERCADO;260;OURO
SUPERMERCADO GOIABÃO VERA CRUZ;2872879,75;0;0;773,34;237,46;78;480;8;31;86;134;272,05;1256,2;12,3;650,97;11;2023;99;ATIVO;GOIÂNIA;Dia 10;NÃO;SUPERMERCADO;260;OURO
SUPERMERCADO GOIABÃO VERA CRUZ;2870964,26;0;0;964,11;237;23;18;5;25;30;70;78,54;362,96;5;214,03;7;2024;32;ATIVO;GOIÂNIA;Dia 10;NÃO;SUPERMERCADO;260;OURO
SUPERMERCADO GOIABÃO VERA CRUZ;2867279,85;0;0;522,31;349,8;39;372;1;26;19;60;103,02;474,37;2,22;172,14;2;2024;27;ATIVO;GOIÂNIA;Dia 10;NÃO;SUPERMERCADO;260;OURO
SUPERMERCADO GOIABÃO VERA CRUZ;2832854,17;0;0;3747,16;895,13;168;621;7;33;217;270;444,52;2055,94;63,81;3016,7;10;2023;374;ATIVO;GOIÂNIA;Dia 10;NÃO;SUPERMERCADO;260;OURO
SUPERMERCADO GOIABÃO VERA CRUZ;2792018,76;0;0;6949,89;3359,3;205;826;13;3;222;430;332,4;1547;235,39;6133,94;8;2023;926;ATIVO;GOIÂNIA;Dia 10;NÃO;SUPERMERCADO;260;OURO
SUPERMERCADO GOIÁS;2658851,31;0;0;105,08;154,46;141;17;2;49;30;33;1,72;12,11;51,69;694,29;12;2023;99;ATIVO;CAMPOS BELOS;Dia 15;NÃO;SUPERMERCADO;132;PRATA
SUPERMERCADO GOIÁS;2423716,05;0;0;128,62;307;168;27;2;37;74;77;32,34;158,26;63,26;165,61;7;2024;230;ATIVO;CAMPOS BELOS;Dia 15;NÃO;SUPERMERCADO;132;PRATA
SUPERMERCADO GOIÁS;2383727,78;0;0;157,53;297,31;381;33;6;43;70;76;47,37;224,71;70,08;520,3;3;2024;174;ATIVO;CAMPOS BELOS;Dia 15;NÃO;SUPERMERCADO;132;PRATA
SUPERMERCADO GOIÁS;2372631,92;0;0;1348,96;2076,91;82;40;2;1;89;89;154,97;843,23;1,2;106,05;7;2026;504;ATIVO;CAMPOS BELOS;Dia 15;NÃO;SUPERMERCADO;132;PRATA
SUPERMERCADO GOIÁS;2292952,81;0;0;545,74;140,1;217;13;3;0;39;41;1241,8;5713,96;3,5;149,62;7;2023;261;ATIVO;CAMPOS BELOS;Dia 15;NÃO;SUPERMERCADO;132;PRATA
SUPERMERCADO GOIÁS;2292564,48;0;0;2848,59;6111,15;613;296;14;0;149;156;1409,61;6535,49;72,09;659;5;2023;1332;ATIVO;CAMPOS BELOS;Dia 15;NÃO;SUPERMERCADO;132;PRATA
SUPERMERCADO GOIÁS;2280711,31;0;0;23,74;78,6;89;8;1;50;28;33;3,6;20,95;30,26;446,47;1;2024;99;ATIVO;CAMPOS BELOS;Dia 15;NÃO;SUPERMERCADO;132;PRATA
SUPERMERCADO GOIÁS;2242571,82;0;0;130,43;553,94;171;38;3;36;72;78;49,46;238,13;32,85;784,45;6;2024;256;ATIVO;CAMPOS BELOS;Dia 15;NÃO;SUPERMERCADO;132;PRATA
SUPERMERCADO GOIÁS;2226005,52;0;0;2201,25;2803,35;1000;174;16;342;138;147;1242,46;5748,93;18,86;260,8;6;2023;1129;ATIVO;CAMPOS BELOS;Dia 15;NÃO;SUPERMERCADO;132;PRATA
SUPERMERCADO GOIÁS;2206643,2;0;0;126,64;725,58;157;30;5;42;65;75;40,23;189,34;30,29;717,88;4;2024;197;ATIVO;CAMPOS BELOS;Dia 15;NÃO;SUPERMERCADO;132;PRATA
SUPERMERCADO GOIÁS;2201408,92;0;0;569,33;246,2;260;27;6;1;49;27;22,39;105,82;30,73;289,98;9;2023;235;ATIVO;CAMPOS BELOS;Dia 15;NÃO;SUPERMERCADO;132;PRATA
SUPERMERCADO GOIÁS;2199378,07;0;0;650,53;255,48;258;25;7;0;41;52;693,61;3191,4;19,29;318,29;8;2023;230;ATIVO;CAMPOS BELOS;Dia 15;NÃO;SUPERMERCADO;132;PRATA
SUPERMERCADO GOIÁS;2191472,3;0;0;3191,84;2205,87;94;46;2;1;98;98;163,03;889,98;26,13;1460,06;8;2026;523;ATIVO;CAMPOS BELOS;Dia 15;NÃO;SUPERMERCADO;132;PRATA
SUPERMERCADO GOIÁS;2173803,27;0;0;1233,21;2543,22;88;52;3;1;98;98;165,16;898,36;7,48;177,34;5;2026;521;ATIVO;CAMPOS BELOS;Dia 15;NÃO;SUPERMERCADO;132;PRATA
SUPERMERCADO GOIÁS;2153166,81;0;0;77,16;242,39;147;35;5;4;61;64;37,12;176,94;41,36;486,24;2;2024;169;ATIVO;CAMPOS BELOS;Dia 15;NÃO;SUPERMERCADO;132;PRATA
SUPERMERCADO GOIÁS;2150228,04;0;0;2381,98;4580,28;506;179;8;0;133;133;275,34;1266,77;38,24;611,37;3;2023;1210;ATIVO;CAMPOS BELOS;Dia 15;NÃO;SUPERMERCADO;132;PRATA
SUPERMERCADO GOIÁS;2132459,72;0;0;659,62;2801,42;92;50;4;1;98;98;166,87;888,39;1,87;133,84;6;2026;529;ATIVO;CAMPOS BELOS;Dia 15;NÃO;SUPERMERCADO;132;PRATA
SUPERMERCADO GOIÁS;2130005,2;0;0;36,12;65,16;93;6;1;0;30;32;1,15;6,7;23,06;458,55;11;2023;62;ATIVO;CAMPOS BELOS;Dia 15;NÃO;SUPERMERCADO;132;PRATA
SUPERMERCADO GOIÁS;2125512,03;0;0;116,24;105,46;116;7;2;0;32;42;4,81;26,79;4,52;129,08;10;2023;152;ATIVO;CAMPOS BELOS;Dia 15;NÃO;SUPERMERCADO;132;PRATA
SUPERMERCADO GOIÁS;2024471,85;0;0;654,34;2442,99;93;52;2;1;85;85;150,79;804,93;0;91,37;3;2026;513;ATIVO;CAMPOS BELOS;Dia 15;NÃO;SUPERMERCADO;132;PRATA
SUPERMERCADO GOIÁS;767414,46;0;0;140,35;202,84;177;30;1;38;72;77;23,6;109,44;26,82;160,54;5;2024;238;ATIVO;CAMPOS BELOS;Dia 15;NÃO;SUPERMERCADO;132;PRATA
SUPERMERCADO GOIÁS MAIS;1301953,11;0;0;123,78;815,15;82;28;2;0;38;63;78,47;361,69;1,02;134,37;6;2026;27;ATIVO;PLANALTINA;Dia 30;NÃO;SUPERMERCADO;213;PRATA
SUPERMERCADO GOIÁS MAIS;1291345,49;0;0;888,84;3395,22;291;84;5;0;131;160;182,59;843,53;25,32;925,6;12;2025;107;ATIVO;PLANALTINA;Dia 30;NÃO;SUPERMERCADO;213;PRATA
SUPERMERCADO GOIÁS MAIS;1257099,85;0;0;317,49;1319,05;175;171;5;0;141;172;128,24;592,63;14,71;168,3;4;2026;97;ATIVO;PLANALTINA;Dia 30;NÃO;SUPERMERCADO;213;PRATA
SUPERMERCADO GOIÁS MAIS;1218579,17;0;0;2195,03;4165,51;372;261;39;40;76;97;394,18;1814,11;8,76;1678,59;12;2023;262;ATIVO;PLANALTINA;Dia 30;NÃO;SUPERMERCADO;213;PRATA
SUPERMERCADO GOIÁS MAIS;1186388,61;0;0;198,49;2507,58;140;69;5;0;127;153;481,49;2226,12;41,51;243,18;12;2024;87;ATIVO;PLANALTINA;Dia 30;NÃO;SUPERMERCADO;213;PRATA
SUPERMERCADO GOIÁS MAIS;1179478,34;0;0;448,97;871,25;180;54;8;0;169;198;476,39;2194,44;35,34;2849,32;5;2025;58;ATIVO;PLANALTINA;Dia 30;NÃO;SUPERMERCADO;213;PRATA
SUPERMERCADO GOIÁS MAIS;1167542,37;0;0;206,89;1155,1;137;178;7;0;92;140;107,17;497;34,6;328,8;3;2026;94;ATIVO;PLANALTINA;Dia 30;NÃO;SUPERMERCADO;213;PRATA
SUPERMERCADO GOIÁS MAIS;1165409,08;0;0;534,37;817,82;316;103;37;28;96;118;302,84;1397,91;14,68;259,72;5;2024;100;ATIVO;PLANALTINA;Dia 30;NÃO;SUPERMERCADO;213;PRATA
SUPERMERCADO GOIÁS MAIS;1158424,05;0;0;450,84;1870,23;262;78;4;0;126;147;108,21;499,77;17,43;584,48;1;2026;98;ATIVO;PLANALTINA;Dia 30;NÃO;SUPERMERCADO;213;PRATA
SUPERMERCADO GOIÁS MAIS;1146807,99;0;0;430,39;780,39;177;71;14;0;186;211;1261,9;5826,99;10,08;2838,19;3;2025;68;ATIVO;PLANALTINA;Dia 30;NÃO;SUPERMERCADO;213;PRATA
SUPERMERCADO GOIÁS MAIS;1140814,85;0;0;638,13;5037,52;256;66;9;0;199;233;817,06;3766,16;118,92;519,53;8;2025;80;ATIVO;PLANALTINA;Dia 30;NÃO;SUPERMERCADO;213;PRATA
SUPERMERCADO GOIÁS MAIS;1130466,73;0;0;319,59;1118,64;220;151;74;37;59;82;158,02;726,25;0;51,24;3;2024;110;ATIVO;PLANALTINA;Dia 30;NÃO;SUPERMERCADO;213;PRATA
SUPERMERCADO GOIÁS MAIS;1111575,38;0;0;763,65;2910,05;265;86;6;0;133;164;172,71;739,34;22,27;771,48;11;2025;100;ATIVO;PLANALTINA;Dia 30;NÃO;SUPERMERCADO;213;PRATA
SUPERMERCADO GOIÁS MAIS;1108023,95;0;0;189,7;747,51;153;50;7;0;171;199;647,2;2985,02;48,53;469,55;6;2025;60;ATIVO;PLANALTINA;Dia 30;NÃO;SUPERMERCADO;213;PRATA
SUPERMERCADO GOIÁS MAIS;1100426,51;0;0;244,02;3771,43;204;48;9;0;199;230;808,72;3724,85;55,07;480,69;7;2025;59;ATIVO;PLANALTINA;Dia 30;NÃO;SUPERMERCADO;213;PRATA
SUPERMERCADO GOIÁS MAIS;1096974,21;0;0;402,67;1389,04;184;58;14;0;173;203;974,4;4489,26;46,68;2371,17;4;2025;58;ATIVO;PLANALTINA;Dia 30;NÃO;SUPERMERCADO;213;PRATA
SUPERMERCADO GOIÁS MAIS;1095947,91;0;0;609,08;1940,62;376;107;31;24;122;152;183,52;845,54;23,56;67,13;6;2024;121;ATIVO;PLANALTINA;Dia 30;NÃO;SUPERMERCADO;213;PRATA
SUPERMERCADO GOIÁS MAIS;1068140,75;0;0;117,64;497,53;109;51;6;0;46;69;35,06;163,56;19,57;97,95;2;2026;49;ATIVO;PLANALTINA;Dia 30;NÃO;SUPERMERCADO;213;PRATA
SUPERMERCADO GOIÁS MAIS;1067299,3;0;0;430,84;1772,35;197;60;2;0;85;111;117,87;543,91;5;313,64;10;2025;65;ATIVO;PLANALTINA;Dia 30;NÃO;SUPERMERCADO;213;PRATA
SUPERMERCADO GOIÁS MAIS;1061479,14;0;0;219,42;773,62;111;38;5;21;62;78;87,18;403,19;6,38;16,92;7;2024;42;ATIVO;PLANALTINA;Dia 30;NÃO;SUPERMERCADO;213;PRATA
SUPERMERCADO GOIÁS MAIS;1057880,76;0;0;8442,41;11096,81;1167;629;406;0;478;508;1133,18;5217,76;53,74;6420,05;10;2023;744;ATIVO;PLANALTINA;Dia 30;NÃO;SUPERMERCADO;213;PRATA
SUPERMERCADO GOIÁS MAIS;1053490,94;0;0;540,31;1142,6;188;72;16;0;153;179;510,18;2357,18;11,55;218,25;2;2025;80;ATIVO;PLANALTINA;Dia 30;NÃO;SUPERMERCADO;213;PRATA
SUPERMERCADO GOIÁS MAIS;1050637,98;0;0;3392,4;7305,03;442;327;44;38;83;104;464,71;2133,21;3,98;2721,91;1;2024;323;ATIVO;PLANALTINA;Dia 30;NÃO;SUPERMERCADO;213;PRATA
SUPERMERCADO GOIÁS MAIS;1043676,69;0;0;587,17;3133,6;269;68;4;0;201;233;473,75;2182,49;57,39;382,17;9;2025;89;ATIVO;PLANALTINA;Dia 30;NÃO;SUPERMERCADO;213;PRATA
SUPERMERCADO GOIÁS MAIS;1043630;0;0;994,1;1016,89;126;49;37;0;58;81;199,41;919,33;7,84;233,81;11;2023;44;ATIVO;PLANALTINA;Dia 30;NÃO;SUPERMERCADO;213;PRATA
SUPERMERCADO GOIÁS MAIS;1037742,3;0;0;247,71;3109,65;186;74;10;0;124;149;561,37;2593,53;4,35;88,17;1;2025;94;ATIVO;PLANALTINA;Dia 30;NÃO;SUPERMERCADO;213;PRATA
SUPERMERCADO GOIÁS MAIS;1036325,85;0;0;534,69;1197,76;518;143;58;33;98;118;197,8;911,52;5,08;109,01;4;2024;120;ATIVO;PLANALTINA;Dia 30;NÃO;SUPERMERCADO;213;PRATA
SUPERMERCADO GOIÁS MAIS;1030379,78;0;0;13709,77;15836,44;1282;721;438;0;498;543;1276,69;5882,46;52,62;10466,89;9;2023;803;ATIVO;PLANALTINA;Dia 30;NÃO;SUPERMERCADO;213;PRATA
SUPERMERCADO GOIÁS MAIS;1022205,1;0;0;462,88;900,58;161;46;9;21;68;94;306,93;1417,77;20,43;39,03;10;2024;63;ATIVO;PLANALTINA;Dia 30;NÃO;SUPERMERCADO;213;PRATA
SUPERMERCADO GOIÁS MAIS;1021849,53;0;0;379,63;2069,79;137;48;6;20;45;71;227,24;1039,71;10,83;607,62;8;2024;52;ATIVO;PLANALTINA;Dia 30;NÃO;SUPERMERCADO;213;PRATA
SUPERMERCADO GOIÁS MAIS;1016128,73;0;0;341,61;2298,08;165;47;6;21;55;77;164,19;759,7;37,08;47,9;9;2024;51;ATIVO;PLANALTINA;Dia 30;NÃO;SUPERMERCADO;213;PRATA
SUPERMERCADO GOIÁS MAIS;1014052,42;0;0;1348,92;1277,07;291;230;33;38;75;92;122,44;564,27;0;266,36;2;2024;221;ATIVO;PLANALTINA;Dia 30;NÃO;SUPERMERCADO;213;PRATA
SUPERMERCADO GOIÁS MAIS;1001994,63;0;0;533,69;1316,29;171;80;4;0;93;117;401,86;1859,21;4,72;112,94;11;2024;97;ATIVO;PLANALTINA;Dia 30;NÃO;SUPERMERCADO;213;PRATA
SUPERMERCADO GOIÁS MAIS;935495,7;0;0;10490,9;14350,29;1196;940;410;0;300;337;673,81;3107,52;63,32;1853,83;8;2023;729;ATIVO;PLANALTINA;Dia 30;NÃO;SUPERMERCADO;213;PRATA
SUPERMERCADO GOIAZ;1106045,2;57915,27;6351,29;1037,22;147,57;88;44;28;0;174;63;10,12;117,83;35,8;312,43;5;2025;279;ATIVO;CALDAS NOVAS;Dia 10;SIM;SUPERMERCADO;107;INATIVO
SUPERMERCADO GOIAZ;1079129,9;52762,78;5154,83;737,19;197,06;78;34;26;0;182;65;23,71;189,38;54,58;520,2;4;2025;295;ATIVO;CALDAS NOVAS;Dia 10;SIM;SUPERMERCADO;107;INATIVO
SUPERMERCADO GOIAZ;975117,66;50562,63;5853,56;439,39;105,99;53;20;8;0;135;37;2,54;71,38;10,18;50,49;6;2025;99;ATIVO;CALDAS NOVAS;Dia 10;SIM;SUPERMERCADO;107;INATIVO
SUPERMERCADO GOIAZ;947584,36;51602,7;5159,21;5191,05;2722,39;552;483;460;0;656;659;201,67;1008,51;53,05;393,2;3;2025;351;ATIVO;CALDAS NOVAS;Dia 10;SIM;SUPERMERCADO;107;INATIVO
SUPERMERCADO GOIAZ;828281,75;39562,43;4072,64;3571,84;3373,93;690;497;484;0;626;588;394,92;1887,01;46,25;527,84;2;2025;226;ATIVO;CALDAS NOVAS;Dia 10;SIM;SUPERMERCADO;107;INATIVO
SUPERMERCADO GOIAZ (1-80);558191,76;19818,58;1992,83;809,78;825,75;76;31;22;0;146;148;123,61;506,15;3,33;483,23;10;2025;100;INATIVO;CALDAS NOVAS;Dia 10;SIM;SUPERMERCADO;52;INATIVO
SUPERMERCADO GOIAZ (1-80);466939,01;12366,05;1483,93;115,89;3,28;3;0;0;0;22;7;1,64;9,67;5,48;1,02;7;2025;5;INATIVO;CALDAS NOVAS;Dia 10;SIM;SUPERMERCADO;52;INATIVO
SUPERMERCADO GOIAZ (1-80);459460,8;13389,03;1605,02;55,2;11,43;11;2;1;0;5;5;0,89;3,76;0;1,06;8;2025;141;INATIVO;CALDAS NOVAS;Dia 10;SIM;SUPERMERCADO;52;INATIVO
SUPERMERCADO GOIAZ (1-80);255415,41;15230,22;1352,66;1065,42;177,55;88;38;6;0;119;132;87,01;389,33;1,85;147,11;9;2025;131;INATIVO;CALDAS NOVAS;Dia 10;SIM;SUPERMERCADO;52;INATIVO
SUPERMERCADO GOIAZ (2-60);675691,07;50297,99;5774,54;436,81;17,97;10;4;2;0;57;5;2,91;39,7;4,62;0;8;2025;95;INATIVO;CALDAS NOVAS;Dia 10;SIM;SUPERMERCADO;53;INATIVO
SUPERMERCADO GOIAZ (2-60);670118,59;48865,86;5626,15;400,87;22,94;8;5;2;0;79;1;2,76;54,29;0;0;7;2025;21;INATIVO;CALDAS NOVAS;Dia 10;SIM;SUPERMERCADO;53;INATIVO
SUPERMERCADO GOIAZ (2-60);320026,29;21176,56;2059;1675,9;460,18;48;13;5;0;113;125;40,82;180,93;2,22;69,8;9;2025;137;INATIVO;CALDAS NOVAS;Dia 10;SIM;SUPERMERCADO;53;INATIVO
SUPERMERCADO GOMES;938824,5;0;0;45,16;32,16;11;7;0;82;8;10;1,38;6,28;0;45,5;7;2026;6;ATIVO;PIRENÓPOLIS;Dia 10;NÃO;SUPERMERCADO;108;PRATA
SUPERMERCADO GOMES;861686,48;0;0;63,86;19,35;9;2;2;0;8;10;5,7;26,06;0;6,71;1;2026;4;ATIVO;PIRENÓPOLIS;Dia 10;NÃO;SUPERMERCADO;108;PRATA
SUPERMERCADO GOMES;821809,51;0;0;0;0;2;1;0;2;1;3;0,31;1,44;0;0;8;2026;1;ATIVO;PIRENÓPOLIS;Dia 10;NÃO;SUPERMERCADO;108;PRATA
SUPERMERCADO GOMES;819898,9;0;0;78,76;46,39;19;9;1;0;9;11;52,52;241,98;4,1;3,71;5;2026;9;ATIVO;PIRENÓPOLIS;Dia 10;NÃO;SUPERMERCADO;108;PRATA
SUPERMERCADO GOMES;815885,43;0;0;102,51;50,98;20;6;0;0;7;10;4,81;21,97;0;3,29;6;2026;12;ATIVO;PIRENÓPOLIS;Dia 10;NÃO;SUPERMERCADO;108;PRATA
SUPERMERCADO GOMES;803708,59;0;0;29,47;10,65;10;0;0;0;7;10;1,81;10,31;0;12,12;10;2025;3;ATIVO;PIRENÓPOLIS;Dia 10;NÃO;SUPERMERCADO;108;PRATA
SUPERMERCADO GOMES;794568,5;0;0;9,62;20,37;8;3;1;0;14;16;4,02;19,9;6,74;3,57;4;2026;3;ATIVO;PIRENÓPOLIS;Dia 10;NÃO;SUPERMERCADO;108;PRATA
SUPERMERCADO GOMES;786532,97;0;0;6,62;4,37;2;1;1;0;2;4;0,01;0,02;0;9,79;7;2025;0;ATIVO;PIRENÓPOLIS;Dia 10;NÃO;SUPERMERCADO;108;PRATA
SUPERMERCADO GOMES;780065,35;0;0;38,53;47,98;15;3;0;0;7;9;2,48;12,02;0,99;14,19;9;2025;8;ATIVO;PIRENÓPOLIS;Dia 10;NÃO;SUPERMERCADO;108;PRATA
SUPERMERCADO GOMES;746569,44;0;0;1,4;13,14;3;1;0;0;2;4;0,02;0,04;0;6;8;2025;1;ATIVO;PIRENÓPOLIS;Dia 10;NÃO;SUPERMERCADO;108;PRATA
SUPERMERCADO GOMES;739976,25;0;0;7,2;20,69;11;1;1;0;10;12;4,02;18,75;1,18;6,45;3;2026;2;ATIVO;PIRENÓPOLIS;Dia 10;NÃO;SUPERMERCADO;108;PRATA
SUPERMERCADO GOMES;732117,12;0;0;54,15;2,15;14;2;1;0;12;14;142,92;689,25;0;17,16;5;2025;10;ATIVO;PIRENÓPOLIS;Dia 10;NÃO;SUPERMERCADO;108;PRATA
SUPERMERCADO GOMES;729279,03;0;0;45,83;16,34;9;1;1;0;8;11;5,79;26,95;3,96;0;2;2026;4;ATIVO;PIRENÓPOLIS;Dia 10;NÃO;SUPERMERCADO;108;PRATA
SUPERMERCADO GOMES;722386,44;0;0;126,1;847,9;114;44;10;0;622;845;581,29;2685,24;87,19;225,97;1;2025;49;ATIVO;PIRENÓPOLIS;Dia 10;NÃO;SUPERMERCADO;108;PRATA
SUPERMERCADO GOMES;703357,2;0;0;68,66;1,98;12;0;0;0;12;14;2,24;10,23;12,54;28,93;4;2025;8;ATIVO;PIRENÓPOLIS;Dia 10;NÃO;SUPERMERCADO;108;PRATA
SUPERMERCADO GOMES;679655,52;0;0;27,56;4,52;6;3;2;0;3;5;599,49;2914,59;0;7,02;6;2025;3;ATIVO;PIRENÓPOLIS;Dia 10;NÃO;SUPERMERCADO;108;PRATA
SUPERMERCADO GOMES;675475;0;0;73,64;25,02;15;6;1;0;16;18;3,24;14,92;17,62;70,08;3;2025;9;ATIVO;PIRENÓPOLIS;Dia 10;NÃO;SUPERMERCADO;108;PRATA
SUPERMERCADO GOMES;609846,32;0;0;72,86;26,58;14;5;1;0;25;29;10,06;46,17;13,31;146,83;2;2025;9;ATIVO;PIRENÓPOLIS;Dia 10;NÃO;SUPERMERCADO;108;PRATA
SUPERMERCADO GRIMAUTH;382050,4;0;0;30,47;108,12;19;6;1;87;24;33;13,79;61,53;6,28;0;4;2026;17;ATIVO;JATAÍ;Dia 30;NÃO;SUPERMERCADO;240;PRATA
SUPERMERCADO GRIMAUTH;378607,25;0;0;32,88;68,45;18;3;0;0;25;32;57,53;265,31;10,91;27,61;3;2026;15;ATIVO;JATAÍ;Dia 30;NÃO;SUPERMERCADO;240;PRATA
SUPERMERCADO GRIMAUTH;374094,95;0;0;145,78;414,11;108;32;2;0;126;327;239,06;1103,14;25,23;43,66;12;2025;117;ATIVO;JATAÍ;Dia 30;NÃO;SUPERMERCADO;240;PRATA
SUPERMERCADO GRIMAUTH;346740,12;0;0;15,68;34,07;19;24;1;87;24;48;13,26;59,23;1,48;42,14;5;2026;43;ATIVO;JATAÍ;Dia 30;NÃO;SUPERMERCADO;240;PRATA
SUPERMERCADO GRIMAUTH;337568,97;0;0;17,62;57,33;19;21;1;87;32;40;15,09;68,74;0;4,02;6;2026;37;ATIVO;JATAÍ;Dia 30;NÃO;SUPERMERCADO;240;PRATA
SUPERMERCADO GRIMAUTH;313666,37;0;0;79,64;74,2;39;14;1;0;34;68;6,21;28,69;6,29;36,77;2;2026;127;ATIVO;JATAÍ;Dia 30;NÃO;SUPERMERCADO;240;PRATA
SUPERMERCADO GUANABARA ATACAREJO;889488,86;0;0;0;1,62;0;72;0;0;0;71;0;0;0;0;10;2025;0;ATIVO;GOIÂNIA;Dia 15;NÃO;SUPERMERCADO;152;PRATA
SUPERMERCADO GUANABARA ATACAREJO;745595,26;0;0;0;7,8;1;22;22;0;0;0;0;0;0;0;9;2025;0;ATIVO;GOIÂNIA;Dia 15;NÃO;SUPERMERCADO;152;PRATA
SUPERMERCADO GUANABARA ATACAREJO;333713,48;0;0;0;0;0;81;0;0;0;81;0;0;0;0;12;2025;0;ATIVO;GOIÂNIA;Dia 15;NÃO;SUPERMERCADO;152;PRATA
SUPERMERCADO GUANABARA ATACAREJO;293951,77;0;0;0;645,09;19;41;48;0;19;56;334,24;1539,22;0;0;1;2026;6;ATIVO;GOIÂNIA;Dia 15;NÃO;SUPERMERCADO;152;PRATA
SUPERMERCADO GUANABARA ATACAREJO;25068,45;0;0;62,56;172,21;6;6;44;0;15;43;45,34;208,77;0;0;3;2026;4;ATIVO;GOIÂNIA;Dia 15;NÃO;SUPERMERCADO;152;PRATA
SUPERMERCADO GUANABARA ATACAREJO;14889,66;0;0;3,62;61,17;10;5;52;0;22;50;25,51;117,39;0;0;2;2026;4;ATIVO;GOIÂNIA;Dia 15;NÃO;SUPERMERCADO;152;PRATA
SUPERMERCADO HELENA;1167455,71;0;0;16,96;17,8;15;79;1;325;26;26;63,9;304,35;15,32;46,43;12;2023;10;INATIVO;CAÇU;Dia 10;NÃO;SUPERMERCADO;51;BRONZE
SUPERMERCADO HELENA;1092758,17;50908;6108,96;12,37;64,69;17;10;1;3;7;8;44,33;222,07;1,73;2,33;12;2024;57;INATIVO;CAÇU;Dia 10;SIM;SUPERMERCADO;51;BRONZE
SUPERMERCADO HELENA;1045256,68;47764,71;5730,47;105,94;111,04;26;21;5;0;19;20;49,99;244,78;4,77;31,74;3;2025;59;INATIVO;CAÇU;Dia 10;SIM;SUPERMERCADO;51;BRONZE
SUPERMERCADO HELENA;1029657,06;0;0;38,45;279,97;30;6;1;7;24;24;124,68;585,69;13,9;19,05;3;2024;15;INATIVO;CAÇU;Dia 10;NÃO;SUPERMERCADO;51;BRONZE
SUPERMERCADO HELENA;1011609,57;48174,18;3163,34;3771,24;80,47;55;13;2;4;8;8;83,5;448,97;2,14;137,58;9;2024;55;INATIVO;CAÇU;Dia 10;SIM;SUPERMERCADO;51;BRONZE
SUPERMERCADO HELENA;997867,82;42800,97;4129,77;36,15;198,3;16;15;1;0;23;24;33,23;165,49;5,15;11,04;7;2025;13;INATIVO;CAÇU;Dia 10;SIM;SUPERMERCADO;51;BRONZE
SUPERMERCADO HELENA;991284,13;46028,51;5511,55;63,98;534,45;28;25;6;0;27;27;56,95;277,04;33,81;117,04;6;2025;51;INATIVO;CAÇU;Dia 10;SIM;SUPERMERCADO;51;BRONZE
SUPERMERCADO HELENA;966757,28;46161,24;5536,35;51,97;507,58;26;18;3;0;18;18;32,68;163,82;0;60,82;4;2025;55;INATIVO;CAÇU;Dia 10;SIM;SUPERMERCADO;51;BRONZE
SUPERMERCADO HELENA;941065,14;0;0;136,6;623,73;24;9;2;5;7;7;110,27;524,09;13,53;9,3;5;2024;14;INATIVO;CAÇU;Dia 10;NÃO;SUPERMERCADO;51;BRONZE
SUPERMERCADO HELENA;938575,77;0;0;89,89;4574,67;32;151;0;3;59;59;62,41;300,88;17,76;272,63;10;2023;38;INATIVO;CAÇU;Dia 10;NÃO;SUPERMERCADO;51;BRONZE
SUPERMERCADO HELENA;937381,07;45552,42;5466,29;6,56;24,04;13;4;1;3;6;6;32,12;167,91;1,7;4,04;11;2024;49;INATIVO;CAÇU;Dia 10;SIM;SUPERMERCADO;51;BRONZE
SUPERMERCADO HELENA;932147,55;47557,33;42,73;1351,73;324,96;43;21;2;1;21;21;35,56;183,92;18,46;418,83;8;2024;73;INATIVO;CAÇU;Dia 10;SIM;SUPERMERCADO;51;BRONZE
SUPERMERCADO HELENA;928979,81;46118,02;2874,07;3342,34;105,62;44;5;1;2;4;4;69,12;376,97;0,78;0;10;2024;55;INATIVO;CAÇU;Dia 10;SIM;SUPERMERCADO;51;BRONZE
SUPERMERCADO HELENA;912124,1;43289,13;22,4;98,24;146,11;70;17;6;2;5;5;95,9;527,05;1,36;6,15;6;2024;55;INATIVO;CAÇU;Dia 10;SIM;SUPERMERCADO;51;BRONZE
SUPERMERCADO HELENA;910873,1;0;0;566,28;3499,47;176;72;17;4;86;86;80,7;383,86;14,58;470,96;9;2023;476;INATIVO;CAÇU;Dia 10;NÃO;SUPERMERCADO;51;BRONZE
SUPERMERCADO HELENA;909902,87;0;0;16,96;18,88;11;61;0;23;20;20;51,1;244,57;2,41;9,19;1;2024;8;INATIVO;CAÇU;Dia 10;NÃO;SUPERMERCADO;51;BRONZE
SUPERMERCADO HELENA;906841,57;23512,01;8;1470,25;2444,04;53;27;5;4;18;18;31,39;162,95;60,79;17,55;7;2024;75;INATIVO;CAÇU;Dia 10;SIM;SUPERMERCADO;51;BRONZE
SUPERMERCADO HELENA;906501,01;0;0;4414,17;4867,73;243;58;22;3;126;130;101,53;512,72;29,92;760,43;7;2023;735;INATIVO;CAÇU;Dia 10;NÃO;SUPERMERCADO;51;BRONZE
SUPERMERCADO HELENA;899830,73;0;0;65,63;2408,39;31;105;1;3;38;46;45,19;213,95;9,89;124,19;11;2023;22;INATIVO;CAÇU;Dia 10;NÃO;SUPERMERCADO;51;BRONZE
SUPERMERCADO HELENA;893757,36;43215,35;5185,76;17,48;24,34;12;20;2;4;26;26;120,95;570,94;4,29;106,5;1;2025;47;INATIVO;CAÇU;Dia 10;SIM;SUPERMERCADO;51;BRONZE
SUPERMERCADO HELENA;865363,27;0;0;4738,45;4916,12;253;63;21;212;130;133;865,51;4144,61;26,29;733,07;6;2023;752;INATIVO;CAÇU;Dia 10;NÃO;SUPERMERCADO;51;BRONZE
SUPERMERCADO HELENA;851172,01;45222,36;5366,63;181,06;440,26;30;21;2;0;32;32;23,48;119,6;26,88;223,06;5;2025;50;INATIVO;CAÇU;Dia 10;SIM;SUPERMERCADO;51;BRONZE
SUPERMERCADO HELENA;822734,74;32983,02;3957,96;41,36;33,6;18;19;1;0;20;20;33,45;170,21;1,73;52,15;2;2025;55;INATIVO;CAÇU;Dia 10;SIM;SUPERMERCADO;51;BRONZE
SUPERMERCADO HELENA;822336,64;0;0;1105,52;4561,71;216;52;19;3;72;74;63,04;302,2;23,89;173,16;8;2023;676;INATIVO;CAÇU;Dia 10;NÃO;SUPERMERCADO;51;BRONZE
SUPERMERCADO HELENA;814181,6;0;0;39,04;26,03;19;5;0;11;22;22;35,71;174,42;4,52;14,66;2;2024;13;INATIVO;CAÇU;Dia 10;NÃO;SUPERMERCADO;51;BRONZE
SUPERMERCADO HELENA;807259,02;0;0;12,68;380,62;9;2;0;6;5;6;96,76;455,28;3,66;3,53;4;2024;4;INATIVO;CAÇU;Dia 10;NÃO;SUPERMERCADO;51;BRONZE
SUPERMERCADO HIPER 10;2488774,67;39084,36;4690,12;671,95;1111,62;125;6;4;0;0;0;0;0;0;0;12;2025;22;ATIVO;GOIÂNIA;Dia 10;SIM;SUPERMERCADO;124;BRONZE
SUPERMERCADO HIPER 10;2230907,72;32412,62;3889,51;1226,52;222,53;129;12;9;0;0;0;0;0;0;0;7;2026;105;ATIVO;GOIÂNIA;Dia 10;SIM;SUPERMERCADO;124;BRONZE
SUPERMERCADO HIPER 10;2064389,82;36230,15;4345,22;580,89;399,95;170;11;10;0;0;0;0;0;0;0;4;2026;7;ATIVO;GOIÂNIA;Dia 10;SIM;SUPERMERCADO;124;BRONZE
SUPERMERCADO HIPER 10;1962590,15;34206,24;4100,13;287,3;199,66;124;8;8;0;0;0;0;0;0;0;6;2026;82;ATIVO;GOIÂNIA;Dia 10;SIM;SUPERMERCADO;124;BRONZE
SUPERMERCADO HIPER 10;1904353,45;26126,63;3080,16;966,51;169,29;128;13;7;0;0;0;0;0;0;0;4;2025;15;ATIVO;GOIÂNIA;Dia 10;SIM;SUPERMERCADO;124;BRONZE
SUPERMERCADO HIPER 10;1901321,3;30590,15;3670,82;663,16;302,73;88;10;5;0;0;0;0;0;0;0;8;2026;93;ATIVO;GOIÂNIA;Dia 10;SIM;SUPERMERCADO;124;BRONZE
SUPERMERCADO HIPER 10;1889347,8;28916,06;3388,91;917,98;298,56;115;16;10;0;0;0;0;0;0;0;7;2025;14;ATIVO;GOIÂNIA;Dia 10;SIM;SUPERMERCADO;124;BRONZE
SUPERMERCADO HIPER 10;1885958,13;29892,91;3481,83;890,17;210,77;128;15;11;0;0;0;0;0;0;0;5;2025;12;ATIVO;GOIÂNIA;Dia 10;SIM;SUPERMERCADO;124;BRONZE
SUPERMERCADO HIPER 10;1881113,09;36417,89;4370,15;777,33;119,54;158;9;8;0;0;0;0;0;0;0;3;2026;10;ATIVO;GOIÂNIA;Dia 10;SIM;SUPERMERCADO;124;BRONZE
SUPERMERCADO HIPER 10;1729623,73;35141,31;4216,96;330,68;42,16;111;2;2;0;0;0;0;0;0;0;11;2025;7;ATIVO;GOIÂNIA;Dia 10;SIM;SUPERMERCADO;124;BRONZE
SUPERMERCADO HIPER 10;1723824,96;19666,64;2358,2;285,9;469,11;130;15;11;0;0;0;0;0;0;0;11;2024;45;ATIVO;GOIÂNIA;Dia 10;SIM;SUPERMERCADO;124;BRONZE
SUPERMERCADO HIPER 10;1715926,77;33996,91;4079,63;842,35;580,71;174;7;7;0;0;0;0;0;0;0;1;2026;99;ATIVO;GOIÂNIA;Dia 10;SIM;SUPERMERCADO;124;BRONZE
SUPERMERCADO HIPER 10;1711510,66;29684,95;3559,8;214,34;120,88;89;6;4;0;0;0;0;0;0;0;10;2025;11;ATIVO;GOIÂNIA;Dia 10;SIM;SUPERMERCADO;124;BRONZE
SUPERMERCADO HIPER 10;1697364,14;26342,75;3161,13;255,46;383,82;83;3;2;89;0;0;0;0;0;0;9;2025;4;ATIVO;GOIÂNIA;Dia 10;SIM;SUPERMERCADO;124;BRONZE
SUPERMERCADO HIPER 10;1696084,99;24553,82;2910,13;591,89;238,24;82;9;5;0;0;0;0;0;0;0;3;2025;13;ATIVO;GOIÂNIA;Dia 10;SIM;SUPERMERCADO;124;BRONZE
SUPERMERCADO HIPER 10;1660715,68;33339,89;4000,79;707,94;519,98;165;8;7;0;0;0;0;0;0;0;2;2026;9;ATIVO;GOIÂNIA;Dia 10;SIM;SUPERMERCADO;124;BRONZE
SUPERMERCADO HIPER 10;1597150,07;27923,73;3350,85;591,21;366,85;78;10;4;0;0;0;0;0;0;0;8;2025;13;ATIVO;GOIÂNIA;Dia 10;SIM;SUPERMERCADO;124;BRONZE
SUPERMERCADO HIPER 10;1596820,78;11962,89;346,74;1031,15;41,53;926;6;3;392;924;1385;219,49;1018,38;219,79;501,71;12;2022;0;ATIVO;GOIÂNIA;Dia 10;SIM;SUPERMERCADO;124;BRONZE
SUPERMERCADO HIPER 10;1570721,7;20677,28;2481,03;606,98;190,84;92;10;8;0;0;0;0;0;0;0;2;2025;12;ATIVO;GOIÂNIA;Dia 10;SIM;SUPERMERCADO;124;BRONZE
SUPERMERCADO HIPER 10;1565402,54;24747,61;24747,61;566,76;183,61;119;15;9;0;0;0;0;0;0;0;6;2025;18;ATIVO;GOIÂNIA;Dia 10;SIM;SUPERMERCADO;124;BRONZE
SUPERMERCADO HIPER 10;1543677,91;22309,07;2677,09;539,64;83,64;122;11;10;0;0;0;0;0;0;0;1;2025;9;ATIVO;GOIÂNIA;Dia 10;SIM;SUPERMERCADO;124;BRONZE
SUPERMERCADO HIPER 10;1474782,07;18577,5;2229,3;280,76;542,9;119;16;12;22;0;0;0;0;0;0;11;2024;14;ATIVO;GOIÂNIA;Dia 10;SIM;SUPERMERCADO;124;BRONZE
SUPERMERCADO HIPER 10;1463637,58;15139,47;570,82;3791,93;1139;284;57;40;492;2320;3273;1474,04;6813,34;383,79;1160,67;7;2022;0;ATIVO;GOIÂNIA;Dia 10;SIM;SUPERMERCADO;124;BRONZE
SUPERMERCADO HIPER 10;1450707,45;19542,49;1954,25;236,88;24,62;66;21;8;49;0;0;0;0;0;0;11;2023;61;ATIVO;GOIÂNIA;Dia 10;SIM;SUPERMERCADO;124;BRONZE
SUPERMERCADO HIPER 10;1444478,38;16173,28;1940,79;418,58;83,04;117;22;16;24;0;0;0;0;0;0;9;2024;13;ATIVO;GOIÂNIA;Dia 10;SIM;SUPERMERCADO;124;BRONZE
SUPERMERCADO HIPER 10;1442860,15;17374,37;2084,92;5406,56;63,96;106;14;10;25;0;0;0;0;0;0;8;2024;11;ATIVO;GOIÂNIA;Dia 10;SIM;SUPERMERCADO;124;BRONZE
SUPERMERCADO HIPER 10;1427226,59;18717,6;1871,76;535,24;35,1;64;24;13;31;0;0;0;0;0;0;12;2023;54;ATIVO;GOIÂNIA;Dia 10;SIM;SUPERMERCADO;124;BRONZE
SUPERMERCADO HIPER 10;1408543,81;25577,08;254,03;4284,27;734,18;304;86;65;468;2389;3401;1365,86;6308,85;232,66;984,71;5;2022;0;ATIVO;GOIÂNIA;Dia 10;SIM;SUPERMERCADO;124;BRONZE
SUPERMERCADO HIPER 10;1403971,23;15126,52;1811,28;190,91;126,26;79;14;8;24;1127;1723;283,66;1314,96;249,16;814,26;5;2024;34;ATIVO;GOIÂNIA;Dia 10;SIM;SUPERMERCADO;124;BRONZE
SUPERMERCADO HIPER 10;1377597,47;17983,95;2158,07;414,11;41,93;61;10;8;21;0;0;0;0;0;0;7;2024;15;ATIVO;GOIÂNIA;Dia 10;SIM;SUPERMERCADO;124;BRONZE
SUPERMERCADO HIPER 10;1371700,74;18447,36;600,38;1927,07;115,46;200;17;13;464;1123;1596;241,96;1123,19;408,6;2122,23;11;2022;0;ATIVO;GOIÂNIA;Dia 10;SIM;SUPERMERCADO;124;BRONZE
SUPERMERCADO HIPER 10;1363940,94;15859,1;1585,91;215,96;26,07;89;14;12;89;947;1494;211,65;981,81;198,41;380,26;8;2023;449;ATIVO;GOIÂNIA;Dia 10;SIM;SUPERMERCADO;124;BRONZE
SUPERMERCADO HIPER 10;1362447,11;12583,49;0;1849,68;325,07;279;38;30;484;1611;2274;512,18;2371,39;398,22;1304,27;8;2022;0;ATIVO;GOIÂNIA;Dia 10;SIM;SUPERMERCADO;124;BRONZE
SUPERMERCADO HIPER 10;1352411,95;15694,87;1883,38;328,17;75,81;123;15;11;27;0;0;0;0;0;0;10;2024;71;ATIVO;GOIÂNIA;Dia 10;SIM;SUPERMERCADO;124;BRONZE
SUPERMERCADO HIPER 10;1345208,46;14846,19;565,12;1386,4;136,36;162;19;14;482;1593;2332;624,86;2889,86;270,71;378,72;9;2022;0;ATIVO;GOIÂNIA;Dia 10;SIM;SUPERMERCADO;124;BRONZE
SUPERMERCADO HIPER 10;1304706,62;13163,84;528,83;3458,47;1293,91;295;73;57;454;2260;3229;1308,85;6043,02;241,15;821,77;6;2022;0;ATIVO;GOIÂNIA;Dia 10;SIM;SUPERMERCADO;124;BRONZE
SUPERMERCADO HIPER 10;1298640,82;19604,88;1960,49;193,46;68,41;73;19;15;69;1926;2922;936,15;4325,9;235,71;611,11;10;2023;913;ATIVO;GOIÂNIA;Dia 10;SIM;SUPERMERCADO;124;BRONZE
SUPERMERCADO HIPER 10;1264265,64;17410,81;1739,82;107,21;16,68;52;14;8;23;868;1342;223,02;1040,6;54,86;96,76;3;2024;19;ATIVO;GOIÂNIA;Dia 10;SIM;SUPERMERCADO;124;BRONZE
SUPERMERCADO HIPER 10;1255851,09;15848,69;1584,87;151,97;35,72;55;11;11;82;897;1359;209,94;975,26;265,91;558,04;9;2023;372;ATIVO;GOIÂNIA;Dia 10;SIM;SUPERMERCADO;124;BRONZE
SUPERMERCADO HIPER 10;1249357,24;15041,48;1803,35;213,33;87,05;142;15;11;22;1013;1588;245,63;1137,57;153,7;148,83;4;2024;11;ATIVO;GOIÂNIA;Dia 10;SIM;SUPERMERCADO;124;BRONZE
SUPERMERCADO HIPER 10;1239701,4;16882,28;555,78;1833,46;105,16;183;20;15;470;1532;2218;527,74;2437,38;371,24;540,68;10;2022;0;ATIVO;GOIÂNIA;Dia 10;SIM;SUPERMERCADO;124;BRONZE
SUPERMERCADO HIPER 10;1232499,7;12113,68;0;1467,8;6944,23;547;209;166;455;2662;3984;2337,82;10859,09;57,78;403,36;3;2022;0;ATIVO;GOIÂNIA;Dia 10;SIM;SUPERMERCADO;124;BRONZE
SUPERMERCADO HIPER 10;1222129,62;14654,87;1465,49;239,22;27,46;88;17;14;363;1163;1727;300,05;1386,5;159,22;486,46;3;2023;840;ATIVO;GOIÂNIA;Dia 10;SIM;SUPERMERCADO;124;BRONZE
SUPERMERCADO HIPER 10;1213689,6;16356,95;1635,7;174,11;16,68;88;22;17;33;1166;1800;321,17;1490,17;153,79;1077,36;1;2024;89;ATIVO;GOIÂNIA;Dia 10;SIM;SUPERMERCADO;124;BRONZE
SUPERMERCADO HIPER 10;1186677,94;10818,42;0;6731,63;7423,53;556;210;164;449;4156;4156;2689;12444,18;69,29;336,39;2;2022;0;ATIVO;GOIÂNIA;Dia 10;SIM;SUPERMERCADO;124;BRONZE
SUPERMERCADO HIPER 10;1183083,75;15341,6;1534,16;196,11;52,24;103;8;4;145;823;1277;175,15;811,91;226,72;286,08;7;2023;385;ATIVO;GOIÂNIA;Dia 10;SIM;SUPERMERCADO;124;BRONZE
SUPERMERCADO HIPER 10;1166609,63;11922,02;22,07;2642,19;4244,44;563;190;150;424;2657;3890;2188,76;10107,67;191,39;546,54;4;2022;0;ATIVO;GOIÂNIA;Dia 10;SIM;SUPERMERCADO;124;BRONZE
SUPERMERCADO HIPER 10;1166573,51;15714,02;1571,4;158,93;30,94;52;13;7;359;730;1157;148,55;697,17;158,86;262,27;6;2023;333;ATIVO;GOIÂNIA;Dia 10;SIM;SUPERMERCADO;124;BRONZE
SUPERMERCADO HIPER 10;1146258,93;18045,42;2158,1;162,43;56,33;78;18;14;20;931;1404;190,77;890,4;175,97;308,78;6;2024;25;ATIVO;GOIÂNIA;Dia 10;SIM;SUPERMERCADO;124;BRONZE
SUPERMERCADO HIPER 10;1119870,57;16313,4;1631,34;219,72;29,81;68;18;17;25;707;1092;140,83;653,85;155,91;731,59;2;2024;64;ATIVO;GOIÂNIA;Dia 10;SIM;SUPERMERCADO;124;BRONZE
SUPERMERCADO HIPER 10;1094144,12;15491,82;1549,18;522,18;46,63;116;25;16;379;905;1372;891,01;891,01;205,74;988,68;4;2023;915;ATIVO;GOIÂNIA;Dia 10;SIM;SUPERMERCADO;124;BRONZE
SUPERMERCADO HIPER 10;1091959,06;13390,43;1267,59;266,28;15,57;71;9;5;349;946;1435;223,7;1034,66;147,67;951,04;1;2023;755;ATIVO;GOIÂNIA;Dia 10;SIM;SUPERMERCADO;124;BRONZE
SUPERMERCADO HIPER 10;1044640,9;18187,09;1818,71;281;35,81;73;17;10;383;1064;1064;136,01;630,94;227,93;636,26;5;2023;322;ATIVO;GOIÂNIA;Dia 10;SIM;SUPERMERCADO;124;BRONZE
SUPERMERCADO HIPER 10;954128,98;14638,77;1463,88;354,09;32,97;84;14;10;357;814;1232;150;699,22;213,84;415,88;2;2023;819;ATIVO;GOIÂNIA;Dia 10;SIM;SUPERMERCADO;124;BRONZE
SUPERMERCADO HIPER BOM PREÇO;318104,31;0;0;0;31,91;13;9;0;0;146;210;1318,73;6074,12;0;0;7;2025;9;ATIVO;HIDROLINA;Dia 10;NÃO;SUPERMERCADO;261;PRATA
SUPERMERCADO HIPER BOM PREÇO;289835,1;0;0;1,02;49,09;4;2;0;0;95;151;569,78;2624,32;0;0;6;2025;2;ATIVO;HIDROLINA;Dia 10;NÃO;SUPERMERCADO;261;PRATA
SUPERMERCADO HIPER BOM PREÇO;277960,59;0;0;275,56;22,06;30;27;13;0;168;240;538,07;2477,88;0;13,92;8;2025;26;ATIVO;HIDROLINA;Dia 10;NÃO;SUPERMERCADO;261;PRATA
SUPERMERCADO HIPER BOM PREÇO;256377,21;0;0;10,99;4119,85;17;10;5;0;165;236;1384,53;6375,81;0;0;5;2025;11;ATIVO;HIDROLINA;Dia 10;NÃO;SUPERMERCADO;261;PRATA
SUPERMERCADO HIPER BOM PREÇO;198930,56;0;0;15,42;83,1;11;10;3;0;121;152;574,95;2647,71;0;0;9;2025;17;ATIVO;HIDROLINA;Dia 10;NÃO;SUPERMERCADO;261;PRATA
SUPERMERCADO HIPER BOM PREÇO;184005,52;0;0;1289,22;371,82;82;43;0;0;498;717;2002,49;9223,33;0;44,91;1;2025;45;ATIVO;HIDROLINA;Dia 10;NÃO;SUPERMERCADO;261;PRATA
SUPERMERCADO HIPER BOM PREÇO;164466,79;0;0;0,74;55,08;2;1;0;0;165;205;851,42;3921,15;0;0;12;2025;1;ATIVO;HIDROLINA;Dia 10;NÃO;SUPERMERCADO;261;PRATA
SUPERMERCADO HIPER BOM PREÇO;140648,14;0;0;0,91;0;1;1;0;0;78;110;357,8;1647,86;0;0;5;2026;1;ATIVO;HIDROLINA;Dia 10;NÃO;SUPERMERCADO;261;PRATA
SUPERMERCADO HIPER BOM PREÇO;138184,75;0;0;0;0,02;1;0;0;0;1;10;0,66;3,04;0;0;4;2026;0;ATIVO;HIDROLINA;Dia 10;NÃO;SUPERMERCADO;261;PRATA
SUPERMERCADO HIPER BOM PREÇO;131624,4;0;0;2,09;0,05;3;0;0;0;144;168;695,5;3203,26;0;0;1;2026;2;ATIVO;HIDROLINA;Dia 10;NÃO;SUPERMERCADO;261;PRATA
SUPERMERCADO HIPER BOM PREÇO;126337,93;0;0;298,03;0;9;7;0;0;8;21;681,12;3137,26;0;0;6;2026;16;ATIVO;HIDROLINA;Dia 10;NÃO;SUPERMERCADO;261;PRATA
SUPERMERCADO HIPER BOM PREÇO;91339,13;0;0;0;0;2;2;0;0;97;117;444,3;2046,38;101,2;0;8;2026;2;ATIVO;HIDROLINA;Dia 10;NÃO;SUPERMERCADO;261;PRATA
SUPERMERCADO HIPER BOM PREÇO;81533,29;0;0;4,52;0,09;4;1;0;0;169;216;505,27;2326,74;0;0;10;2025;1;ATIVO;HIDROLINA;Dia 10;NÃO;SUPERMERCADO;261;PRATA
SUPERMERCADO HIPER BOM PREÇO;74771,09;0;0;4589,13;0,02;3;1;1;0;108;137;232,1;1068,88;0;0;3;2026;0;ATIVO;HIDROLINA;Dia 10;NÃO;SUPERMERCADO;261;PRATA
SUPERMERCADO HIPER BOM PREÇO;50092,27;0;0;0;0;0;56;0;0;56;63;57,94;266,81;13,32;0;7;2026;0;ATIVO;HIDROLINA;Dia 10;NÃO;SUPERMERCADO;261;PRATA
SUPERMERCADO HIPER BOM PREÇO;37196,84;0;0;5,99;0;3;0;0;0;143;199;155,96;718,05;0;0;2;2026;1;ATIVO;HIDROLINA;Dia 10;NÃO;SUPERMERCADO;261;PRATA
SUPERMERCADO HIPER BOM PREÇO;9143,88;0;0;0;0;0;0;0;0;65;83;64,73;298,08;0;1,4;11;2025;0;ATIVO;HIDROLINA;Dia 10;NÃO;SUPERMERCADO;261;PRATA
SUPERMERCADO HIPER BOM PREÇO (ATACADO);329813,29;0;0;5044,82;0;131;120;0;0;108;138;1475,66;6796,7;0;0;7;2025;130;ATIVO;HIDROLINA;Dia 10;NÃO;SUPERMERCADO;262;PRATA
SUPERMERCADO HIPER BOM PREÇO (ATACADO);314877,76;0;0;658,83;0;11;6;0;0;33;37;2933,46;13511,49;0;0;11;2025;43;ATIVO;HIDROLINA;Dia 10;NÃO;SUPERMERCADO;262;PRATA
SUPERMERCADO HIPER BOM PREÇO (ATACADO);311464,55;0;0;2358,99;0;11;10;0;0;12;21;777,11;3579,49;0;0;12;2025;25;ATIVO;HIDROLINA;Dia 10;NÃO;SUPERMERCADO;262;PRATA
SUPERMERCADO HIPER BOM PREÇO (ATACADO);277960,59;0;0;499,63;0,03;111;39;12;0;170;240;566,08;2606,85;0;13,36;8;2025;118;ATIVO;HIDROLINA;Dia 10;NÃO;SUPERMERCADO;262;PRATA
SUPERMERCADO HIPER BOM PREÇO (ATACADO);273476,29;0;0;0,11;0;0;0;0;0;8;10;916,3;4220,57;0;0;10;2025;13;ATIVO;HIDROLINA;Dia 10;NÃO;SUPERMERCADO;262;PRATA
SUPERMERCADO HIPER BOM PREÇO (ATACADO);259222,26;0;0;16,65;0,03;2;1;0;0;115;159;1461,7;6731,99;216,99;0;6;2026;1;ATIVO;HIDROLINA;Dia 10;NÃO;SUPERMERCADO;262;PRATA
SUPERMERCADO HIPER BOM PREÇO (ATACADO);223734,07;0;0;10507,01;0;15;13;0;0;8;13;528,82;2435,76;0;0;2;2026;27;ATIVO;HIDROLINA;Dia 10;NÃO;SUPERMERCADO;262;PRATA
SUPERMERCADO HIPER BOM PREÇO (ATACADO);216475,75;0;0;3190,49;0;91;79;0;0;66;76;773,59;3562,69;0;0;9;2025;87;ATIVO;HIDROLINA;Dia 10;NÃO;SUPERMERCADO;262;PRATA
SUPERMERCADO HIPER BOM PREÇO (ATACADO);185832,47;0;0;0;0;0;13;0;0;2;6;40,13;184,86;0;0;8;2026;13;ATIVO;HIDROLINA;Dia 10;NÃO;SUPERMERCADO;262;PRATA
SUPERMERCADO HIPER BOM PREÇO (ATACADO);119539,95;0;0;23,15;0;5;2;0;0;9;14;574,6;2646,65;0;0;3;2026;13;ATIVO;HIDROLINA;Dia 10;NÃO;SUPERMERCADO;262;PRATA
SUPERMERCADO HIPER BOM PREÇO (ATACADO);93246,86;0;0;692,88;0;11;10;0;0;5;13;618,52;2848,94;0;0;5;2026;16;ATIVO;HIDROLINA;Dia 10;NÃO;SUPERMERCADO;262;PRATA
SUPERMERCADO HIPER BOM PREÇO (ATACADO);82712,92;0;0;392,71;0;3;3;0;0;7;10;620,07;2856,06;0;0;7;2026;12;ATIVO;HIDROLINA;Dia 10;NÃO;SUPERMERCADO;262;PRATA
SUPERMERCADO HIPER BOM PREÇO (ATACADO);81630,65;0;0;115,98;3,27;6;7;0;0;11;17;974,98;4490,8;0;0;1;2026;15;ATIVO;HIDROLINA;Dia 10;NÃO;SUPERMERCADO;262;PRATA
SUPERMERCADO HIPER GIRO;2754903,95;0;0;138,23;170,79;34;6;1;0;15;21;38,61;178,25;14,57;174,46;5;2026;9;ATIVO;PLANALTINA;Dia 30;NÃO;SUPERMERCADO;226;PRATA
SUPERMERCADO HIPER GIRO;2642746,16;0;0;117,53;249,14;36;9;2;0;16;20;58,65;272,28;5,73;24,76;6;2026;17;ATIVO;PLANALTINA;Dia 30;NÃO;SUPERMERCADO;226;PRATA
SUPERMERCADO HIPER GIRO;2593768,91;207996,78;9274,24;502,45;171,09;30;9;3;0;23;27;19,84;90,67;21,03;76,49;5;2025;8;ATIVO;PLANALTINA;Dia 30;SIM;SUPERMERCADO;226;PRATA
SUPERMERCADO HIPER GIRO;2558353,78;0;0;247,49;259,25;41;8;3;0;26;27;67,76;312,47;13,5;48,97;7;2026;12;ATIVO;PLANALTINA;Dia 30;NÃO;SUPERMERCADO;226;PRATA
SUPERMERCADO HIPER GIRO;2502183,46;0;0;64,7;144,24;27;6;1;0;16;21;33,21;153,69;27,76;276,11;4;2026;15;ATIVO;PLANALTINA;Dia 30;NÃO;SUPERMERCADO;226;PRATA
SUPERMERCADO HIPER GIRO;2497717,35;0;0;156,53;133,18;38;9;1;0;23;73;33,9;156,9;19,34;154,65;8;2025;11;ATIVO;PLANALTINA;Dia 30;NÃO;SUPERMERCADO;226;PRATA
SUPERMERCADO HIPER GIRO;2478102,44;0;0;157,09;173,68;39;8;1;0;23;26;37,82;174,81;33,36;310,22;3;2026;15;ATIVO;PLANALTINA;Dia 30;NÃO;SUPERMERCADO;226;PRATA
SUPERMERCADO HIPER GIRO;2435530,18;193935,61;23246,86;597,51;192,9;47;7;3;0;20;26;31,91;146,86;7,17;169,29;3;2025;13;ATIVO;PLANALTINA;Dia 30;SIM;SUPERMERCADO;226;PRATA
SUPERMERCADO HIPER GIRO;2434992,34;0;0;142,33;111,97;24;5;0;0;16;20;21,12;98,1;23,47;86,42;7;2025;7;ATIVO;PLANALTINA;Dia 30;NÃO;SUPERMERCADO;226;PRATA
SUPERMERCADO HIPER GIRO;2432697,88;0;0;390,43;261,92;44;8;0;0;19;21;35,44;164,2;138,02;2,13;1;2026;21;ATIVO;PLANALTINA;Dia 30;NÃO;SUPERMERCADO;226;PRATA
SUPERMERCADO HIPER GIRO;2405747,42;0;0;611,01;94,89;69;6;2;0;18;22;16,59;76,2;16,64;18,45;6;2025;40;ATIVO;PLANALTINA;Dia 30;NÃO;SUPERMERCADO;226;PRATA
SUPERMERCADO HIPER GIRO;2388820,59;0;0;484,15;205,36;43;8;0;0;17;19;11,37;51,55;15,91;61,19;10;2025;21;ATIVO;PLANALTINA;Dia 30;NÃO;SUPERMERCADO;226;PRATA
SUPERMERCADO HIPER GIRO;2353244,3;196690,25;23602,83;489,43;192,03;54;10;3;0;26;31;31,86;145,99;2;91,93;4;2025;16;ATIVO;PLANALTINA;Dia 30;SIM;SUPERMERCADO;226;PRATA
SUPERMERCADO HIPER GIRO;2339573,35;0;0;431,35;195,87;43;4;0;0;16;16;19,4;89,74;54;29,96;11;2025;21;ATIVO;PLANALTINA;Dia 30;NÃO;SUPERMERCADO;226;PRATA
SUPERMERCADO HIPER GIRO;2303988,55;342682,8;27976,51;18731,28;4225;743;124;29;218;260;318;925,2;4271,55;40,88;11783,05;1;2025;352;ATIVO;PLANALTINA;Dia 30;SIM;SUPERMERCADO;226;PRATA
SUPERMERCADO HIPER GIRO;2273768,4;0;0;679,18;194,05;51;9;1;0;20;23;16,69;70,24;20,82;43,41;9;2025;24;ATIVO;PLANALTINA;Dia 30;NÃO;SUPERMERCADO;226;PRATA
SUPERMERCADO HIPER GIRO;2184747,99;167888;20139,97;1683,04;255,29;78;7;2;210;34;41;192,63;887,34;4,64;159,31;2;2025;25;ATIVO;PLANALTINA;Dia 30;SIM;SUPERMERCADO;226;PRATA
SUPERMERCADO HIPER GIRO;2180304,78;0;0;166,01;97,86;37;7;0;0;15;18;23,84;110,49;21,73;2,41;2;2026;15;ATIVO;PLANALTINA;Dia 30;NÃO;SUPERMERCADO;226;PRATA
SUPERMERCADO HIPER GIRO;2156759,54;0;0;27699,93;4803,54;789;120;30;214;247;289;889,41;4089,66;60,4;6293,75;10;2024;331;ATIVO;PLANALTINA;Dia 30;NÃO;SUPERMERCADO;226;PRATA
SUPERMERCADO HIPER SACOLA CHEIA;2675702,01;0;0;444,6;214,22;133;168;2;0;31;30;165,5;764,96;54,09;778,83;12;2024;79;ATIVO;SÃO LUÍS DE MONTES BELOS;Dia 15;NÃO;SUPERMERCADO;162;PRATA
SUPERMERCADO HIPER SACOLA CHEIA;2441028,73;0;0;58,9;67,65;36;77;3;0;28;27;88,15;406,24;0,92;104,67;8;2026;35;ATIVO;SÃO LUÍS DE MONTES BELOS;Dia 15;NÃO;SUPERMERCADO;162;PRATA
SUPERMERCADO HIPER SACOLA CHEIA;2420057,4;0;0;127,25;74,32;51;49;0;0;23;21;75,63;349,06;5,42;17,49;7;2026;32;ATIVO;SÃO LUÍS DE MONTES BELOS;Dia 15;NÃO;SUPERMERCADO;162;PRATA
SUPERMERCADO HIPER SACOLA CHEIA;2401840,88;0;0;486,65;2680,28;689;161;4;0;32;36;65,01;299,48;205,35;490,13;5;2025;180;ATIVO;SÃO LUÍS DE MONTES BELOS;Dia 15;NÃO;SUPERMERCADO;162;PRATA
SUPERMERCADO HIPER SACOLA CHEIA;2379122,29;0;0;455,75;345,41;109;104;3;0;41;40;252,26;1159,95;59,9;532,28;5;2026;85;ATIVO;SÃO LUÍS DE MONTES BELOS;Dia 15;NÃO;SUPERMERCADO;162;PRATA
SUPERMERCADO HIPER SACOLA CHEIA;2333861,77;0;0;347,63;342,71;136;105;1;0;26;34;85,78;395,2;138,2;430,55;4;2025;116;ATIVO;SÃO LUÍS DE MONTES BELOS;Dia 15;NÃO;SUPERMERCADO;162;PRATA
SUPERMERCADO HIPER SACOLA CHEIA;2325585,01;0;0;224,32;153,92;68;74;0;0;39;38;235,48;1083,67;176,16;23,55;6;2026;34;ATIVO;SÃO LUÍS DE MONTES BELOS;Dia 15;NÃO;SUPERMERCADO;162;PRATA
SUPERMERCADO HIPER SACOLA CHEIA;2275237,27;0;0;323;379,74;141;111;1;0;43;52;103,92;478,2;7,01;588,25;3;2025;120;ATIVO;SÃO LUÍS DE MONTES BELOS;Dia 15;NÃO;SUPERMERCADO;162;PRATA
SUPERMERCADO HIPER SACOLA CHEIA;2240131,57;0;0;2559,24;795,98;324;155;2;0;25;26;32,98;158,67;116,45;81,01;1;2026;378;ATIVO;SÃO LUÍS DE MONTES BELOS;Dia 15;NÃO;SUPERMERCADO;162;PRATA
SUPERMERCADO HIPER SACOLA CHEIA;2220106,71;0;0;948;2150,58;208;184;8;46;80;78;122,48;580,87;28,99;473,85;12;2023;399;ATIVO;SÃO LUÍS DE MONTES BELOS;Dia 15;NÃO;SUPERMERCADO;162;PRATA
SUPERMERCADO HIPER SACOLA CHEIA;2219783,21;0;0;2016,49;1095,28;290;131;3;0;48;48;267,02;1228,62;270,35;75,29;3;2026;236;ATIVO;SÃO LUÍS DE MONTES BELOS;Dia 15;NÃO;SUPERMERCADO;162;PRATA
SUPERMERCADO HIPER SACOLA CHEIA;2168841,39;0;0;1263,84;711,98;200;106;0;0;25;27;49,15;226,39;1,44;154,54;10;2025;178;ATIVO;SÃO LUÍS DE MONTES BELOS;Dia 15;NÃO;SUPERMERCADO;162;PRATA
SUPERMERCADO HIPER SACOLA CHEIA;2145339,62;0;0;477,99;353,07;155;157;2;0;37;37;136,54;628,94;111,61;203,71;1;2025;195;ATIVO;SÃO LUÍS DE MONTES BELOS;Dia 15;NÃO;SUPERMERCADO;162;PRATA
SUPERMERCADO HIPER SACOLA CHEIA;2140788,87;0;0;606,87;924,77;171;118;2;0;24;27;45,34;207,89;75,39;230,06;8;2025;180;ATIVO;SÃO LUÍS DE MONTES BELOS;Dia 15;NÃO;SUPERMERCADO;162;PRATA
SUPERMERCADO HIPER SACOLA CHEIA;2124525,7;0;0;649,77;133,31;79;65;2;3;37;37;101,03;465,96;71,63;261,67;10;2024;62;ATIVO;SÃO LUÍS DE MONTES BELOS;Dia 15;NÃO;SUPERMERCADO;162;PRATA
SUPERMERCADO HIPER SACOLA CHEIA;2123612,13;0;0;595,29;7190,01;910;185;2;0;225;28;86,97;401,3;160,5;231,02;7;2025;229;ATIVO;SÃO LUÍS DE MONTES BELOS;Dia 15;NÃO;SUPERMERCADO;162;PRATA
SUPERMERCADO HIPER SACOLA CHEIA;2070638,86;0;0;392,68;169,27;111;101;3;3;27;27;97,29;448,79;56,61;280,34;11;2024;65;ATIVO;SÃO LUÍS DE MONTES BELOS;Dia 15;NÃO;SUPERMERCADO;162;PRATA
SUPERMERCADO HIPER SACOLA CHEIA;2063977,84;0;0;503,91;448,89;174;99;8;3;69;70;84,01;388,98;241,9;1454,96;8;2024;170;ATIVO;SÃO LUÍS DE MONTES BELOS;Dia 15;NÃO;SUPERMERCADO;162;PRATA
SUPERMERCADO HIPER SACOLA CHEIA;2057293,53;0;0;490,93;11560,97;1016;203;1;0;28;31;74,92;345,02;213,06;421,92;6;2025;227;ATIVO;SÃO LUÍS DE MONTES BELOS;Dia 15;NÃO;SUPERMERCADO;162;PRATA
SUPERMERCADO HIPER SACOLA CHEIA;2046901,95;0;0;707,98;791,81;164;97;1;0;26;28;50,3;231,52;19,69;227,98;9;2025;155;ATIVO;SÃO LUÍS DE MONTES BELOS;Dia 15;NÃO;SUPERMERCADO;162;PRATA
SUPERMERCADO HIPER SACOLA CHEIA;2039732,34;0;0;388,12;265,91;135;119;2;0;33;43;90,93;418,47;50,06;337,21;2;2025;138;ATIVO;SÃO LUÍS DE MONTES BELOS;Dia 15;NÃO;SUPERMERCADO;162;PRATA
SUPERMERCADO HIPER SACOLA CHEIA;1986910,12;0;0;1224,82;183,58;107;91;10;3;85;86;77,17;357,33;138,99;659,32;9;2024;57;ATIVO;SÃO LUÍS DE MONTES BELOS;Dia 15;NÃO;SUPERMERCADO;162;PRATA
SUPERMERCADO HIPER SACOLA CHEIA;1975737;77753,1;7775,31;334,26;2690,12;287;286;8;280;81;68;67,23;365,91;64,77;19,38;10;2022;0;ATIVO;SÃO LUÍS DE MONTES BELOS;Dia 15;SIM;SUPERMERCADO;162;PRATA
SUPERMERCADO HIPER SACOLA CHEIA;1960988,35;0;0;1336,11;984,79;280;115;4;0;43;44;42,36;194,65;210,82;160,15;2;2026;247;ATIVO;SÃO LUÍS DE MONTES BELOS;Dia 15;NÃO;SUPERMERCADO;162;PRATA
SUPERMERCADO HIPER SACOLA CHEIA;1957863,31;83450,33;8345,03;292,29;2157,03;304;283;8;290;62;71;88,82;420,04;61,96;10,91;8;2022;0;ATIVO;SÃO LUÍS DE MONTES BELOS;Dia 15;SIM;SUPERMERCADO;162;PRATA
SUPERMERCADO HIPER SACOLA CHEIA;1955299,04;80686,82;8068,68;655,42;1575,59;300;266;6;278;72;99;77,04;363,88;69,21;14,53;9;2022;0;ATIVO;SÃO LUÍS DE MONTES BELOS;Dia 15;SIM;SUPERMERCADO;162;PRATA
SUPERMERCADO HIPER SACOLA CHEIA;1948253;0;0;632,49;1727,17;182;134;2;4;48;47;117,28;555,15;141,77;103,95;3;2024;421;ATIVO;SÃO LUÍS DE MONTES BELOS;Dia 15;NÃO;SUPERMERCADO;162;PRATA
SUPERMERCADO HIPER SACOLA CHEIA;1928077,08;0;0;560,23;2064,62;207;338;2;33;68;65;112,17;518,41;30,05;552,05;1;2024;656;ATIVO;SÃO LUÍS DE MONTES BELOS;Dia 15;NÃO;SUPERMERCADO;162;PRATA
SUPERMERCADO HIPER SACOLA CHEIA;1927333,1;81052,16;695,95;8026,91;1426,67;396;307;17;263;64;64;60,96;285,74;50,65;17,03;7;2022;0;ATIVO;SÃO LUÍS DE MONTES BELOS;Dia 15;SIM;SUPERMERCADO;162;PRATA
SUPERMERCADO HIPER SACOLA CHEIA;1926038,25;0;0;385,34;1666,66;193;153;3;262;100;90;139,84;656,85;44,4;319,4;4;2023;1154;ATIVO;SÃO LUÍS DE MONTES BELOS;Dia 15;NÃO;SUPERMERCADO;162;PRATA
SUPERMERCADO HIPER SACOLA CHEIA;1925041,17;0;0;638,57;1856,13;184;73;5;0;73;70;119,65;561,83;37,98;445,33;10;2023;473;ATIVO;SÃO LUÍS DE MONTES BELOS;Dia 15;NÃO;SUPERMERCADO;162;PRATA
SUPERMERCADO HIPER SACOLA CHEIA;1922938,2;0;0;254,42;1703,54;176;182;2;268;95;91;142,78;690,49;36,92;255,51;3;2023;577;ATIVO;SÃO LUÍS DE MONTES BELOS;Dia 15;NÃO;SUPERMERCADO;162;PRATA
SUPERMERCADO HIPER SACOLA CHEIA;1915707,81;0;0;463,86;1495,17;256;145;9;3;71;71;79,07;365,59;88,2;288,08;7;2024;442;ATIVO;SÃO LUÍS DE MONTES BELOS;Dia 15;NÃO;SUPERMERCADO;162;PRATA
SUPERMERCADO HIPER SACOLA CHEIA;1904602,21;76815,35;634,83;7289,01;1293,44;334;253;10;166;49;46;72,36;343,43;9,28;18,49;6;2022;0;ATIVO;SÃO LUÍS DE MONTES BELOS;Dia 15;SIM;SUPERMERCADO;162;PRATA
SUPERMERCADO HIPER SACOLA CHEIA;1896358,4;0;0;636,73;1880,56;174;155;4;0;73;70;89,25;415,69;37,54;437,68;9;2023;474;ATIVO;SÃO LUÍS DE MONTES BELOS;Dia 15;NÃO;SUPERMERCADO;162;PRATA
SUPERMERCADO HIPER SACOLA CHEIA;1891582,58;0;0;444,31;1975,83;168;140;6;245;85;77;145,18;682,82;25,39;388,13;6;2023;471;ATIVO;SÃO LUÍS DE MONTES BELOS;Dia 15;NÃO;SUPERMERCADO;162;PRATA
SUPERMERCADO HIPER SACOLA CHEIA;1877466,8;0;0;718,93;1648,02;195;169;5;0;83;83;110,67;530,76;60,88;210,26;8;2023;574;ATIVO;SÃO LUÍS DE MONTES BELOS;Dia 15;NÃO;SUPERMERCADO;162;PRATA
SUPERMERCADO HIPER SACOLA CHEIA;1851053,08;81414,71;8141,47;196,96;1597,44;129;141;5;285;76;65;68,73;340,08;64,81;0;11;2022;0;ATIVO;SÃO LUÍS DE MONTES BELOS;Dia 15;SIM;SUPERMERCADO;162;PRATA
SUPERMERCADO HIPER SACOLA CHEIA;1848097,97;0;0;738,72;2273,54;191;146;5;3;67;66;94,88;438,51;67,4;68,82;5;2024;399;ATIVO;SÃO LUÍS DE MONTES BELOS;Dia 15;NÃO;SUPERMERCADO;162;PRATA
SUPERMERCADO HIPER SACOLA CHEIA;1846402,22;0;0;576,76;1716,47;186;128;2;0;91;87;153,61;716,86;52,49;345,39;7;2023;571;ATIVO;SÃO LUÍS DE MONTES BELOS;Dia 15;NÃO;SUPERMERCADO;162;PRATA
SUPERMERCADO HIPER SACOLA CHEIA;1842875,25;0;0;5153,83;1467,3;324;289;8;170;72;226;140,66;654,1;23,38;96,92;3;2022;0;ATIVO;SÃO LUÍS DE MONTES BELOS;Dia 15;NÃO;SUPERMERCADO;162;PRATA
SUPERMERCADO HIPER SACOLA CHEIA;1837829,47;0;0;621,61;1570,8;209;166;4;0;84;81;116,61;542,12;52,41;294,74;11;2023;417;ATIVO;SÃO LUÍS DE MONTES BELOS;Dia 15;NÃO;SUPERMERCADO;162;PRATA
SUPERMERCADO HIPER SACOLA CHEIA;1836220,28;101142,59;9130,97;773,45;2233,06;161;133;4;252;81;72;134,46;667,21;41,25;110,6;5;2023;472;ATIVO;SÃO LUÍS DE MONTES BELOS;Dia 15;SIM;SUPERMERCADO;162;PRATA
SUPERMERCADO HIPER SACOLA CHEIA;1803739,82;0;0;590,41;1711,31;198;225;2;257;77;71;62,31;318,88;63,28;100,79;1;2023;3756;ATIVO;SÃO LUÍS DE MONTES BELOS;Dia 15;NÃO;SUPERMERCADO;162;PRATA
SUPERMERCADO HIPER SACOLA CHEIA;1800533,68;0;0;565,6;2175,71;196;145;6;3;43;44;115,63;533,06;87,09;66,68;6;2024;407;ATIVO;SÃO LUÍS DE MONTES BELOS;Dia 15;NÃO;SUPERMERCADO;162;PRATA
SUPERMERCADO HIPER SACOLA CHEIA;1800339,14;0;0;591,64;1676,41;188;227;2;4;63;59;118,04;585,69;55,52;147,7;2;2024;466;ATIVO;SÃO LUÍS DE MONTES BELOS;Dia 15;NÃO;SUPERMERCADO;162;PRATA
SUPERMERCADO HIPER SACOLA CHEIA;1736516,05;0;0;710,69;2007,15;205;144;3;4;70;70;104,59;482,16;104,74;70,68;5;2024;439;ATIVO;SÃO LUÍS DE MONTES BELOS;Dia 15;NÃO;SUPERMERCADO;162;PRATA
SUPERMERCADO HIPER SACOLA CHEIA;1727607,04;0;0;593,66;1444,46;153;155;1;254;80;71;63,61;326,49;38,59;103,45;2;2023;3209;ATIVO;SÃO LUÍS DE MONTES BELOS;Dia 15;NÃO;SUPERMERCADO;162;PRATA
SUPERMERCADO HIPER SACOLA CHEIA;1713561,71;0;0;4110,84;2362,55;388;149;2;193;56;207;45,34;211,02;23,46;56,79;9;2021;0;ATIVO;SÃO LUÍS DE MONTES BELOS;Dia 15;NÃO;SUPERMERCADO;162;PRATA
SUPERMERCADO HIPER SACOLA CHEIA;1376194,75;63261,79;5981,32;164,75;1090,36;122;154;6;271;57;48;30,77;164,55;65,33;23,54;12;2022;0;ATIVO;SÃO LUÍS DE MONTES BELOS;Dia 15;SIM;SUPERMERCADO;162;PRATA
SUPERMERCADO IDEAL;1470465,15;0;0;239,19;45,01;21;15;2;0;16;17;55,92;260,57;20,21;176,33;8;2026;13;ATIVO;RIO VERDE;Dia 15;NÃO;SUPERMERCADO;139;BRONZE
SUPERMERCADO IDEAL;1463587,35;0;0;19,61;193,46;9;10;1;0;2;2;53,07;240,47;0;6,26;12;2025;11;ATIVO;RIO VERDE;Dia 15;NÃO;SUPERMERCADO;139;BRONZE
SUPERMERCADO IDEAL;1453202,29;0;0;51,87;73,46;12;39;3;0;16;17;50,23;240,82;0,9;100,58;12;2024;2;ATIVO;RIO VERDE;Dia 15;NÃO;SUPERMERCADO;139;BRONZE
SUPERMERCADO IDEAL;1451180,41;0;0;287,92;36,16;15;14;2;0;38;38;42,96;193,83;5,93;541,31;5;2026;12;ATIVO;RIO VERDE;Dia 15;NÃO;SUPERMERCADO;139;BRONZE
SUPERMERCADO IDEAL;1427662,93;0;0;183,52;7,26;14;13;2;0;10;10;38,64;0;8,29;0;6;2026;11;ATIVO;RIO VERDE;Dia 15;NÃO;SUPERMERCADO;139;BRONZE
SUPERMERCADO IDEAL;1414271,72;0;0;1582,4;240,64;64;81;11;210;89;89;1447,07;7069,11;16,98;2507,73;8;2024;37;ATIVO;RIO VERDE;Dia 15;NÃO;SUPERMERCADO;139;BRONZE
SUPERMERCADO IDEAL;1410547,95;0;0;35,68;76,99;12;10;0;0;9;9;40,9;188,61;0,83;5,79;6;2025;11;ATIVO;RIO VERDE;Dia 15;NÃO;SUPERMERCADO;139;BRONZE
SUPERMERCADO IDEAL;1408178,07;0;0;50,21;59,57;10;7;0;0;6;6;40,82;189,71;1,21;5,38;7;2025;8;ATIVO;RIO VERDE;Dia 15;NÃO;SUPERMERCADO;139;BRONZE
SUPERMERCADO IDEAL;1400405,49;0;0;102,05;79,14;20;10;4;219;10;10;54,37;248,84;2,66;4,95;10;2024;5;ATIVO;RIO VERDE;Dia 15;NÃO;SUPERMERCADO;139;BRONZE
SUPERMERCADO IDEAL;1398918,91;0;0;160,28;14,91;16;7;1;0;9;9;53,31;244,92;3,77;8,35;8;2025;12;ATIVO;RIO VERDE;Dia 15;NÃO;SUPERMERCADO;139;BRONZE
SUPERMERCADO IDEAL;1381756,06;0;0;274,83;118,05;29;11;274;0;11;11;51,17;0;19,09;0;7;2026;13;ATIVO;RIO VERDE;Dia 15;NÃO;SUPERMERCADO;139;BRONZE
SUPERMERCADO IDEAL;1380121,58;0;0;87,46;28,21;17;4;0;0;10;10;62,25;279,79;1,73;20,17;10;2025;15;ATIVO;RIO VERDE;Dia 15;NÃO;SUPERMERCADO;139;BRONZE
SUPERMERCADO IDEAL;1376713,17;0;0;51,15;26,92;10;2;2;200;8;8;40,57;198,71;0,9;73,71;11;2024;6;ATIVO;RIO VERDE;Dia 15;NÃO;SUPERMERCADO;139;BRONZE
SUPERMERCADO IDEAL;1366122,89;0;0;60,41;38,12;18;20;2;0;33;33;47,8;217,13;2,92;215,37;4;2026;15;ATIVO;RIO VERDE;Dia 15;NÃO;SUPERMERCADO;139;BRONZE
SUPERMERCADO IDEAL;1361621,6;0;0;4,34;6,94;1;1;1;0;4;4;54,66;259,21;0;0;3;2025;0;ATIVO;RIO VERDE;Dia 15;NÃO;SUPERMERCADO;139;BRONZE
SUPERMERCADO IDEAL;1350741,11;0;0;2,04;23,68;7;12;1;0;6;6;55,19;254,53;0;0;3;2026;13;ATIVO;RIO VERDE;Dia 15;NÃO;SUPERMERCADO;139;BRONZE
SUPERMERCADO IDEAL;1350143,53;0;0;15,43;6,19;2;2;0;0;2;2;37,86;177,39;2,62;0;4;2025;2;ATIVO;RIO VERDE;Dia 15;NÃO;SUPERMERCADO;139;BRONZE
SUPERMERCADO IDEAL;1307477,7;0;0;666,82;123,14;51;72;8;197;54;54;1338,4;6511,41;4,4;520,96;9;2024;19;ATIVO;RIO VERDE;Dia 15;NÃO;SUPERMERCADO;139;BRONZE
SUPERMERCADO IDEAL;1266438,93;0;0;36,52;74,58;12;11;3;0;2;2;38,66;174,98;0;10,55;1;2026;13;ATIVO;RIO VERDE;Dia 15;NÃO;SUPERMERCADO;139;BRONZE
SUPERMERCADO IDEAL;1216294,34;0;0;7,05;12,99;3;35;1;0;7;7;49,13;229,5;0;1,3;1;2025;1;ATIVO;RIO VERDE;Dia 15;NÃO;SUPERMERCADO;139;BRONZE
SUPERMERCADO IDEAL;1208904,31;0;0;21,91;39,58;10;9;0;0;1;1;37,89;172,98;0;1,05;2;2026;12;ATIVO;RIO VERDE;Dia 15;NÃO;SUPERMERCADO;139;BRONZE
SUPERMERCADO IDEAL;1161343,01;0;0;11860,56;7677,94;765;108;74;222;1311;1311;1066,81;5319,84;1268,05;45878,81;7;2024;506;ATIVO;RIO VERDE;Dia 15;NÃO;SUPERMERCADO;139;BRONZE
SUPERMERCADO IDEAL;1137004,95;0;0;6,87;17,21;3;28;3;0;5;5;45,71;213,67;0;0,49;2;2025;0;ATIVO;RIO VERDE;Dia 15;NÃO;SUPERMERCADO;139;BRONZE
SUPERMERCADO IDEAL;1064396,79;0;0;4,99;55,54;7;9;1;0;8;12;31,16;148,38;2,62;136,13;5;2025;12;ATIVO;RIO VERDE;Dia 15;NÃO;SUPERMERCADO;139;BRONZE
SUPERMERCADO IGM MIX;2845284,65;0;0;2787,94;3765,64;610;484;49;0;266;275;1798,02;8256,11;656,2;7065,2;6;2025;562;ATIVO;ITUMBIARA;Dia 25;NÃO;SUPERMERCADO;193;BRONZE
SUPERMERCADO IGM MIX;2172540,09;0;0;531,57;691,56;128;33;6;0;155;160;305,83;1375,18;262,51;4702,06;7;2025;87;ATIVO;ITUMBIARA;Dia 25;NÃO;SUPERMERCADO;193;BRONZE
SUPERMERCADO IGM MIX;2145729,18;0;0;4712,89;1207,62;208;143;41;21;341;384;138,67;627,53;458,74;10428,86;10;2024;169;ATIVO;ITUMBIARA;Dia 25;NÃO;SUPERMERCADO;193;BRONZE
SUPERMERCADO IGM MIX;2066924,09;0;0;156,83;53,24;166;72;23;0;180;186;91,32;419,35;714,83;1873,23;3;2025;102;ATIVO;ITUMBIARA;Dia 25;NÃO;SUPERMERCADO;193;BRONZE
SUPERMERCADO IGM MIX;2006588,08;0;0;1395,11;2115,65;232;58;14;0;232;234;152,4;692,05;361,54;4803,61;5;2025;103;ATIVO;ITUMBIARA;Dia 25;NÃO;SUPERMERCADO;193;BRONZE
SUPERMERCADO IGM MIX;1971371,26;0;0;2731,63;1773,14;243;119;14;23;260;265;193,98;869,44;420,19;3515,3;8;2024;177;ATIVO;ITUMBIARA;Dia 25;NÃO;SUPERMERCADO;193;BRONZE
SUPERMERCADO IGM MIX;1926886,45;0;0;88,54;140,4;121;54;16;14;162;165;356,43;1614,06;163,93;2495,73;1;2025;74;ATIVO;ITUMBIARA;Dia 25;NÃO;SUPERMERCADO;193;BRONZE
SUPERMERCADO IGM MIX;1868870,91;0;0;1275,63;581,61;124;34;6;0;168;188;130,8;580,76;293,45;2768,22;8;2025;76;ATIVO;ITUMBIARA;Dia 25;NÃO;SUPERMERCADO;193;BRONZE
SUPERMERCADO IGM MIX;1856809,72;0;0;10406,95;8654,24;475;320;45;0;155;155;1448,66;6644,18;117,1;3884,15;3;2026;45;ATIVO;ITUMBIARA;Dia 25;NÃO;SUPERMERCADO;193;BRONZE
SUPERMERCADO IGM MIX;1856303,49;0;0;1094,33;1681,17;247;142;37;19;245;256;177,68;813,37;283,91;3109,89;9;2024;169;ATIVO;ITUMBIARA;Dia 25;NÃO;SUPERMERCADO;193;BRONZE
SUPERMERCADO IGM MIX;1814919,99;0;0;91,38;94,84;194;69;23;0;250;254;130,16;591,94;273,63;3542,18;4;2025;103;ATIVO;ITUMBIARA;Dia 25;NÃO;SUPERMERCADO;193;BRONZE
SUPERMERCADO IGM MIX;1812951,73;0;0;5632,43;256,59;121;58;23;15;205;220;81,22;368,43;365,31;3821,6;12;2024;78;ATIVO;ITUMBIARA;Dia 25;NÃO;SUPERMERCADO;193;BRONZE
SUPERMERCADO IGM MIX;1791926,46;0;0;806,17;1387,66;147;58;5;23;241;242;256,25;1173,32;376,48;3062,1;7;2024;123;ATIVO;ITUMBIARA;Dia 25;NÃO;SUPERMERCADO;193;BRONZE
SUPERMERCADO IGM MIX;1649942,62;0;0;3016,2;10938,37;603;330;42;0;152;153;1385,7;6355,66;175,39;3295,96;2;2026;447;ATIVO;ITUMBIARA;Dia 25;NÃO;SUPERMERCADO;193;BRONZE
SUPERMERCADO IGM MIX;1615118,87;0;0;35,19;26,15;91;43;9;14;107;108;72,33;329,36;314,45;2228,32;2;2025;67;ATIVO;ITUMBIARA;Dia 25;NÃO;SUPERMERCADO;193;BRONZE
SUPERMERCADO IGM MIX;1613271,9;0;0;2690,1;598,12;106;74;22;16;212;226;90,38;403,62;363,31;4095,82;11;2024;82;ATIVO;ITUMBIARA;Dia 25;NÃO;SUPERMERCADO;193;BRONZE
SUPERMERCADO IGM MIX;1598405,92;0;0;955,79;2222,6;144;60;14;16;281;287;88,54;400,23;541;8047,71;6;2024;102;ATIVO;ITUMBIARA;Dia 25;NÃO;SUPERMERCADO;193;BRONZE
SUPERMERCADO IGM MIX;1485140,55;0;0;2682,36;1168,96;166;64;37;0;147;169;139,31;609,36;74,1;3447,28;7;2026;106;ATIVO;ITUMBIARA;Dia 25;NÃO;SUPERMERCADO;193;BRONZE
SUPERMERCADO IGM MIX;1440851,49;0;0;1968,43;1190,3;152;35;19;0;180;183;78,99;344,08;460,39;1628,03;12;2025;113;ATIVO;ITUMBIARA;Dia 25;NÃO;SUPERMERCADO;193;BRONZE
SUPERMERCADO IGM MIX;1436150,17;0;0;2125,54;603,01;212;126;8;15;237;247;94,77;425,67;413,24;4290,9;3;2024;136;ATIVO;ITUMBIARA;Dia 25;NÃO;SUPERMERCADO;193;BRONZE
SUPERMERCADO IGM MIX;1427653,61;0;0;618,26;354,36;129;51;20;0;114;114;289,26;1302,04;117,43;1305,33;6;2026;82;ATIVO;ITUMBIARA;Dia 25;NÃO;SUPERMERCADO;193;BRONZE
SUPERMERCADO IGM MIX;1371995,64;0;0;540,79;1221,25;136;63;10;21;279;286;93,32;413,8;452,66;3974,53;5;2024;96;ATIVO;ITUMBIARA;Dia 25;NÃO;SUPERMERCADO;193;BRONZE
SUPERMERCADO IGM MIX;1356211,64;0;0;2836,02;6093,13;1035;311;50;26;451;1035;1,92;1,18;2238,5;33502,63;12;2023;347;ATIVO;ITUMBIARA;Dia 25;NÃO;SUPERMERCADO;193;BRONZE
SUPERMERCADO IGM MIX;1327545,27;0;0;1050,71;1088,53;208;160;16;27;348;368;58,07;256,3;716,76;3719,04;2;2024;181;ATIVO;ITUMBIARA;Dia 25;NÃO;SUPERMERCADO;193;BRONZE
SUPERMERCADO IGM MIX;1276756,48;0;0;653,73;2864,81;191;141;20;37;562;563;6,77;24,02;1769,98;4512;1;2024;158;ATIVO;ITUMBIARA;Dia 25;NÃO;SUPERMERCADO;193;BRONZE
SUPERMERCADO IGM MIX;1276646,73;0;0;3008,13;4227,49;1062;303;40;127;1062;303;1,37;1,11;1729,72;31752,46;11;2023;320;ATIVO;ITUMBIARA;Dia 25;NÃO;SUPERMERCADO;193;BRONZE
SUPERMERCADO IGM MIX;1264721,63;0;0;1413,31;1059,31;201;74;16;0;145;148;171,4;766,42;152,21;1814,85;4;2026;151;ATIVO;ITUMBIARA;Dia 25;NÃO;SUPERMERCADO;193;BRONZE
SUPERMERCADO IGM MIX;1255825,7;0;0;569,53;363,17;95;24;13;0;158;163;79,38;345,55;252,89;957,64;10;2025;60;ATIVO;ITUMBIARA;Dia 25;NÃO;SUPERMERCADO;193;BRONZE
SUPERMERCADO IGM MIX;1237180,73;0;0;1408,93;561,3;257;49;16;0;184;189;112,01;492,6;1072,59;823,85;1;2026;180;ATIVO;ITUMBIARA;Dia 25;NÃO;SUPERMERCADO;193;BRONZE
SUPERMERCADO IGM MIX;1197526,38;0;0;1562,67;1527,41;911;146;13;14;286;293;110,92;503,86;650,17;2868,1;4;2024;151;ATIVO;ITUMBIARA;Dia 25;NÃO;SUPERMERCADO;193;BRONZE
SUPERMERCADO IGM MIX;1118105,88;0;0;5682,9;1090,33;648;43;32;134;1071;1071;4,42;0,58;1807,87;30964,62;9;2023;512;ATIVO;ITUMBIARA;Dia 25;NÃO;SUPERMERCADO;193;BRONZE
SUPERMERCADO IGM MIX;1085459,14;0;0;4924,09;2317,77;817;209;41;131;1142;1142;3,18;0,72;1939,16;29979,98;10;2023;587;ATIVO;ITUMBIARA;Dia 25;NÃO;SUPERMERCADO;193;BRONZE
SUPERMERCADO IMPERIAL;1081315,11;69930,2;7824,58;558,59;39,04;55;34;2;0;69;70;24,04;107,97;0;194,75;7;2026;41;ATIVO;TRINDADE;Dia 30;SIM;SUPERMERCADO;239;OURO
SUPERMERCADO IMPERIAL;965698,81;72876,14;8268,58;344,54;19,6;40;33;1;0;125;127;24,62;101,72;3,33;360;6;2026;36;ATIVO;TRINDADE;Dia 30;SIM;SUPERMERCADO;239;OURO
SUPERMERCADO IMPERIAL;908886,87;65015,67;5515,31;1739,85;203,16;65;29;2;0;61;61;42,93;196,38;7,77;70,01;4;2026;52;ATIVO;TRINDADE;Dia 30;SIM;SUPERMERCADO;239;OURO
SUPERMERCADO IMPERIAL;897684,42;0;0;2369,26;1483,49;122;64;11;13;52;52;37,15;171,17;3,9;253,08;9;2025;122;ATIVO;TRINDADE;Dia 30;SIM;SUPERMERCADO;239;OURO
SUPERMERCADO IMPERIAL;870773,97;67548,63;6003,53;1474,35;192,03;54;62;2;0;87;97;49,88;227,12;7,76;121,96;3;2026;61;ATIVO;TRINDADE;Dia 30;SIM;SUPERMERCADO;239;OURO
SUPERMERCADO IMPERIAL;847852,56;63195,77;5405,99;1618,47;431,89;57;34;4;0;92;92;41,04;174,03;7,68;219,6;1;2026;73;ATIVO;TRINDADE;Dia 30;SIM;SUPERMERCADO;239;OURO
SUPERMERCADO IMPERIAL;781381,43;63195,77;5405,99;1313,42;383,44;61;33;1;0;92;93;51,67;237,63;6,6;150,5;2;2026;125;ATIVO;TRINDADE;Dia 30;SIM;SUPERMERCADO;239;OURO
SUPERMERCADO JL;2450275,95;43652,69;4365,27;6131,96;135,18;72;17;3;47;54;76;12,75;58,47;68,4;470,36;12;2023;832;INATIVO;ITAPURANGA;Dia 20;SIM;SUPERMERCADO;68;PRATA
SUPERMERCADO JL;2382869,31;31572,2;3157,22;105,17;749,11;47;6;5;18;0;0;0;0;0;0;12;2022;0;INATIVO;ITAPURANGA;Dia 20;SIM;SUPERMERCADO;68;PRATA
SUPERMERCADO JL;2107923,28;0;0;2518,72;183,83;83;8;11;40;90;115;32,48;149,78;72,7;681,26;3;2024;116;INATIVO;ITAPURANGA;Dia 20;NÃO;SUPERMERCADO;68;PRATA
SUPERMERCADO JL;2026710,79;39626,46;3958,6;119,37;80,43;49;19;1;20;111;152;124,33;575,38;331,91;439,03;9;2023;7614;INATIVO;ITAPURANGA;Dia 20;SIM;SUPERMERCADO;68;PRATA
SUPERMERCADO JL;2021664,79;38636,84;3835,31;169,15;76,03;40;17;4;24;153;167;50,77;236,53;416,43;571,1;8;2023;7981;INATIVO;ITAPURANGA;Dia 20;SIM;SUPERMERCADO;68;PRATA
SUPERMERCADO JL;1928040,54;28449,62;2697,49;53,17;76,29;35;3;2;25;156;314;102,16;467,42;205,45;875,9;3;2023;4980;INATIVO;ITAPURANGA;Dia 20;SIM;SUPERMERCADO;68;PRATA
SUPERMERCADO JL;1894486,97;36846,92;3681,67;132,17;78,87;53;59;2;20;96;137;85,03;394,23;310,06;475,17;10;2023;7328;INATIVO;ITAPURANGA;Dia 20;SIM;SUPERMERCADO;68;PRATA
SUPERMERCADO JL;1861020,9;34988,75;3492,5;2815,55;831,1;85;12;3;43;49;70;9,14;42,61;56,95;252,98;1;2024;879;INATIVO;ITAPURANGA;Dia 20;SIM;SUPERMERCADO;68;PRATA
SUPERMERCADO JL;1854982,17;26300,43;2630,04;204,83;160,98;91;15;11;19;220;275;107,52;497,33;87,63;479;6;2023;7917;INATIVO;ITAPURANGA;Dia 20;SIM;SUPERMERCADO;68;PRATA
SUPERMERCADO JL;1850080,57;24353,73;2421,88;409,16;659,9;110;36;7;16;0;0;0;0;0;0;10;2022;0;INATIVO;ITAPURANGA;Dia 20;SIM;SUPERMERCADO;68;PRATA
SUPERMERCADO JL;1832151,41;36009,3;3559,93;2200,94;145,73;76;4;3;47;53;74;9,46;43,47;59,4;309,94;2;2024;13;INATIVO;ITAPURANGA;Dia 20;SIM;SUPERMERCADO;68;PRATA
SUPERMERCADO JL;1779408,55;26592,34;2640,44;439,16;828,79;97;23;11;13;0;0;0;0;0;0;9;2022;0;INATIVO;ITAPURANGA;Dia 20;SIM;SUPERMERCADO;68;PRATA
SUPERMERCADO JL;1766408,32;20236,79;2011,98;325,49;285,38;105;37;9;14;0;0;0;0;0;0;11;2022;0;INATIVO;ITAPURANGA;Dia 20;SIM;SUPERMERCADO;68;PRATA
SUPERMERCADO JL;1754182,76;17341,24;1690,72;237,54;427,54;46;4;5;24;153;311;127,61;585,27;216,15;881,38;2;2023;2402;INATIVO;ITAPURANGA;Dia 20;SIM;SUPERMERCADO;68;PRATA
SUPERMERCADO JL;1742167,43;23997,43;2175,65;357,79;39,47;46;12;5;26;169;245;30,1;138,95;237,24;824,44;4;2023;1159;INATIVO;ITAPURANGA;Dia 20;SIM;SUPERMERCADO;68;PRATA
SUPERMERCADO JL;1740549,79;23248,23;2323,63;168,93;578,57;55;7;6;18;4392;6295;6072,06;27964,73;96,75;351,34;1;2023;1163;INATIVO;ITAPURANGA;Dia 20;SIM;SUPERMERCADO;68;PRATA
SUPERMERCADO JL;1720789,71;22765,92;2180,26;234,02;385,33;86;12;11;15;0;0;0;0;0;0;12;2021;0;INATIVO;ITAPURANGA;Dia 20;SIM;SUPERMERCADO;68;PRATA
SUPERMERCADO JL;1718682,95;19207,21;1895,11;643,67;273,27;175;21;119;1;0;0;0;0;0;0;4;2022;0;INATIVO;ITAPURANGA;Dia 20;SIM;SUPERMERCADO;68;PRATA
SUPERMERCADO JL;1708356,43;28048,91;2761,46;298,3;160,09;133;25;16;20;187;354;88,05;407,29;125,71;342,9;5;2023;7659;INATIVO;ITAPURANGA;Dia 20;SIM;SUPERMERCADO;68;PRATA
SUPERMERCADO JL;1638545,31;22625,26;2256,57;375,86;846,11;112;30;16;12;0;0;0;0;0;0;7;2022;0;INATIVO;ITAPURANGA;Dia 20;SIM;SUPERMERCADO;68;PRATA
SUPERMERCADO JL;1605270,02;19100,65;1895,83;462,46;718,17;98;25;11;14;0;0;0;0;0;0;8;2022;0;INATIVO;ITAPURANGA;Dia 20;SIM;SUPERMERCADO;68;PRATA
SUPERMERCADO JL;1592516,1;46922,21;4664,65;143,54;275,53;92;15;14;1;0;0;0;0;0;0;3;2022;0;INATIVO;ITAPURANGA;Dia 20;SIM;SUPERMERCADO;68;PRATA
SUPERMERCADO JL;1574156,1;23273,72;2327,25;68,3;90,79;44;8;6;5;0;0;0;0;0;0;6;2022;0;INATIVO;ITAPURANGA;Dia 20;SIM;SUPERMERCADO;68;PRATA
SUPERMERCADO JL;1478282,52;23266,53;2301,77;400,22;489,74;174;13;117;1;0;0;8942,8;41160,94;0;0;5;2022;0;INATIVO;ITAPURANGA;Dia 20;SIM;SUPERMERCADO;68;PRATA
SUPERMERCADO JL;1475780,91;24381,11;1577,6;75,54;95,74;37;4;4;17;0;0;0;0;0;0;8;2021;0;INATIVO;ITAPURANGA;Dia 20;SIM;SUPERMERCADO;68;PRATA
SUPERMERCADO JL;1430527,63;13247,22;540,03;110,16;93,38;41;3;1;28;0;0;0;0;0;0;9;2021;0;INATIVO;ITAPURANGA;Dia 20;SIM;SUPERMERCADO;68;PRATA
SUPERMERCADO JL;1418834,7;0;1020,75;670,17;129,77;65;6;3;24;0;0;7239,74;33376,7;0;0;5;2021;0;INATIVO;ITAPURANGA;Dia 20;SIM;SUPERMERCADO;68;PRATA
SUPERMERCADO JL;1416930,72;23873,86;1671,17;411,3;155,46;50;3;7097;30;0;0;0;0;0;0;7;2021;0;INATIVO;ITAPURANGA;Dia 20;SIM;SUPERMERCADO;68;PRATA
SUPERMERCADO JL;1415961,61;19436,56;1851,04;189,13;199,77;85;16;9;12;0;0;0;0;0;0;1;2021;0;INATIVO;ITAPURANGA;Dia 20;SIM;SUPERMERCADO;68;PRATA
SUPERMERCADO JL;1413635,94;19586,68;1893,63;204,05;241,66;84;17;13;2;0;0;0;0;0;0;2;2022;0;INATIVO;ITAPURANGA;Dia 20;SIM;SUPERMERCADO;68;PRATA
SUPERMERCADO JL;1405507,97;20142,12;1122,2;946,47;119,97;48;2;0;24;0;0;7250,31;33449,05;0;0;10;2021;0;INATIVO;ITAPURANGA;Dia 20;SIM;SUPERMERCADO;68;PRATA
SUPERMERCADO JL;1322777,48;0;1100;869,28;197,19;53;6;3;32;0;0;0;0;0;0;6;2021;0;INATIVO;ITAPURANGA;Dia 20;SIM;SUPERMERCADO;68;PRATA
SUPERMERCADO JL;1246257,51;27110,21;2711,02;1100,77;153,15;72;40;2;19;97;128;52,1;241,03;194,44;212,28;11;2023;1027;INATIVO;ITAPURANGA;Dia 20;SIM;SUPERMERCADO;68;PRATA
SUPERMERCADO JL;1236710,45;0;901,2;745,97;290,25;129;25;6;114;0;0;0;0;0;0;3;2021;0;INATIVO;ITAPURANGA;Dia 20;SIM;SUPERMERCADO;68;PRATA
SUPERMERCADO JL;1183935,8;20696,61;1979,56;223,95;291,59;75;13;10;18;0;0;0;0;0;0;11;2021;0;INATIVO;ITAPURANGA;Dia 20;SIM;SUPERMERCADO;68;PRATA
SUPERMERCADO JL;1166897,38;0;1050,75;88,81;241,01;67;3;1;101;0;0;0;0;0;0;4;2021;0;INATIVO;ITAPURANGA;Dia 20;SIM;SUPERMERCADO;68;PRATA
SUPERMERCADO JL;872410,04;0;970,25;165,63;131,43;96;28;13;99;0;0;0;0;0;0;2;2021;0;INATIVO;ITAPURANGA;Dia 20;SIM;SUPERMERCADO;68;PRATA
SUPERMERCADO JL (IPAMERI);484066,18;0;0;1459,28;1374,92;190;45;21;0;162;169;419,93;1938,72;25,2;1888,63;12;2024;65;INATIVO;IPAMERI;Dia 10;NÃO;SUPERMERCADO;67;INATIVO
SUPERMERCADO JL (IPAMERI);411638,95;0;0;444,74;309,02;69;17;2;0;54;56;113,67;524,5;56,15;747,11;5;2025;46;INATIVO;IPAMERI;Dia 10;NÃO;SUPERMERCADO;67;INATIVO
SUPERMERCADO JL (IPAMERI);410231,12;0;0;543,04;1006,24;89;21;2;0;63;67;156,11;719,7;7,36;614,29;4;2025;75;INATIVO;IPAMERI;Dia 10;NÃO;SUPERMERCADO;67;INATIVO
SUPERMERCADO JL (IPAMERI);400359,41;0;0;889,77;160,94;59;9;0;0;93;95;57,41;264,63;161,36;588,62;6;2025;41;INATIVO;IPAMERI;Dia 10;NÃO;SUPERMERCADO;67;INATIVO
SUPERMERCADO JL (IPAMERI);382128,77;0;0;3,59;15,29;19;1;0;0;10;42;24,07;112,75;0;0;1;2025;6;INATIVO;IPAMERI;Dia 10;NÃO;SUPERMERCADO;67;INATIVO
SUPERMERCADO JL (IPAMERI);249394,27;0;0;1870,33;818,5;153;50;35;0;98;105;52,39;246,71;4,63;342,99;8;2024;69;INATIVO;IPAMERI;Dia 10;NÃO;SUPERMERCADO;67;INATIVO
SUPERMERCADO JORDÃO;1753157,57;0;0;101,27;1531,34;84;49;4;0;0;0;0;0;0;0;8;2025;1002;ATIVO;IPAMERI;Dia 25;NÃO;SUPERMERCADO;201;PRATA
SUPERMERCADO JORDÃO;1538158,87;0;0;11,68;1228,89;65;42;2;0;0;0;0;0;0;0;9;2025;958;ATIVO;IPAMERI;Dia 25;NÃO;SUPERMERCADO;201;PRATA
SUPERMERCADO JORDÃO;966141,07;0;0;464,55;1512,77;876;77;13;0;0;0;0;0;0;0;12;2024;788;ATIVO;IPAMERI;Dia 25;NÃO;SUPERMERCADO;201;PRATA
SUPERMERCADO KI FRIOS;2194915,28;0;0;16,11;204,48;27;19;8;0;25;35;21,57;99,44;27,86;13,2;12;2024;4;INATIVO;ALEXÂNIA;Dia 20;NÃO;SUPERMERCADO;41;BRONZE
SUPERMERCADO KI FRIOS;2130945,85;0;0;120,46;165,28;41;9;1;0;18;36;71,75;389,79;7,79;55,81;5;2025;16;INATIVO;ALEXÂNIA;Dia 20;NÃO;SUPERMERCADO;41;BRONZE
SUPERMERCADO KI FRIOS;2093340,91;0;0;144,91;741,76;49;58;2;56;95;115;121,77;560,53;182,86;356,34;12;2023;49;INATIVO;ALEXÂNIA;Dia 20;NÃO;SUPERMERCADO;41;BRONZE
SUPERMERCADO KI FRIOS;2039036,6;0;0;16,3;66,39;19;13;3;0;18;33;9,2;42,8;0,46;42,31;3;2025;9;INATIVO;ALEXÂNIA;Dia 20;NÃO;SUPERMERCADO;41;BRONZE
SUPERMERCADO KI FRIOS;2006390,48;0;0;167,71;1264,89;122;50;0;35;150;168;217,3;1000,29;175,6;639,11;5;2024;63;INATIVO;ALEXÂNIA;Dia 20;NÃO;SUPERMERCADO;41;BRONZE
SUPERMERCADO KI FRIOS;1982863,29;0;0;132,04;83,8;38;9;2;0;26;54;82,35;538,42;8,07;61,13;4;2025;14;INATIVO;ALEXÂNIA;Dia 20;NÃO;SUPERMERCADO;41;BRONZE
SUPERMERCADO KI FRIOS;1953828,87;0;0;38,51;90,61;28;13;2;3;20;32;7,77;36,19;26,37;27,76;10;2024;24;INATIVO;ALEXÂNIA;Dia 20;NÃO;SUPERMERCADO;41;BRONZE
SUPERMERCADO KI FRIOS;1953657,67;0;0;78,13;405,91;53;26;4;37;41;45;13,52;62,41;18,09;23,45;8;2024;32;INATIVO;ALEXÂNIA;Dia 20;NÃO;SUPERMERCADO;41;BRONZE
SUPERMERCADO KI FRIOS;1929305,99;0;0;15,86;52,26;25;23;6;1;19;34;6,67;30,9;36,05;57,68;11;2024;11;INATIVO;ALEXÂNIA;Dia 20;NÃO;SUPERMERCADO;41;BRONZE
SUPERMERCADO KI FRIOS;1914654,05;0;0;54,82;290,29;25;23;8;0;32;53;19,34;89,28;17,51;19,39;1;2025;6;INATIVO;ALEXÂNIA;Dia 20;NÃO;SUPERMERCADO;41;BRONZE
SUPERMERCADO KI FRIOS;1869690,91;0;0;83,64;160,31;58;18;5;35;61;75;19,5;89,73;35,44;207,3;7;2024;25;INATIVO;ALEXÂNIA;Dia 20;NÃO;SUPERMERCADO;41;BRONZE
SUPERMERCADO KI FRIOS;1847638,32;0;0;195,24;99,7;62;14;1;0;61;80;118,94;597,58;17,37;139,37;6;2025;30;INATIVO;ALEXÂNIA;Dia 20;NÃO;SUPERMERCADO;41;BRONZE
SUPERMERCADO KI FRIOS;1841886,15;0;0;67,3;325,19;34;19;0;1;18;29;7,66;35,36;28,33;7,91;9;2024;24;INATIVO;ALEXÂNIA;Dia 20;NÃO;SUPERMERCADO;41;BRONZE
SUPERMERCADO KI FRIOS;1835046,92;0;0;170,12;2410,92;161;102;7;85;95;187;33,47;154,93;121,63;1150,63;12;2022;0;INATIVO;ALEXÂNIA;Dia 20;NÃO;SUPERMERCADO;41;BRONZE
SUPERMERCADO KI FRIOS;1833436,87;0;0;8,05;84,68;24;8;1;37;17;31;28,78;132,13;7,83;37,36;3;2024;10;INATIVO;ALEXÂNIA;Dia 20;NÃO;SUPERMERCADO;41;BRONZE
SUPERMERCADO KI FRIOS;1829678,67;0;0;167,19;762,83;132;57;7;34;169;196;158,01;728,14;134,13;559,93;6;2024;68;INATIVO;ALEXÂNIA;Dia 20;NÃO;SUPERMERCADO;41;BRONZE
SUPERMERCADO KI FRIOS;1818893,67;0;0;121,4;326,37;92;42;2;36;103;118;74,65;342,63;78,48;468,91;4;2024;53;INATIVO;ALEXÂNIA;Dia 20;NÃO;SUPERMERCADO;41;BRONZE
SUPERMERCADO KI FRIOS;1809820,06;0;0;96,99;20,56;25;10;1;0;16;16;2,14;9,87;12,08;58,53;8;2025;7;INATIVO;ALEXÂNIA;Dia 20;NÃO;SUPERMERCADO;41;BRONZE
SUPERMERCADO KI FRIOS;1787556,51;0;0;17,24;143,58;21;16;3;0;10;25;3,89;17,88;2,7;36,74;2;2025;4;INATIVO;ALEXÂNIA;Dia 20;NÃO;SUPERMERCADO;41;BRONZE
SUPERMERCADO KI FRIOS;1751729,09;0;0;77,99;37,59;12;10;1;0;7;7;0,81;4,2;7,29;81,13;7;2025;6;INATIVO;ALEXÂNIA;Dia 20;NÃO;SUPERMERCADO;41;BRONZE
SUPERMERCADO KI FRIOS;1739684,66;0;0;46,52;165,98;64;58;3;0;86;101;99,23;459,46;87,37;98,56;9;2023;945;INATIVO;ALEXÂNIA;Dia 20;NÃO;SUPERMERCADO;41;BRONZE
SUPERMERCADO KI FRIOS;1729391,12;0;0;44,79;232,66;43;34;2;38;45;63;30,66;141,64;170,4;174,72;2;2024;21;INATIVO;ALEXÂNIA;Dia 20;NÃO;SUPERMERCADO;41;BRONZE
SUPERMERCADO KI FRIOS;1717104,14;0;0;68,38;167,18;51;55;2;0;78;95;97,75;453,14;54,24;116,46;10;2023;854;INATIVO;ALEXÂNIA;Dia 20;NÃO;SUPERMERCADO;41;BRONZE
SUPERMERCADO KI FRIOS;1712378,06;0;0;100,38;1914,51;163;108;3;284;142;221;91,86;423,41;263,9;778,8;5;2023;1074;INATIVO;ALEXÂNIA;Dia 20;NÃO;SUPERMERCADO;41;BRONZE
SUPERMERCADO KI FRIOS;1687790,66;0;0;44,72;164,27;58;56;2;0;74;86;82,09;379,72;74,02;67,08;11;2023;50;INATIVO;ALEXÂNIA;Dia 20;NÃO;SUPERMERCADO;41;BRONZE
SUPERMERCADO KI FRIOS;1682193,21;0;0;91,16;1330,64;162;106;3;0;120;210;60,77;280,89;204,89;583,87;7;2023;1092;INATIVO;ALEXÂNIA;Dia 20;NÃO;SUPERMERCADO;41;BRONZE
SUPERMERCADO KI FRIOS;1674713,19;0;0;36,41;67,63;40;27;3;0;72;84;60,79;281,67;58,21;63,25;8;2023;936;INATIVO;ALEXÂNIA;Dia 20;NÃO;SUPERMERCADO;41;BRONZE
SUPERMERCADO KI FRIOS;1667471,96;0;0;73,92;1952,43;244;175;5;47;127;237;80,38;369,18;62,59;752,28;10;2022;0;INATIVO;ALEXÂNIA;Dia 20;NÃO;SUPERMERCADO;41;BRONZE
SUPERMERCADO KI FRIOS;1658565,23;0;0;85,42;1753,2;151;98;3;267;128;222;66,54;307,71;255,52;875,74;6;2023;1095;INATIVO;ALEXÂNIA;Dia 20;NÃO;SUPERMERCADO;41;BRONZE
SUPERMERCADO KI FRIOS;1653615,2;0;0;44,53;278,16;84;51;2;48;84;112;121,54;560,25;181,46;178,51;1;2024;45;INATIVO;ALEXÂNIA;Dia 20;NÃO;SUPERMERCADO;41;BRONZE
SUPERMERCADO KI FRIOS;1648193,04;0;0;138,41;1712,97;176;109;6;280;146;229;85,48;393,46;197,9;1015,34;4;2023;1100;INATIVO;ALEXÂNIA;Dia 20;NÃO;SUPERMERCADO;41;BRONZE
SUPERMERCADO KI FRIOS;1639951,32;0;0;130,34;1666,31;136;75;5;283;171;261;81,91;377,66;227,97;1138,72;3;2023;1090;INATIVO;ALEXÂNIA;Dia 20;NÃO;SUPERMERCADO;41;BRONZE
SUPERMERCADO KI FRIOS;1633426,67;0;0;256,17;2485,9;304;169;7;50;158;268;101,13;465,83;60,32;797,02;8;2022;0;INATIVO;ALEXÂNIA;Dia 20;NÃO;SUPERMERCADO;41;BRONZE
SUPERMERCADO KI FRIOS;1574976,11;0;0;89,43;2292,45;283;177;6;52;128;237;92,06;423,98;63,27;1035,22;7;2022;0;INATIVO;ALEXÂNIA;Dia 20;NÃO;SUPERMERCADO;41;BRONZE
SUPERMERCADO KI FRIOS;1554760,93;0;0;118,49;1600,62;145;92;4;110;75;159;6,28;29,38;91,57;685,89;11;2022;0;INATIVO;ALEXÂNIA;Dia 20;NÃO;SUPERMERCADO;41;BRONZE
SUPERMERCADO KI FRIOS;1554179,7;0;0;88,16;2452,64;237;168;7;50;162;266;84,99;391,17;65,88;652,24;9;2022;0;INATIVO;ALEXÂNIA;Dia 20;NÃO;SUPERMERCADO;41;BRONZE
SUPERMERCADO KI FRIOS;1550299,63;0;0;512,41;1463,45;342;220;40;62;324;668;477,01;2270,7;27,51;1257,09;4;2022;0;INATIVO;ALEXÂNIA;Dia 20;NÃO;SUPERMERCADO;41;BRONZE
SUPERMERCADO KI FRIOS;1512369,43;0;0;468,88;1421,41;406;260;46;60;381;745;411,72;1949,6;89,96;1160,8;5;2022;0;INATIVO;ALEXÂNIA;Dia 20;NÃO;SUPERMERCADO;41;BRONZE
SUPERMERCADO KI FRIOS;1495367,72;0;0;566,39;4005,95;326;274;56;84;407;806;493,63;2332,71;10,88;749,99;3;2022;0;INATIVO;ALEXÂNIA;Dia 20;NÃO;SUPERMERCADO;41;BRONZE
SUPERMERCADO KI FRIOS;1476150,62;0;0;92,39;1593,78;112;73;4;286;131;218;74,96;346,73;190,72;1080,09;2;2023;1078;INATIVO;ALEXÂNIA;Dia 20;NÃO;SUPERMERCADO;41;BRONZE
SUPERMERCADO KI FRIOS;1472153,4;0;0;116;1187,35;299;146;3;51;144;258;77,81;360,45;56,7;1063,35;6;2022;0;INATIVO;ALEXÂNIA;Dia 20;NÃO;SUPERMERCADO;41;BRONZE
SUPERMERCADO KI FRIOS;1336344,95;0;0;468,34;2116;364;302;71;514;548;878;431,39;1982,74;108,47;102,58;10;2021;0;INATIVO;ALEXÂNIA;Dia 20;NÃO;SUPERMERCADO;41;BRONZE
SUPERMERCADO KI FRIOS;965262,77;0;0;222,69;2456,47;261;80;557;22;980;1264;2458,35;11351,66;140,85;23015,33;1;2023;482;INATIVO;ALEXÂNIA;Dia 20;NÃO;SUPERMERCADO;41;BRONZE
SUPERMERCADO KSR;652732,93;0;0;179,76;344,71;71;42;1;0;43;81;50,58;232,54;0;91,52;12;2025;57;ATIVO;SANTO ANTÔNIO DE GOIÁS;Dia 30;NÃO;SUPERMERCADO;237;PRATA
SUPERMERCADO KSR;619763,28;0;0;114,44;77,61;32;14;0;0;15;42;12,53;58,03;1,24;363,05;5;2026;25;ATIVO;SANTO ANTÔNIO DE GOIÁS;Dia 30;NÃO;SUPERMERCADO;237;PRATA
SUPERMERCADO KSR;593955,63;0;0;342,53;967,87;860;425;20;0;346;538;81,25;374,71;52,78;422,32;10;2025;124;ATIVO;SANTO ANTÔNIO DE GOIÁS;Dia 30;NÃO;SUPERMERCADO;237;PRATA
SUPERMERCADO KSR;592010,61;0;0;560,42;71,36;35;19;0;0;15;50;29,26;134,95;3,02;208,96;6;2026;28;ATIVO;SANTO ANTÔNIO DE GOIÁS;Dia 30;NÃO;SUPERMERCADO;237;PRATA
SUPERMERCADO KSR;588025,77;0;0;37,24;35,94;21;28;1;0;14;43;12,77;59,06;0;24,77;4;2026;19;ATIVO;SANTO ANTÔNIO DE GOIÁS;Dia 30;NÃO;SUPERMERCADO;237;PRATA
SUPERMERCADO KSR;583261,2;0;0;207,76;228,37;84;46;1;0;29;68;34,45;160,14;12,11;139,78;1;2026;77;ATIVO;SANTO ANTÔNIO DE GOIÁS;Dia 30;NÃO;SUPERMERCADO;237;PRATA
SUPERMERCADO KSR;559257,36;0;0;73;78,47;36;16;5;0;16;47;17,79;81,62;0;48,35;3;2026;28;ATIVO;SANTO ANTÔNIO DE GOIÁS;Dia 30;NÃO;SUPERMERCADO;237;PRATA
SUPERMERCADO KSR;520841,48;0;0;90,22;179,06;57;28;0;0;27;62;20,21;93,27;9,31;44,53;2;2026;48;ATIVO;SANTO ANTÔNIO DE GOIÁS;Dia 30;NÃO;SUPERMERCADO;237;PRATA
SUPERMERCADO LAGO AZUL;598393,4;0;0;93,38;233,37;122;14;2;0;64;76;54,47;248,75;65,15;305,59;12;2024;46;ATIVO;TRÊS RANCHOS;Dia 10;NÃO;SUPERMERCADO;93;BRONZE
SUPERMERCADO LAGO AZUL;595357,05;0;0;488,95;191,8;103;46;33;0;76;85;63,01;276,54;30,23;453,08;12;2025;45;ATIVO;TRÊS RANCHOS;Dia 10;NÃO;SUPERMERCADO;93;BRONZE
SUPERMERCADO LAGO AZUL;585182,86;0;0;203,4;101,23;79;11;3;0;35;38;7,75;33,31;5,17;130,13;3;2025;48;ATIVO;TRÊS RANCHOS;Dia 10;NÃO;SUPERMERCADO;93;BRONZE
SUPERMERCADO LAGO AZUL;579958,26;0;0;838,52;968,77;293;116;15;25;963;1537;566,5;2599,7;686,45;6261,31;12;2023;145;ATIVO;TRÊS RANCHOS;Dia 10;NÃO;SUPERMERCADO;93;BRONZE
SUPERMERCADO LAGO AZUL;549545,64;0;0;176,79;262,32;94;20;7;0;34;40;13,8;61;13,07;134,5;5;2025;61;ATIVO;TRÊS RANCHOS;Dia 10;NÃO;SUPERMERCADO;93;BRONZE
SUPERMERCADO LAGO AZUL;539713,38;0;0;84,66;155,72;66;6;1;0;36;41;15,86;71,67;12,85;135,37;4;2025;38;ATIVO;TRÊS RANCHOS;Dia 10;NÃO;SUPERMERCADO;93;BRONZE
SUPERMERCADO LAGO AZUL;514510,72;0;0;187,94;118,41;73;18;6;0;36;38;28,34;126,01;21,2;104,05;1;2026;56;ATIVO;TRÊS RANCHOS;Dia 10;NÃO;SUPERMERCADO;93;BRONZE
SUPERMERCADO LAGO AZUL;512137,07;0;0;22,68;186,75;45;18;12;0;19;25;6,06;28,31;52,26;70,08;7;2025;10;ATIVO;TRÊS RANCHOS;Dia 10;NÃO;SUPERMERCADO;93;BRONZE
SUPERMERCADO LAGO AZUL;492608,8;0;0;256,43;291,54;131;38;8;13;99;129;42,81;79,2;87,48;303,97;7;2024;47;ATIVO;TRÊS RANCHOS;Dia 10;NÃO;SUPERMERCADO;93;BRONZE
SUPERMERCADO LAGO AZUL;483473,21;0;0;29,99;95,55;113;43;4;6;76;87;29,99;95,55;31,7;196,67;10;2024;88;ATIVO;TRÊS RANCHOS;Dia 10;NÃO;SUPERMERCADO;93;BRONZE
SUPERMERCADO LAGO AZUL;482751,35;0;0;246,12;117,66;103;12;5;0;52;58;18,34;82,14;24,77;157,12;1;2025;53;ATIVO;TRÊS RANCHOS;Dia 10;NÃO;SUPERMERCADO;93;BRONZE
SUPERMERCADO LAGO AZUL;482705,25;0;0;210,07;61,75;90;57;49;0;72;78;10,38;47,47;5,54;452,54;9;2025;28;ATIVO;TRÊS RANCHOS;Dia 10;NÃO;SUPERMERCADO;93;BRONZE
SUPERMERCADO LAGO AZUL;482655,17;0;0;75,75;129,4;50;24;6;0;25;27;15,28;64,83;13,1;189,07;2;2026;37;ATIVO;TRÊS RANCHOS;Dia 10;NÃO;SUPERMERCADO;93;BRONZE
SUPERMERCADO LAGO AZUL;475198,22;0;0;156,15;598,76;76;15;5;0;35;39;31,44;142,16;2,84;107,13;2;2025;48;ATIVO;TRÊS RANCHOS;Dia 10;NÃO;SUPERMERCADO;93;BRONZE
SUPERMERCADO LAGO AZUL;472291,55;0;0;191,73;75,38;45;24;3;0;28;32;47,8;218,92;18,98;70,04;4;2026;29;ATIVO;TRÊS RANCHOS;Dia 10;NÃO;SUPERMERCADO;93;BRONZE
SUPERMERCADO LAGO AZUL;471393,2;0;0;305,8;789,8;178;64;14;14;91;113;61,36;172,42;64,53;130,82;8;2024;88;ATIVO;TRÊS RANCHOS;Dia 10;NÃO;SUPERMERCADO;93;BRONZE
SUPERMERCADO LAGO AZUL;470249,86;0;0;99,56;35,07;36;24;20;0;37;43;2,79;12,23;20,13;103,02;8;2025;15;ATIVO;TRÊS RANCHOS;Dia 10;NÃO;SUPERMERCADO;93;BRONZE
SUPERMERCADO LAGO AZUL;463561,67;0;0;280,23;1786,18;252;125;117;15;214;242;54,12;247,94;237,45;1078,18;2;2024;87;ATIVO;TRÊS RANCHOS;Dia 10;NÃO;SUPERMERCADO;93;BRONZE
SUPERMERCADO LAGO AZUL;462593,05;0;0;956,28;44,15;82;52;48;0;63;69;16,47;75,53;9,3;549,85;10;2025;24;ATIVO;TRÊS RANCHOS;Dia 10;NÃO;SUPERMERCADO;93;BRONZE
SUPERMERCADO LAGO AZUL;458282,85;0;0;31,36;248;46;17;2;33;25;35;6,04;28,51;22,68;142,95;7;2026;3;ATIVO;TRÊS RANCHOS;Dia 10;NÃO;SUPERMERCADO;93;BRONZE
SUPERMERCADO LAGO AZUL;452779,74;0;0;750,67;128,05;73;48;41;0;61;69;25,06;115,09;7,72;431,35;11;2025;22;ATIVO;TRÊS RANCHOS;Dia 10;NÃO;SUPERMERCADO;93;BRONZE
SUPERMERCADO LAGO AZUL;451011,87;0;0;132,5;1152,63;58;25;8;0;24;31;6,47;26,42;7,73;128,77;3;2026;32;ATIVO;TRÊS RANCHOS;Dia 10;NÃO;SUPERMERCADO;93;BRONZE
SUPERMERCADO LAGO AZUL;450809,9;0;0;74,22;116,57;115;41;1;0;25;38;66,17;298,02;12,54;294,2;6;2026;30;ATIVO;TRÊS RANCHOS;Dia 10;NÃO;SUPERMERCADO;93;BRONZE
SUPERMERCADO LAGO AZUL;449907,18;0;0;1485,79;779,94;300;168;9;54;832;1327;496,07;2275,91;478,72;3925,8;10;2023;988;ATIVO;TRÊS RANCHOS;Dia 10;NÃO;SUPERMERCADO;93;BRONZE
SUPERMERCADO LAGO AZUL;448894,74;0;0;280,29;410,46;165;115;14;15;90;115;72,84;209,79;91,16;134,02;9;2024;73;ATIVO;TRÊS RANCHOS;Dia 10;NÃO;SUPERMERCADO;93;BRONZE
SUPERMERCADO LAGO AZUL;445715,46;0;0;22,91;160,24;33;12;6;21;9;22;1,33;6,16;3,33;17,71;8;2026;2;ATIVO;TRÊS RANCHOS;Dia 10;NÃO;SUPERMERCADO;93;BRONZE
SUPERMERCADO LAGO AZUL;445644,21;0;0;139,28;179,6;70;27;15;0;26;32;29,6;135,18;11,73;70,34;6;2025;51;ATIVO;TRÊS RANCHOS;Dia 10;NÃO;SUPERMERCADO;93;BRONZE
SUPERMERCADO LAGO AZUL;444050,04;0;0;118,6;3245,76;258;208;152;19;174;213;118,6;120,93;195,65;729,55;3;2024;99;ATIVO;TRÊS RANCHOS;Dia 10;NÃO;SUPERMERCADO;93;BRONZE
SUPERMERCADO LAGO AZUL;441080,5;0;0;71,95;118,11;82;5;20;7;60;71;21,45;95,68;53,21;99;11;2024;26;ATIVO;TRÊS RANCHOS;Dia 10;NÃO;SUPERMERCADO;93;BRONZE
SUPERMERCADO LAGO AZUL;432990,06;0;0;458,54;1173,6;248;413;7;20;239;288;55,74;255,8;146,78;797,91;1;2024;168;ATIVO;TRÊS RANCHOS;Dia 10;NÃO;SUPERMERCADO;93;BRONZE
SUPERMERCADO LAGO AZUL;429238,96;0;0;66,12;1287,86;224;62;56;11;136;62;21,74;100,33;176,21;537,54;5;2024;52;ATIVO;TRÊS RANCHOS;Dia 10;NÃO;SUPERMERCADO;93;BRONZE
SUPERMERCADO LAGO AZUL;419377,91;0;0;211,29;174,69;45;24;1;0;31;38;10,26;48,68;6,79;63,85;5;2026;32;ATIVO;TRÊS RANCHOS;Dia 10;NÃO;SUPERMERCADO;93;BRONZE
SUPERMERCADO LAGO AZUL;396175,36;0;0;146,03;365;156;18;10;12;115;144;24,51;73,37;141,6;386,31;6;2024;50;ATIVO;TRÊS RANCHOS;Dia 10;NÃO;SUPERMERCADO;93;BRONZE
SUPERMERCADO LAGO AZUL;363487,09;0;0;72,97;2923,16;357;159;151;17;194;235;28,36;129,24;242,01;752,09;4;2024;90;ATIVO;TRÊS RANCHOS;Dia 10;NÃO;SUPERMERCADO;93;BRONZE
SUPERMERCADO LEAL;368182,19;29524,51;3531,48;96,66;117,91;52;70;6;0;7;8;5;22,82;3,01;1,9;5;2026;374;ATIVO;GOIÂNIA;Dia 30;SIM;SUPERMERCADO;242;PRATA
SUPERMERCADO LEAL;352398,33;29404,2;3509,09;82,95;81,45;24;35;2;0;3;4;0,13;0,61;2,78;0,21;6;2026;366;ATIVO;GOIÂNIA;Dia 30;SIM;SUPERMERCADO;242;PRATA
SUPERMERCADO LEAL;344976,86;29976,58;3578,9;91,77;23,44;25;37;3;0;5;6;1,98;9,1;0;27,62;7;2026;366;ATIVO;GOIÂNIA;Dia 30;SIM;SUPERMERCADO;242;PRATA
SUPERMERCADO LEAL;332039,94;29055,81;3421,62;224,55;34,54;77;12;4;214;23;367;4,38;20,26;11,45;18,61;3;2026;400;ATIVO;GOIÂNIA;Dia 30;SIM;SUPERMERCADO;242;PRATA
SUPERMERCADO LEAL;330832,78;0;0;4454,28;401,04;445;35;16;214;66;181;104,02;520,5;15,26;6,66;1;2026;262;ATIVO;GOIÂNIA;Dia 30;SIM;SUPERMERCADO;242;PRATA
SUPERMERCADO LEAL;329228,83;0;0;225,33;40,58;71;17;7;0;15;17;6,43;29,42;28,5;4,47;4;2026;370;ATIVO;GOIÂNIA;Dia 30;SIM;SUPERMERCADO;242;PRATA
SUPERMERCADO LEAL;291472,48;23819,37;509,83;900,92;266,04;378;24;8;214;36;127;90,59;446,01;19,08;35,48;2;2026;201;ATIVO;GOIÂNIA;Dia 30;SIM;SUPERMERCADO;242;PRATA
SUPERMERCADO LÉO;523221,02;0;0;366,61;239,71;76;7;6;0;190;275;676,01;3109,81;4,6;64,84;5;2026;23;ATIVO;CROMÍNIA;Dia 30;NÃO;SUPERMERCADO;236;PRATA
SUPERMERCADO LÉO;511534,46;0;0;405,39;84,78;80;7;13;0;228;342;592,76;2726,44;7,24;21,27;7;2026;23;ATIVO;CROMÍNIA;Dia 30;NÃO;SUPERMERCADO;236;PRATA
SUPERMERCADO LÉO;456856,99;0;0;356,6;388,6;87;6;6;0;195;282;497,49;2287,33;2,94;70,25;3;2026;25;ATIVO;CROMÍNIA;Dia 30;NÃO;SUPERMERCADO;236;PRATA
SUPERMERCADO LÉO;452692,97;0;0;329,55;179,86;73;4;6;0;170;246;276,18;1267,91;5,76;59,7;6;2026;22;ATIVO;CROMÍNIA;Dia 30;NÃO;SUPERMERCADO;236;PRATA
SUPERMERCADO LÉO;422964,68;0;0;353,05;106,09;82;6;5;0;191;272;307,48;1412,31;2,32;79,73;4;2026;26;ATIVO;CROMÍNIA;Dia 30;NÃO;SUPERMERCADO;236;PRATA
SUPERMERCADO LÉO;399953,12;0;0;354,68;339,69;91;4;5;0;161;245;183,95;1018,1;0;80,12;10;2025;17;ATIVO;CROMÍNIA;Dia 30;NÃO;SUPERMERCADO;236;PRATA
SUPERMERCADO LÉO;347480,29;0;0;222,45;154,48;68;5;10;0;180;289;466,74;2144,36;0;41,8;2;2026;17;ATIVO;CROMÍNIA;Dia 30;NÃO;SUPERMERCADO;236;PRATA
SUPERMERCADO LÉO;262261,53;0;0;222,32;150,41;53;4;11;0;146;257;288,33;1593,23;0;29,44;12;2025;15;ATIVO;CROMÍNIA;Dia 30;NÃO;SUPERMERCADO;236;PRATA
SUPERMERCADO LÉO;200407,38;0;0;244,13;244,13;45;4;6;0;117;189;202,26;1116,29;0;32,76;1;2026;15;ATIVO;CROMÍNIA;Dia 30;NÃO;SUPERMERCADO;236;PRATA
SUPERMERCADO LÍDER;1156777,85;57032,38;6843,89;31,81;32,29;13;4;0;9;22;22;89,35;410,79;93,59;106,19;12;2024;12;ATIVO;SÃO LUÍS DE MONTES BELOS;Dia 15;SIM;SUPERMERCADO;13;DIAMANTE
SUPERMERCADO LÍDER;1123738,67;63570,33;7605,82;81,6;25,1;14;3;0;0;18;18;145,77;668,79;0;93,53;5;2025;14;ATIVO;SÃO LUÍS DE MONTES BELOS;Dia 15;SIM;SUPERMERCADO;13;DIAMANTE
SUPERMERCADO LÍDER;1117522,4;63977,1;7653,18;101,8;40,17;27;6;0;0;18;18;88,27;405,95;0;99,19;3;2025;18;ATIVO;SÃO LUÍS DE MONTES BELOS;Dia 15;SIM;SUPERMERCADO;13;DIAMANTE
SUPERMERCADO LÍDER;1101130,28;46320,02;4611,07;23,95;15,05;10;2;0;29;14;93;70,44;323,96;0;26,19;12;2023;5;ATIVO;SÃO LUÍS DE MONTES BELOS;Dia 15;SIM;SUPERMERCADO;13;DIAMANTE
SUPERMERCADO LÍDER;1094047,84;59150,56;7038,15;141,17;35,91;21;6;0;0;18;18;89,08;409,1;0;102,18;4;2025;19;ATIVO;SÃO LUÍS DE MONTES BELOS;Dia 15;SIM;SUPERMERCADO;13;DIAMANTE
SUPERMERCADO LÍDER;1074467,04;62782,24;7506,83;36,33;20,06;10;2;0;0;4;44;57,92;267,69;0;7,04;12;2025;6;ATIVO;SÃO LUÍS DE MONTES BELOS;Dia 15;SIM;SUPERMERCADO;13;DIAMANTE
SUPERMERCADO LÍDER;1045190,61;77442,32;8882,45;462,27;10,99;21;3;0;0;20;20;266,58;1227,05;35,2;20,85;5;2026;11;ATIVO;SÃO LUÍS DE MONTES BELOS;Dia 15;SIM;SUPERMERCADO;13;DIAMANTE
SUPERMERCADO LÍDER;1041445,34;67848,19;8124,9;33,74;1,18;9;2;33;0;21;21;191,11;881,3;28,44;38,9;7;2026;6;ATIVO;SÃO LUÍS DE MONTES BELOS;Dia 15;SIM;SUPERMERCADO;13;DIAMANTE
SUPERMERCADO LÍDER;1037710,35;66836,76;7945,44;146,83;10,5;14;1;0;0;19;19;103,91;478,17;0;88,11;7;2025;13;ATIVO;SÃO LUÍS DE MONTES BELOS;Dia 15;SIM;SUPERMERCADO;13;DIAMANTE
SUPERMERCADO LÍDER;1036567,86;57299,99;6812,778;85,47;10,27;12;1;0;9;22;22;98,35;452,3;83,5;124,29;10;2024;11;ATIVO;SÃO LUÍS DE MONTES BELOS;Dia 15;SIM;SUPERMERCADO;13;DIAMANTE
SUPERMERCADO LÍDER;1020190,1;0;0;57,84;5,78;15;4;57;0;17;17;196,04;902,91;19,37;42,09;6;2026;10;ATIVO;SÃO LUÍS DE MONTES BELOS;Dia 15;SIM;SUPERMERCADO;13;DIAMANTE
SUPERMERCADO LÍDER;1019228,92;65962,48;7871,03;114,98;13,42;11;2;0;0;16;16;86,73;399,61;0;99,72;8;2025;11;ATIVO;SÃO LUÍS DE MONTES BELOS;Dia 15;SIM;SUPERMERCADO;13;DIAMANTE
SUPERMERCADO LÍDER;1016369,89;72309,73;8628,17;75,79;5,43;11;2;75;0;13;13;199,73;922,27;2,13;10,92;8;2026;8;ATIVO;SÃO LUÍS DE MONTES BELOS;Dia 15;SIM;SUPERMERCADO;13;DIAMANTE
SUPERMERCADO LÍDER;1012804,4;0;0;5752,23;173,74;203;32;0;226;82;221;128,68;590,88;31,78;414,18;5;2023;141;ATIVO;SÃO LUÍS DE MONTES BELOS;Dia 15;NÃO;SUPERMERCADO;13;DIAMANTE
SUPERMERCADO LÍDER;1011331,14;57506,87;6883,87;34,89;7,58;10;1;0;8;25;25;98,72;456,34;62,66;60,37;8;2024;9;ATIVO;SÃO LUÍS DE MONTES BELOS;Dia 15;SIM;SUPERMERCADO;13;DIAMANTE
SUPERMERCADO LÍDER;1007158,09;59466,99;7098,74;59,44;34,75;24;0;0;0;11;11;126,45;580,95;0;5,2;5;2024;6;ATIVO;SÃO LUÍS DE MONTES BELOS;Dia 15;SIM;SUPERMERCADO;13;DIAMANTE
SUPERMERCADO LÍDER;1000515;47427,55;4543,01;216,53;5,02;10;3;0;35;10;65;109,37;501,99;0;10,27;10;2023;9;ATIVO;SÃO LUÍS DE MONTES BELOS;Dia 15;SIM;SUPERMERCADO;13;DIAMANTE
SUPERMERCADO LÍDER;997009,76;64762,93;7749,14;31,98;12,13;6;6;0;0;4;4;105,78;484,89;0;7,97;10;2025;6;ATIVO;SÃO LUÍS DE MONTES BELOS;Dia 15;SIM;SUPERMERCADO;13;DIAMANTE
SUPERMERCADO LÍDER;993618,77;48182,14;4767,92;59,77;5,26;11;5;0;34;16;115;130,76;600,7;0;10,71;11;2023;9;ATIVO;SÃO LUÍS DE MONTES BELOS;Dia 15;SIM;SUPERMERCADO;13;DIAMANTE
SUPERMERCADO LÍDER;989691,32;56030,2;1688,31;4040,35;139,65;94;18;0;0;93;216;149,93;688,64;42,75;404,2;6;2023;211;ATIVO;SÃO LUÍS DE MONTES BELOS;Dia 15;SIM;SUPERMERCADO;13;DIAMANTE
SUPERMERCADO LÍDER;983796,05;59898,79;7156,29;116,22;7,85;24;1;0;0;21;21;98,87;453,95;0;80,71;6;2025;17;ATIVO;SÃO LUÍS DE MONTES BELOS;Dia 15;SIM;SUPERMERCADO;13;DIAMANTE
SUPERMERCADO LÍDER;977359,07;51617,05;5151,26;34,06;7,29;10;0;0;24;9;9;106,56;488,76;0;11,68;3;2024;7;ATIVO;SÃO LUÍS DE MONTES BELOS;Dia 15;SIM;SUPERMERCADO;13;DIAMANTE
SUPERMERCADO LÍDER;974180,59;51757,05;6210,85;15,82;5,87;3;0;0;8;21;21;86,23;397,61;87,88;101,24;11;2024;3;ATIVO;SÃO LUÍS DE MONTES BELOS;Dia 15;SIM;SUPERMERCADO;13;DIAMANTE
SUPERMERCADO LÍDER;973700,38;71631,33;8185,64;825,2;15,93;23;3;0;0;4;4;113,73;523,45;2,89;3,48;3;2026;7;ATIVO;SÃO LUÍS DE MONTES BELOS;Dia 15;SIM;SUPERMERCADO;13;DIAMANTE
SUPERMERCADO LÍDER;970498,38;56630,11;6794,16;16,32;11,14;8;2;0;10;8;8;105,21;485,67;7,87;1,84;7;2024;7;ATIVO;SÃO LUÍS DE MONTES BELOS;Dia 15;SIM;SUPERMERCADO;13;DIAMANTE
SUPERMERCADO LÍDER;966561,68;50626,45;4689,59;387,51;12,98;15;4;0;0;33;115;109,72;504,11;134,83;31,43;8;2023;19;ATIVO;SÃO LUÍS DE MONTES BELOS;Dia 15;SIM;SUPERMERCADO;13;DIAMANTE
SUPERMERCADO LÍDER;964609,24;55616,12;6673,93;12,72;24,53;11;1;0;11;14;14;100,51;460,43;0;5,63;6;2024;4;ATIVO;SÃO LUÍS DE MONTES BELOS;Dia 15;SIM;SUPERMERCADO;13;DIAMANTE
SUPERMERCADO LÍDER;960072,98;62460,92;7452,34;49,82;10,64;4;6;0;0;3;3;80,84;371,73;0;17,68;11;2025;4;ATIVO;SÃO LUÍS DE MONTES BELOS;Dia 15;SIM;SUPERMERCADO;13;DIAMANTE
SUPERMERCADO LÍDER;955602,99;67837,62;7775,6;1471,2;0;10;0;0;0;5;5;110,01;506,76;2,94;27,61;4;2026;5;ATIVO;SÃO LUÍS DE MONTES BELOS;Dia 15;SIM;SUPERMERCADO;13;DIAMANTE
SUPERMERCADO LÍDER;955207,75;47133,89;4486,42;234,71;4,92;8;3;0;4;26;98;118,29;543,75;0;46,99;9;2023;7;ATIVO;SÃO LUÍS DE MONTES BELOS;Dia 15;SIM;SUPERMERCADO;13;DIAMANTE
SUPERMERCADO LÍDER;952286,8;53874,16;6458,81;47,3;11,93;14;3;1;0;25;25;97,39;449,45;106,14;117,63;1;2025;13;ATIVO;SÃO LUÍS DE MONTES BELOS;Dia 15;SIM;SUPERMERCADO;13;DIAMANTE
SUPERMERCADO LÍDER;943385,16;62294,64;7407,98;132,47;12,51;14;1;0;0;14;14;102,58;468,9;0,33;91,67;9;2025;14;ATIVO;SÃO LUÍS DE MONTES BELOS;Dia 15;SIM;SUPERMERCADO;13;DIAMANTE
SUPERMERCADO LÍDER;943195,52;56553,82;6786,46;66,99;6,6;12;0;0;8;16;16;79,77;367,85;86,81;10,9;9;2024;12;ATIVO;SÃO LUÍS DE MONTES BELOS;Dia 15;SIM;SUPERMERCADO;13;DIAMANTE
SUPERMERCADO LÍDER;941963,02;52667,2;4926,58;446,53;150,33;46;23;1;1;83;192;131,62;604,83;228,68;124,25;7;2023;196;ATIVO;SÃO LUÍS DE MONTES BELOS;Dia 15;SIM;SUPERMERCADO;13;DIAMANTE
SUPERMERCADO LÍDER;941396,68;50372,11;5019,58;89,38;6,14;21;3;0;32;13;82;105,22;484,41;0;6,88;1;2024;11;ATIVO;SÃO LUÍS DE MONTES BELOS;Dia 15;SIM;SUPERMERCADO;13;DIAMANTE
SUPERMERCADO LÍDER;920537,65;59637,89;7127,34;46,8;10,16;16;1;0;0;2;2;78,99;363,24;6,13;1,74;1;2026;7;ATIVO;SÃO LUÍS DE MONTES BELOS;Dia 15;SIM;SUPERMERCADO;13;DIAMANTE
SUPERMERCADO LÍDER;912436,16;52639,82;6304,34;25,23;7,86;7;1;0;9;10;10;109,87;502,42;0;5,58;4;2024;7;ATIVO;SÃO LUÍS DE MONTES BELOS;Dia 15;SIM;SUPERMERCADO;13;DIAMANTE
SUPERMERCADO LÍDER;892140,34;49001,49;5836,41;96,13;30,3;20;6;2;0;31;31;93,83;430,38;55,94;101,16;2;2025;13;ATIVO;SÃO LUÍS DE MONTES BELOS;Dia 15;SIM;SUPERMERCADO;13;DIAMANTE
SUPERMERCADO LÍDER;888103,03;46457,84;4645,78;58,69;5,43;8;1;0;32;4;4;84,57;388,43;0;10,79;2;2024;3;ATIVO;SÃO LUÍS DE MONTES BELOS;Dia 15;SIM;SUPERMERCADO;13;DIAMANTE
SUPERMERCADO LÍDER;860389,23;59696,69;6827,24;352,64;114,78;27;2;0;0;2;2;95,94;440,81;0;0;2;2026;5;ATIVO;SÃO LUÍS DE MONTES BELOS;Dia 15;SIM;SUPERMERCADO;13;DIAMANTE
SUPERMERCADO LÍDER DE APARECIDA (MONTE CRISTO);1066703,57;0;0;905,43;480,86;148;22;5;0;39;42;744,74;3809,73;9,5;1596,73;8;2025;100;ATIVO;APARECIDA DE GOIÂNIA;Dia 20;NÃO;SUPERMERCADO;263;PRATA
SUPERMERCADO LÍDER DE APARECIDA (MONTE CRISTO);984160,07;0;0;835,69;215,9;144;28;6;0;49;51;11,65;55,01;21,83;882,34;10;2025;104;ATIVO;APARECIDA DE GOIÂNIA;Dia 20;NÃO;SUPERMERCADO;263;PRATA
SUPERMERCADO LÍDER DE APARECIDA (MONTE CRISTO);980281,03;0;0;786,98;375,64;124;19;5;0;40;40;11,29;53,45;3,3;1449;9;2025;101;ATIVO;APARECIDA DE GOIÂNIA;Dia 20;NÃO;SUPERMERCADO;263;PRATA
SUPERMERCADO LÍDER DE APARECIDA (MONTE CRISTO);926525,81;0;0;135,65;100,21;78;20;1;0;37;44;8,6;39,71;9,31;9,31;11;2025;77;ATIVO;APARECIDA DE GOIÂNIA;Dia 20;NÃO;SUPERMERCADO;263;PRATA
SUPERMERCADO LÍDER DE APARECIDA (MONTE CRISTO);838491,34;0;0;587,68;176,09;83;18;3;0;16;25;4,37;21,48;5,84;71,98;1;2026;80;ATIVO;APARECIDA DE GOIÂNIA;Dia 20;NÃO;SUPERMERCADO;263;PRATA
SUPERMERCADO LÍDER DE APARECIDA (MONTE CRISTO);777167,06;0;0;208,1;41,47;55;15;2;0;16;23;1,56;8,42;1,92;101,06;12;2025;71;ATIVO;APARECIDA DE GOIÂNIA;Dia 20;NÃO;SUPERMERCADO;263;PRATA
SUPERMERCADO LÍDER DE APARECIDA (MONTE CRISTO);772725,63;0;0;76,66;83,13;61;9;2;0;20;23;4,62;21,32;17,99;18,77;2;2026;61;ATIVO;APARECIDA DE GOIÂNIA;Dia 20;NÃO;SUPERMERCADO;263;PRATA
SUPERMERCADO LÍDER DE APARECIDA (MONTE CRISTO);744757,55;0;0;804,65;2242,17;126;31;11;0;1006;200;596,91;3041,21;8,21;184,64;3;2026;92;ATIVO;APARECIDA DE GOIÂNIA;Dia 20;NÃO;SUPERMERCADO;263;PRATA
SUPERMERCADO LÍDER DE APARECIDA (MONTE CRISTO);716445,17;0;0;2911,27;289,42;238;37;20;0;67;70;550,48;2854,94;8,64;1183,19;7;2025;131;ATIVO;APARECIDA DE GOIÂNIA;Dia 20;NÃO;SUPERMERCADO;263;PRATA
SUPERMERCADO LÍDER DE APARECIDA (MONTE CRISTO);702909,51;0;0;3457,91;208,92;432;89;51;0;149;153;521,38;2670,57;17,12;1448,69;6;2025;528;ATIVO;APARECIDA DE GOIÂNIA;Dia 20;NÃO;SUPERMERCADO;263;PRATA
SUPERMERCADO LÍDER DE APARECIDA (MONTE CRISTO);482206,61;0;0;2666,15;185,39;410;53;34;0;136;143;333,37;1712,88;125,17;933,38;5;2025;501;ATIVO;APARECIDA DE GOIÂNIA;Dia 20;NÃO;SUPERMERCADO;263;PRATA
SUPERMERCADO LORD;1749297,82;107291,24;12845,83;94,69;200,91;35;49;147;0;39;39;43,65;198,55;0;168,54;8;2026;145;ATIVO;FORMOSA;Dia 10;NÃO;SUPERMERCADO;2;DIAMANTE
SUPERMERCADO LORD;1734207,14;111150,06;13064,89;374,61;399,88;55;61;134;0;37;39;42,36;194,99;0;165,06;7;2026;147;ATIVO;FORMOSA;Dia 10;NÃO;SUPERMERCADO;2;DIAMANTE
SUPERMERCADO LORD;1708940,62;71896,21;8466,12;1159,36;366,73;59;79;183;0;36;41;117,46;543,79;0;58,15;5;2026;202;ATIVO;FORMOSA;Dia 10;SIM;SUPERMERCADO;2;DIAMANTE
SUPERMERCADO LORD;1633075,68;105082,42;10635,35;151,94;434,94;57;58;147;0;40;42;70,36;330,2;0;52,5;6;2026;150;ATIVO;FORMOSA;Dia 10;NÃO;SUPERMERCADO;2;DIAMANTE
SUPERMERCADO LUA NOVA;1266805,52;34604,15;4112,41;147,64;868,43;47;23;2;203;13;16;7,52;33,56;8,79;24,26;12;2024;37;INATIVO;INACIOLÂNDIA;Dia 20;SIM;SUPERMERCADO;66;INATIVO
SUPERMERCADO LUA NOVA;1159974,31;53186,79;6382,41;336,26;575,17;111;65;11;0;105;106;33,89;155,07;107,69;365,45;3;2025;87;INATIVO;INACIOLÂNDIA;Dia 20;SIM;SUPERMERCADO;66;INATIVO
SUPERMERCADO LUA NOVA;1090628,73;39330,8;4670,74;371,35;557,04;127;82;18;0;94;94;29,54;134,67;198,31;171,12;4;2025;92;INATIVO;INACIOLÂNDIA;Dia 20;SIM;SUPERMERCADO;66;INATIVO
SUPERMERCADO LUA NOVA;1086659,9;34137,52;4080,9084;165,06;559,44;36;21;4;195;5;5;6,4;28,39;2,35;0;10;2024;31;INATIVO;INACIOLÂNDIA;Dia 20;SIM;SUPERMERCADO;66;INATIVO
SUPERMERCADO LUA NOVA;1077303,38;34594,36;4151,32;134,43;737,94;40;24;2;218;11;13;6,33;28,62;12,7;9,6;11;2024;38;INATIVO;INACIOLÂNDIA;Dia 20;SIM;SUPERMERCADO;66;INATIVO
SUPERMERCADO LUA NOVA;1056741,19;27422,16;3184,98;267,05;60,5;45;19;3;256;50;56;38,95;179,17;35,45;93,67;7;2024;57;INATIVO;INACIOLÂNDIA;Dia 20;SIM;SUPERMERCADO;66;INATIVO
SUPERMERCADO LUA NOVA;1054316,76;40905,87;4867,27;257,52;263,1;91;54;12;0;58;59;21,36;96,25;59,35;93,1;5;2025;64;INATIVO;INACIOLÂNDIA;Dia 20;SIM;SUPERMERCADO;66;INATIVO
SUPERMERCADO LUA NOVA;1044052,23;38411,79;4609,41;149,36;108,81;46;32;5;0;26;26;12,09;55,2;29,75;36,56;6;2025;39;INATIVO;INACIOLÂNDIA;Dia 20;SIM;SUPERMERCADO;66;INATIVO
SUPERMERCADO LUA NOVA;1035625,82;37196,09;4463,53;83,44;94,46;28;17;3;0;13;13;7,36;33,16;22,54;5,7;7;2025;28;INATIVO;INACIOLÂNDIA;Dia 20;SIM;SUPERMERCADO;66;INATIVO
SUPERMERCADO LUA NOVA;1035596,72;28673,14;3440,78;77,46;354,64;22;13;5;191;17;19;7,78;34,54;13,43;48,89;8;2024;23;INATIVO;INACIOLÂNDIA;Dia 20;SIM;SUPERMERCADO;66;INATIVO
SUPERMERCADO LUA NOVA;1028391,02;30715,42;3579,74;382,87;214,03;50;35;9;0;10;12;18,56;84,02;0;24,26;1;2025;39;INATIVO;INACIOLÂNDIA;Dia 20;SIM;SUPERMERCADO;66;INATIVO
SUPERMERCADO LUA NOVA;1014689,88;31457,69;3774,92;80,47;44,27;31;9;2;0;16;18;5,44;22,69;14,16;18,54;10;2025;17;INATIVO;INACIOLÂNDIA;Dia 20;SIM;SUPERMERCADO;66;INATIVO
SUPERMERCADO LUA NOVA;994275,7;24101,65;2666,46;558,95;230,13;101;37;10;293;62;64;1397,95;6660,41;346,17;1324,61;6;2024;389;INATIVO;INACIOLÂNDIA;Dia 20;SIM;SUPERMERCADO;66;INATIVO
SUPERMERCADO LUA NOVA;986378,03;52034,9;6035,91;711,63;469,1;88;47;14;0;61;61;30,4;137,67;23,28;236,88;2;2025;69;INATIVO;INACIOLÂNDIA;Dia 20;SIM;SUPERMERCADO;66;INATIVO
SUPERMERCADO LUA NOVA;973976,38;28629,71;3435,57;65,54;147,39;31;14;3;0;15;17;1,79;7,77;71,79;20,42;8;2025;20;INATIVO;INACIOLÂNDIA;Dia 20;SIM;SUPERMERCADO;66;INATIVO
SUPERMERCADO LUA NOVA;973508,28;32414,8;3889,78;127,46;573,01;30;17;6;186;10;10;82,41;377,76;0;37,37;9;2024;24;INATIVO;INACIOLÂNDIA;Dia 20;SIM;SUPERMERCADO;66;INATIVO
SUPERMERCADO LUA NOVA;929423,63;29415,49;3529,86;88,7;22,82;27;10;3;0;7;9;2,22;8,19;5,62;10,6;9;2025;22;INATIVO;INACIOLÂNDIA;Dia 20;SIM;SUPERMERCADO;66;INATIVO
SUPERMERCADO LUA NOVA;927843,73;20153,22;299,44;3336,74;4063,77;715;384;96;291;193;206;1237,28;5952,42;346,17;1324,61;5;2024;389;INATIVO;INACIOLÂNDIA;Dia 20;SIM;SUPERMERCADO;66;INATIVO
SUPERMERCADO LUA NOVA;911842,11;0;0;1745,8;9076,12;842;720;78;0;443;519;1290,54;6276,57;382,91;5245,14;1;2024;1249;INATIVO;INACIOLÂNDIA;Dia 20;NÃO;SUPERMERCADO;66;INATIVO
SUPERMERCADO LUA NOVA;882536,64;21279,66;349,85;3437,39;6920,71;2662;480;99;188;215;275;1232,15;5924,41;355,12;1616,85;4;2024;444;INATIVO;INACIOLÂNDIA;Dia 20;SIM;SUPERMERCADO;66;INATIVO
SUPERMERCADO LUISA;866860,6;29864,85;3141,01;654,12;75,23;28;7;0;0;34;34;75,26;351,89;0;323,78;8;2025;23;INATIVO;CALDAS NOVAS;Dia 30;SIM;SUPERMERCADO;54;INATIVO
SUPERMERCADO LUISA;860506,97;18824,68;2239,67;78,07;41,05;13;7;1;0;9;11;14,34;65;0;66,22;12;2024;8;INATIVO;CALDAS NOVAS;Dia 30;SIM;SUPERMERCADO;54;INATIVO
SUPERMERCADO LUISA;829357,64;24659,15;2958,59;817,44;4163,91;56;11;2;0;27;28;36,91;169,43;0;485;6;2025;24;INATIVO;CALDAS NOVAS;Dia 30;SIM;SUPERMERCADO;54;INATIVO
SUPERMERCADO LUISA;808156,65;20685,77;2478,25;716,43;123,28;490;17;3;0;28;30;45,45;208,75;0;304,03;5;2025;31;INATIVO;CALDAS NOVAS;Dia 30;SIM;SUPERMERCADO;54;INATIVO
SUPERMERCADO LUISA;802946,43;29897,93;3123,08;740,84;61,31;32;8;2;0;28;29;53,92;252,33;0;122,93;7;2025;21;INATIVO;CALDAS NOVAS;Dia 30;SIM;SUPERMERCADO;54;INATIVO
SUPERMERCADO LUISA;802065,72;20474,99;2445,21;123,6;99,16;37;14;4;0;17;18;6,07;26,07;0;24,86;4;2025;27;INATIVO;CALDAS NOVAS;Dia 30;SIM;SUPERMERCADO;54;INATIVO
SUPERMERCADO LUISA;801518,12;30949,95;3203,25;85,84;67,14;29;31;1;0;31;31;69,28;320,89;1,2;178,5;10;2025;27;INATIVO;CALDAS NOVAS;Dia 30;SIM;SUPERMERCADO;54;INATIVO
SUPERMERCADO LUISA;780763,96;14950,5;1777,53;86,03;368,5;36;25;2;0;20;20;11,56;51,98;9,8;39,66;11;2024;26;INATIVO;CALDAS NOVAS;Dia 30;SIM;SUPERMERCADO;54;INATIVO
SUPERMERCADO LUISA;767496,26;18790,53;2241,11;108,26;28,82;11;9;0;2;9;9;6,6;28,64;1,39;22,01;1;2025;12;INATIVO;CALDAS NOVAS;Dia 30;SIM;SUPERMERCADO;54;INATIVO
SUPERMERCADO LUISA;755726,05;19905,73;2370,97;272,18;122,38;31;17;1;2;10;12;3,8;15,81;1,39;33,42;3;2025;19;INATIVO;CALDAS NOVAS;Dia 30;SIM;SUPERMERCADO;54;INATIVO
SUPERMERCADO LUISA;742842,77;0;0;291,05;65,85;48;21;3;2;42;42;15,66;70,96;2;646,64;7;2024;34;INATIVO;CALDAS NOVAS;Dia 30;NÃO;SUPERMERCADO;54;INATIVO
SUPERMERCADO LUISA;740592,16;29145,93;3017,3;615,01;102,78;30;11;1;0;37;37;69,44;321,81;1,2;159,24;9;2025;28;INATIVO;CALDAS NOVAS;Dia 30;SIM;SUPERMERCADO;54;INATIVO
SUPERMERCADO LUISA;731598,59;0;0;56,84;381,5;36;27;0;2;10;10;3,9;14,84;6,64;51,23;10;2024;39;INATIVO;CALDAS NOVAS;Dia 30;NÃO;SUPERMERCADO;54;INATIVO
SUPERMERCADO LUISA;726562,05;0;0;184,43;56,93;43;15;2;1;30;35;8;35,23;8,23;656,97;8;2024;20;INATIVO;CALDAS NOVAS;Dia 30;NÃO;SUPERMERCADO;54;INATIVO
SUPERMERCADO LUISA;718116,2;0;0;526,15;344,89;176;43;5;2;63;64;32,83;149,8;5,64;526,86;5;2024;103;INATIVO;CALDAS NOVAS;Dia 30;NÃO;SUPERMERCADO;54;INATIVO
SUPERMERCADO LUISA;697610,73;0;0;209,14;58,3;58;19;4;3;60;61;23,72;108,31;11;702,38;6;2024;40;INATIVO;CALDAS NOVAS;Dia 30;NÃO;SUPERMERCADO;54;INATIVO
SUPERMERCADO LUISA;677520,98;0;0;82,05;25,17;19;9;0;3;16;18;2,46;7,71;7,86;575,67;9;2024;14;INATIVO;CALDAS NOVAS;Dia 30;NÃO;SUPERMERCADO;54;INATIVO
SUPERMERCADO LUISA;659519,06;16492,44;1966,73;80,41;19,04;20;15;2;1;10;10;11;49,73;1,39;13,76;2;2025;13;INATIVO;CALDAS NOVAS;Dia 30;SIM;SUPERMERCADO;54;INATIVO
SUPERMERCADO LUISA;461923,42;0;0;3431,56;173,1;350;48;17;2;572;615;383,58;1776,48;4,28;767,74;3;2024;184;INATIVO;CALDAS NOVAS;Dia 30;NÃO;SUPERMERCADO;54;INATIVO
SUPERMERCADO LUISA;364643,93;0;0;1305,08;210,36;1267;13;3;1;53;55;39,77;170,31;6,19;855,24;4;2024;86;INATIVO;CALDAS NOVAS;Dia 30;NÃO;SUPERMERCADO;54;INATIVO
SUPERMERCADO LUISA;228044,02;0;0;6381,18;305,3;481;47;15;0;725;818;553,55;2561,87;4,46;21,64;2;2024;195;INATIVO;CALDAS NOVAS;Dia 30;NÃO;SUPERMERCADO;54;INATIVO
SUPERMERCADO LUSTOSA;6429314,54;103367,54;12316,43;644,81;1732,58;107;112;17;0;169;211;215,36;988,16;18,46;706,33;12;2025;91;SOMENTE PAD;CRISTALINA;Dia 20;SIM;SUPERMERCADO;186;OURO
SUPERMERCADO LUSTOSA;6182606,33;91611,97;10636,5836;858,76;535,64;239;186;13;0;392;452;367,75;1695,44;295,12;2810,6;12;2024;199;SOMENTE PAD;CRISTALINA;Dia 20;SIM;SUPERMERCADO;186;OURO
SUPERMERCADO LUSTOSA;5897645,17;107833,62;10468,63;4875,67;5475,27;471;278;19;0;696;729;884,07;4093,65;201,54;6143,94;7;2026;405;SOMENTE PAD;CRISTALINA;Dia 20;SIM;SUPERMERCADO;186;OURO
SUPERMERCADO LUSTOSA;5878321,62;107198,67;10350,3;5331,43;4893,06;481;491;21;0;708;859;680,42;3138,16;154,45;6964,23;5;2026;536;SOMENTE PAD;CRISTALINA;Dia 20;SIM;SUPERMERCADO;186;OURO
SUPERMERCADO LUSTOSA;5664452,16;95820,1;9380,77;3712,87;5436,74;566;401;18;0;735;927;695,72;3204,58;205,59;6212,37;4;2026;561;SOMENTE PAD;CRISTALINA;Dia 20;SIM;SUPERMERCADO;186;OURO
SUPERMERCADO LUSTOSA;5634029,72;71910,26;7104,87;246,09;264,27;100;47;4;113;38;96;32,15;148,82;3,88;183,21;12;2023;181;SOMENTE PAD;CRISTALINA;Dia 20;SIM;SUPERMERCADO;186;OURO
SUPERMERCADO LUSTOSA;5615414,93;101980,95;12189,5292;77,26;406,93;67;113;3;0;278;324;232,21;1075,52;207,87;1093,83;3;2025;90;SOMENTE PAD;CRISTALINA;Dia 20;SIM;SUPERMERCADO;186;OURO
SUPERMERCADO LUSTOSA;5469334,33;121500,91;14556,01;616,89;627,03;108;112;4;0;214;254;162,28;748,94;121,22;1568,04;5;2025;152;SOMENTE PAD;CRISTALINA;Dia 20;SIM;SUPERMERCADO;186;OURO
SUPERMERCADO LUSTOSA;5451811,24;47904,25;4790,43;590,79;1232,47;158;97;7;475;35;93;25,61;118,44;13,2;364,18;12;2022;0;SOMENTE PAD;CRISTALINA;Dia 20;SIM;SUPERMERCADO;186;OURO
SUPERMERCADO LUSTOSA;5388884,77;100498,38;11639,85;122,2;644,4;91;94;2;0;212;254;171,76;795,74;165,97;983,51;4;2025;130;SOMENTE PAD;CRISTALINA;Dia 20;SIM;SUPERMERCADO;186;OURO
SUPERMERCADO LUSTOSA;5387517,73;91390,39;8896,83;3920,92;5798,09;511;263;16;0;777;811;906,43;4177,72;271,7;6207,11;3;2026;485;SOMENTE PAD;CRISTALINA;Dia 20;SIM;SUPERMERCADO;186;OURO
SUPERMERCADO LUSTOSA;5363316,54;113803,78;13653,9;138,48;3814,91;92;119;2;0;229;270;142,17;657,8;105,52;1102,13;8;2025;112;SOMENTE PAD;CRISTALINA;Dia 20;SIM;SUPERMERCADO;186;OURO
SUPERMERCADO LUSTOSA;5320137,58;108833,32;13056,64;193,7;579,99;65;106;10;0;175;214;65,5;302,44;31,53;674,41;10;2025;81;SOMENTE PAD;CRISTALINA;Dia 20;SIM;SUPERMERCADO;186;OURO
SUPERMERCADO LUSTOSA;5297705,39;133055,35;15966,64;194,12;3293,96;72;106;1;0;238;288;162,79;750,43;66,65;1146,91;7;2025;106;SOMENTE PAD;CRISTALINA;Dia 20;SIM;SUPERMERCADO;186;OURO
SUPERMERCADO LUSTOSA;5271161,43;96735,28;11528,05;164,63;921,96;85;114;14;0;175;215;78,2;359,2;32,67;590,81;11;2025;94;SOMENTE PAD;CRISTALINA;Dia 20;SIM;SUPERMERCADO;186;OURO
SUPERMERCADO LUSTOSA;5256456,85;86433,07;9969,3236;4082,51;1033,97;199;170;7;0;352;413;205,72;944,87;284,54;3689,44;11;2024;157;SOMENTE PAD;CRISTALINA;Dia 20;SIM;SUPERMERCADO;186;OURO
SUPERMERCADO LUSTOSA;5232521,86;94008,78;11276,62;1779,24;3966,26;414;259;22;0;569;593;550,63;2537,72;158,39;2263,82;1;2026;350;SOMENTE PAD;CRISTALINA;Dia 20;SIM;SUPERMERCADO;186;OURO
SUPERMERCADO LUSTOSA;5204172,68;93524,36;11211,72;546,99;2878;144;83;8;70;252;307;141,07;646,81;225,32;1156,9;10;2024;122;SOMENTE PAD;CRISTALINA;Dia 20;SIM;SUPERMERCADO;186;OURO
SUPERMERCADO LUSTOSA;5109354,48;98385,21;11760,41;229,82;884,53;84;99;1;0;255;298;113,41;525,04;116,56;955,69;9;2025;107;SOMENTE PAD;CRISTALINA;Dia 20;SIM;SUPERMERCADO;186;OURO
SUPERMERCADO LUSTOSA;5090695,64;185961,12;20992,2304;750,19;829,4;152;143;6;0;276;318;311,51;1446,2;191,21;1407,33;1;2025;147;SOMENTE PAD;CRISTALINA;Dia 20;SIM;SUPERMERCADO;186;OURO
SUPERMERCADO LUSTOSA;5080341,88;116301,01;13956,12;97,9;1531,66;65;95;4;0;248;295;194,65;899,45;70,48;1171,25;6;2025;98;SOMENTE PAD;CRISTALINA;Dia 20;SIM;SUPERMERCADO;186;OURO
SUPERMERCADO LUSTOSA;5016199,65;73802,26;8849,8;912,98;2376,3;150;67;6;81;214;268;242,33;1112,72;490,92;251,43;5;2024;208;SOMENTE PAD;CRISTALINA;Dia 20;SIM;SUPERMERCADO;186;OURO
SUPERMERCADO LUSTOSA;5014584,45;84785,34;9361,19;3424,54;5390,97;474;275;19;0;661;692;711,48;3283,33;264,32;5638,42;2;2026;609;SOMENTE PAD;CRISTALINA;Dia 20;SIM;SUPERMERCADO;186;OURO
SUPERMERCADO LUSTOSA;4989637,14;69142,97;6849,97;451,03;3507,33;146;76;7;86;111;162;125,64;577,7;79,15;128,74;3;2024;303;SOMENTE PAD;CRISTALINA;Dia 20;SIM;SUPERMERCADO;186;OURO
SUPERMERCADO LUSTOSA;4977649,03;74262,66;8740,5572;1687,85;1868,59;340;156;20;75;332;385;182,2;837,17;223,7;2943,17;8;2024;324;SOMENTE PAD;CRISTALINA;Dia 20;SIM;SUPERMERCADO;186;OURO
SUPERMERCADO LUSTOSA;4939000,67;92276,46;10989,72;284,43;736,86;105;122;3;0;207;245;221,04;1014,86;118,71;667,72;2;2025;90;SOMENTE PAD;CRISTALINA;Dia 20;SIM;SUPERMERCADO;186;OURO
SUPERMERCADO LUSTOSA;4921860,19;87486,03;10498,32;1472,37;3241,57;319;125;16;77;305;374;271,77;1248,63;247,81;4785,96;9;2024;324;SOMENTE PAD;CRISTALINA;Dia 20;SIM;SUPERMERCADO;186;OURO
SUPERMERCADO LUSTOSA;4919659,45;69595,51;8351,46;425,16;332,9;114;121;7;73;171;223;169,86;782,72;237,95;659,51;7;2024;195;SOMENTE PAD;CRISTALINA;Dia 20;SIM;SUPERMERCADO;186;OURO
SUPERMERCADO LUSTOSA;4813658,98;51677,68;5167,77;307,56;681,35;167;88;9;3;9;91;40,72;187,64;1,12;12,24;8;2023;1015;SOMENTE PAD;CRISTALINA;Dia 20;SIM;SUPERMERCADO;186;OURO
SUPERMERCADO LUSTOSA;4774947,32;68622,64;6861,18;160;376,16;87;46;7;3;22;118;20,07;92,4;1,8;0,79;9;2023;952;SOMENTE PAD;CRISTALINA;Dia 20;SIM;SUPERMERCADO;186;OURO
SUPERMERCADO LUSTOSA;4743937,32;49676,72;5956,8;1037,8;2990,06;181;92;8;71;221;271;253,77;1169,17;452,03;563,91;6;2024;229;SOMENTE PAD;CRISTALINA;Dia 20;SIM;SUPERMERCADO;186;OURO
SUPERMERCADO LUSTOSA;4708240,79;64732,94;6473,29;168,31;1528,09;71;24;6;428;27;83;12,22;56,96;0;44,94;4;2023;926;SOMENTE PAD;CRISTALINA;Dia 20;SIM;SUPERMERCADO;186;OURO
SUPERMERCADO LUSTOSA;4689336,81;65819,49;6581,95;992,98;1238,28;196;71;22;466;84;315;44,63;204,44;34,32;821,37;10;2022;0;SOMENTE PAD;CRISTALINA;Dia 20;SIM;SUPERMERCADO;186;OURO
SUPERMERCADO LUSTOSA;4658873,99;68748,48;6874,85;556,46;1867;152;104;4;2;25;79;9,38;45,09;13,55;79,06;7;2023;1035;SOMENTE PAD;CRISTALINA;Dia 20;SIM;SUPERMERCADO;186;OURO
SUPERMERCADO LUSTOSA;4655960,11;65551,72;6555,17;100,74;531,91;92;29;2;436;70;119;96,04;442,3;0;120,63;3;2023;919;SOMENTE PAD;CRISTALINA;Dia 20;SIM;SUPERMERCADO;186;OURO
SUPERMERCADO LUSTOSA;4581912,44;68950,41;6883,09;196,01;386,95;120;62;0;3;31;81;35,17;161,94;7,62;5,14;10;2023;914;SOMENTE PAD;CRISTALINA;Dia 20;SIM;SUPERMERCADO;186;OURO
SUPERMERCADO LUSTOSA;4522956,93;67433,51;6743,35;91,81;315,08;61;25;4;428;15;93;20,39;95,92;0;4,43;5;2023;964;SOMENTE PAD;CRISTALINA;Dia 20;SIM;SUPERMERCADO;186;OURO
SUPERMERCADO LUSTOSA;4483035,94;60342,89;5957,47;1777,38;1705,88;139;54;5;89;78;132;106,53;489,44;39,57;15,8;2;2024;33;SOMENTE PAD;CRISTALINA;Dia 20;SIM;SUPERMERCADO;186;OURO
SUPERMERCADO LUSTOSA;4482705,03;0;0;4278,84;9682,59;1018;743;30;469;167;388;168,56;773,9;406,05;7603,38;8;2022;0;SOMENTE PAD;CRISTALINA;Dia 20;NÃO;SUPERMERCADO;186;OURO
SUPERMERCADO LUSTOSA;4478501,91;48653,46;1990,09;13762,74;8253,2;1049;776;30;467;190;397;368,21;1692,89;394,54;5274,23;7;2022;0;SOMENTE PAD;CRISTALINA;Dia 20;SIM;SUPERMERCADO;186;OURO
SUPERMERCADO LUSTOSA;4471842,98;63873,52;6299,79;675,39;200,58;34;29;0;99;44;97;60,14;277,45;0;25,47;1;2024;160;SOMENTE PAD;CRISTALINA;Dia 20;SIM;SUPERMERCADO;186;OURO
SUPERMERCADO LUSTOSA;4466073,67;65740,06;89,98;1160,31;2431,97;42;146;16;457;227;146;37,25;171,29;15,36;506,87;11;2022;0;SOMENTE PAD;CRISTALINA;Dia 20;SIM;SUPERMERCADO;186;OURO
SUPERMERCADO LUSTOSA;4371095,63;19666,44;1959,71;409,8;1531,47;175;50;4;447;41;99;79,76;368,03;15,84;318,36;1;2023;1035;SOMENTE PAD;CRISTALINA;Dia 20;SIM;SUPERMERCADO;186;OURO
SUPERMERCADO LUSTOSA;4327532,33;65278,41;6526,69;312,38;1350,58;73;35;3;0;24;94;29,4;136,51;8,59;7,85;6;2023;94;SOMENTE PAD;CRISTALINA;Dia 20;SIM;SUPERMERCADO;186;OURO
SUPERMERCADO LUSTOSA;4325743,47;0;0;0;0;0;0;0;0;0;0;0;0;0;0;9;2022;0;SOMENTE PAD;CRISTALINA;Dia 20;NÃO;SUPERMERCADO;186;OURO
SUPERMERCADO LUSTOSA;4232194,18;56768,57;5676,72;214,18;1231,12;146;16;1;441;107;152;184,65;854,56;2,67;585,59;2;2023;953;SOMENTE PAD;CRISTALINA;Dia 20;SIM;SUPERMERCADO;186;OURO
SUPERMERCADO LUSTOSA;4169931,06;60713,85;6031,91;208,01;223;76;61;4;3;35;88;34,21;155;12,56;14,26;11;2023;157;SOMENTE PAD;CRISTALINA;Dia 20;SIM;SUPERMERCADO;186;OURO
SUPERMERCADO LUSTOSA;3363474,72;59813,62;7141,73;705,06;1454,52;382;175;6;71;156;195;185,63;854,13;469,87;161,21;4;2024;258;SOMENTE PAD;CRISTALINA;Dia 20;SIM;SUPERMERCADO;186;OURO
SUPERMERCADO LUSTOSA;2994183,25;0;0;9025,35;3238,72;360;284;11;365;284;450;391,02;1804,93;104,87;1065,43;6;2022;0;SOMENTE PAD;CRISTALINA;Dia 20;NÃO;SUPERMERCADO;186;OURO
SUPERMERCADO MAGALHÃES;2385556,66;135739,72;13543,69;35,11;16,28;9;22;0;0;22;0;27,9;88,15;10,31;115,61;7;2023;281;ATIVO;SÃO MIGUEL DO ARAGUAIA;Dia 15;SIM;SUPERMERCADO;145;OURO
SUPERMERCADO MAGALHÃES;2365001,4;144060,04;14406;231,25;121,07;25;2;2;42;11;12;2,3;9,3;0,92;111,27;12;2022;0;ATIVO;SÃO MIGUEL DO ARAGUAIA;Dia 15;SIM;SUPERMERCADO;145;OURO
SUPERMERCADO MAGALHÃES;2330443,99;123330,84;11856,2;632,59;100,55;31;2;2;32;16;16;83,55;383,5;0,44;1,85;7;2022;0;ATIVO;SÃO MIGUEL DO ARAGUAIA;Dia 15;SIM;SUPERMERCADO;145;OURO
SUPERMERCADO MAGALHÃES;2083106,99;85486,55;8483,27;1258,65;404,11;95;35;4;7;35;129;36,27;162,23;20,23;414,5;12;2021;0;ATIVO;SÃO MIGUEL DO ARAGUAIA;Dia 15;SIM;SUPERMERCADO;145;OURO
SUPERMERCADO MAGALHÃES;2065536,96;124424,53;12354,33;305,24;20,86;16;1;1;42;7;8;36,8;168,41;0;0;10;2022;0;ATIVO;SÃO MIGUEL DO ARAGUAIA;Dia 15;SIM;SUPERMERCADO;145;OURO
SUPERMERCADO MAGALHÃES;2049257,77;140397,04;13842,93;301,96;153,7;14;8;4;32;9;10;14,01;51,91;11,52;4,54;12;2023;9;ATIVO;SÃO MIGUEL DO ARAGUAIA;Dia 15;SIM;SUPERMERCADO;145;OURO
SUPERMERCADO MAGALHÃES;2049229,19;129866,49;15583,98;36,19;77,02;17;8;2;0;33;34;0;15,32;65,17;90,88;7;2026;1;ATIVO;SÃO MIGUEL DO ARAGUAIA;Dia 15;SIM;SUPERMERCADO;145;OURO
SUPERMERCADO MAGALHÃES;2041589,9;132455,93;12997,13;259,33;75,74;9;1;1;64;12;12;441,42;2163,49;0;91,44;6;2023;206;ATIVO;SÃO MIGUEL DO ARAGUAIA;Dia 15;SIM;SUPERMERCADO;145;OURO
SUPERMERCADO MAGALHÃES;2023068,48;138125,5;13503,4;97,21;12,9;22;2;0;0;23;23;24,47;98,49;0,63;14,42;8;2023;105;ATIVO;SÃO MIGUEL DO ARAGUAIA;Dia 15;SIM;SUPERMERCADO;145;OURO
SUPERMERCADO MAGALHÃES;2021879,43;116591,57;11163,7;502,22;286,24;34;5;3;46;15;15;40,28;183,43;0;39,02;8;2022;0;ATIVO;SÃO MIGUEL DO ARAGUAIA;Dia 15;SIM;SUPERMERCADO;145;OURO
SUPERMERCADO MAGALHÃES;2006931,62;135850,99;13585,1;73,37;226,64;36;21;0;69;6;6;6;27;0;0;5;2023;149;ATIVO;SÃO MIGUEL DO ARAGUAIA;Dia 15;SIM;SUPERMERCADO;145;OURO
SUPERMERCADO MAGALHÃES;2004439,07;130067,25;12981,59;67,85;25,17;23;8;0;0;20;20;14,36;56,57;72,88;4,01;10;2023;159;ATIVO;SÃO MIGUEL DO ARAGUAIA;Dia 15;SIM;SUPERMERCADO;145;OURO
SUPERMERCADO MAGALHÃES;2001578,21;136499,69;13617,17;85,19;15,82;18;2;0;0;19;19;16,37;65,36;103,76;27,51;9;2023;49;ATIVO;SÃO MIGUEL DO ARAGUAIA;Dia 15;SIM;SUPERMERCADO;145;OURO
SUPERMERCADO MAGALHÃES;1999437,87;119013,24;11870,75;223,53;1,54;4;1;1;41;11;5;29,83;137,16;0;18,72;11;2022;0;ATIVO;SÃO MIGUEL DO ARAGUAIA;Dia 15;SIM;SUPERMERCADO;145;OURO
SUPERMERCADO MAGALHÃES;1984842,45;121673,73;12167,37;439,14;40,01;27;3;3;43;6;6;1,26;4,58;0;47,74;9;2022;0;ATIVO;SÃO MIGUEL DO ARAGUAIA;Dia 15;SIM;SUPERMERCADO;145;OURO
SUPERMERCADO MAGALHÃES;1953055,69;107349,05;10223,48;72,17;23,73;17;1;1;36;8;9;48,65;222,23;0,44;0;6;2022;0;ATIVO;SÃO MIGUEL DO ARAGUAIA;Dia 15;SIM;SUPERMERCADO;145;OURO
SUPERMERCADO MAGALHÃES;1941418,51;130594,92;12871,35;230,63;32,57;11;4;0;0;15;15;22,16;80,94;51,65;0,52;11;2023;14;ATIVO;SÃO MIGUEL DO ARAGUAIA;Dia 15;SIM;SUPERMERCADO;145;OURO
SUPERMERCADO MAGALHÃES;1918444,81;97448,8;9603,71;376,29;131,65;162;1;205;34;8;10;53,34;243,14;0;4,16;5;2022;0;ATIVO;SÃO MIGUEL DO ARAGUAIA;Dia 15;SIM;SUPERMERCADO;145;OURO
SUPERMERCADO MAGALHÃES;1917110,76;132637,71;13007,1;274;7,23;10;1;2;68;11;11;11,51;51,78;2,76;26,99;3;2023;122;ATIVO;SÃO MIGUEL DO ARAGUAIA;Dia 15;SIM;SUPERMERCADO;145;OURO
SUPERMERCADO MAGALHÃES;1908871,95;119569,88;11719,64;307,24;15,71;32;18;1;66;7;7;8,19;36,86;1,4;5,64;4;2023;143;ATIVO;SÃO MIGUEL DO ARAGUAIA;Dia 15;SIM;SUPERMERCADO;145;OURO
SUPERMERCADO MAGALHÃES;1902337,73;89209,87;8624,37;663,77;158,7;172;0;226;5;7;8;3,84;14,78;0;4,16;4;2022;0;ATIVO;SÃO MIGUEL DO ARAGUAIA;Dia 15;SIM;SUPERMERCADO;145;OURO
SUPERMERCADO MAGALHÃES;1884964,17;80705,67;796,05;7910,56;478,11;325;8;7449;138;165;197;357,8;1649,23;76,37;312,92;7;2021;0;ATIVO;SÃO MIGUEL DO ARAGUAIA;Dia 15;SIM;SUPERMERCADO;145;OURO
SUPERMERCADO MAGALHÃES;1881829,65;115031,11;13803,73;153,73;39,05;32;32;11;1;6;6;2,56;7,39;0;38,75;7;2024;18;ATIVO;SÃO MIGUEL DO ARAGUAIA;Dia 15;SIM;SUPERMERCADO;145;OURO
SUPERMERCADO MAGALHÃES;1779755,56;97730,31;11547,13;296,89;53,93;36;18;3;0;20;21;19,31;78,34;0;13,5;12;2024;25;ATIVO;SÃO MIGUEL DO ARAGUAIA;Dia 15;SIM;SUPERMERCADO;145;OURO
SUPERMERCADO MAGALHÃES;1768376,96;121302,73;14556,3276;63,7;27,99;30;4;0;1;32;39;37,08;168,17;20,01;43,85;5;2024;15;ATIVO;SÃO MIGUEL DO ARAGUAIA;Dia 15;SIM;SUPERMERCADO;145;OURO
SUPERMERCADO MAGALHÃES;1764901,82;109367,74;10746,25;225,57;110,17;13;2;3;66;18;18;15,77;69,34;0;42,46;2;2023;390;ATIVO;SÃO MIGUEL DO ARAGUAIA;Dia 15;SIM;SUPERMERCADO;145;OURO
SUPERMERCADO MAGALHÃES;1756062,37;111699,14;13249,55;173,94;36,55;12;6;0;0;2;2;4,16;13,43;0;12,87;7;2025;6;ATIVO;SÃO MIGUEL DO ARAGUAIA;Dia 15;SIM;SUPERMERCADO;145;OURO
SUPERMERCADO MAGALHÃES;1750235,48;85016,18;8028,15;614,29;33,95;115;1;175;9;13;13;6,64;26,67;11,07;0;3;2022;0;ATIVO;SÃO MIGUEL DO ARAGUAIA;Dia 15;SIM;SUPERMERCADO;145;OURO
SUPERMERCADO MAGALHÃES;1741483,23;82201,81;8220,18;419,45;1480,11;226;0;247;7;21;51;4,18;16,94;28,41;40,07;10;2021;0;ATIVO;SÃO MIGUEL DO ARAGUAIA;Dia 15;SIM;SUPERMERCADO;145;OURO
SUPERMERCADO MAGALHÃES;1732909,57;124905,86;12406,45;139,68;40;14;4;0;54;8;9;33,65;144,93;0;11,51;1;2024;27;ATIVO;SÃO MIGUEL DO ARAGUAIA;Dia 15;SIM;SUPERMERCADO;145;OURO
SUPERMERCADO MAGALHÃES;1730420,6;74873,62;7018,84;981,21;1168,27;268;8;216;38;85;86;114,99;526,27;45,64;462,8;8;2021;0;ATIVO;SÃO MIGUEL DO ARAGUAIA;Dia 15;SIM;SUPERMERCADO;145;OURO
SUPERMERCADO MAGALHÃES;1703853,87;68374,51;6772,22;225,39;529,74;69;2;1;7;29;154;52,71;237,27;3,82;12,47;11;2021;0;ATIVO;SÃO MIGUEL DO ARAGUAIA;Dia 15;SIM;SUPERMERCADO;145;OURO
SUPERMERCADO MAGALHÃES;1693873,48;69078,55;6872,62;357,99;315,22;50;22;2;3;18;18;7,42;31,34;7,99;290,62;1;2022;0;ATIVO;SÃO MIGUEL DO ARAGUAIA;Dia 15;SIM;SUPERMERCADO;145;OURO
SUPERMERCADO MAGALHÃES;1688219,31;119667,31;11966,73;9,74;19,52;8;20;1;1;7;8;24,59;108,23;0;1,58;3;2024;6;ATIVO;SÃO MIGUEL DO ARAGUAIA;Dia 15;SIM;SUPERMERCADO;145;OURO
SUPERMERCADO MAGALHÃES;1674677,11;130379,93;13037,99;144,89;20,78;25;24;5;51;6;9;33,37;146,57;0;12,56;2;2024;34;ATIVO;SÃO MIGUEL DO ARAGUAIA;Dia 15;SIM;SUPERMERCADO;145;OURO
SUPERMERCADO MAGALHÃES;1667632,4;114869,47;13784,33;9,81;5,84;19;19;0;0;15;17;5,84;22,45;0;94,32;10;2024;38;ATIVO;SÃO MIGUEL DO ARAGUAIA;Dia 15;SIM;SUPERMERCADO;145;OURO
SUPERMERCADO MAGALHÃES;1660585,58;118570,64;14228,48;26,43;20,26;14;11;0;1;74;76;0,83;2,77;286,39;4,62;4;2024;2;ATIVO;SÃO MIGUEL DO ARAGUAIA;Dia 15;SIM;SUPERMERCADO;145;OURO
SUPERMERCADO MAGALHÃES;1658159,89;63255,42;6325,54;2751,17;795,83;386;13;243;162;251;445;405,57;1871,14;103,91;334,49;6;2021;0;ATIVO;SÃO MIGUEL DO ARAGUAIA;Dia 15;SIM;SUPERMERCADO;145;OURO
SUPERMERCADO MAGALHÃES;1654355,99;89520,88;8914,93;184,58;705,16;44;7;1;35;62;63;21,35;96,8;107,46;1094,87;9;2021;0;ATIVO;SÃO MIGUEL DO ARAGUAIA;Dia 15;SIM;SUPERMERCADO;145;OURO
SUPERMERCADO MAGALHÃES;1642290,52;66896,21;6666,53;23,69;319,45;11;0;0;4;12;12;7,4;30,65;7,24;110,34;2;2022;0;ATIVO;SÃO MIGUEL DO ARAGUAIA;Dia 15;SIM;SUPERMERCADO;145;OURO
SUPERMERCADO MAGALHÃES;1639308,23;103710,37;12440,92;39,58;10,41;13;14;3;0;32;30;1153,59;5311,1;41,4;78,27;6;2026;0;ATIVO;SÃO MIGUEL DO ARAGUAIA;Dia 15;SIM;SUPERMERCADO;145;OURO
SUPERMERCADO MAGALHÃES;1636487,87;102947,86;12350,29;22,72;38,27;11;12;4;0;33;32;1127,83;5186,13;36,77;56,1;5;2026;3;ATIVO;SÃO MIGUEL DO ARAGUAIA;Dia 15;SIM;SUPERMERCADO;145;OURO
SUPERMERCADO MAGALHÃES;1632876,52;108444,6;13013,35;378,57;65,7;52;47;17;1;5;5;7,02;26,67;0;0;8;2024;38;ATIVO;SÃO MIGUEL DO ARAGUAIA;Dia 15;SIM;SUPERMERCADO;145;OURO
SUPERMERCADO MAGALHÃES;1608186,6;0;0;2716,08;1617,67;447;18;318;158;337;525;543,04;2505,11;475,52;624,31;3;2021;0;ATIVO;SÃO MIGUEL DO ARAGUAIA;Dia 15;NÃO;SUPERMERCADO;145;OURO
SUPERMERCADO MAGALHÃES;1601381,57;103350,4;12328,08;122,31;36,62;2;9;0;0;16;2;200,13;1037;0;5,21;5;2025;10;ATIVO;SÃO MIGUEL DO ARAGUAIA;Dia 15;SIM;SUPERMERCADO;145;OURO
SUPERMERCADO MAGALHÃES;1594562,26;112264,72;13471,77;54,45;182,78;19;9;2;0;17;17;6,48;24,42;0;70,6;8;2026;5;ATIVO;SÃO MIGUEL DO ARAGUAIA;Dia 15;SIM;SUPERMERCADO;145;OURO
SUPERMERCADO MAGALHÃES;1588907,87;108367,71;13004,13;37,07;21,03;15;20;0;1;21;21;30,96;139,14;0;37,52;6;2024;15;ATIVO;SÃO MIGUEL DO ARAGUAIA;Dia 15;SIM;SUPERMERCADO;145;OURO
SUPERMERCADO MAGALHÃES;1580219;102954,41;12250,32;116,47;13,28;4;0;0;0;2;2;7,04;25,42;0,5;0;10;2025;4;ATIVO;SÃO MIGUEL DO ARAGUAIA;Dia 15;SIM;SUPERMERCADO;145;OURO
SUPERMERCADO MAGALHÃES;1579123,56;89571,68;10400,13;385,63;159,59;31;18;0;0;15;17;11,14;46,43;0;53,23;11;2024;27;ATIVO;SÃO MIGUEL DO ARAGUAIA;Dia 15;SIM;SUPERMERCADO;145;OURO
SUPERMERCADO MAGALHÃES;1574693,12;90725,86;10876,15;4,59;7,27;2;3;3;0;9;9;12,04;50,52;0;45,14;4;2026;0;ATIVO;SÃO MIGUEL DO ARAGUAIA;Dia 15;SIM;SUPERMERCADO;145;OURO
SUPERMERCADO MAGALHÃES;1567417,35;93334,01;11122,89;94,54;10,7;12;3;0;0;11;11;4,24;12,11;0;64,11;4;2025;6;ATIVO;SÃO MIGUEL DO ARAGUAIA;Dia 15;SIM;SUPERMERCADO;145;OURO
SUPERMERCADO MAGALHÃES;1552776,53;94127,31;11209,74;103,98;9,88;8;3;0;0;15;15;2,9;9,42;0;86,13;3;2025;5;ATIVO;SÃO MIGUEL DO ARAGUAIA;Dia 15;SIM;SUPERMERCADO;145;OURO
SUPERMERCADO MAGALHÃES;1509071,39;101066,3;12127,96;29,68;10,31;3;1;0;0;3;3;12,17;51,32;0;20,7;1;2026;2;ATIVO;SÃO MIGUEL DO ARAGUAIA;Dia 15;SIM;SUPERMERCADO;145;OURO
SUPERMERCADO MAGALHÃES;1502293,49;89133,56;10696,03;20,08;12,65;10;10;1;0;12;12;2,49;8,27;7,68;4,82;1;2025;4;ATIVO;SÃO MIGUEL DO ARAGUAIA;Dia 15;SIM;SUPERMERCADO;145;OURO
SUPERMERCADO MAGALHÃES;1494737,18;100846,12;11788,7;52,85;14,76;2;4;4;0;12;12;5,53;19,31;0;74,5;3;2026;0;ATIVO;SÃO MIGUEL DO ARAGUAIA;Dia 15;SIM;SUPERMERCADO;145;OURO
SUPERMERCADO MAGALHÃES;1491171,71;0;0;1377,61;1784,21;294;16;74;182;477;670;472,69;2183,02;327,25;2412,29;2;2021;0;ATIVO;SÃO MIGUEL DO ARAGUAIA;Dia 15;NÃO;SUPERMERCADO;145;OURO
SUPERMERCADO MAGALHÃES;1485019,31;91129,95;10935,59;17,85;33,93;13;20;0;1;7;8;2,94;7,8;0;10,78;9;2024;38;ATIVO;SÃO MIGUEL DO ARAGUAIA;Dia 15;SIM;SUPERMERCADO;145;OURO
SUPERMERCADO MAGALHÃES;1481681,78;105562,02;12530,62;161,71;27,37;7;5;0;0;1;1;90,38;460,88;0;1,7;6;2025;5;ATIVO;SÃO MIGUEL DO ARAGUAIA;Dia 15;SIM;SUPERMERCADO;145;OURO
SUPERMERCADO MAGALHÃES;1474736,7;114197,46;13703,7;9,44;1716,8;202;2;2;0;5;5;5,21;18,94;0;1,11;12;2025;5;ATIVO;SÃO MIGUEL DO ARAGUAIA;Dia 15;SIM;SUPERMERCADO;145;OURO
SUPERMERCADO MAGALHÃES;1474681,41;100619,29;11904,65;246,8;23,2;26;8;7;0;3;3;5,47;18,9;0;6,96;8;2025;23;ATIVO;SÃO MIGUEL DO ARAGUAIA;Dia 15;SIM;SUPERMERCADO;145;OURO
SUPERMERCADO MAGALHÃES;1457636,58;98740,06;11848,81;31,1;771,03;182;0;0;0;2;2;3,89;9,34;0;3,33;11;2025;1;ATIVO;SÃO MIGUEL DO ARAGUAIA;Dia 15;SIM;SUPERMERCADO;145;OURO
SUPERMERCADO MAGALHÃES;1432485,13;96273,52;11369,46;200,33;12,76;7;1;0;0;4;4;4,87;17,11;0;6,67;9;2025;5;ATIVO;SÃO MIGUEL DO ARAGUAIA;Dia 15;SIM;SUPERMERCADO;145;OURO
SUPERMERCADO MAGALHÃES;1375440,61;89701,84;10764,22;11,75;0;1;1;0;0;0;0;0;0;0;0;2;2026;0;ATIVO;SÃO MIGUEL DO ARAGUAIA;Dia 15;SIM;SUPERMERCADO;145;OURO
SUPERMERCADO MAGALHÃES;1358034,7;80158,16;9618,98;102,85;9,56;23;15;3;0;7;7;3,81;16,6;0;16,72;2;2025;23;ATIVO;SÃO MIGUEL DO ARAGUAIA;Dia 15;SIM;SUPERMERCADO;145;OURO
SUPERMERCADO MAGALHÃES;657688,89;118044,09;11804,41;97,77;182,42;33;2;2;67;25;25;0,52;1,71;12,6;21,66;1;2023;389;ATIVO;SÃO MIGUEL DO ARAGUAIA;Dia 15;SIM;SUPERMERCADO;145;OURO
SUPERMERCADO MALDANER;698938,65;32271,17;1062,5;54,32;82,75;94;15;1;0;29;31;3,49;15,07;27,71;44,61;12;2024;75;ATIVO;CRISTALINA;Dia 15;SIM;SUPERMERCADO;133;BRONZE
SUPERMERCADO MALDANER;656783;0;0;56,52;25,81;18;20;4;27;52;52;11,68;50,73;28,03;959,76;12;2023;8;ATIVO;CRISTALINA;Dia 15;NÃO;SUPERMERCADO;133;BRONZE
SUPERMERCADO MALDANER;627766,82;26685,57;0;35,05;160,74;48;13;0;1;27;27;5,42;23,65;10,27;29,39;10;2024;24;ATIVO;CRISTALINA;Dia 15;SIM;SUPERMERCADO;133;BRONZE
SUPERMERCADO MALDANER;613669,56;0;0;49,03;77,5;50;31;1;9;25;26;4,81;21,21;48,33;48,07;9;2024;20;ATIVO;CRISTALINA;Dia 15;NÃO;SUPERMERCADO;133;BRONZE
SUPERMERCADO MALDANER;602087,52;0;0;31,92;280,04;145;29;0;15;16;16;0,66;1,47;102,45;29,16;5;2024;7;ATIVO;CRISTALINA;Dia 15;NÃO;SUPERMERCADO;133;BRONZE
SUPERMERCADO MALDANER;600772,13;30702,96;3655,97;99,04;27,79;15;7;2;0;13;13;0,12;0,07;6,28;64,18;5;2025;12;ATIVO;CRISTALINA;Dia 15;SIM;SUPERMERCADO;133;BRONZE
SUPERMERCADO MALDANER;596254,63;31397,02;3492,73;283,86;144,18;56;22;8;0;23;25;8,65;39,74;10,02;31,84;12;2025;38;ATIVO;CRISTALINA;Dia 15;SIM;SUPERMERCADO;133;BRONZE
SUPERMERCADO MALDANER;586951,38;0;0;25,48;272,31;132;32;0;15;17;17;2,81;11,47;15,21;42,32;6;2024;10;ATIVO;CRISTALINA;Dia 15;NÃO;SUPERMERCADO;133;BRONZE
SUPERMERCADO MALDANER;584523,85;26381,49;0;3794,65;1109,39;398;129;21;0;474;334;180,14;828,96;154,1;1431,36;8;2023;616;ATIVO;CRISTALINA;Dia 15;SIM;SUPERMERCADO;133;BRONZE
SUPERMERCADO MALDANER;583533,61;0;0;30,1;76,17;40;30;2;14;21;21;4,14;16,77;15,31;18,02;8;2024;12;ATIVO;CRISTALINA;Dia 15;NÃO;SUPERMERCADO;133;BRONZE
SUPERMERCADO MALDANER;577872,81;22986,66;0;42,02;143,14;47;19;2;10;30;32;3,17;13,83;35,84;40,2;11;2024;26;ATIVO;CRISTALINA;Dia 15;SIM;SUPERMERCADO;133;BRONZE
SUPERMERCADO MALDANER;574702,05;34556,7;3749,41;324,33;59,79;57;17;8;0;32;34;11,37;51,54;14,64;16,06;10;2025;34;ATIVO;CRISTALINA;Dia 15;SIM;SUPERMERCADO;133;BRONZE
SUPERMERCADO MALDANER;571580,97;0;0;40,44;41,55;19;51;3;16;33;33;4,89;19,78;0,52;404,39;3;2024;12;ATIVO;CRISTALINA;Dia 15;NÃO;SUPERMERCADO;133;BRONZE
SUPERMERCADO MALDANER;565722,91;26314,35;0;3567,62;1059,03;370;122;19;0;449;307;182,67;841,55;115,51;1154,33;9;2023;613;ATIVO;CRISTALINA;Dia 15;SIM;SUPERMERCADO;133;BRONZE
SUPERMERCADO MALDANER;563484,91;27806,54;3250,1;104,26;51,65;30;5;0;0;7;8;1,13;4,57;11,68;12,69;3;2025;20;ATIVO;CRISTALINA;Dia 15;SIM;SUPERMERCADO;133;BRONZE
SUPERMERCADO MALDANER;561704,4;31043,12;3453,22;307,12;160,03;61;25;9;0;25;26;5,79;26,16;0;23,63;11;2025;41;ATIVO;CRISTALINA;Dia 15;SIM;SUPERMERCADO;133;BRONZE
SUPERMERCADO MALDANER;559793,96;0;0;34,16;296,81;138;37;3;15;18;21;1,92;7,7;17,18;53,46;7;2024;18;ATIVO;CRISTALINA;Dia 15;NÃO;SUPERMERCADO;133;BRONZE
SUPERMERCADO MALDANER;556331,44;25251,93;0;3622,87;1140,86;367;114;22;0;451;309;204,15;937,93;74,22;1367,51;7;2023;589;ATIVO;CRISTALINA;Dia 15;SIM;SUPERMERCADO;133;BRONZE
SUPERMERCADO MALDANER;551570,64;22495,48;0;2930,05;569,14;289;58;14;0;397;286;131,33;604,8;82,61;959,76;11;2023;157;ATIVO;CRISTALINA;Dia 15;SIM;SUPERMERCADO;133;BRONZE
SUPERMERCADO MALDANER;544846,06;31005,2;3483,17;253,26;51,44;32;8;2;0;5;5;0,09;0,07;8,88;16,69;7;2025;23;ATIVO;CRISTALINA;Dia 15;SIM;SUPERMERCADO;133;BRONZE
SUPERMERCADO MALDANER;541213,44;0;0;31,31;40,2;22;26;4;18;51;53;17,64;78,5;29,04;327,41;1;2024;15;ATIVO;CRISTALINA;Dia 15;NÃO;SUPERMERCADO;133;BRONZE
SUPERMERCADO MALDANER;538688,68;28007,55;3291,82;125,47;163,23;66;25;10;0;32;37;17,38;79,39;6,28;43,2;3;2026;39;ATIVO;CRISTALINA;Dia 15;SIM;SUPERMERCADO;133;BRONZE
SUPERMERCADO MALDANER;538648,59;25746,94;3079,73;106,44;60,41;46;17;5;0;40;44;8,71;39,65;11,83;201,11;5;2026;32;ATIVO;CRISTALINA;Dia 15;SIM;SUPERMERCADO;133;BRONZE
SUPERMERCADO MALDANER;536218,31;27484,26;3239,96;64,26;38,62;19;3;0;0;7;7;0,84;3,11;12,18;15,27;4;2025;12;ATIVO;CRISTALINA;Dia 15;SIM;SUPERMERCADO;133;BRONZE
SUPERMERCADO MALDANER;536082,53;34386,44;3705,97;407,88;17,05;36;5;0;0;17;20;1,19;4,99;27,43;26,78;1;2025;31;ATIVO;CRISTALINA;Dia 15;SIM;SUPERMERCADO;133;BRONZE
SUPERMERCADO MALDANER;531543,87;0;0;30,24;310,48;289;35;1;13;15;16;0,59;0,05;14,58;45,71;4;2024;9;ATIVO;CRISTALINA;Dia 15;NÃO;SUPERMERCADO;133;BRONZE
SUPERMERCADO MALDANER;525311,91;28438,66;3176,25;268,52;44,05;31;5;1;0;15;15;0,19;0,11;7,47;39,09;6;2025;22;ATIVO;CRISTALINA;Dia 15;SIM;SUPERMERCADO;133;BRONZE
SUPERMERCADO MALDANER;521749,99;29205,48;3267,71;258;33,36;35;4;0;0;5;5;0,44;1,9;6,9;2,76;8;2025;26;ATIVO;CRISTALINA;Dia 15;SIM;SUPERMERCADO;133;BRONZE
SUPERMERCADO MALDANER;520392,51;0;0;4085,72;942,85;388;109;18;137;453;337;182,59;841,74;76,91;1703,58;6;2023;641;ATIVO;CRISTALINA;Dia 15;NÃO;SUPERMERCADO;133;BRONZE
SUPERMERCADO MALDANER;514154,64;24195,5;0;3373,01;1096,93;348;125;22;0;412;275;192,59;886,6;95,54;1123,81;10;2023;534;ATIVO;CRISTALINA;Dia 15;SIM;SUPERMERCADO;133;BRONZE
SUPERMERCADO MALDANER;512707,85;0;0;32,21;47,98;30;26;2;12;53;54;12,54;54,92;21,52;321,97;2;2024;18;ATIVO;CRISTALINA;Dia 15;NÃO;SUPERMERCADO;133;BRONZE
SUPERMERCADO MALDANER;508523,81;27189,91;3041,29;225,79;27,31;33;7;0;0;9;9;2,68;11,7;6,25;26,18;9;2025;30;ATIVO;CRISTALINA;Dia 15;SIM;SUPERMERCADO;133;BRONZE
SUPERMERCADO MALDANER;507854,89;24418,49;2889,45;81,69;33,77;23;7;1;0;7;8;0,68;2,72;11,38;15,71;2;2025;20;ATIVO;CRISTALINA;Dia 15;SIM;SUPERMERCADO;133;BRONZE
SUPERMERCADO MALDANER;505434,45;24117,77;2882,42;101,62;80,25;48;19;5;0;50;56;12,38;56,51;7,9;138,77;4;2026;26;ATIVO;CRISTALINA;Dia 15;SIM;SUPERMERCADO;133;BRONZE
SUPERMERCADO MALDANER;501106,33;23259,47;2530;305,89;130,67;56;21;6;0;24;26;8,33;38,21;19,83;16,65;1;2026;42;ATIVO;CRISTALINA;Dia 15;SIM;SUPERMERCADO;133;BRONZE
SUPERMERCADO MALDANER;482925,73;23034,24;2513,86;273,36;179,45;56;20;5;0;30;32;11,69;53,57;10,38;40,04;2;2026;42;ATIVO;CRISTALINA;Dia 15;SIM;SUPERMERCADO;133;BRONZE
SUPERMERCADO MALDANER;481352,46;25325,07;2974,94;89,97;57,56;38;11;3;0;38;40;10,51;48,13;13,99;115;8;2026;22;ATIVO;CRISTALINA;Dia 15;SIM;SUPERMERCADO;133;BRONZE
SUPERMERCADO MALDANER;468383,96;26673,32;3133,19;155,36;162,7;57;18;7;0;42;47;16,82;76,61;18,63;107,68;7;2026;31;ATIVO;CRISTALINA;Dia 15;SIM;SUPERMERCADO;133;BRONZE
SUPERMERCADO MALDANER;465311,92;22891,47;2739,25;110,8;129,93;45;21;7;0;43;44;20,75;94,82;30,59;138,46;6;2026;32;ATIVO;CRISTALINA;Dia 15;SIM;SUPERMERCADO;133;BRONZE
SUPERMERCADO MARQUES;3412652,73;129496,37;15524,64;109,92;3789,23;315;155;10;0;0;0;0;0;0;0;5;2025;1171;ATIVO;PARAÚNA;Dia 10;SIM;SUPERMERCADO;257;PRATA
SUPERMERCADO MARQUES;3390686,04;131054,64;15686,25;97,63;722,56;82;40;2;0;0;0;0;0;0;0;12;2024;1094;ATIVO;PARAÚNA;Dia 10;SIM;SUPERMERCADO;257;PRATA
SUPERMERCADO MARQUES;3317898,1;119085,83;14232,38;497,66;1568,18;118;54;7;0;0;0;0;0;0;0;3;2025;1076;ATIVO;PARAÚNA;Dia 10;SIM;SUPERMERCADO;257;PRATA
SUPERMERCADO MARQUES;3281070,07;121792,02;14566,82;417;2539,97;119;55;7;0;0;0;0;0;0;0;4;2025;1072;ATIVO;PARAÚNA;Dia 10;SIM;SUPERMERCADO;257;PRATA
SUPERMERCADO MARQUES;3192811,41;129886,8;15576,01;424,24;2604,41;444;269;11;0;0;0;0;0;0;0;7;2025;1282;ATIVO;PARAÚNA;Dia 10;SIM;SUPERMERCADO;257;PRATA
SUPERMERCADO MARQUES;3178072,29;144578,98;16666,66;412,36;985,14;129;77;5;0;417;438;849,68;3912,83;338,12;9987,19;12;2025;345;ATIVO;PARAÚNA;Dia 10;SIM;SUPERMERCADO;257;PRATA
SUPERMERCADO MARQUES;3153556,45;127092,43;15223,1;235,6;1829,54;300;139;9;0;0;0;0;0;0;0;6;2025;1105;ATIVO;PARAÚNA;Dia 10;SIM;SUPERMERCADO;257;PRATA
SUPERMERCADO MARQUES;3143198,66;92933,85;0;19192,13;4011,62;207;66;4;0;116;117;155,24;735,02;0;205,95;7;2026;304;ATIVO;PARAÚNA;Dia 10;SIM;SUPERMERCADO;257;PRATA
SUPERMERCADO MARQUES;3049398,56;138585,42;0;17202,57;4090,78;199;104;5;0;98;98;304,54;1414,98;0;246,73;8;2026;362;ATIVO;PARAÚNA;Dia 10;SIM;SUPERMERCADO;257;PRATA
SUPERMERCADO MARQUES;3028838,74;117097,5;14016,67;105,59;620,16;77;36;0;0;0;0;0;0;0;0;1;2025;1090;ATIVO;PARAÚNA;Dia 10;SIM;SUPERMERCADO;257;PRATA
SUPERMERCADO MARQUES;2979944,94;126683,41;15185,1312;56,9;1795,06;88;52;1;0;0;0;0;0;0;0;10;2024;1042;ATIVO;PARAÚNA;Dia 10;SIM;SUPERMERCADO;257;PRATA
SUPERMERCADO MARQUES;2957603,83;124597,19;14929,31;90,68;721,64;83;42;2;0;0;0;0;0;0;0;11;2024;1090;ATIVO;PARAÚNA;Dia 10;NÃO;SUPERMERCADO;257;PRATA
SUPERMERCADO MARQUES;2939805,57;138640,61;16095,81;1366,91;2007,26;238;230;21;0;373;393;663,71;3061,76;310,31;8703,94;4;2026;359;ATIVO;PARAÚNA;Dia 10;SIM;SUPERMERCADO;257;PRATA
SUPERMERCADO MARQUES;2920239,79;100411,84;12016,6;404,63;1331,78;157;68;7;0;0;0;0;0;0;0;2;2025;1096;ATIVO;PARAÚNA;Dia 10;SIM;SUPERMERCADO;257;PRATA
SUPERMERCADO MARQUES;2891784,02;140685,53;16216,95;1808,93;2447,67;237;75;4;0;349;370;599,22;2778,17;379,38;10010,16;3;2026;346;ATIVO;PARAÚNA;Dia 10;SIM;SUPERMERCADO;257;PRATA
SUPERMERCADO MARQUES;2872013,7;129005,09;15480,61;350,01;1235;266;155;5;0;368;385;632,41;2921,92;336,75;7514,23;8;2025;1177;ATIVO;PARAÚNA;Dia 10;SIM;SUPERMERCADO;257;PRATA
SUPERMERCADO MARQUES;2862335,13;130269,45;15026,11;525,08;1784,62;210;71;5;0;357;379;629,55;2899,47;410,38;8768,17;1;2026;332;ATIVO;PARAÚNA;Dia 10;SIM;SUPERMERCADO;257;PRATA
SUPERMERCADO MARQUES;2809119,93;113354,54;11332,86;59,05;89,64;43;31;1;36;0;0;0;0;0;0;12;2023;1103;ATIVO;PARAÚNA;Dia 10;SIM;SUPERMERCADO;257;PRATA
SUPERMERCADO MARQUES;2807077,06;124833,59;14974,61;296,86;151,67;137;74;7;0;343;363;620,48;2865,36;301,55;7607,44;9;2025;1015;ATIVO;PARAÚNA;Dia 10;SIM;SUPERMERCADO;257;PRATA
SUPERMERCADO MARQUES;2807048,24;134601,79;16146,53;355,54;177,62;118;71;4;0;342;372;646,62;2980,59;289,68;7612,46;10;2025;622;ATIVO;PARAÚNA;Dia 10;SIM;SUPERMERCADO;257;PRATA
SUPERMERCADO MARQUES;2775085,31;129207,77;15504,93;192,3;326,22;156;104;5;0;345;362;598,9;2760,89;228,53;7394,19;11;2025;474;ATIVO;PARAÚNA;Dia 10;SIM;SUPERMERCADO;257;PRATA
SUPERMERCADO MARQUES;2703766,31;110352,62;10373,29;762,33;150,98;180;100;3;19;0;0;0;0;0;0;12;2022;0;ATIVO;PARAÚNA;Dia 10;SIM;SUPERMERCADO;257;PRATA
SUPERMERCADO MARQUES;2700018,3;112327,84;11232,784;27,73;82,38;35;13;1;0;0;0;0;0;0;0;3;2024;1078;ATIVO;PARAÚNA;Dia 10;SIM;SUPERMERCADO;257;PRATA
SUPERMERCADO MARQUES;2670407,89;117275,83;15808,38;727,74;2118,78;225;75;6;0;348;374;606,02;2810,32;371,99;8732,74;2;2026;319;ATIVO;PARAÚNA;Dia 10;SIM;SUPERMERCADO;257;PRATA
SUPERMERCADO MARQUES;2559642,36;127149,61;15221,15;60,52;646,97;76;40;3;1;0;0;0;0;0;0;8;2024;1025;ATIVO;PARAÚNA;Dia 10;SIM;SUPERMERCADO;257;PRATA
SUPERMERCADO MARQUES;2550992,33;119880,7;14344,72;69,6;315,4;64;30;2;1;0;0;0;0;0;0;7;2024;1027;ATIVO;PARAÚNA;Dia 10;SIM;SUPERMERCADO;257;PRATA
SUPERMERCADO MARQUES;2534292,72;118585,13;14205,46;62,64;608,34;76;36;2;0;0;0;0;0;0;0;9;2024;1042;ATIVO;PARAÚNA;Dia 10;SIM;SUPERMERCADO;257;PRATA
SUPERMERCADO MARQUES;2514411,03;116419,01;13929,9;83,51;143,5;60;21;0;1;0;0;0;0;0;0;5;2024;1052;ATIVO;PARAÚNA;Dia 10;SIM;SUPERMERCADO;257;PRATA
SUPERMERCADO MARQUES;2469502,65;95661,29;8882,71;831,83;451,88;264;173;9;1;0;0;0;0;0;0;7;2022;0;ATIVO;PARAÚNA;Dia 10;SIM;SUPERMERCADO;257;PRATA
SUPERMERCADO MARQUES;2449676,17;103992,13;9826,87;680,33;222,11;225;143;2;0;0;0;0;0;0;0;10;2022;0;ATIVO;PARAÚNA;Dia 10;SIM;SUPERMERCADO;257;PRATA
SUPERMERCADO MARQUES;2408183,27;120046,52;14363,73;171,37;246;63;23;0;0;0;0;0;0;0;0;6;2024;1013;ATIVO;PARAÚNA;Dia 10;SIM;SUPERMERCADO;257;PRATA
SUPERMERCADO MARQUES;2382045,81;105454,95;12616,66;62,2;168,63;34;11;0;0;0;0;0;0;0;0;4;2024;1049;ATIVO;PARAÚNA;Dia 10;SIM;SUPERMERCADO;257;PRATA
SUPERMERCADO MARQUES;2364076,66;112571,69;11257,17;809,69;39,53;40;11;3;230;0;0;0;0;0;0;3;2023;0;ATIVO;PARAÚNA;Dia 10;SIM;SUPERMERCADO;257;PRATA
SUPERMERCADO MARQUES;2351063,52;101752,53;9508,98;740,69;250,5;254;173;5;0;0;0;0;0;0;0;8;2022;0;ATIVO;PARAÚNA;Dia 10;SIM;SUPERMERCADO;257;PRATA
SUPERMERCADO MARQUES;2340639,2;103027,64;10302,76;34,27;251,51;32;15;1;50;0;0;0;0;0;0;1;2024;1108;ATIVO;PARAÚNA;Dia 10;SIM;SUPERMERCADO;257;PRATA
SUPERMERCADO MARQUES;2338281,05;113742,9;10692,81;851,63;152,32;93;50;6;223;0;0;0;0;0;0;5;2023;0;ATIVO;PARAÚNA;Dia 10;SIM;SUPERMERCADO;257;PRATA
SUPERMERCADO MARQUES;2320763,83;110890,05;10384,82;799,72;61,8;35;33;3;0;0;0;0;0;0;0;9;2023;1044;ATIVO;PARAÚNA;Dia 10;SIM;SUPERMERCADO;257;PRATA
SUPERMERCADO MARQUES;2291812,31;108992,55;10153,03;769,41;63,96;43;25;1;0;0;0;0;0;0;0;10;2023;1096;ATIVO;PARAÚNA;Dia 10;SIM;SUPERMERCADO;257;PRATA
SUPERMERCADO MARQUES;2288482,51;106945,62;10031,94;1150,17;40,47;97;69;16;220;0;0;0;0;0;0;4;2023;0;ATIVO;PARAÚNA;Dia 10;SIM;SUPERMERCADO;257;PRATA
SUPERMERCADO MARQUES;2288008,53;82615,36;5351,41;3255,67;224,24;243;156;6;1;0;0;0;0;0;0;4;2022;0;ATIVO;PARAÚNA;Dia 10;SIM;SUPERMERCADO;257;PRATA
SUPERMERCADO MARQUES;2253070,79;102290,38;10192,795;8,02;456,13;29;20;0;0;0;0;0;0;0;0;2;2024;1002;ATIVO;PARAÚNA;Dia 10;SIM;SUPERMERCADO;257;PRATA
SUPERMERCADO MARQUES;2252276,91;86235,14;6245,72;6630,13;3359,04;192;144;5;0;0;0;0;0;0;0;6;2022;0;ATIVO;PARAÚNA;Dia 10;SIM;SUPERMERCADO;257;PRATA
SUPERMERCADO MARQUES;2238037,33;76984;701,87;5245,69;3410,01;360;196;14;58;0;0;0;0;0;0;12;2021;0;ATIVO;PARAÚNA;Dia 10;SIM;SUPERMERCADO;257;PRATA
SUPERMERCADO MARQUES;2236826,93;113657,74;10666,78;735,34;79,56;45;30;4;0;0;0;0;0;0;0;7;2023;0;ATIVO;PARAÚNA;Dia 10;SIM;SUPERMERCADO;257;PRATA
SUPERMERCADO MARQUES;2230676,29;117328,18;11026,59;777,04;160,18;81;46;5;7;0;0;0;0;0;0;6;2023;0;ATIVO;PARAÚNA;Dia 10;SIM;SUPERMERCADO;257;PRATA
SUPERMERCADO MARQUES;2227665,52;91058,3;8523,27;702,72;85,82;64;17;4;223;0;0;0;0;0;0;1;2023;0;ATIVO;PARAÚNA;Dia 10;SIM;SUPERMERCADO;257;PRATA
SUPERMERCADO MARQUES;2224595,12;114155,1;10723,13;746,39;61,84;42;37;5;0;0;0;0;0;0;0;8;2023;1078;ATIVO;PARAÚNA;Dia 10;SIM;SUPERMERCADO;257;PRATA
SUPERMERCADO MARQUES;2211141,1;87406,31;5626,06;4410,94;371,51;228;157;4;1;0;0;11269,42;51958,58;0;169,99;5;2022;0;ATIVO;PARAÚNA;Dia 10;SIM;SUPERMERCADO;257;PRATA
SUPERMERCADO MARQUES;2188055,08;93116,95;8703,54;633,35;259,59;255;164;1;0;0;0;0;0;0;0;9;2022;0;ATIVO;PARAÚNA;Dia 10;SIM;SUPERMERCADO;257;PRATA
SUPERMERCADO MARQUES;2134925,12;88854,12;8391,88;534,03;882,92;50;13;1;216;0;0;0;0;0;0;2;2023;0;ATIVO;PARAÚNA;Dia 10;SIM;SUPERMERCADO;257;PRATA
SUPERMERCADO MARQUES;2126340,13;97361,97;9172,68;688,4;186,94;242;147;6;0;0;0;0;0;0;0;11;2022;0;ATIVO;PARAÚNA;Dia 10;SIM;SUPERMERCADO;257;PRATA
SUPERMERCADO MARQUES;2114604,17;109493,85;10227,63;821,42;112,74;62;33;1;14;0;0;0;0;0;0;11;2023;1081;ATIVO;PARAÚNA;Dia 10;SIM;SUPERMERCADO;257;PRATA
SUPERMERCADO MARQUES;2071839,69;78359,38;4673,88;3498,14;351,97;255;144;7;29;0;0;0;0;0;0;3;2022;0;ATIVO;PARAÚNA;Dia 10;SIM;SUPERMERCADO;257;PRATA
SUPERMERCADO MARQUES;2044166,17;67234,15;1032,26;7728,47;4244,75;592;168;19;184;4330;6220;10624,81;48978,26;0;734,92;10;2021;0;ATIVO;PARAÚNA;Dia 10;SIM;SUPERMERCADO;257;PRATA
SUPERMERCADO MARQUES;2037702,43;12391,35;3694,38;3377,8;2480,01;258;126;13;157;0;0;0;0;0;0;11;2021;0;ATIVO;PARAÚNA;Dia 10;SIM;SUPERMERCADO;257;PRATA
SUPERMERCADO MARQUES;1966243,09;67591,23;2316,8;3935,88;1253;259;116;5;38;0;0;0;0;0;0;2;2022;0;ATIVO;PARAÚNA;Dia 10;SIM;SUPERMERCADO;257;PRATA
SUPERMERCADO MARQUES;1872230,59;70844,5;185,65;4961,69;2657,17;266;142;9;35;0;0;0;0;0;0;1;2022;0;ATIVO;PARAÚNA;Dia 10;SIM;SUPERMERCADO;257;PRATA
SUPERMERCADO MARQUES;1852861,75;76756,79;1268,36;7958,07;6220,1;672;168;27;195;4261;6129;9359,82;43130,73;0;1316,4;9;2021;0;ATIVO;PARAÚNA;Dia 10;SIM;SUPERMERCADO;257;PRATA
SUPERMERCADO MARQUES;647800,01;0;0;1457,46;868,61;347;50;8;164;2670;3932;3717,04;17117,19;0;0;5;2021;0;ATIVO;PARAÚNA;Dia 10;NÃO;SUPERMERCADO;257;PRATA
SUPERMERCADO MEGA VIZINHO;751638,32;45857,01;5502,84;178,72;73,15;40;5;1;0;231;287;314,88;1449,6;1,11;5,54;10;2025;43;ATIVO;GOIÂNIA;Dia 25;SIM;SUPERMERCADO;200;BRONZE
SUPERMERCADO MEGA VIZINHO;744370,03;41889,43;5026,73;131,69;150,42;38;7;3;0;177;214;176,47;811,03;1,95;58,17;8;2025;45;ATIVO;GOIÂNIA;Dia 25;SIM;SUPERMERCADO;200;BRONZE
SUPERMERCADO MEGA VIZINHO;732560,63;40334,16;4840,1;111,96;109,59;29;5;1;0;213;272;266,36;1227,14;0;0;11;2025;43;ATIVO;GOIÂNIA;Dia 25;SIM;SUPERMERCADO;200;BRONZE
SUPERMERCADO MEGA VIZINHO;674976,31;34617,96;2276,87;2009,37;32,94;141;14;10;0;125;168;64,97;299,61;14,59;658,47;5;2025;228;ATIVO;GOIÂNIA;Dia 25;SIM;SUPERMERCADO;200;BRONZE
SUPERMERCADO MEGA VIZINHO;670597,04;27962,53;861,15;11780,36;2716,29;718;142;112;0;1849;2531;1954,29;9004,11;0,74;37,87;3;2025;517;ATIVO;GOIÂNIA;Dia 25;SIM;SUPERMERCADO;200;BRONZE
SUPERMERCADO MEGA VIZINHO;670511,85;38169,05;4580,29;193;80,87;36;6;2;0;227;264;233,14;1075,94;1,11;23,67;9;2025;37;ATIVO;GOIÂNIA;Dia 25;SIM;SUPERMERCADO;200;BRONZE
SUPERMERCADO MEGA VIZINHO;658303,91;34279,53;2226,32;1818,4;231,32;61;15;14;0;103;143;67,84;311,54;2,24;52,23;4;2025;189;ATIVO;GOIÂNIA;Dia 25;SIM;SUPERMERCADO;200;BRONZE
SUPERMERCADO MEGA VIZINHO;649301,66;35925,85;4309,42;207,84;199,15;50;11;3;0;241;313;349,47;1610,59;0;11,32;12;2025;48;ATIVO;GOIÂNIA;Dia 25;SIM;SUPERMERCADO;200;BRONZE
SUPERMERCADO MEGA VIZINHO;621776,1;37049,51;4445,94;185,87;27,85;34;3;1;0;115;141;125,65;576,24;3,06;100,53;7;2025;37;ATIVO;GOIÂNIA;Dia 25;SIM;SUPERMERCADO;200;BRONZE
SUPERMERCADO MEGA VIZINHO;607972,1;32989,64;3792,56;303,12;47,43;35;36;2;0;303;429;413,57;1906,98;0;38,65;5;2026;35;ATIVO;GOIÂNIA;Dia 25;SIM;SUPERMERCADO;200;BRONZE
SUPERMERCADO MEGA VIZINHO;596507,91;32102,56;2220,98;1636,21;27,46;76;8;5;0;147;188;74,72;344,52;176,24;647,4;6;2025;216;ATIVO;GOIÂNIA;Dia 25;SIM;SUPERMERCADO;200;BRONZE
SUPERMERCADO MEGA VIZINHO;549383,82;30754,86;528,75;3311,74;103,25;106;81;4;0;286;407;419,14;1935,86;0;13,14;4;2026;87;ATIVO;GOIÂNIA;Dia 25;SIM;SUPERMERCADO;200;BRONZE
SUPERMERCADO MEGA VIZINHO;536744,97;33393,37;41,65;4220,55;114,22;113;11;6;0;257;384;346,48;1597,63;0;13,33;3;2026;94;ATIVO;GOIÂNIA;Dia 25;SIM;SUPERMERCADO;200;BRONZE
SUPERMERCADO MEGA VIZINHO;532859,24;32725,65;3753,06;285,74;50,83;41;42;3;0;279;420;328,43;1514,74;0;9,86;6;2026;35;ATIVO;GOIÂNIA;Dia 25;SIM;SUPERMERCADO;200;BRONZE
SUPERMERCADO MEGA VIZINHO;493673,54;32056,03;3647,92;307,96;18,14;39;5;4;0;283;433;310,95;1432,5;0;3,93;7;2026;40;ATIVO;GOIÂNIA;Dia 25;SIM;SUPERMERCADO;200;BRONZE
SUPERMERCADO MEGA VIZINHO;466312,27;26706,21;3188,45;158,23;91,09;40;11;5;0;201;277;206,58;950,89;0;4,96;1;2026;43;ATIVO;GOIÂNIA;Dia 25;SIM;SUPERMERCADO;200;BRONZE
SUPERMERCADO MEGA VIZINHO;441580,51;25607,92;2822,76;360,74;39,67;66;6;3;0;199;278;193,67;893,01;0;9,73;2;2026;66;ATIVO;GOIÂNIA;Dia 25;SIM;SUPERMERCADO;200;BRONZE
SUPERMERCADO MERCAFRUTAS;4133190,7;0;0;923,49;2022,59;92;38;13;0;90;326;472,95;2173,47;0;252,83;12;2024;188;ATIVO;CERES;Dia 30;NÃO;SUPERMERCADO;14;DIAMANTE
SUPERMERCADO MERCAFRUTAS;3715475,19;0;0;354,58;5501,4;65;50;4;0;64;91;261,2;1199,31;0,74;58,27;12;2025;153;ATIVO;CERES;Dia 30;NÃO;SUPERMERCADO;14;DIAMANTE
SUPERMERCADO MERCAFRUTAS;3389276,14;0;0;621,54;4560,63;82;50;5;0;81;263;143,4;676,62;0;556,51;4;2025;278;ATIVO;CERES;Dia 30;NÃO;SUPERMERCADO;14;DIAMANTE
SUPERMERCADO MERCAFRUTAS;3303212,7;0;0;644,23;1774,65;97;38;8;0;103;331;236,51;1097;39,44;199,69;1;2025;181;ATIVO;CERES;Dia 30;NÃO;SUPERMERCADO;14;DIAMANTE
SUPERMERCADO MERCAFRUTAS;3284866,23;0;0;798,25;5157,26;104;59;5;0;91;277;162,68;752,23;0;667,35;3;2025;263;ATIVO;CERES;Dia 30;NÃO;SUPERMERCADO;14;DIAMANTE
SUPERMERCADO MERCAFRUTAS;3204567,81;0;0;661,88;4780,2;99;276;7;0;90;176;150,94;702,07;1,38;639,3;5;2025;249;ATIVO;CERES;Dia 30;NÃO;SUPERMERCADO;14;DIAMANTE
SUPERMERCADO MERCAFRUTAS;3179235,88;0;0;569,79;4848,86;78;40;2;0;113;291;235,2;1090,12;8,83;427,48;7;2025;237;ATIVO;CERES;Dia 30;NÃO;SUPERMERCADO;14;DIAMANTE
SUPERMERCADO MERCAFRUTAS;3136849,22;0;0;240,14;1255,16;68;41;17;153;66;266;93,58;426,84;11,9;208,79;10;2024;184;ATIVO;CERES;Dia 30;NÃO;SUPERMERCADO;14;DIAMANTE
SUPERMERCADO MERCAFRUTAS;3110015,16;0;0;751,59;1574,04;83;35;4;0;91;316;204,39;947,81;0;318,52;2;2025;188;ATIVO;CERES;Dia 30;NÃO;SUPERMERCADO;14;DIAMANTE
SUPERMERCADO MERCAFRUTAS;3090666,31;0;0;1114,36;1294,16;160;47;10;157;222;475;289,88;1332,09;174,3;4330,46;7;2024;0;ATIVO;CERES;Dia 30;NÃO;SUPERMERCADO;14;DIAMANTE
SUPERMERCADO MERCAFRUTAS;3080723,2;0;0;206,38;5297,17;59;44;4;0;62;86;223,87;1028,72;0;75,88;10;2025;155;ATIVO;CERES;Dia 30;NÃO;SUPERMERCADO;14;DIAMANTE
SUPERMERCADO MERCAFRUTAS;3073636,47;0;0;517,19;845,52;62;27;2;0;75;110;0;0;6,71;123,07;7;2026;52;ATIVO;CERES;Dia 30;NÃO;SUPERMERCADO;14;DIAMANTE
SUPERMERCADO MERCAFRUTAS;3066574,07;0;0;788,07;1019,24;92;39;5;160;130;382;190,69;870,71;18,92;3916,86;8;2024;197;ATIVO;CERES;Dia 30;NÃO;SUPERMERCADO;14;DIAMANTE
SUPERMERCADO MERCAFRUTAS;2998032,21;0;0;227,62;1107,99;74;36;12;148;59;277;96,97;444,93;2,24;227,57;11;2024;186;ATIVO;CERES;Dia 30;NÃO;SUPERMERCADO;14;DIAMANTE
SUPERMERCADO MERCAFRUTAS;2978998,65;0;0;339,18;4849,56;68;37;4;0;67;140;224,1;1026,73;0;382,74;8;2025;237;ATIVO;CERES;Dia 30;NÃO;SUPERMERCADO;14;DIAMANTE
SUPERMERCADO MERCAFRUTAS;2958584,12;0;0;522,95;4517,54;87;52;3;0;78;265;151,52;702,4;0;478,88;6;2025;247;ATIVO;CERES;Dia 30;NÃO;SUPERMERCADO;14;DIAMANTE
SUPERMERCADO MERCAFRUTAS;2947066,82;0;0;444,26;4329,7;61;46;3;0;63;152;192,09;879,68;0;16,98;1;2026;61;ATIVO;CERES;Dia 30;NÃO;SUPERMERCADO;14;DIAMANTE
SUPERMERCADO MERCAFRUTAS;2919290,64;0;0;319,08;4588,76;68;43;2;0;69;154;208,68;957,43;0;315,61;9;2025;221;ATIVO;CERES;Dia 30;NÃO;SUPERMERCADO;14;DIAMANTE
SUPERMERCADO MERCAFRUTAS;2918975,65;0;0;397,76;5000,37;177;227;0;0;69;241;0;0;4,02;64,3;4;2026;103;ATIVO;CERES;Dia 30;NÃO;SUPERMERCADO;14;DIAMANTE
SUPERMERCADO MERCAFRUTAS;2901230,12;0;0;626,45;750,89;57;26;0;0;69;114;217,56;1005,18;6,25;388,79;6;2026;43;ATIVO;CERES;Dia 30;NÃO;SUPERMERCADO;14;DIAMANTE
SUPERMERCADO MERCAFRUTAS;2898926,95;0;0;1319,41;11262,05;172;89;8;160;179;435;318,42;1466,38;189,16;3854,33;6;2024;259;ATIVO;CERES;Dia 30;NÃO;SUPERMERCADO;14;DIAMANTE
SUPERMERCADO MERCAFRUTAS;2880660,91;0;0;459,96;4282,21;79;100;0;0;65;304;223,51;1029,35;1,62;46;5;2026;100;ATIVO;CERES;Dia 30;NÃO;SUPERMERCADO;14;DIAMANTE
SUPERMERCADO MERCAFRUTAS;2878256,26;0;0;332,52;1183,14;95;54;24;153;93;333;79,79;363,88;7,12;1129,89;9;2024;197;ATIVO;CERES;Dia 30;NÃO;SUPERMERCADO;14;DIAMANTE
SUPERMERCADO MERCAFRUTAS;2866968,37;0;0;252,34;4407,44;65;46;0;0;69;160;223,14;1023,84;26,42;105,01;3;2026;66;ATIVO;CERES;Dia 30;NÃO;SUPERMERCADO;14;DIAMANTE
SUPERMERCADO MERCAFRUTAS;2733188,64;0;0;613,06;20398,43;231;150;9;164;174;425;270,02;1176,17;210,71;505,45;2;2024;266;ATIVO;CERES;Dia 30;NÃO;SUPERMERCADO;14;DIAMANTE
SUPERMERCADO MERCAFRUTAS;2678955,61;0;0;267,72;4259,09;67;50;2;0;58;85;191,67;876,82;0;82,02;11;2025;163;ATIVO;CERES;Dia 30;NÃO;SUPERMERCADO;14;DIAMANTE
SUPERMERCADO MERCAFRUTAS;2505747,36;0;0;327,62;3738,24;63;49;4;0;55;130;177,53;814,26;12,08;31,97;2;2026;61;ATIVO;CERES;Dia 30;NÃO;SUPERMERCADO;14;DIAMANTE
SUPERMERCADO MINIBOX 2 IRMÃOS;818285,12;0;0;601,6;44187,53;389;654;178;132;305;346;275,17;1267,25;448,58;1366,71;7;2023;1361;INATIVO;PORTEIRÃO;Dia 15;NÃO;SUPERMERCADO;72;BRONZE
SUPERMERCADO MINIBOX 2 IRMÃOS;777432,88;0;0;459,52;1968,42;238;496;47;137;247;248;50,58;228,44;354,09;950,23;9;2023;4087;INATIVO;PORTEIRÃO;Dia 15;NÃO;SUPERMERCADO;72;BRONZE
SUPERMERCADO MINIBOX 2 IRMÃOS;770714,95;0;0;153,31;212,16;54;20;6;0;218;75;10,17;166,23;112,53;179,83;3;2025;117;INATIVO;PORTEIRÃO;Dia 15;NÃO;SUPERMERCADO;72;BRONZE
SUPERMERCADO MINIBOX 2 IRMÃOS;740724,73;0;0;324,31;318,13;102;230;16;138;127;128;14,87;67,41;268,39;662,07;10;2023;3722;INATIVO;PORTEIRÃO;Dia 15;NÃO;SUPERMERCADO;72;BRONZE
SUPERMERCADO MINIBOX 2 IRMÃOS;718733,04;0;0;165,62;68,63;67;13;9;22;84;87;4,75;21,15;67,86;455,86;12;2023;30;INATIVO;PORTEIRÃO;Dia 15;NÃO;SUPERMERCADO;72;BRONZE
SUPERMERCADO MINIBOX 2 IRMÃOS;713180,18;0;0;324,76;71,48;74;38;16;11;105;113;4,98;23,16;162,97;619,52;3;2024;40;INATIVO;PORTEIRÃO;Dia 15;NÃO;SUPERMERCADO;72;BRONZE
SUPERMERCADO MINIBOX 2 IRMÃOS;710472,3;0;0;273,38;799,23;183;98;59;127;282;170;49,29;296,86;117,08;257,67;8;2024;127;INATIVO;PORTEIRÃO;Dia 15;NÃO;SUPERMERCADO;72;BRONZE
SUPERMERCADO MINIBOX 2 IRMÃOS;676512,47;0;0;121,42;106;59;12;14;125;91;93;6,57;29,36;129,88;359,98;11;2023;34;INATIVO;PORTEIRÃO;Dia 15;NÃO;SUPERMERCADO;72;BRONZE
SUPERMERCADO MINIBOX 2 IRMÃOS;672342,84;0;0;304,13;371,15;154;73;44;129;103;135;29,34;256,9;154,53;213,09;9;2024;116;INATIVO;PORTEIRÃO;Dia 15;NÃO;SUPERMERCADO;72;BRONZE
SUPERMERCADO MINIBOX 2 IRMÃOS;667054,32;0;0;155,35;203,38;116;59;24;135;225;116;20,68;174,38;65,79;123,98;11;2024;170;INATIVO;PORTEIRÃO;Dia 15;NÃO;SUPERMERCADO;72;BRONZE
SUPERMERCADO MINIBOX 2 IRMÃOS;665440,2;0;0;134,59;319,28;121;57;29;123;87;111;30,98;242,79;135,23;99,8;10;2024;99;INATIVO;PORTEIRÃO;Dia 15;NÃO;SUPERMERCADO;72;BRONZE
SUPERMERCADO MINIBOX 2 IRMÃOS;663519,19;0;0;343,93;51,44;86;9;11;17;108;116;2,95;13,62;93,91;373,16;1;2024;70;INATIVO;PORTEIRÃO;Dia 15;NÃO;SUPERMERCADO;72;BRONZE
SUPERMERCADO MINIBOX 2 IRMÃOS;654790,69;0;0;136,11;46,8;66;23;13;15;80;84;6,06;27,83;134,79;194,29;2;2024;64;INATIVO;PORTEIRÃO;Dia 15;NÃO;SUPERMERCADO;72;BRONZE
SUPERMERCADO MINIBOX 2 IRMÃOS;645571,08;0;0;590,99;1292,47;274;163;102;128;370;262;99,86;546,65;154,68;607,43;7;2024;184;INATIVO;PORTEIRÃO;Dia 15;NÃO;SUPERMERCADO;72;BRONZE
SUPERMERCADO MINIBOX 2 IRMÃOS;615572,17;0;0;165,87;193,79;46;26;8;0;186;74;18,1;162,32;68,36;160,45;2;2025;189;INATIVO;PORTEIRÃO;Dia 15;NÃO;SUPERMERCADO;72;BRONZE
SUPERMERCADO MINIBOX 2 IRMÃOS;607963,81;0;0;54,16;20,96;17;9;2;0;30;30;12,99;57,43;33,78;52,44;8;2025;20;INATIVO;PORTEIRÃO;Dia 15;NÃO;SUPERMERCADO;72;BRONZE
SUPERMERCADO MINIBOX 2 IRMÃOS;597921,39;0;0;3084,74;5283;1374;760;633;153;692;841;395,73;1827,62;177,41;509,04;4;2024;328;INATIVO;PORTEIRÃO;Dia 15;NÃO;SUPERMERCADO;72;BRONZE
SUPERMERCADO MINIBOX 2 IRMÃOS;583279,3;0;0;201;178,1;60;20;2;0;207;71;7,64;131,46;60,82;296,41;4;2025;100;INATIVO;PORTEIRÃO;Dia 15;NÃO;SUPERMERCADO;72;BRONZE
SUPERMERCADO MINIBOX 2 IRMÃOS;558224,88;0;0;1819,68;7243,94;345;223;149;126;218;293;283,52;1359,43;90,45;1323,92;6;2024;238;INATIVO;PORTEIRÃO;Dia 15;NÃO;SUPERMERCADO;72;BRONZE
SUPERMERCADO MINIBOX 2 IRMÃOS;531846,56;0;0;93,83;360,66;51;12;4;0;131;53;10,2;56,84;18,71;121,22;6;2025;62;INATIVO;PORTEIRÃO;Dia 15;NÃO;SUPERMERCADO;72;BRONZE
SUPERMERCADO MINIBOX 2 IRMÃOS;489832,16;0;0;27,74;1442,63;27;12;3;0;164;39;5,22;98,9;51,75;63,95;1;2025;182;INATIVO;PORTEIRÃO;Dia 15;NÃO;SUPERMERCADO;72;BRONZE
SUPERMERCADO MINIBOX 2 IRMÃOS;441408,16;0;0;20,93;58,85;25;7;3;0;30;36;5,43;10,43;18,98;82,26;7;2025;34;INATIVO;PORTEIRÃO;Dia 15;NÃO;SUPERMERCADO;72;BRONZE
SUPERMERCADO MINIBOX 2 IRMÃOS;434917,36;0;0;1664,54;8209,23;2153;437;328;114;350;488;371,42;1749,45;469,63;1161,15;5;2024;279;INATIVO;PORTEIRÃO;Dia 15;NÃO;SUPERMERCADO;72;BRONZE
SUPERMERCADO MINIBOX 2 IRMÃOS;413695,08;0;0;121;69,62;48;19;4;0;170;48;0;78,85;31,05;95,33;5;2025;71;INATIVO;PORTEIRÃO;Dia 15;NÃO;SUPERMERCADO;72;BRONZE
SUPERMERCADO MINIBOX 2 IRMÃOS;296112,17;0;0;20,01;52,98;49;22;11;0;131;46;3,7;46,2;46,57;17,54;12;2024;139;INATIVO;PORTEIRÃO;Dia 15;NÃO;SUPERMERCADO;72;BRONZE
SUPERMERCADO MONTIVIDIU;3361015,58;41164,57;3388,24;2094,37;170,44;105;27;6;0;316;333;1675,6;7729,63;130,4;5583,13;9;2025;417;ATIVO;MONTEVIDIU;Dia 10;SIM;SUPERMERCADO;99;BRONZE
SUPERMERCADO MONTIVIDIU;3223304,34;60431,25;3807,35;2256,43;186,86;140;22;11;0;381;391;2572,91;11871,43;360,36;5335,61;3;2026;469;ATIVO;MONTEVIDIU;Dia 10;SIM;SUPERMERCADO;99;BRONZE
SUPERMERCADO MONTIVIDIU;3167724,08;66054,49;5848,84;3028,98;106,15;100;15;2;0;389;401;2277,52;10492,25;427,11;5832,06;12;2025;471;ATIVO;MONTEVIDIU;Dia 10;SIM;SUPERMERCADO;99;BRONZE
SUPERMERCADO MONTIVIDIU;3164158,05;52308,92;5642,73;600,52;234,65;153;54;4;0;5794;552;19039,89;87787,18;0;0;5;2026;507;ATIVO;MONTEVIDIU;Dia 10;SIM;SUPERMERCADO;99;BRONZE
SUPERMERCADO MONTIVIDIU;3103047,2;53921,37;6187,55;606,6;635,09;137;121;12;0;2738;754;3993,53;18423,61;337,31;2773,66;8;2026;832;ATIVO;MONTEVIDIU;Dia 10;SIM;SUPERMERCADO;99;BRONZE
SUPERMERCADO MONTIVIDIU;3079197,24;45302,3;5235,54;1205,3;272,36;207;44;4;0;320;341;1307,07;6022,93;106,27;5131,71;8;2025;472;ATIVO;MONTEVIDIU;Dia 10;SIM;SUPERMERCADO;99;BRONZE
SUPERMERCADO MONTIVIDIU;3052063,13;61437,64;7160,87;288,51;558,24;66;19;6;0;5764;221;18925,87;87296,4;0;0;7;2026;544;ATIVO;MONTEVIDIU;Dia 10;SIM;SUPERMERCADO;99;BRONZE
SUPERMERCADO MONTIVIDIU;2966215,57;58277,54;6508,32;529,13;176,06;81;7;0;0;0;0;0;0;0;0;6;2026;461;ATIVO;MONTEVIDIU;Dia 10;SIM;SUPERMERCADO;99;BRONZE
SUPERMERCADO MONTIVIDIU;2964693,32;42462,86;5086,55;551,44;387,93;184;42;4;0;333;353;1550,61;7149,1;96,44;5250,83;7;2025;472;ATIVO;MONTEVIDIU;Dia 10;SIM;SUPERMERCADO;99;BRONZE
SUPERMERCADO MONTIVIDIU;2953728,81;51092,31;4133,15;1302,55;216,52;138;17;8;0;4218;747;6805,56;31373,03;193,66;3578,31;4;2026;500;ATIVO;MONTEVIDIU;Dia 10;SIM;SUPERMERCADO;99;BRONZE
SUPERMERCADO MONTIVIDIU;2945560,53;54193,63;3302,01;2078,48;100,61;119;13;5;0;374;381;2171,21;10003,86;351,37;4995,38;2;2026;457;ATIVO;MONTEVIDIU;Dia 10;SIM;SUPERMERCADO;99;BRONZE
SUPERMERCADO MONTIVIDIU;2925905,59;57490,82;6285,84;1501,5;98,79;84;12;4;0;364;370;2320,26;10707,79;343,31;5543,58;1;2026;482;ATIVO;MONTEVIDIU;Dia 10;SIM;SUPERMERCADO;99;BRONZE
SUPERMERCADO MONTIVIDIU;2913738,42;56128,98;3037,95;4357,72;177,13;127;17;1;0;328;343;1708,2;7872,31;138,48;5534,69;10;2025;469;ATIVO;MONTEVIDIU;Dia 10;SIM;SUPERMERCADO;99;BRONZE
SUPERMERCADO MONTIVIDIU;2868564,69;19491,28;2322,54;573,22;1577,59;135;46;4;9;301;535;1328,61;6119,64;24,14;2121,1;12;2024;409;ATIVO;MONTEVIDIU;Dia 10;SIM;SUPERMERCADO;99;BRONZE
SUPERMERCADO MONTIVIDIU;2808966,92;30168,6;3079,49;1106,32;382,08;86;26;11;9;379;402;1569,95;7233,39;131,67;5231,14;3;2025;407;ATIVO;MONTEVIDIU;Dia 10;SIM;SUPERMERCADO;99;BRONZE
SUPERMERCADO MONTIVIDIU;2735412,1;18926,56;2271,19;858,61;741,05;137;45;3;9;300;519;1298,67;5982,23;25,42;2270,52;1;2025;463;ATIVO;MONTEVIDIU;Dia 10;SIM;SUPERMERCADO;99;BRONZE
SUPERMERCADO MONTIVIDIU;2734885,21;43104,65;4248,11;1215,52;177,86;69;11;2;8;312;329;1578,34;7274,13;92,34;4713,51;5;2025;406;ATIVO;MONTEVIDIU;Dia 10;SIM;SUPERMERCADO;99;BRONZE
SUPERMERCADO MONTIVIDIU;2711487,3;22252,05;22252,05;783,64;674,89;120;36;4;7;285;542;1233,72;5682,67;12,2;2356,31;10;2024;382;ATIVO;MONTEVIDIU;Dia 10;SIM;SUPERMERCADO;99;BRONZE
SUPERMERCADO MONTIVIDIU;2706794,98;17282,04;0;2449,23;4274,04;346;130;25;8;368;651;1368,04;6312,58;9,72;2042,42;3;2024;290;ATIVO;MONTEVIDIU;Dia 10;SIM;SUPERMERCADO;99;BRONZE
SUPERMERCADO MONTIVIDIU;2705110,6;21058,34;2473,93;1302,73;624,05;111;24;3;9;329;577;1395,71;6430,62;24,65;2375,98;8;2024;425;ATIVO;MONTEVIDIU;Dia 10;SIM;SUPERMERCADO;99;BRONZE
SUPERMERCADO MONTIVIDIU;2689174,86;32525,98;3432,66;701,47;326,89;75;25;7;8;346;363;1478,07;6809,29;110,62;4907,66;4;2025;390;ATIVO;MONTEVIDIU;Dia 10;SIM;SUPERMERCADO;99;BRONZE
SUPERMERCADO MONTIVIDIU;2672070,71;18179,48;2109,43;1491,52;642,76;135;36;6;8;347;584;1324,42;6106,83;78,27;2194,45;7;2024;438;ATIVO;MONTEVIDIU;Dia 10;SIM;SUPERMERCADO;99;BRONZE
SUPERMERCADO MONTIVIDIU;2666465,66;19504,48;2291,99;585,88;1968,96;131;45;5;9;274;515;1232,18;5673,59;26,68;2347,27;11;2024;376;ATIVO;MONTEVIDIU;Dia 10;SIM;SUPERMERCADO;99;BRONZE
SUPERMERCADO MONTIVIDIU;2652033,75;22626,95;2696,72;894,6;548,64;94;26;2;9;312;560;1278,16;5887,11;13,3;2509,33;9;2024;404;ATIVO;MONTEVIDIU;Dia 10;SIM;SUPERMERCADO;99;BRONZE
SUPERMERCADO MONTIVIDIU;2616992,15;62214,21;3947,91;2499,35;216,16;102;17;1;0;366;381;1897,53;8742,48;285,3;5267,91;11;2025;486;ATIVO;MONTEVIDIU;Dia 10;SIM;SUPERMERCADO;99;BRONZE
SUPERMERCADO MONTIVIDIU;2584984,93;18277,59;2140,88;898,55;542,65;120;27;9;9;344;596;1316,14;6069,26;4,21;1544,92;5;2024;425;ATIVO;MONTEVIDIU;Dia 10;SIM;SUPERMERCADO;99;BRONZE
SUPERMERCADO MONTIVIDIU;2515738,93;18119,05;2174,29;938,87;385,54;111;26;5;9;347;599;1235,81;5699,52;24,68;1962,27;6;2024;394;ATIVO;MONTEVIDIU;Dia 10;SIM;SUPERMERCADO;99;BRONZE
SUPERMERCADO MONTIVIDIU;2458357;0;0;1176,45;4612,79;495;236;56;0;225;487;811,04;3734,81;0;1341,31;1;2024;403;ATIVO;MONTEVIDIU;Dia 10;NÃO;SUPERMERCADO;99;BRONZE
SUPERMERCADO MONTIVIDIU;2453337,34;43633,83;4229,61;1203,23;303,89;62;12;3;0;318;338;1341,59;6183,17;69,59;4832,21;6;2025;426;ATIVO;MONTEVIDIU;Dia 10;SIM;SUPERMERCADO;99;BRONZE
SUPERMERCADO MONTIVIDIU;2447810,39;18454,69;2164,66;669,2;264,19;83;17;2;9;284;308;1328,44;6118,23;26,87;2082,93;2;2025;429;ATIVO;MONTEVIDIU;Dia 10;SIM;SUPERMERCADO;99;BRONZE
SUPERMERCADO MONTIVIDIU;2414948,42;15985,84;407,85;2894,26;5642,81;1257;206;44;8;365;614;1217,51;5615,86;19,44;1674,46;4;2024;407;ATIVO;MONTEVIDIU;Dia 10;SIM;SUPERMERCADO;99;BRONZE
SUPERMERCADO MOREIRA;2772742,31;0;0;94,32;485,71;86;62;3;0;105;116;132,17;617,82;38,21;95,8;7;2026;15;ATIVO;PIRENÓPOLIS;Dia 10;NÃO;SUPERMERCADO;97;PRATA
SUPERMERCADO MOREIRA;2654556,51;4527,41;21,86;762,33;149,52;180;100;3;19;0;0;0;0;0;0;12;2022;0;ATIVO;PIRENÓPOLIS;Dia 10;SIM;SUPERMERCADO;97;PRATA
SUPERMERCADO MOREIRA;2487195,88;0;0;318,95;126,56;73;69;14;0;91;112;45,26;220,23;47,55;94,63;8;2026;17;ATIVO;PIRENÓPOLIS;Dia 10;NÃO;SUPERMERCADO;97;PRATA
SUPERMERCADO MOREIRA;2428128,77;0;0;231,17;422,96;76;68;15;0;74;85;77,59;417,4;45,53;20,02;5;2026;17;ATIVO;PIRENÓPOLIS;Dia 10;NÃO;SUPERMERCADO;97;PRATA
SUPERMERCADO MOREIRA;2341869,65;0;0;489,84;125,74;88;12;10;0;110;137;83,44;407,82;7,49;125,87;12;2025;21;ATIVO;PIRENÓPOLIS;Dia 10;NÃO;SUPERMERCADO;97;PRATA
SUPERMERCADO MOREIRA;2283774,03;0;0;84,15;1355,97;74;63;9;0;70;96;217,77;1009,85;38,69;19,32;6;2026;14;ATIVO;PIRENÓPOLIS;Dia 10;NÃO;SUPERMERCADO;97;PRATA
SUPERMERCADO MOREIRA;2153653,48;0;0;73,69;1090,79;107;11;8;0;98;122;863,78;4001;0;29,77;4;2026;18;ATIVO;PIRENÓPOLIS;Dia 10;NÃO;SUPERMERCADO;97;PRATA
SUPERMERCADO MOREIRA;2138446,22;0;0;438,19;344,15;110;11;8;0;96;112;69,47;345,34;42,06;138,06;1;2026;11;ATIVO;PIRENÓPOLIS;Dia 10;NÃO;SUPERMERCADO;97;PRATA
SUPERMERCADO MOREIRA;2092198,82;0;0;27,43;102,22;32;5;0;0;46;58;65,46;313,9;11,14;19,89;7;2025;9;ATIVO;PIRENÓPOLIS;Dia 10;NÃO;SUPERMERCADO;97;PRATA
SUPERMERCADO MOREIRA;2078801,36;0;0;230,02;188,02;99;11;13;0;97;115;69,27;337,09;5,73;82,17;10;2025;20;ATIVO;PIRENÓPOLIS;Dia 10;NÃO;SUPERMERCADO;97;PRATA
SUPERMERCADO MOREIRA;2022848,15;0;0;140,61;192,02;74;16;9;0;206;272;171,88;592,91;31,49;486,64;7;2023;23;ATIVO;PIRENÓPOLIS;Dia 10;NÃO;SUPERMERCADO;97;PRATA
SUPERMERCADO MOREIRA;2013442,9;4381,56;0;2052,51;185,81;91;30;16;0;249;275;173,3;673,26;23,29;2174,54;11;2022;0;ATIVO;PIRENÓPOLIS;Dia 10;SIM;SUPERMERCADO;97;PRATA
SUPERMERCADO MOREIRA;1996090,06;0;0;144,13;389,94;109;24;4;0;101;124;41,97;228,82;11,42;338,7;12;2024;44;ATIVO;PIRENÓPOLIS;Dia 10;NÃO;SUPERMERCADO;97;PRATA
SUPERMERCADO MOREIRA;1926829,87;0;0;70;114,63;68;10;7;0;89;99;60,73;288,78;26,58;63,77;8;2025;15;ATIVO;PIRENÓPOLIS;Dia 10;NÃO;SUPERMERCADO;97;PRATA
SUPERMERCADO MOREIRA;1911196,16;0;0;94,9;241,15;96;24;10;0;100;105;53,72;299,49;8,6;233,76;1;2025;39;ATIVO;PIRENÓPOLIS;Dia 10;NÃO;SUPERMERCADO;97;PRATA
SUPERMERCADO MOREIRA;1911050,53;0;0;43,53;281,58;93;5;3;0;101;116;89,52;420,91;16,6;24,27;9;2025;11;ATIVO;PIRENÓPOLIS;Dia 10;NÃO;SUPERMERCADO;97;PRATA
SUPERMERCADO MOREIRA;1893482,79;0;0;131,79;35,81;38;8;6;0;134;116;31,54;385,11;14,42;55,36;12;2023;14;ATIVO;PIRENÓPOLIS;Dia 10;NÃO;SUPERMERCADO;97;PRATA
SUPERMERCADO MOREIRA;1883839,1;0;0;18,54;121,71;51;12;5;0;71;77;22,38;108,09;14,91;119,22;5;2025;16;ATIVO;PIRENÓPOLIS;Dia 10;NÃO;SUPERMERCADO;97;PRATA
SUPERMERCADO MOREIRA;1828593,86;0;0;39,82;74,17;65;12;8;0;106;100;44,27;369,6;8,75;102,79;7;2024;9;ATIVO;PIRENÓPOLIS;Dia 10;NÃO;SUPERMERCADO;97;PRATA
SUPERMERCADO MOREIRA;1818722,67;0;0;151,03;249,57;85;10;10;6;192;187;255,26;892,08;51,21;22,46;5;2023;707;ATIVO;PIRENÓPOLIS;Dia 10;NÃO;SUPERMERCADO;97;PRATA
SUPERMERCADO MOREIRA;1811809,47;0;0;23,38;32,84;44;5;0;0;84;89;17,94;88,05;22,92;338,47;4;2025;11;ATIVO;PIRENÓPOLIS;Dia 10;NÃO;SUPERMERCADO;97;PRATA
SUPERMERCADO MOREIRA;1791147,91;0;0;17,27;73,92;35;6;1;0;58;65;59,41;282,38;20,61;20,4;6;2025;8;ATIVO;PIRENÓPOLIS;Dia 10;NÃO;SUPERMERCADO;97;PRATA
SUPERMERCADO MOREIRA;1747677,78;0;0;591,26;516,03;243;61;125;2;457;481;482,84;1903,58;27,02;271,15;7;2022;0;ATIVO;PIRENÓPOLIS;Dia 10;NÃO;SUPERMERCADO;97;PRATA
SUPERMERCADO MOREIRA;1747140,69;0;0;123,77;206,09;74;6;5;16;162;209;165,49;638,84;54,5;101,06;6;2023;640;ATIVO;PIRENÓPOLIS;Dia 10;NÃO;SUPERMERCADO;97;PRATA
SUPERMERCADO MOREIRA;1742976,82;0;0;90,48;64,79;75;10;5;0;107;113;27,38;253,76;4,36;161,26;6;2024;13;ATIVO;PIRENÓPOLIS;Dia 10;NÃO;SUPERMERCADO;97;PRATA
SUPERMERCADO MOREIRA;1730733,47;0;0;75,22;87,29;85;14;11;0;175;232;519,89;2401,27;6,6;111,97;3;2026;21;ATIVO;PIRENÓPOLIS;Dia 10;NÃO;SUPERMERCADO;97;PRATA
SUPERMERCADO MOREIRA;1720531,21;0;0;99,34;106,56;70;9;7;0;92;126;361,11;1670,98;37,8;73,53;2;2026;12;ATIVO;PIRENÓPOLIS;Dia 10;NÃO;SUPERMERCADO;97;PRATA
SUPERMERCADO MOREIRA;1701235,71;0;0;2519;287,63;248;100;239;3;461;485;356,81;1305,54;49,93;1712,88;10;2022;0;ATIVO;PIRENÓPOLIS;Dia 10;NÃO;SUPERMERCADO;97;PRATA
SUPERMERCADO MOREIRA;1700592,64;0;0;255,12;221,76;75;12;11;0;186;178;99,14;797,67;12,11;382,78;9;2023;21;ATIVO;PIRENÓPOLIS;Dia 10;NÃO;SUPERMERCADO;97;PRATA
SUPERMERCADO MOREIRA;1649349,89;0;0;77,84;72,86;64;12;7;0;185;163;41,22;424,2;23,35;79,04;1;2024;10;ATIVO;PIRENÓPOLIS;Dia 10;NÃO;SUPERMERCADO;97;PRATA
SUPERMERCADO MOREIRA;1643595,82;0;0;261264,43;328,08;166;60;177;2;327;429;262,03;1066,99;47,32;7547,81;9;2022;0;ATIVO;PIRENÓPOLIS;Dia 10;NÃO;SUPERMERCADO;97;PRATA
SUPERMERCADO MOREIRA;1640636,28;0;0;1039,31;197,17;1665;19;13;4;252;282;190,08;725,06;60,42;1873,76;2;2023;0;ATIVO;PIRENÓPOLIS;Dia 10;NÃO;SUPERMERCADO;97;PRATA
SUPERMERCADO MOREIRA;1633298,43;0;0;58,19;90,92;41;7;6;0;153;120;37,57;533,12;16,66;189,63;10;2023;14;ATIVO;PIRENÓPOLIS;Dia 10;NÃO;SUPERMERCADO;97;PRATA
SUPERMERCADO MOREIRA;1622121,38;0;0;2005,9;284,4;196;109;5;7;293;336;246,46;964,54;63,86;2531,76;1;2023;0;ATIVO;PIRENÓPOLIS;Dia 10;NÃO;SUPERMERCADO;97;PRATA
SUPERMERCADO MOREIRA;1612983,2;0;0;111,04;74,14;40;9;3;0;50;52;20,17;104,92;11,96;56,33;2;2025;16;ATIVO;PIRENÓPOLIS;Dia 10;NÃO;SUPERMERCADO;97;PRATA
SUPERMERCADO MOREIRA;1612083,93;0;0;81,46;71,98;85;9;7;0;130;142;48,56;378,6;31,13;128,56;5;2024;26;ATIVO;PIRENÓPOLIS;Dia 10;NÃO;SUPERMERCADO;97;PRATA
SUPERMERCADO MOREIRA;1599999,94;0;0;220,28;254,76;144;42;155;4;338;392;210,77;785,45;62,16;1753;3;2023;0;ATIVO;PIRENÓPOLIS;Dia 10;NÃO;SUPERMERCADO;97;PRATA
SUPERMERCADO MOREIRA;1597401,99;0;0;205,48;47,34;48;6;4;0;59;68;13,44;74,33;1,28;66,55;10;2024;9;ATIVO;PIRENÓPOLIS;Dia 10;NÃO;SUPERMERCADO;97;PRATA
SUPERMERCADO MOREIRA;1596396,14;0;0;105,68;66,19;47;66;3;0;49;66;16,96;92,73;3,54;45,78;9;2024;9;ATIVO;PIRENÓPOLIS;Dia 10;NÃO;SUPERMERCADO;97;PRATA
SUPERMERCADO MOREIRA;1577618,39;0;0;410,28;380,8;104;34;14;11;98;107;21,44;127,76;20,92;910,61;11;2024;51;ATIVO;PIRENÓPOLIS;Dia 10;NÃO;SUPERMERCADO;97;PRATA
SUPERMERCADO MOREIRA;1576591,58;0;0;30,29;85,67;71;10;4;0;108;99;37,32;241,46;8,93;13,36;8;2024;15;ATIVO;PIRENÓPOLIS;Dia 10;NÃO;SUPERMERCADO;97;PRATA
SUPERMERCADO MOREIRA;1536438,18;0;0;63,08;82,25;44;17;7;0;57;62;23,08;115,25;8,91;39,58;3;2025;13;ATIVO;PIRENÓPOLIS;Dia 10;NÃO;SUPERMERCADO;97;PRATA
SUPERMERCADO MOREIRA;1533237,07;0;0;333,44;181,78;79;16;10;0;172;200;76,84;476,1;19,51;338,77;8;2023;28;ATIVO;PIRENÓPOLIS;Dia 10;NÃO;SUPERMERCADO;97;PRATA
SUPERMERCADO MOREIRA;1530170,63;0;0;260,41;223,61;109;188;17;0;197;188;61,82;523,17;12,61;62,26;11;2023;62;ATIVO;PIRENÓPOLIS;Dia 10;NÃO;SUPERMERCADO;97;PRATA
SUPERMERCADO MOREIRA;1529639,96;0;0;228646,51;1256,19;164;71;238;2;244;337;252,74;883,26;5,83;763,76;8;2022;0;ATIVO;PIRENÓPOLIS;Dia 10;NÃO;SUPERMERCADO;97;PRATA
SUPERMERCADO MOREIRA;1527578,62;495,97;49,6;406,67;469,98;201;54;144;23;448;726;310,76;1366,81;71,75;185,08;12;2021;0;ATIVO;PIRENÓPOLIS;Dia 10;SIM;SUPERMERCADO;97;PRATA
SUPERMERCADO MOREIRA;1506431,82;0;0;1280,82;224,34;240;70;157;3;433;505;699,34;2642,6;57,26;811,72;4;2022;0;ATIVO;PIRENÓPOLIS;Dia 10;NÃO;SUPERMERCADO;97;PRATA
SUPERMERCADO MOREIRA;1452984,45;20459,04;0;1325,38;2286,87;599;88;6224;98;1986;3429;2873,2;13139,96;692,34;4025,71;7;2021;0;ATIVO;PIRENÓPOLIS;Dia 10;SIM;SUPERMERCADO;97;PRATA
SUPERMERCADO MOREIRA;1429952,43;2472,35;0;594,29;189,75;163;34;16;154;948;1505;644,46;2919,98;114,77;674,56;10;2021;0;ATIVO;PIRENÓPOLIS;Dia 10;SIM;SUPERMERCADO;97;PRATA
SUPERMERCADO MOREIRA;1422084,56;0;0;1302,14;508,02;138;27;14;2;322;342;382,61;1529,08;31,52;1327,4;6;2022;0;ATIVO;PIRENÓPOLIS;Dia 10;NÃO;SUPERMERCADO;97;PRATA
SUPERMERCADO MOREIRA;1419130,36;0;0;2168,17;457,89;302;99;268;3;483;509;587,71;2278,78;35,63;1864,53;5;2022;0;ATIVO;PIRENÓPOLIS;Dia 10;NÃO;SUPERMERCADO;97;PRATA
SUPERMERCADO MOREIRA;1416877,16;0;0;77,59;119,2;68;14;10;0;195;179;62,5;508,21;131,07;29,01;2;2024;22;ATIVO;PIRENÓPOLIS;Dia 10;NÃO;SUPERMERCADO;97;PRATA
SUPERMERCADO MOREIRA;1401533,45;0;0;58,46;138,45;50;10;9;0;108;107;56,5;371,19;42;40,52;3;2024;19;ATIVO;PIRENÓPOLIS;Dia 10;NÃO;SUPERMERCADO;97;PRATA
SUPERMERCADO MOREIRA;1392001,14;0;0;109,77;149,91;205;9;7;0;130;112;57,79;451,34;6,93;219,39;4;2024;16;ATIVO;PIRENÓPOLIS;Dia 10;NÃO;SUPERMERCADO;97;PRATA
SUPERMERCADO MOREIRA;1358948,44;0;0;604,57;229,35;102;21;13;34;247;265;239,26;970,82;32,11;21,43;3;2022;0;ATIVO;PIRENÓPOLIS;Dia 10;NÃO;SUPERMERCADO;97;PRATA
SUPERMERCADO MOREIRA;1311241,91;2878,04;0;509,16;112,03;144;11;9;63;1300;1999;2047,46;9383,71;123,25;238,87;9;2021;0;ATIVO;PIRENÓPOLIS;Dia 10;SIM;SUPERMERCADO;97;PRATA
SUPERMERCADO MOREIRA;1295546,28;809,43;80,94;688,62;182,92;137;30;80;10;323;555;158,75;697,2;81,72;499,01;1;2022;0;ATIVO;PIRENÓPOLIS;Dia 10;SIM;SUPERMERCADO;97;PRATA
SUPERMERCADO MOREIRA;1252045,96;0;0;63,35;119,11;69;16;12;6;173;182;146,46;550,02;29,66;239,26;4;2023;630;ATIVO;PIRENÓPOLIS;Dia 10;NÃO;SUPERMERCADO;97;PRATA
SUPERMERCADO MOREIRA;1235342,72;3901,02;390,1;1434,93;2157,14;415;54;111;27;1545;2908;2169,09;10007,28;623,34;3148,61;6;2021;0;ATIVO;PIRENÓPOLIS;Dia 10;SIM;SUPERMERCADO;97;PRATA
SUPERMERCADO MOREIRA;1232240,3;0;0;0;0;0;0;0;0;0;0;0;0;0;0;5;2021;0;ATIVO;PIRENÓPOLIS;Dia 10;NÃO;SUPERMERCADO;97;PRATA
SUPERMERCADO MOREIRA;1220365,13;651,14;65,11;160,16;138,1;83;33;106;5;213;294;159,19;707,02;27,51;125,22;2;2022;0;ATIVO;PIRENÓPOLIS;Dia 10;SIM;SUPERMERCADO;97;PRATA
SUPERMERCADO MOREIRA;1151127,26;2890,55;0;889,15;1354,95;418;28;5549;64;1670;3001;2145,37;9860,87;464,24;2005,35;8;2021;0;ATIVO;PIRENÓPOLIS;Dia 10;SIM;SUPERMERCADO;97;PRATA
SUPERMERCADO MOREIRA;1137038,97;1055,88;15,41;494,18;272,03;92;20;11;5;630;1169;420,59;1929,1;71,23;134,46;11;2021;0;ATIVO;PIRENÓPOLIS;Dia 10;SIM;SUPERMERCADO;97;PRATA
SUPERMERCADO MOREIRA;1074043,63;0;0;941,93;1971,13;462;56;144;65;1624;2918;1661,7;7605,34;566,33;3898,91;3;2021;0;ATIVO;PIRENÓPOLIS;Dia 10;NÃO;SUPERMERCADO;97;PRATA
SUPERMERCADO MOREIRA;1071162,44;0;0;0;0;0;0;0;0;0;0;0;0;0;0;4;2021;0;ATIVO;PIRENÓPOLIS;Dia 10;NÃO;SUPERMERCADO;97;PRATA
SUPERMERCADO NASCIMENTO;1121146,27;105912,14;11749,54;566,08;100,5;207;5;1;0;10;25;165,49;247,23;0;9,42;3;2026;23;ATIVO;APARECIDA DE GOIÂNIA;Dia 30;SIM;SUPERMERCADO;238;PRATA
SUPERMERCADO NASCIMENTO;1100687,25;0;0;11176,33;1046,78;428;65;10;141;249;260;577,29;2171,5;13,29;746,65;11;2025;193;ATIVO;APARECIDA DE GOIÂNIA;Dia 30;NÃO;SUPERMERCADO;238;PRATA
SUPERMERCADO NASCIMENTO;1094209,5;108900,81;12159,47;485,5;75,47;182;60;0;0;4;4;157,78;216,36;0;1,16;5;2026;14;ATIVO;APARECIDA DE GOIÂNIA;Dia 30;SIM;SUPERMERCADO;238;PRATA
SUPERMERCADO NASCIMENTO;1077864,56;106834,16;11970,22;431,73;168,38;198;67;1;0;5;5;244,85;663,3;0;7,37;6;2026;17;ATIVO;APARECIDA DE GOIÂNIA;Dia 30;SIM;SUPERMERCADO;238;PRATA
SUPERMERCADO NASCIMENTO;1052103,21;99543,97;10977,59;541,19;57,51;158;4;0;0;6;6;150,5;224,22;0;0;4;2026;19;ATIVO;APARECIDA DE GOIÂNIA;Dia 30;SIM;SUPERMERCADO;238;PRATA
SUPERMERCADO NASCIMENTO;1021399,54;79911,21;9498,58;388,88;630,44;271;29;4;0;61;64;198,65;444,92;10,78;361,28;1;2026;59;ATIVO;APARECIDA DE GOIÂNIA;Dia 30;SIM;SUPERMERCADO;238;PRATA
SUPERMERCADO NASCIMENTO;974183,76;90325,22;9319,98;1097,4;150,38;191;11;1;0;14;14;166,71;316,14;0;14,51;2;2026;37;ATIVO;APARECIDA DE GOIÂNIA;Dia 30;SIM;SUPERMERCADO;238;PRATA
SUPERMERCADO NELORE;1885737,29;0;0;237,63;183,47;60;29;18;0;37;43;11,02;46,04;9,85;236,41;5;2026;18;ATIVO;RIO VERDE;Dia 30;NÃO;SUPERMERCADO;212;PRATA
SUPERMERCADO NELORE;1875825,78;0;0;265,75;300,78;70;36;29;0;22;25;32,13;146,21;17,74;120,47;8;2025;27;ATIVO;RIO VERDE;Dia 30;NÃO;SUPERMERCADO;212;PRATA
SUPERMERCADO NELORE;1837577,97;0;0;199,37;110,31;63;29;22;0;30;30;12,18;54,9;19,99;98,27;5;2025;22;ATIVO;RIO VERDE;Dia 30;NÃO;SUPERMERCADO;212;PRATA
SUPERMERCADO NELORE;1821873,57;0;0;11,39;251,71;35;23;20;0;23;23;4,61;20,1;7,33;50,07;12;2025;9;ATIVO;RIO VERDE;Dia 30;NÃO;SUPERMERCADO;212;PRATA
SUPERMERCADO NELORE;1818925,65;0;0;230,23;306,27;54;24;16;0;37;43;14,79;63,9;10,17;233,1;4;2026;20;ATIVO;RIO VERDE;Dia 30;NÃO;SUPERMERCADO;212;PRATA
SUPERMERCADO NELORE;1811013,52;0;0;272,72;234,6;58;32;22;0;24;28;15,23;68,28;12,13;70,95;10;2025;24;ATIVO;RIO VERDE;Dia 30;NÃO;SUPERMERCADO;212;PRATA
SUPERMERCADO NELORE;1782141,72;0;0;158,98;185,97;44;98;29;0;23;39;40,67;182,45;7,67;747,47;6;2026;18;ATIVO;RIO VERDE;Dia 30;NÃO;SUPERMERCADO;212;PRATA
SUPERMERCADO NELORE;1778654,84;0;0;122,57;321,14;52;21;12;0;37;42;11,21;46,65;10,3;194,5;3;2026;17;ATIVO;RIO VERDE;Dia 30;NÃO;SUPERMERCADO;212;PRATA
SUPERMERCADO NELORE;1772348,24;0;0;234,66;179,53;74;38;31;0;28;28;17,43;77,99;21,61;158,86;6;2025;29;ATIVO;RIO VERDE;Dia 30;NÃO;SUPERMERCADO;212;PRATA
SUPERMERCADO NELORE;1678663,48;0;0;284,14;238,22;71;29;19;0;60;60;45,21;207,32;26,1;243,5;4;2025;32;ATIVO;RIO VERDE;Dia 30;NÃO;SUPERMERCADO;212;PRATA
SUPERMERCADO NELORE;1623259,96;0;0;59,16;464,73;41;20;18;0;22;22;4,88;20,86;0;59,78;1;2026;12;ATIVO;RIO VERDE;Dia 30;NÃO;SUPERMERCADO;212;PRATA
SUPERMERCADO NELORE;1572358,96;0;0;244,24;213,74;68;38;30;0;27;37;19,73;88,27;28,93;118,82;7;2025;29;ATIVO;RIO VERDE;Dia 30;NÃO;SUPERMERCADO;212;PRATA
SUPERMERCADO NELORE;1565499,65;0;0;98,25;274,72;47;21;20;0;33;33;5,67;21,67;19,79;132,15;2;2026;7;ATIVO;RIO VERDE;Dia 30;NÃO;SUPERMERCADO;212;PRATA
SUPERMERCADO NELORE;1217246,85;0;0;873,3;420,28;40;24;5;0;31;31;5,3;24,23;7,62;70,61;12;2024;24;ATIVO;RIO VERDE;Dia 30;NÃO;SUPERMERCADO;212;PRATA
SUPERMERCADO NELORE;1103921,48;0;0;32,93;69,54;29;15;2;19;30;31;10,17;46,14;14,99;22,3;11;2024;13;ATIVO;RIO VERDE;Dia 30;NÃO;SUPERMERCADO;212;PRATA
SUPERMERCADO NELORE;1092280,32;0;0;40,05;66,48;27;15;2;16;26;27;11,09;50,93;7,47;17,69;10;2024;24;ATIVO;RIO VERDE;Dia 30;NÃO;SUPERMERCADO;212;PRATA
SUPERMERCADO NELORE;1040885,95;0;0;62,29;48,12;20;10;2;16;18;20;8,56;38,94;22,3;7,04;9;2024;14;ATIVO;RIO VERDE;Dia 30;NÃO;SUPERMERCADO;212;PRATA
SUPERMERCADO NELORE;1016770,71;0;0;26,15;58,64;18;7;4;14;14;14;4,33;19,19;8,72;13,93;8;2024;8;ATIVO;RIO VERDE;Dia 30;NÃO;SUPERMERCADO;212;PRATA
SUPERMERCADO NELORE;1009976,85;0;0;795,32;509,42;27;14;1;0;20;22;1,7;7,47;9,92;192,88;1;2025;10;ATIVO;RIO VERDE;Dia 30;NÃO;SUPERMERCADO;212;PRATA
SUPERMERCADO NELORE;999205,64;0;0;26,33;83,92;26;45;6;13;16;18;9,73;43,97;2,2;13,21;7;2024;14;ATIVO;RIO VERDE;Dia 30;NÃO;SUPERMERCADO;212;PRATA
SUPERMERCADO NELORE;973585,37;0;0;21,92;42,72;22;33;4;20;11;12;1,18;5,19;6,01;18,1;5;2024;18;ATIVO;RIO VERDE;Dia 30;NÃO;SUPERMERCADO;212;PRATA
SUPERMERCADO NELORE;973270,45;0;0;41,62;79,27;28;41;9;18;12;14;4,22;19,28;0;15,15;6;2024;12;ATIVO;RIO VERDE;Dia 30;NÃO;SUPERMERCADO;212;PRATA
SUPERMERCADO NELORE;940828,55;0;0;67,06;62,35;37;14;6;27;19;19;5,02;22,49;12,11;138,74;3;2024;15;ATIVO;RIO VERDE;Dia 30;NÃO;SUPERMERCADO;212;PRATA
SUPERMERCADO NELORE;937622,26;0;0;748,72;335,84;63;13;2;0;73;74;61,9;285,25;8,9;596,41;2;2025;34;ATIVO;RIO VERDE;Dia 30;NÃO;SUPERMERCADO;212;PRATA
SUPERMERCADO NELORE;903602,83;0;0;16,58;31,3;27;31;0;20;15;15;5,45;24,46;7,01;113,37;4;2024;10;ATIVO;RIO VERDE;Dia 30;NÃO;SUPERMERCADO;212;PRATA
SUPERMERCADO NELORE;868851,84;0;0;712,79;3008,89;845;804;305;98;708;728;40,46;189,29;230,02;7079,77;11;2023;353;ATIVO;RIO VERDE;Dia 30;NÃO;SUPERMERCADO;212;PRATA
SUPERMERCADO NELORE;858993,39;0;0;18,39;42,96;27;252;6;34;13;13;2,82;11,49;3,56;72,2;1;2024;6;ATIVO;RIO VERDE;Dia 30;NÃO;SUPERMERCADO;212;PRATA
SUPERMERCADO NELORE;852856,58;0;0;61,52;254,51;88;285;34;87;47;49;38,36;179,08;31,45;351,7;12;2023;19;ATIVO;RIO VERDE;Dia 30;NÃO;SUPERMERCADO;212;PRATA
SUPERMERCADO NELORE;842356,14;0;0;3559,57;25789,61;2944;2460;2196;124;1200;1222;39,3;183,11;1151,38;33795,82;5;2023;725;ATIVO;RIO VERDE;Dia 30;NÃO;SUPERMERCADO;212;PRATA
SUPERMERCADO NELORE;841081,99;0;0;88,6;62,85;31;12;8;27;15;16;1,02;4,28;17,75;61,41;2;2024;13;ATIVO;RIO VERDE;Dia 30;NÃO;SUPERMERCADO;212;PRATA
SUPERMERCADO NELORE;827926,32;0;0;3192,54;14452,35;1419;730;408;112;1190;1213;48,41;224,62;1056;34729,55;6;2023;667;ATIVO;RIO VERDE;Dia 30;NÃO;SUPERMERCADO;212;PRATA
SUPERMERCADO NELORE;825907,53;0;0;2903,04;14542,81;1473;743;446;111;1198;1221;69,85;324,17;1208,25;35775,07;10;2023;507;ATIVO;RIO VERDE;Dia 30;NÃO;SUPERMERCADO;212;PRATA
SUPERMERCADO NELORE;823307,79;0;0;3168,62;14549,58;1464;747;448;96;1214;1236;59,24;274,56;1239,57;34596,96;7;2023;491;ATIVO;RIO VERDE;Dia 30;NÃO;SUPERMERCADO;212;PRATA
SUPERMERCADO NELORE;813477,64;0;0;3038,58;14618,62;1446;727;431;104;1167;1191;56,31;261,98;1090,28;33284,02;8;2023;510;ATIVO;RIO VERDE;Dia 30;NÃO;SUPERMERCADO;212;PRATA
SUPERMERCADO NELORE;801215,63;0;0;107,93;517,44;94;39;22;0;70;71;116,7;536,94;4,21;139,44;3;2025;43;ATIVO;RIO VERDE;Dia 30;NÃO;SUPERMERCADO;212;PRATA
SUPERMERCADO NELORE;682625,7;0;0;97,53;155,99;37;33;3;0;36;36;0;155,14;68,24;41,6;7;2026;24;ATIVO;RIO VERDE;Dia 30;NÃO;SUPERMERCADO;212;PRATA
SUPERMERCADO NEWTON E NORMA;4571072,5;0;0;876,49;1099,74;134;14;10;291;602;1265;2374,33;11050,76;700,29;1956,33;12;2020;0;ATIVO;CATALÃO;Dia 25;NÃO;SUPERMERCADO;196;PRATA
SUPERMERCADO NEWTON E NORMA;4125255,49;49607,71;3681,11;1700,72;2476,93;223;59;213;269;401;2506;9821,41;45466,22;382,77;1882,86;12;2021;0;ATIVO;CATALÃO;Dia 25;SIM;SUPERMERCADO;196;PRATA
SUPERMERCADO NEWTON E NORMA;3959663,96;42341,75;2915,53;2251,79;240,14;111;20;8;145;483;2627;10933,5;50685,51;614,8;5363,71;12;2022;0;ATIVO;CATALÃO;Dia 25;SIM;SUPERMERCADO;196;PRATA
SUPERMERCADO NEWTON E NORMA;3834243,73;30090,71;511,15;2880,97;250,04;177;10;9030;295;1162;1486;148,12;676,84;6785,26;8827,71;7;2021;0;ATIVO;CATALÃO;Dia 25;SIM;SUPERMERCADO;196;PRATA
SUPERMERCADO NEWTON E NORMA;3811985,93;49028,74;4902,87;1618,8;474,76;76;22;19;252;474;2741;9982,96;46254,56;469,37;7192,33;8;2022;0;ATIVO;CATALÃO;Dia 25;SIM;SUPERMERCADO;196;PRATA
SUPERMERCADO NEWTON E NORMA;3736720,12;86966,05;10122,02;1924,52;2177,79;244;52;5;0;297;333;78,6;344,3;908,24;4423,7;12;2025;505;ATIVO;CATALÃO;Dia 25;SIM;SUPERMERCADO;196;PRATA
SUPERMERCADO NEWTON E NORMA;3720864,09;0;0;1431,57;975,65;531;23;399;260;932;1623;3559,05;16461,4;1215,92;7802,91;11;2020;0;ATIVO;CATALÃO;Dia 25;NÃO;SUPERMERCADO;196;PRATA
SUPERMERCADO NEWTON E NORMA;3704674,32;45586,68;4541,55;1337,2;400,17;153;67;2;59;266;428;9062,54;41988,53;130,85;1618,79;5;2023;185;ATIVO;CATALÃO;Dia 25;SIM;SUPERMERCADO;196;PRATA
SUPERMERCADO NEWTON E NORMA;3667612,24;68347,26;7612,33;414,22;414,22;303;30;12;0;206;253;74,23;345,06;384,27;1156,01;12;2024;74;ATIVO;CATALÃO;Dia 25;SIM;SUPERMERCADO;196;PRATA
SUPERMERCADO NEWTON E NORMA;3625213,95;0;0;5417,34;153,44;118;14;206;282;1144;1469;298,97;1377,29;6513,15;7981,41;6;2021;0;ATIVO;CATALÃO;Dia 25;NÃO;SUPERMERCADO;196;PRATA
SUPERMERCADO NEWTON E NORMA;3579407,66;46690,9;3197,78;1597,78;452,82;72;18;14;236;452;2691;0;0;0;0;7;2022;0;ATIVO;CATALÃO;Dia 25;SIM;SUPERMERCADO;196;PRATA
SUPERMERCADO NEWTON E NORMA;3565439,25;43504,58;1348,13;3803,58;1038,15;572;11;2;164;514;2583;9413,69;43632,53;445,43;7036,28;3;2023;683;ATIVO;CATALÃO;Dia 25;SIM;SUPERMERCADO;196;PRATA
SUPERMERCADO NEWTON E NORMA;3543593,09;0;0;3105,47;935,93;173;12;331;304;1221;1546;427,52;1998,21;6951,52;10102,46;5;2021;0;ATIVO;CATALÃO;Dia 25;NÃO;SUPERMERCADO;196;PRATA
SUPERMERCADO NEWTON E NORMA;3538797,4;0;0;0;0;0;0;0;0;0;0;0;0;0;0;2;2021;0;ATIVO;CATALÃO;Dia 25;NÃO;SUPERMERCADO;196;PRATA
SUPERMERCADO NEWTON E NORMA;3504219,6;39711,68;1618,43;2690,9;179,14;267;55;2;194;402;1516;8554,4;39589,52;187,85;1007,41;4;2023;569;ATIVO;CATALÃO;Dia 25;SIM;SUPERMERCADO;196;PRATA
SUPERMERCADO NEWTON E NORMA;3483160,17;49941,34;3625,3;477,88;182,71;123;2;227;277;1101;1429;132,03;604,12;6276,31;7242,33;8;2021;0;ATIVO;CATALÃO;Dia 25;SIM;SUPERMERCADO;196;PRATA
SUPERMERCADO NEWTON E NORMA;3477980,55;44910,62;4480,78;158,5;807,58;139;18;5;145;0;0;0;0;0;0;12;2023;46;ATIVO;CATALÃO;Dia 25;SIM;SUPERMERCADO;196;PRATA
SUPERMERCADO NEWTON E NORMA;3472090,32;41855,09;4185,51;1247,27;2313,34;168;27;219;122;426;2572;8351,77;38534,1;547,48;3317,71;4;2022;0;ATIVO;CATALÃO;Dia 25;SIM;SUPERMERCADO;196;PRATA
SUPERMERCADO NEWTON E NORMA;3464834,87;95093,08;11411,17;158,78;619,95;38;6;1;0;63;79;68,82;303,19;102,37;1813,45;8;2025;99;ATIVO;CATALÃO;Dia 25;SIM;SUPERMERCADO;196;PRATA
SUPERMERCADO NEWTON E NORMA;3463424,68;38794,16;2707,02;2046,56;69,99;85;17;14;183;479;2623;9782,8;45381,99;428,85;5779,86;10;2022;0;ATIVO;CATALÃO;Dia 25;SIM;SUPERMERCADO;196;PRATA
SUPERMERCADO NEWTON E NORMA;3452645,39;87482,92;10426,2;1010;2447,3;377;23;45;0;199;246;24,48;87,49;667,39;3027,42;5;2025;91;ATIVO;CATALÃO;Dia 25;SIM;SUPERMERCADO;196;PRATA
SUPERMERCADO NEWTON E NORMA;3450942,89;0;0;2767,61;2371,55;182;9;270;298;1205;1512;177,25;828,05;6763,05;10031,59;4;2021;0;ATIVO;CATALÃO;Dia 25;NÃO;SUPERMERCADO;196;PRATA
SUPERMERCADO NEWTON E NORMA;3430255,9;100065,87;11941,7;407,44;208,12;38;9;2;0;108;122;57,15;210,23;90,13;2248,69;7;2025;99;ATIVO;CATALÃO;Dia 25;SIM;SUPERMERCADO;196;PRATA
SUPERMERCADO NEWTON E NORMA;3416423,6;48524,35;4852,43;1582,36;99,62;77;2;2;171;446;2566;9560,93;44338,26;408,26;6579,71;11;2022;0;ATIVO;CATALÃO;Dia 25;SIM;SUPERMERCADO;196;PRATA
SUPERMERCADO NEWTON E NORMA;3391419;34765,58;2699,81;914,83;1394,59;414;21;2;77;487;2590;9089,6;42160,85;451,86;6483,95;2;2023;741;ATIVO;CATALÃO;Dia 25;SIM;SUPERMERCADO;196;PRATA
SUPERMERCADO NEWTON E NORMA;3377995,81;0;0;0;0;0;0;0;0;0;0;0;0;0;0;3;2021;0;ATIVO;CATALÃO;Dia 25;NÃO;SUPERMERCADO;196;PRATA
SUPERMERCADO NEWTON E NORMA;3370826,67;70691,79;7069,18;444,14;583,62;99;8;4;350;1013;1416;1606,32;7492,82;1995,48;2957,15;1;2021;0;ATIVO;CATALÃO;Dia 25;SIM;SUPERMERCADO;196;PRATA
SUPERMERCADO NEWTON E NORMA;3353463,76;38974,97;3404,68;1079,12;44,38;57;4;4;258;1476;1476;158,4;730,18;6140,9;7317,65;9;2021;0;ATIVO;CATALÃO;Dia 25;SIM;SUPERMERCADO;196;PRATA
SUPERMERCADO NEWTON E NORMA;3335451,74;82427,59;9771,19;844,87;1846,08;350;123;5;0;238;267;59,8;248,64;504,92;1996,35;1;2026;528;ATIVO;CATALÃO;Dia 25;SIM;SUPERMERCADO;196;PRATA
SUPERMERCADO NEWTON E NORMA;3333826,18;45380,98;4538,1;1756,4;993,59;170;33;136;177;431;2594;8043,55;37487,69;508,84;4093,61;5;2022;0;ATIVO;CATALÃO;Dia 25;SIM;SUPERMERCADO;196;PRATA
SUPERMERCADO NEWTON E NORMA;3307911,61;67037,98;7909,08;614,88;1438,68;253;22;7;0;127;150;36,26;168,8;270,04;1243,31;1;2025;83;ATIVO;CATALÃO;Dia 25;SIM;SUPERMERCADO;196;PRATA
SUPERMERCADO NEWTON E NORMA;3297819,38;46500,59;4641,07;1754,11;417,7;127;36;16;290;461;2680;7933,43;37073,07;465,25;3860,77;6;2022;0;ATIVO;CATALÃO;Dia 25;SIM;SUPERMERCADO;196;PRATA
SUPERMERCADO NEWTON E NORMA;3293248,48;92824,24;11044,41;534,37;993,48;221;17;4;0;172;198;26,66;118,81;224,47;1256,73;6;2025;62;ATIVO;CATALÃO;Dia 25;SIM;SUPERMERCADO;196;PRATA
SUPERMERCADO NEWTON E NORMA;3279313,56;63875,59;7553,3;965,73;2028,21;657;29;3;126;261;372;74,1;365,83;685,85;3114,44;8;2024;118;ATIVO;CATALÃO;Dia 25;SIM;SUPERMERCADO;196;PRATA
SUPERMERCADO NEWTON E NORMA;3272388,96;42495,08;4249,51;2298,49;281,86;118;33;31;223;478;2639;9081,89;42106,14;446,92;7047,75;9;2022;0;ATIVO;CATALÃO;Dia 25;SIM;SUPERMERCADO;196;PRATA
SUPERMERCADO NEWTON E NORMA;3267104,49;45095,57;4509,56;1446,62;1536,06;125;17;149;125;407;2533;7959,29;36863,41;469,42;2408,67;3;2022;0;ATIVO;CATALÃO;Dia 25;SIM;SUPERMERCADO;196;PRATA
SUPERMERCADO NEWTON E NORMA;3261402,24;90759,7;10891,16;268,55;865,36;68;16;3;0;40;43;17,21;49,21;165,88;640,55;5;2026;24;ATIVO;CATALÃO;Dia 25;SIM;SUPERMERCADO;196;PRATA
SUPERMERCADO NEWTON E NORMA;3257619,99;56264,01;6660,19;3548,81;4933,97;2714;37;21;207;432;561;148,24;713,74;1327,9;8563,23;5;2024;155;ATIVO;CATALÃO;Dia 25;SIM;SUPERMERCADO;196;PRATA
SUPERMERCADO NEWTON E NORMA;3256125,51;76367,75;9137,97;593,66;828,21;274;20;9;0;174;217;74,3;330,96;297,82;1318,06;3;2025;84;ATIVO;CATALÃO;Dia 25;SIM;SUPERMERCADO;196;PRATA
SUPERMERCADO NEWTON E NORMA;3255093,37;36454,97;2577,75;1220,76;521,32;66;11;7;75;504;2578;8895,2;41253,72;598,41;7460,02;1;2023;694;ATIVO;CATALÃO;Dia 25;SIM;SUPERMERCADO;196;PRATA
SUPERMERCADO NEWTON E NORMA;3238308,14;82165,09;9586,99;714,8;186,79;100;7;1;0;149;173;91,57;401,94;160,29;1216,79;10;2025;68;ATIVO;CATALÃO;Dia 25;SIM;SUPERMERCADO;196;PRATA
SUPERMERCADO NEWTON E NORMA;3230370,56;42176,33;4215,23;72,93;237,67;99;13;0;39;0;0;0;0;0;0;11;2023;41;ATIVO;CATALÃO;Dia 25;SIM;SUPERMERCADO;196;PRATA
SUPERMERCADO NEWTON E NORMA;3221419,71;84525,05;10119,69;99,62;799,4;141;45;61;170;116;111;38,95;195,18;47,09;559,59;7;2026;13;ATIVO;CATALÃO;Dia 25;SIM;SUPERMERCADO;196;PRATA
SUPERMERCADO NEWTON E NORMA;3208768,74;79367,03;9410,11;927,49;2040,77;279;19;9;0;176;217;72,87;328,46;545,96;1832,29;4;2025;88;ATIVO;CATALÃO;Dia 25;SIM;SUPERMERCADO;196;PRATA
SUPERMERCADO NEWTON E NORMA;3192353,62;82116,79;9557,63;658,02;680,89;148;9;1;0;212;249;73,01;331,61;344,1;1682,38;11;2025;236;ATIVO;CATALÃO;Dia 25;SIM;SUPERMERCADO;196;PRATA
SUPERMERCADO NEWTON E NORMA;3189276,21;70182,25;7800,95;998,02;825,22;217;22;8;0;180;238;53,69;248,38;600,94;901,2;11;2024;59;ATIVO;CATALÃO;Dia 25;SIM;SUPERMERCADO;196;PRATA
SUPERMERCADO NEWTON E NORMA;3174376,64;86869,96;10423,5;163,99;905,96;127;212;9;0;76;63;49,55;199,1;38,81;913,34;6;2026;31;ATIVO;CATALÃO;Dia 25;SIM;SUPERMERCADO;196;PRATA
SUPERMERCADO NEWTON E NORMA;3162286,04;45609,97;4290,32;599,63;533,56;125;17;3;23;129;257;7938,34;36734,91;74,04;797,21;6;2023;298;ATIVO;CATALÃO;Dia 25;SIM;SUPERMERCADO;196;PRATA
SUPERMERCADO NEWTON E NORMA;3147165,11;59300,36;6962,58;943,24;1578,92;540;24;4;110;258;349;248,95;1155,86;502,79;2920,23;7;2024;97;ATIVO;CATALÃO;Dia 25;SIM;SUPERMERCADO;196;PRATA
SUPERMERCADO NEWTON E NORMA;3136253,57;41838,49;3031,26;1664,79;1344,25;157;9;236;247;395;2533;7778,72;35975,79;428,01;1500,28;1;2022;0;ATIVO;CATALÃO;Dia 25;SIM;SUPERMERCADO;196;PRATA
SUPERMERCADO NEWTON E NORMA;3097941;48528,81;4848,59;59,32;79,95;82;7;0;49;0;0;0;0;0;0;8;2023;243;ATIVO;CATALÃO;Dia 25;SIM;SUPERMERCADO;196;PRATA
SUPERMERCADO NEWTON E NORMA;3091504,95;86933,94;10432,07;647,02;328,09;113;14;3;0;116;120;20,69;62,88;104,14;356,43;4;2026;37;ATIVO;CATALÃO;Dia 25;SIM;SUPERMERCADO;196;PRATA
SUPERMERCADO NEWTON E NORMA;3082414,44;47314;4730,21;148,42;257,78;104;9;2;125;0;0;0;0;0;0;9;2023;368;ATIVO;CATALÃO;Dia 25;SIM;SUPERMERCADO;196;PRATA
SUPERMERCADO NEWTON E NORMA;3080064,52;40611,13;2603,14;1561,62;741,97;151;42;257;178;391;2524;7891,31;36515,46;430,3;1448,4;2;2022;0;ATIVO;CATALÃO;Dia 25;SIM;SUPERMERCADO;196;PRATA
SUPERMERCADO NEWTON E NORMA;3070267,27;35048,66;3477,12;527,8;593,33;188;50;18;254;0;0;0;0;0;0;3;2024;68;ATIVO;CATALÃO;Dia 25;SIM;SUPERMERCADO;196;PRATA
SUPERMERCADO NEWTON E NORMA;3067470,82;64165,54;7535,64;945,11;786,8;226;18;8;0;150;180;26,06;118,85;309,16;853,46;2;2025;91;ATIVO;CATALÃO;Dia 25;SIM;SUPERMERCADO;196;PRATA
SUPERMERCADO NEWTON E NORMA;3031810,44;64954,6;7665,5436;445,68;777,87;349;25;3;305;168;234;26,44;122,61;229,18;900,65;10;2024;124;ATIVO;CATALÃO;Dia 25;SIM;SUPERMERCADO;196;PRATA
SUPERMERCADO NEWTON E NORMA;3027636,79;81229,71;9726,98;281,47;113,18;60;5;0;0;127;145;48,64;220,2;100,06;988,06;9;2025;49;ATIVO;CATALÃO;Dia 25;SIM;SUPERMERCADO;196;PRATA
SUPERMERCADO NEWTON E NORMA;3022565,98;43287,98;4317,78;342,49;97,73;110;16;2;111;0;0;0;0;0;0;10;2023;304;ATIVO;CATALÃO;Dia 25;SIM;SUPERMERCADO;196;PRATA
SUPERMERCADO NEWTON E NORMA;3013196,74;29785,4;2080,28;1421,18;3410,1;234;59;258;235;372;1717;6935,17;32251,65;341,81;995,12;11;2021;0;ATIVO;CATALÃO;Dia 25;SIM;SUPERMERCADO;196;PRATA
SUPERMERCADO NEWTON E NORMA;2977798,29;57871,38;6765,56;913,92;2278,86;677;25;5;216;277;387;54,9;252,48;657,27;2015,28;9;2024;177;ATIVO;CATALÃO;Dia 25;SIM;SUPERMERCADO;196;PRATA
SUPERMERCADO NEWTON E NORMA;2959380,35;87917,47;10550,1;189,82;408,55;120;50;5;0;1363;1430;70,03;293,13;916,06;22826,89;3;2026;62;ATIVO;CATALÃO;Dia 25;SIM;SUPERMERCADO;196;PRATA
SUPERMERCADO NEWTON E NORMA;2933759,22;51604,09;6130,53;993,02;1909,97;1540;33;12;130;393;526;105,58;507,92;681,34;3287,16;6;2024;152;ATIVO;CATALÃO;Dia 25;SIM;SUPERMERCADO;196;PRATA
SUPERMERCADO NEWTON E NORMA;2886107,76;45097,92;4504,16;569,08;1262,45;217;69;39;248;0;0;0;0;0;0;1;2024;70;ATIVO;CATALÃO;Dia 25;SIM;SUPERMERCADO;196;PRATA
SUPERMERCADO NEWTON E NORMA;2876333,67;82251,64;9524,32;167,93;986,41;211;127;53;0;150;186;53,65;232,55;272,78;609,48;2;2026;142;ATIVO;CATALÃO;Dia 25;SIM;SUPERMERCADO;196;PRATA
SUPERMERCADO NEWTON E NORMA;2873870,84;36788,02;4413,09;1249,89;4400,18;3637;53;18;191;0;0;0;0;0;0;4;2024;130;ATIVO;CATALÃO;Dia 25;SIM;SUPERMERCADO;196;PRATA
SUPERMERCADO NEWTON E NORMA;2651608;35556,04;3515,33;1532,07;301,29;185;82;57;210;0;0;0;0;0;0;2;2024;68;ATIVO;CATALÃO;Dia 25;SIM;SUPERMERCADO;196;PRATA
SUPERMERCADO NEWTON E NORMA;2321629,24;32699,11;3267,16;706,37;90,54;81;16;1;22;0;0;0;0;0;0;7;2023;202;ATIVO;CATALÃO;Dia 25;SIM;SUPERMERCADO;196;PRATA
SUPERMERCADO NEWTON ESTRELA;924958,74;0;0;68,35;999,35;78;117;21;0;36;40;20,35;89,47;18,46;537,31;5;2026;35;ATIVO;CATALÃO;Dia 25;NÃO;SUPERMERCADO;202;OURO
SUPERMERCADO NEWTON ESTRELA;900434,45;0;0;438,13;1254,01;228;147;21;0;75;84;31,1;138,8;33,42;615,89;12;2025;219;ATIVO;CATALÃO;Dia 25;NÃO;SUPERMERCADO;202;OURO
SUPERMERCADO NEWTON ESTRELA;898034,15;0;0;117,28;316,03;97;57;2;0;37;39;5,76;22,74;43,18;88,16;8;2025;76;ATIVO;CATALÃO;Dia 25;NÃO;SUPERMERCADO;202;OURO
SUPERMERCADO NEWTON ESTRELA;890526,78;0;0;82,53;760,98;102;82;10;0;50;63;16,35;70,43;16,95;232,25;11;2025;80;ATIVO;CATALÃO;Dia 25;NÃO;SUPERMERCADO;202;OURO
SUPERMERCADO NEWTON ESTRELA;875518,55;0;0;72,41;423,26;111;71;5;0;45;48;10,67;49,68;13,31;157,32;10;2025;81;ATIVO;CATALÃO;Dia 25;NÃO;SUPERMERCADO;202;OURO
SUPERMERCADO NEWTON ESTRELA;869135,29;0;0;87,77;345,37;93;75;1;0;31;36;13,86;60,12;0;137,23;4;2026;77;ATIVO;CATALÃO;Dia 25;NÃO;SUPERMERCADO;202;OURO
SUPERMERCADO NEWTON ESTRELA;833846,49;0;0;22,3;1757,2;74;46;5;0;44;50;12,63;63,82;45,9;1088,42;6;2026;53;ATIVO;CATALÃO;Dia 25;NÃO;SUPERMERCADO;202;OURO
SUPERMERCADO NEWTON ESTRELA;825179,99;0;0;1702,16;1854,55;191;140;3;0;67;71;12,65;42,59;38,7;1367,66;3;2026;170;ATIVO;CATALÃO;Dia 25;NÃO;SUPERMERCADO;202;OURO
SUPERMERCADO NEWTON ESTRELA;812222,86;0;0;195,38;756,38;155;114;5;0;76;79;27,28;127,34;36,31;325,5;9;2025;128;ATIVO;CATALÃO;Dia 25;NÃO;SUPERMERCADO;202;OURO
SUPERMERCADO NEWTON ESTRELA;804406,23;0;0;248,51;924,02;277;184;7;0;130;168;14,02;64,42;82,85;505,3;7;2025;246;ATIVO;CATALÃO;Dia 25;NÃO;SUPERMERCADO;202;OURO
SUPERMERCADO NEWTON ESTRELA;801868,8;0;0;385,91;1016,47;199;149;10;0;85;94;32,67;129,48;32,71;8210,1;1;2026;157;ATIVO;CATALÃO;Dia 25;NÃO;SUPERMERCADO;202;OURO
SUPERMERCADO NEWTON ESTRELA;789593,97;0;0;160,57;1569,64;262;175;9;0;128;163;13,8;69,25;141,33;683,39;6;2025;245;ATIVO;CATALÃO;Dia 25;NÃO;SUPERMERCADO;202;OURO
SUPERMERCADO NEWTON ESTRELA;772983,62;0;0;199,48;550,34;201;84;9;27;121;142;27,2;132,97;125,12;601,88;5;2025;142;ATIVO;CATALÃO;Dia 25;NÃO;SUPERMERCADO;202;OURO
SUPERMERCADO NEWTON ESTRELA;723123,99;0;0;18,36;719,11;149;109;3;0;69;72;14,2;51,88;54,17;733,47;2;2026;110;ATIVO;CATALÃO;Dia 25;NÃO;SUPERMERCADO;202;OURO
SUPERMERCADO NOSSA KASA;24768232,8;0;0;181,04;55,57;5;4;1;0;5;5;8,28;60,68;0;796,87;12;2025;12;INATIVO;VALPARAÍSO DE GOIÁS;Dia 05;NÃO;SUPERMERCADO;79;OURO
SUPERMERCADO NOSSA KASA;24365469,73;930452,15;111380,4096;1338,24;3166,12;1191;746;714;1;134;151;719,06;3318,67;26,69;731,32;12;2024;300;INATIVO;VALPARAÍSO DE GOIÁS;Dia 05;SIM;SUPERMERCADO;79;OURO
SUPERMERCADO NOSSA KASA;24051298,04;848375,54;101805,0648;362,46;645,54;28;7;2;0;45;49;368,45;1708,32;0;844,6;3;2025;19;INATIVO;VALPARAÍSO DE GOIÁS;Dia 05;SIM;SUPERMERCADO;79;OURO
SUPERMERCADO NOSSA KASA;22811371,93;987275,1;115858,1688;1502,31;278,13;19;8;1;0;19;22;296,24;1408;1,35;13;8;2025;17;INATIVO;VALPARAÍSO DE GOIÁS;Dia 05;SIM;SUPERMERCADO;79;OURO
SUPERMERCADO NOSSA KASA;22770085,04;0;0;246,78;356,2;24;9;1;0;21;25;36,22;172,39;38,03;113,44;10;2025;25;INATIVO;VALPARAÍSO DE GOIÁS;Dia 05;NÃO;SUPERMERCADO;79;OURO
SUPERMERCADO NOSSA KASA;22539081,66;865276,34;103833,1608;532,8;363,57;71;15;5;0;34;39;279,54;1303,51;13,3;78,56;5;2025;77;INATIVO;VALPARAÍSO DE GOIÁS;Dia 05;SIM;SUPERMERCADO;79;OURO
SUPERMERCADO NOSSA KASA;22387783,23;966084,93;115633,854;291,34;231,41;12;6;1;0;10;14;15,69;83,14;1,35;35,1;9;2025;7;INATIVO;VALPARAÍSO DE GOIÁS;Dia 05;SIM;SUPERMERCADO;79;OURO
SUPERMERCADO NOSSA KASA;22313049,28;0;0;190,12;60,28;7;2;1;0;4;4;5,77;49,06;0;26,69;11;2025;11;INATIVO;VALPARAÍSO DE GOIÁS;Dia 05;NÃO;SUPERMERCADO;79;OURO
SUPERMERCADO NOSSA KASA;22275350,92;825002,77;99000,3324;175,12;286,3;30;10;2;0;27;31;90,53;524,42;15,33;315,81;4;2025;47;INATIVO;VALPARAÍSO DE GOIÁS;Dia 05;SIM;SUPERMERCADO;79;OURO
SUPERMERCADO NOSSA KASA;22253853,01;0;0;48,01;60,94;6;5;4;0;2;2;2,23;16,6;0;26,78;1;2026;13;INATIVO;VALPARAÍSO DE GOIÁS;Dia 05;NÃO;SUPERMERCADO;79;OURO
SUPERMERCADO NOSSA KASA;21897115,43;920384,11;118017,798;1032,88;164,76;24;2;2;0;21;25;64,69;378,11;0;162,6;6;2025;32;INATIVO;VALPARAÍSO DE GOIÁS;Dia 05;SIM;SUPERMERCADO;79;OURO
SUPERMERCADO NOSSA KASA;21711850,38;809604,18;97152,1428;231,66;540,78;34;18;0;0;42;44;165,04;769,13;43,17;292,5;1;2025;23;INATIVO;VALPARAÍSO DE GOIÁS;Dia 05;SIM;SUPERMERCADO;79;OURO
SUPERMERCADO NOSSA KASA;21480794,62;922088,34;108861,6876;2188,79;734,26;30;7;1;0;11;15;91,18;458,64;0;11,67;7;2025;30;INATIVO;VALPARAÍSO DE GOIÁS;Dia 05;SIM;SUPERMERCADO;79;OURO
SUPERMERCADO NOSSA KASA;20730003,08;824491,02;98775,0348;400,02;973,52;77;44;0;1;92;92;333,49;1551,91;21,75;738,75;11;2024;62;INATIVO;VALPARAÍSO DE GOIÁS;Dia 05;SIM;SUPERMERCADO;79;OURO
SUPERMERCADO NOSSA KASA;20096875,03;783425,05;93715,64;776,12;1337,4;63;30;0;1;136;140;443,21;2048,51;68,13;1768,31;10;2024;51;INATIVO;VALPARAÍSO DE GOIÁS;Dia 05;SIM;SUPERMERCADO;79;OURO
SUPERMERCADO NOSSA KASA;20084232,48;512544,34;48505,39;1487,17;747,15;119;17;25;383;228;518;98,98;453,51;0;218,2;5;2023;1457;INATIVO;VALPARAÍSO DE GOIÁS;Dia 05;SIM;SUPERMERCADO;79;OURO
SUPERMERCADO NOSSA KASA;20071634,07;698018,97;83642,12;885,7;1672,69;79;85;1;1;85;110;84,67;390,59;104,24;1711,96;9;2024;63;INATIVO;VALPARAÍSO DE GOIÁS;Dia 05;SIM;SUPERMERCADO;79;OURO
SUPERMERCADO NOSSA KASA;20070495,52;744746,14;89369,52;303,73;1491,54;43;12;3;0;272;402;225,32;1035,19;8,98;518,75;2;2025;32;INATIVO;VALPARAÍSO DE GOIÁS;Dia 05;SIM;SUPERMERCADO;79;OURO
SUPERMERCADO NOSSA KASA;19572271,57;676178,36;67617,84;120,69;1480,27;27;631;2;1;27;34;110,99;500,92;193,64;404,41;12;2023;17;INATIVO;VALPARAÍSO DE GOIÁS;Dia 05;SIM;SUPERMERCADO;79;OURO
SUPERMERCADO NOSSA KASA;18681014,37;632867,65;59719,94;3658,73;2145,93;103;12;21;420;83;104;408,15;1852,98;0;812,74;3;2023;1385;INATIVO;VALPARAÍSO DE GOIÁS;Dia 05;SIM;SUPERMERCADO;79;OURO
SUPERMERCADO NOSSA KASA;18391101,04;710798,72;69917,81;1298,2;519,17;92;10;18;423;26;153;99,19;167,19;0;342,36;6;2023;1502;INATIVO;VALPARAÍSO DE GOIÁS;Dia 05;SIM;SUPERMERCADO;79;OURO
SUPERMERCADO NOSSA KASA;18390964,44;739587,81;88737,07;220,99;106,57;15;5;1;1;20;25;117,16;524,51;40,78;4532,64;5;2024;13;INATIVO;VALPARAÍSO DE GOIÁS;Dia 05;SIM;SUPERMERCADO;79;OURO
SUPERMERCADO NOSSA KASA;18255160,19;712946,96;71225,32;199,04;374,06;51;9;8;406;32;148;79,62;357,34;0;364,57;7;2023;1380;INATIVO;VALPARAÍSO DE GOIÁS;Dia 05;SIM;SUPERMERCADO;79;OURO
SUPERMERCADO NOSSA KASA;18163547,08;680443,34;68044,334;229,43;107,24;58;5;1;1;26;39;67,87;301,36;80,42;2466,04;3;2024;12;INATIVO;VALPARAÍSO DE GOIÁS;Dia 05;SIM;SUPERMERCADO;79;OURO
SUPERMERCADO NOSSA KASA;18066840,2;686385,71;68627,12;44,96;384,09;49;14;13;388;27;61;143,96;655,23;7,04;374,22;8;2023;1376;INATIVO;VALPARAÍSO DE GOIÁS;Dia 05;SIM;SUPERMERCADO;79;OURO
SUPERMERCADO NOSSA KASA;17986327,2;648314,05;64816,79;403,11;376,26;40;865;13;394;24;46;379,61;612,87;0;3751,58;10;2023;241;INATIVO;VALPARAÍSO DE GOIÁS;Dia 05;SIM;SUPERMERCADO;79;OURO
SUPERMERCADO NOSSA KASA;17976386,62;696266,96;83216,74;1004,96;1842,35;46;16;1;1;24;24;48,6;220,85;0;2163,11;8;2024;41;INATIVO;VALPARAÍSO DE GOIÁS;Dia 05;SIM;SUPERMERCADO;79;OURO
SUPERMERCADO NOSSA KASA;17600392,53;682862,41;81941,33;122,41;62,72;11;7;0;0;16;17;73,46;326,42;6,64;1666,81;6;2024;13;INATIVO;VALPARAÍSO DE GOIÁS;Dia 05;SIM;SUPERMERCADO;79;OURO
SUPERMERCADO NOSSA KASA;17425988,43;631802,9;63180,29;163,09;1686,5;32;689;1;384;25;33;47,5;211,77;53,54;2246,51;11;2023;28;INATIVO;VALPARAÍSO DE GOIÁS;Dia 05;SIM;SUPERMERCADO;79;OURO
SUPERMERCADO NOSSA KASA;17348652,81;677207,25;81263,22;790,19;91,58;25;11;1;0;11;11;33,83;155,83;0;338,21;7;2024;26;INATIVO;VALPARAÍSO DE GOIÁS;Dia 05;SIM;SUPERMERCADO;79;OURO
SUPERMERCADO NOSSA KASA;17065646,67;617388,92;61716,41;98,4;427,13;52;1034;19;381;27;55;156,39;705,45;0;1878,49;9;2023;1241;INATIVO;VALPARAÍSO DE GOIÁS;Dia 05;SIM;SUPERMERCADO;79;OURO
SUPERMERCADO NOSSA KASA;16843774,64;598231,22;59821,78;86,96;636,71;13;608;0;0;13;17;16,4;66,45;122,86;150,68;1;2024;13;INATIVO;VALPARAÍSO DE GOIÁS;Dia 05;SIM;SUPERMERCADO;79;OURO
SUPERMERCADO NOSSA KASA;16537514,24;670517,03;80462,05;178,83;197,26;51;6;1;1;19;26;19,16;78,51;57,84;7320,27;4;2024;12;INATIVO;VALPARAÍSO DE GOIÁS;Dia 05;SIM;SUPERMERCADO;79;OURO
SUPERMERCADO NOSSA KASA;16265295,62;575427,66;57542,25;78,47;370,83;9;5;0;1;11;17;8,84;34,16;121,86;87,72;2;2024;7;INATIVO;VALPARAÍSO DE GOIÁS;Dia 05;SIM;SUPERMERCADO;79;OURO
SUPERMERCADO NOSSA KASA;16240000;513325,82;51152,11;5773,54;1838,37;45;12;16;416;76;76;372,08;1955;370;3870,5;12;2022;0;INATIVO;VALPARAÍSO DE GOIÁS;Dia 05;SIM;SUPERMERCADO;79;OURO
SUPERMERCADO NOSSA KASA;15370000;0;0;707,83;3145,04;157;7;16;482;0;0;12646,64;0;0;0;10;2022;0;INATIVO;VALPARAÍSO DE GOIÁS;Dia 05;NÃO;SUPERMERCADO;79;OURO
SUPERMERCADO NOSSA KASA;15307803,2;636361,19;60548,29;2738,52;2791,89;106;18;27;416;99;272;310,4;1419,74;0;553,16;4;2023;1993;INATIVO;VALPARAÍSO DE GOIÁS;Dia 05;SIM;SUPERMERCADO;79;OURO
SUPERMERCADO NOSSA KASA;15101910,27;504582,44;47622,46;5144,71;1712,05;81;18;71;522;68;73;177,85;809,02;253,35;2370,59;1;2023;1995;INATIVO;VALPARAÍSO DE GOIÁS;Dia 05;SIM;SUPERMERCADO;79;OURO
SUPERMERCADO NOSSA KASA;15070000;148525,32;49879,96;7735,85;11161,04;393;22;30;547;0;0;0;0;0;0;7;2022;0;INATIVO;VALPARAÍSO DE GOIÁS;Dia 05;SIM;SUPERMERCADO;79;OURO
SUPERMERCADO NOSSA KASA;14620000;0;51852,95;2376,13;9368,11;118;4;10;479;0;0;89344,51;412806,01;0;0;8;2022;0;INATIVO;VALPARAÍSO DE GOIÁS;Dia 05;SIM;SUPERMERCADO;79;OURO
SUPERMERCADO NOSSA KASA;14580000;0;50637,87;2447,65;1654,87;119;3;12;480;0;0;0;0;0;0;9;2022;0;INATIVO;VALPARAÍSO DE GOIÁS;Dia 05;SIM;SUPERMERCADO;79;OURO
SUPERMERCADO NOSSA KASA;14430000;0;0;5041,49;2596,88;147;17;23;503;86;76;491,74;2349,46;6,27;275,92;11;2022;0;INATIVO;VALPARAÍSO DE GOIÁS;Dia 05;NÃO;SUPERMERCADO;79;OURO
SUPERMERCADO NOSSA KASA;0;0;0;4564,86;16767,97;416;29;31;536;0;0;0;0;0;0;5;2022;0;INATIVO;VALPARAÍSO DE GOIÁS;Dia 05;NÃO;SUPERMERCADO;79;OURO
SUPERMERCADO NOSSA KASA;0;0;0;4859,13;15611,13;375;25;29;501;0;0;0;0;0;0;6;2022;0;INATIVO;VALPARAÍSO DE GOIÁS;Dia 05;NÃO;SUPERMERCADO;79;OURO
SUPERMERCADO NOSSA KASA;0;456753,62;43042,07;0;0;0;0;0;0;0;0;0;0;0;0;2;2023;0;INATIVO;VALPARAÍSO DE GOIÁS;Dia 05;SIM;SUPERMERCADO;79;OURO
SUPERMERCADO NOSSA KASA (DF);6672909,9;0;0;238,6;928,82;14;16;9;0;9;11;6,17;38,62;0;61,17;8;2025;15;INATIVO;DISTRITO FEDERAL;Dia 05;NÃO;SUPERMERCADO;56;INATIVO
SUPERMERCADO NOSSA KASA (DF);5534190,17;0;0;62,47;843,94;25;16;12;0;10;16;7,34;46,73;0;31,35;9;2025;6;INATIVO;DISTRITO FEDERAL;Dia 05;NÃO;SUPERMERCADO;56;INATIVO
SUPERMERCADO NOSSA KASA (DF);5433804,45;0;0;947,62;483,3;151;125;110;0;84;126;101,83;491,41;41,92;95,25;10;2025;33;INATIVO;DISTRITO FEDERAL;Dia 05;NÃO;SUPERMERCADO;56;INATIVO
SUPERMERCADO NOSSA KASA (DF);5173953,34;0;0;90,52;812,52;32;30;1;1;30;22;144,34;701,36;25,19;36,47;8;2024;81;INATIVO;DISTRITO FEDERAL;Dia 05;NÃO;SUPERMERCADO;56;INATIVO
SUPERMERCADO NOSSA KASA (DF);5088356,61;0;0;179,55;6682,26;75;55;36;2;62;65;37,55;175,16;0;247,43;12;2024;72;INATIVO;DISTRITO FEDERAL;Dia 05;NÃO;SUPERMERCADO;56;INATIVO
SUPERMERCADO NOSSA KASA (DF);4689589,78;0;0;978,06;219,65;42;32;30;1;27;30;52,91;249,85;4,8;169,53;10;2024;75;INATIVO;DISTRITO FEDERAL;Dia 05;NÃO;SUPERMERCADO;56;INATIVO
SUPERMERCADO NOSSA KASA (DF);4670030,76;0;0;564,73;307,35;25;23;16;1;15;15;24,3;112,29;3,96;1,02;9;2024;87;INATIVO;DISTRITO FEDERAL;Dia 05;NÃO;SUPERMERCADO;56;INATIVO
SUPERMERCADO NOSSA KASA (DF);4622309,99;0;0;284,81;345,35;55;35;31;2;27;28;57,9;270,22;1,2;93,19;11;2024;70;INATIVO;DISTRITO FEDERAL;Dia 05;NÃO;SUPERMERCADO;56;INATIVO
SUPERMERCADO NOSSA KASA (DF);4409694,12;0;0;673,62;483,97;25;19;18;2;8;11;7,55;43,75;0;28,57;5;2025;5;INATIVO;DISTRITO FEDERAL;Dia 05;NÃO;SUPERMERCADO;56;INATIVO
SUPERMERCADO NOSSA KASA (DF);4345650,95;0;0;1235,81;3976,5;43;44;29;2;61;91;35,55;186,21;0;21,47;1;2025;63;INATIVO;DISTRITO FEDERAL;Dia 05;NÃO;SUPERMERCADO;56;INATIVO
SUPERMERCADO NOSSA KASA (DF);4339559,98;0;0;223,65;873,49;40;34;34;1;39;33;46,54;211,81;27,74;27,54;7;2024;85;INATIVO;DISTRITO FEDERAL;Dia 05;NÃO;SUPERMERCADO;56;INATIVO
SUPERMERCADO NOSSA KASA (DF);4317669,38;0;0;1131,55;88,62;43;41;36;2;17;20;26,81;127,9;0;75,94;4;2025;14;INATIVO;DISTRITO FEDERAL;Dia 05;NÃO;SUPERMERCADO;56;INATIVO
SUPERMERCADO NOSSA KASA (DF);4257994,2;0;0;945,03;502,9;93;90;85;1;28;31;28,78;205,02;0;177,17;3;2025;22;INATIVO;DISTRITO FEDERAL;Dia 05;NÃO;SUPERMERCADO;56;INATIVO
SUPERMERCADO NOSSA KASA (DF);4241007,19;0;0;317,78;934,72;41;34;32;2;6;9;5,84;35,09;0;21,03;6;2025;0;INATIVO;DISTRITO FEDERAL;Dia 05;NÃO;SUPERMERCADO;56;INATIVO
SUPERMERCADO NOSSA KASA (DF);3935837,79;0;0;291,89;169,46;18;14;8;2;5;8;17,08;87,06;0;0,92;7;2025;3;INATIVO;DISTRITO FEDERAL;Dia 05;NÃO;SUPERMERCADO;56;INATIVO
SUPERMERCADO NOSSA KASA (DF);3789531,26;0;0;960,28;1920,55;53;52;39;1;5;8;11,23;76,75;0;6,72;2;2025;60;INATIVO;DISTRITO FEDERAL;Dia 05;NÃO;SUPERMERCADO;56;INATIVO
SUPERMERCADO NOSSA KASA (DF);2950779,48;0;0;195,24;180,73;15;16;14;1;16;16;43,69;200,91;47;625,82;5;2024;90;INATIVO;DISTRITO FEDERAL;Dia 05;NÃO;SUPERMERCADO;56;INATIVO
SUPERMERCADO NOSSA KASA (DF);2744325,05;0;0;5668,16;1569,89;1161;718;717;1;50;56;14,7;67,47;36,89;316,06;3;2024;188;INATIVO;DISTRITO FEDERAL;Dia 05;NÃO;SUPERMERCADO;56;INATIVO
SUPERMERCADO NOSSA KASA (DF);2544014,63;0;0;484,5;1330,52;55;35;35;1;11;15;11,03;50,59;42,74;63,64;2;2024;80;INATIVO;DISTRITO FEDERAL;Dia 05;NÃO;SUPERMERCADO;56;INATIVO
SUPERMERCADO NOSSA KASA (DF);2457842,61;0;0;951,81;205,05;413;272;269;1;34;4;13,01;58,51;15,39;187,48;4;2024;146;INATIVO;DISTRITO FEDERAL;Dia 05;NÃO;SUPERMERCADO;56;INATIVO
SUPERMERCADO NOSSA KASA (DF);2431562,78;0;0;34,96;620,13;50;11;9;2;19;21;26,86;124,08;29,4;78,4;1;2024;86;INATIVO;DISTRITO FEDERAL;Dia 05;NÃO;SUPERMERCADO;56;INATIVO
SUPERMERCADO NOSSA KASA (DF);1981611,33;0;0;2449,57;736,04;270;143;144;1;48;130;63,01;287,35;30,56;77,66;5;2023;0;INATIVO;DISTRITO FEDERAL;Dia 05;NÃO;SUPERMERCADO;56;INATIVO
SUPERMERCADO NOSSA KASA (DF);1869043,41;0;0;256,03;646,46;72;38;38;1;23;48;25,53;118,45;0;65,52;8;2023;0;INATIVO;DISTRITO FEDERAL;Dia 05;NÃO;SUPERMERCADO;56;INATIVO
SUPERMERCADO NOSSA KASA (DF);1834589,24;0;0;227,5;657,8;18;7;7;1;22;26;22,5;48,7;10,2;374,6;12;2023;20;INATIVO;DISTRITO FEDERAL;Dia 05;NÃO;SUPERMERCADO;56;INATIVO
SUPERMERCADO NOSSA KASA (DF);1829752,94;0;0;1856,12;2086,71;176;49;603;1;92;100;222,8;1035,97;0,74;23,48;11;2022;0;INATIVO;DISTRITO FEDERAL;Dia 05;NÃO;SUPERMERCADO;56;INATIVO
SUPERMERCADO NOSSA KASA (DF);1791998,51;0;0;770,93;357,77;81;46;47;1;34;136;10,45;46,74;5,16;122,31;6;2023;0;INATIVO;DISTRITO FEDERAL;Dia 05;NÃO;SUPERMERCADO;56;INATIVO
SUPERMERCADO NOSSA KASA (DF);1778131,27;0;0;266,9;700,59;88;59;56;1;25;67;7,13;32,98;1,29;85,7;7;2023;0;INATIVO;DISTRITO FEDERAL;Dia 05;NÃO;SUPERMERCADO;56;INATIVO
SUPERMERCADO NOSSA KASA (DF);1739069,54;0;0;147,89;761,78;26;14;11;1;24;27;17,62;82,44;3,9;571,6;11;2023;36;INATIVO;DISTRITO FEDERAL;Dia 05;NÃO;SUPERMERCADO;56;INATIVO
SUPERMERCADO NOSSA KASA (DF);1735900,14;0;0;2990,13;1682,07;191;130;128;2;88;104;133,5;632,08;13,58;228,17;1;2023;0;INATIVO;DISTRITO FEDERAL;Dia 05;NÃO;SUPERMERCADO;56;INATIVO
SUPERMERCADO NOSSA KASA (DF);1700872,18;0;0;261,05;295,19;39;20;18;1;8;16;1,71;7,94;0;289,5;10;2023;342;INATIVO;DISTRITO FEDERAL;Dia 05;NÃO;SUPERMERCADO;56;INATIVO
SUPERMERCADO NOSSA KASA (DF);1695233,61;0;0;1628,81;1421,78;192;119;120;1;30;48;11,74;53,5;7,4;285,67;3;2023;0;INATIVO;DISTRITO FEDERAL;Dia 05;NÃO;SUPERMERCADO;56;INATIVO
SUPERMERCADO NOSSA KASA (DF);1677163,62;0;0;2313,4;1873,9;224;150;150;1;23;39;11,14;50,14;1,48;217,49;4;2023;0;INATIVO;DISTRITO FEDERAL;Dia 05;NÃO;SUPERMERCADO;56;INATIVO
SUPERMERCADO NOSSA KASA (DF);1516896,9;0;0;619,56;934,37;108;77;78;1;31;47;9,31;42,19;14,88;332,37;2;2023;0;INATIVO;DISTRITO FEDERAL;Dia 05;NÃO;SUPERMERCADO;56;INATIVO
SUPERMERCADO NOSSA KASA (DF);1488515,63;0;0;106,76;116,24;45;37;35;1;981;1667;158,27;730,18;27,59;255,69;6;2024;249;INATIVO;DISTRITO FEDERAL;Dia 05;NÃO;SUPERMERCADO;56;INATIVO
SUPERMERCADO NOSSA KASA (DF);1169558,67;0;0;264,25;204,1;39;20;18;1;14;34;1,79;7,86;2,03;125,05;9;2023;133;INATIVO;DISTRITO FEDERAL;Dia 05;NÃO;SUPERMERCADO;56;INATIVO
SUPERMERCADO NOSSA SENHORA DA SAÚDE;556818,4;0;0;3,89;5,13;5;6;1;0;69;137;17,28;79,78;1,12;11,7;12;2024;1;ATIVO;ITUMBIARA;Dia 10;NÃO;SUPERMERCADO;88;BRONZE
SUPERMERCADO NOSSA SENHORA DA SAÚDE;525955,42;0;0;18,97;15,27;14;22;1;8;37;67;6,9;30,94;9,76;34,58;12;2023;25;ATIVO;ITUMBIARA;Dia 10;NÃO;SUPERMERCADO;88;BRONZE
SUPERMERCADO NOSSA SENHORA DA SAÚDE;485070,56;0;0;10,21;12,26;9;5;0;0;61;125;15,58;71,82;0,56;0;5;2025;4;ATIVO;ITUMBIARA;Dia 10;NÃO;SUPERMERCADO;88;BRONZE
SUPERMERCADO NOSSA SENHORA DA SAÚDE;476455,16;0;0;1,74;114,09;7;10;4;4;29;62;18,64;85,8;4,81;20,64;11;2024;2;ATIVO;ITUMBIARA;Dia 10;NÃO;SUPERMERCADO;88;BRONZE
SUPERMERCADO NOSSA SENHORA DA SAÚDE;476020,06;0;0;2,65;1,49;1;5;1;0;26;53;6,86;31,79;0;8,76;3;2025;0;ATIVO;ITUMBIARA;Dia 10;NÃO;SUPERMERCADO;88;BRONZE
SUPERMERCADO NOSSA SENHORA DA SAÚDE;468928,68;0;0;9,91;45,73;6;5;0;4;22;51;9,91;45,73;8,75;50,87;10;2024;5;ATIVO;ITUMBIARA;Dia 10;NÃO;SUPERMERCADO;88;BRONZE
SUPERMERCADO NOSSA SENHORA DA SAÚDE;466386,35;0;0;10,91;53,99;20;19;0;2;68;131;12,71;58,43;6,45;15,01;5;2024;20;ATIVO;ITUMBIARA;Dia 10;NÃO;SUPERMERCADO;88;BRONZE
SUPERMERCADO NOSSA SENHORA DA SAÚDE;466210,32;0;0;5,11;7,56;7;6;0;0;20;56;4,02;18,58;1,57;2,91;7;2025;5;ATIVO;ITUMBIARA;Dia 10;NÃO;SUPERMERCADO;88;BRONZE
SUPERMERCADO NOSSA SENHORA DA SAÚDE;458131,62;0;0;3,22;1,52;1;3;0;0;28;57;14,14;65,62;0;19,11;1;2025;1;ATIVO;ITUMBIARA;Dia 10;NÃO;SUPERMERCADO;88;BRONZE
SUPERMERCADO NOSSA SENHORA DA SAÚDE;446871,25;0;0;4,34;11,43;10;8;0;3;59;145;16,88;77,96;1,19;6,3;4;2024;7;ATIVO;ITUMBIARA;Dia 10;NÃO;SUPERMERCADO;88;BRONZE
SUPERMERCADO NOSSA SENHORA DA SAÚDE;445287,87;0;0;2,16;5,47;3;6;2;0;18;46;5;23,27;0;6,29;4;2025;1;ATIVO;ITUMBIARA;Dia 10;NÃO;SUPERMERCADO;88;BRONZE
SUPERMERCADO NOSSA SENHORA DA SAÚDE;443915,99;0;0;6,66;2,21;4;5;1;0;36;67;9,67;44,86;5,94;9,81;2;2025;3;ATIVO;ITUMBIARA;Dia 10;NÃO;SUPERMERCADO;88;BRONZE
SUPERMERCADO NOSSA SENHORA DA SAÚDE;443185,91;0;0;6,05;15,22;8;3;0;0;30;82;5,35;24,67;0;1,16;6;2025;2;ATIVO;ITUMBIARA;Dia 10;NÃO;SUPERMERCADO;88;BRONZE
SUPERMERCADO NOSSA SENHORA DA SAÚDE;443185,38;0;0;3,71;122,99;16;19;3;3;38;79;10,32;47,84;11,98;47,73;8;2024;13;ATIVO;ITUMBIARA;Dia 10;NÃO;SUPERMERCADO;88;BRONZE
SUPERMERCADO NOSSA SENHORA DA SAÚDE;442123,11;0;0;832,08;960,62;231;89;174;55;174;404;88,86;408,41;15,61;1234,84;7;2023;2574;ATIVO;ITUMBIARA;Dia 10;NÃO;SUPERMERCADO;88;BRONZE
SUPERMERCADO NOSSA SENHORA DA SAÚDE;441092,19;0;0;2,75;11,33;9;7;0;2;33;85;7,27;33,54;6,14;5,92;3;2024;9;ATIVO;ITUMBIARA;Dia 10;NÃO;SUPERMERCADO;88;BRONZE
SUPERMERCADO NOSSA SENHORA DA SAÚDE;435127,92;0;0;11,1;40,98;15;11;0;3;54;90;10,29;46,95;5,92;34,04;6;2024;9;ATIVO;ITUMBIARA;Dia 10;NÃO;SUPERMERCADO;88;BRONZE
SUPERMERCADO NOSSA SENHORA DA SAÚDE;432021,43;0;0;6,89;21,7;12;5;0;5;57;110;7,06;31,85;6,41;6,92;1;2024;26;ATIVO;ITUMBIARA;Dia 10;NÃO;SUPERMERCADO;88;BRONZE
SUPERMERCADO NOSSA SENHORA DA SAÚDE;430042,06;0;0;178,96;355,95;169;70;32;0;199;449;93,87;433,14;22,13;1223,72;10;2023;2186;ATIVO;ITUMBIARA;Dia 10;NÃO;SUPERMERCADO;88;BRONZE
SUPERMERCADO NOSSA SENHORA DA SAÚDE;429924,62;0;0;10,26;0,51;5;2;0;0;33;82;5,38;24,82;1,22;1,38;10;2025;5;ATIVO;ITUMBIARA;Dia 10;NÃO;SUPERMERCADO;88;BRONZE
SUPERMERCADO NOSSA SENHORA DA SAÚDE;426096,46;0;0;11,24;4,21;6;4;0;0;52;115;13,89;64,07;4,71;10,87;8;2025;5;ATIVO;ITUMBIARA;Dia 10;NÃO;SUPERMERCADO;88;BRONZE
SUPERMERCADO NOSSA SENHORA DA SAÚDE;423116,34;0;0;2,38;19,85;10;9;1;3;47;89;9,23;42,56;13,69;49,93;9;2024;5;ATIVO;ITUMBIARA;Dia 10;NÃO;SUPERMERCADO;88;BRONZE
SUPERMERCADO NOSSA SENHORA DA SAÚDE;418785,83;0;0;3,92;11,88;15;23;1;4;34;84;7,05;32,19;8,91;208,08;2;2024;34;ATIVO;ITUMBIARA;Dia 10;NÃO;SUPERMERCADO;88;BRONZE
SUPERMERCADO NOSSA SENHORA DA SAÚDE;415376,4;0;0;54,66;28,15;29;45;1;0;145;340;43,53;200,56;6,09;574,54;11;2023;33;ATIVO;ITUMBIARA;Dia 10;NÃO;SUPERMERCADO;88;BRONZE
SUPERMERCADO NOSSA SENHORA DA SAÚDE;413327,84;0;0;278,47;912,65;206;87;39;0;172;426;94,08;432,42;16,09;1109,2;9;2023;2352;ATIVO;ITUMBIARA;Dia 10;NÃO;SUPERMERCADO;88;BRONZE
SUPERMERCADO NOSSA SENHORA DA SAÚDE;411287,24;0;0;15,02;118,85;21;19;2;3;57;90;19,3;89,36;4,48;120,17;7;2024;14;ATIVO;ITUMBIARA;Dia 10;NÃO;SUPERMERCADO;88;BRONZE
SUPERMERCADO NOSSA SENHORA DA SAÚDE;400996,02;0;0;17,97;16,15;8;7;0;0;157;295;54,64;251,8;0;71,16;12;2025;7;ATIVO;ITUMBIARA;Dia 10;NÃO;SUPERMERCADO;88;BRONZE
SUPERMERCADO NOSSA SENHORA DA SAÚDE;384795,59;0;0;8,86;4,33;8;5;0;0;175;317;75,95;349,77;1,22;45,88;11;2025;6;ATIVO;ITUMBIARA;Dia 10;NÃO;SUPERMERCADO;88;BRONZE
SUPERMERCADO NOSSA SENHORA DA SAÚDE;379128,19;0;0;9,72;12,38;5;5;1;0;45;105;8,77;40,32;0;4,64;9;2025;4;ATIVO;ITUMBIARA;Dia 10;NÃO;SUPERMERCADO;88;BRONZE
SUPERMERCADO NOSSA SENHORA DA SAÚDE;294170,66;0;0;5,91;15,06;6;5;0;0;29;47;2,13;9,76;0;72,9;1;2026;6;ATIVO;ITUMBIARA;Dia 10;NÃO;SUPERMERCADO;88;BRONZE
SUPERMERCADO NOSSA SENHORA DA SAÚDE;220793,49;0;0;16,13;1,47;4;3;0;0;5;14;0;0,02;0;14,28;2;2026;3;ATIVO;ITUMBIARA;Dia 10;NÃO;SUPERMERCADO;88;BRONZE
SUPERMERCADO NOTA 10;6962242,33;148916,21;17459,6;9293,67;5245,09;2169;2160;26;0;349;397;848,19;4118,83;140,22;3168,25;7;2026;250;ATIVO;PIRENÓPOLIS;Dia 10;SIM;SUPERMERCADO;90;OURO
SUPERMERCADO NOTA 10;6276285,81;147169,33;17269,11;7381,27;3125,68;1926;2161;21;0;420;471;708,38;3226,2;394,05;3758,36;8;2026;255;ATIVO;PIRENÓPOLIS;Dia 10;SIM;SUPERMERCADO;90;OURO
SUPERMERCADO NOTA 10;6149916,54;97335,53;11678,02;363,26;153,72;41;21;1;0;200;246;483,1;2441,99;715,56;4604,92;12;2025;54;SOMENTE PAD;PIRENÓPOLIS;Dia 10;SIM;SUPERMERCADO;90;OURO
SUPERMERCADO NOTA 10;5956589,16;113158,27;12941,8;7967,93;3826,07;2077;1705;21;0;373;445;732,52;3591,3;134,69;2564,47;4;2026;324;SOMENTE PAD;PIRENÓPOLIS;Dia 10;SIM;SUPERMERCADO;90;OURO
SUPERMERCADO NOTA 10;5876342,36;126980,59;15201,19;111,44;2866,28;50;50;7;7;50;126;606,1;3024,37;123,09;598,63;12;2024;83;SOMENTE PAD;PIRENÓPOLIS;Dia 10;SIM;SUPERMERCADO;90;OURO
SUPERMERCADO NOTA 10;5837631,48;125269,03;14676,06;7862,67;3558,13;2091;184;23;0;406;451;760,15;3703,71;139,23;2233,1;6;2026;271;ATIVO;PIRENÓPOLIS;Dia 10;SIM;SUPERMERCADO;90;OURO
SUPERMERCADO NOTA 10;5574817,29;106567,47;12788,09;702,97;2031,68;300;68;11;0;248;295;407,31;2117,96;433,27;4436,43;1;2026;129;SOMENTE PAD;PIRENÓPOLIS;Dia 10;SIM;SUPERMERCADO;90;OURO
SUPERMERCADO NOTA 10;5215057,37;96428,01;11291,22;446,09;332,67;66;43;6;0;51;103;293,81;1579,91;211,68;771,14;7;2025;91;SOMENTE PAD;PIRENÓPOLIS;Dia 10;SIM;SUPERMERCADO;90;OURO
SUPERMERCADO NOTA 10;5185914,31;94836,01;11378,47;6861,48;3540,77;2022;178;22;0;344;396;576,08;2893,17;517,77;2413,66;2;2026;432;SOMENTE PAD;PIRENÓPOLIS;Dia 10;SIM;SUPERMERCADO;90;OURO
SUPERMERCADO NOTA 10;5124895,99;109456,69;12556,9476;175,63;141,4;43;20;2;0;49;95;325,8;1781,27;56,15;1240,87;3;2025;60;SOMENTE PAD;PIRENÓPOLIS;Dia 10;SIM;SUPERMERCADO;90;OURO
SUPERMERCADO NOTA 10;5123692,48;97700,5;10999;1571,33;33,35;83;35;11;0;76;127;303,43;1642,09;76,81;1158,35;4;2025;62;SOMENTE PAD;PIRENÓPOLIS;Dia 10;SIM;SUPERMERCADO;90;OURO
SUPERMERCADO NOTA 10;5040042,62;105870,54;12704,46;301,38;644,24;43;22;1;0;199;252;517,38;2534,07;1634,5;17880,11;10;2025;59;SOMENTE PAD;PIRENÓPOLIS;Dia 10;SIM;SUPERMERCADO;90;OURO
SUPERMERCADO NOTA 10;4966626,84;116942,58;14013,69;202,41;942,02;73;40;5;0;80;135;469,56;2377,45;344,97;1084,7;1;2025;100;SOMENTE PAD;PIRENÓPOLIS;Dia 10;SIM;SUPERMERCADO;90;OURO
SUPERMERCADO NOTA 10;4964037,3;101869,52;12224,34;257,59;57,35;26;9;3;0;182;231;391,22;1928,56;1643,67;11904;11;2025;38;SOMENTE PAD;PIRENÓPOLIS;Dia 10;SIM;SUPERMERCADO;90;OURO
SUPERMERCADO NOTA 10;4932254,87;105982,97;11940,37;852,85;255,9;30;14;2;0;130;179;309,53;1574,19;1056,73;6734,75;9;2025;42;SOMENTE PAD;PIRENÓPOLIS;Dia 10;SIM;SUPERMERCADO;90;OURO
SUPERMERCADO NOTA 10;4916030,64;102260,24;12039,03;389,42;375,82;53;31;5;0;115;167;321,59;1670,1;839,03;5173,78;8;2025;74;SOMENTE PAD;PIRENÓPOLIS;Dia 10;SIM;SUPERMERCADO;90;OURO
SUPERMERCADO NOTA 10;4896237,81;100985,26;12114,5;6405,85;3504,05;2080;175;17;0;415;469;694,46;3462,53;442,82;1839,61;3;2026;276;SOMENTE PAD;PIRENÓPOLIS;Dia 10;SIM;SUPERMERCADO;90;OURO
SUPERMERCADO NOTA 10;4730333,82;112821,36;12565,97;233,22;2045,81;73;27;3;7;175;224;361,34;1874,94;2038,88;19448,44;10;2024;117;SOMENTE PAD;PIRENÓPOLIS;Dia 10;SIM;SUPERMERCADO;90;OURO
SUPERMERCADO NOTA 10;4704354,82;92096,79;10876,77;572,23;22,67;84;26;8;0;57;105;241,37;1354,09;49,77;473,21;5;2025;70;SOMENTE PAD;PIRENÓPOLIS;Dia 10;SIM;SUPERMERCADO;90;OURO
SUPERMERCADO NOTA 10;4633267,54;107677,25;11992,6;812,39;679,34;83;36;5;7;43;87;270,39;1526,75;0;524,62;9;2024;236;SOMENTE PAD;PIRENÓPOLIS;Dia 10;SIM;SUPERMERCADO;90;OURO
SUPERMERCADO NOTA 10;4591665,28;109814,22;13177,71;864,99;1930,49;126;42;4;7;118;170;436,11;2293,36;148,35;1973,43;8;2024;236;SOMENTE PAD;PIRENÓPOLIS;Dia 10;SIM;SUPERMERCADO;90;OURO
SUPERMERCADO NOTA 10;4499229,44;109003,98;12725,13;1053,32;1637,78;116;45;6;7;117;163;359,22;1922,48;160,7;3266,47;7;2024;235;SOMENTE PAD;PIRENÓPOLIS;Dia 10;SIM;SUPERMERCADO;90;OURO
SUPERMERCADO NOTA 10;4496962,26;94909,73;10812,81;851,69;13,12;52;23;1;0;60;117;245,89;1331,13;328,38;975,53;6;2025;76;SOMENTE PAD;PIRENÓPOLIS;Dia 10;SIM;SUPERMERCADO;90;OURO
SUPERMERCADO NOTA 10;4442996,45;103868,73;12275,36;313,79;737,93;45;18;3;6;99;149;347,53;1859,68;134,63;2311,04;11;2024;107;SOMENTE PAD;PIRENÓPOLIS;Dia 10;SIM;SUPERMERCADO;90;OURO
SUPERMERCADO NOTA 10;4224024,09;104632,98;12037,27;320,82;651,79;62;21;2;0;59;107;292,8;1590,25;92,77;673,02;2;2025;68;SOMENTE PAD;PIRENÓPOLIS;Dia 10;SIM;SUPERMERCADO;90;OURO
SUPERMERCADO NOTA 10;3947423,21;65822,36;6470,38;255,98;176,83;48;20;1;0;73;135;146,27;786,1;2665,59;2935,14;12;2023;890;SOMENTE PAD;PIRENÓPOLIS;Dia 10;SIM;SUPERMERCADO;90;OURO
SUPERMERCADO NOTA 10;3759123,81;74476,54;6848,82;1119,79;1053,67;453;109;20;106;224;240;77,29;371,72;234,11;554,94;12;2022;0;SOMENTE PAD;PIRENÓPOLIS;Dia 10;SIM;SUPERMERCADO;90;OURO
SUPERMERCADO NOTA 10;3477235,22;58922,7;5827,1;208,13;284,55;43;36;12;45;70;119;161,28;844,54;2894,47;1281,75;1;2024;889;SOMENTE PAD;PIRENÓPOLIS;Dia 10;SIM;SUPERMERCADO;90;OURO
SUPERMERCADO NOTA 10;3271945,21;50314,32;4966,61;299,05;278,81;72;24;11;33;95;137;146,76;795,89;521,34;1498,03;3;2024;807;SOMENTE PAD;PIRENÓPOLIS;Dia 10;SIM;SUPERMERCADO;90;OURO
SUPERMERCADO NOTA 10;3258104,91;74833,54;7450,33;453,3;160,14;70;24;3;177;90;143;2382,54;11501,63;162,86;445;4;2023;772;SOMENTE PAD;PIRENÓPOLIS;Dia 10;SIM;SUPERMERCADO;90;OURO
SUPERMERCADO NOTA 10;3230035;70857,91;3934,21;4652,22;950,58;654;151;16;288;286;343;2867,48;13954,64;277,33;102035;1;2023;286;SOMENTE PAD;PIRENÓPOLIS;Dia 10;SIM;SUPERMERCADO;90;OURO
SUPERMERCADO NOTA 10;3196800,99;67235,38;6527,45;1515,37;1596,04;469;168;16;89;162;171;198,94;927,59;160,6;308,87;10;2022;0;SOMENTE PAD;PIRENÓPOLIS;Dia 10;SIM;SUPERMERCADO;90;OURO
SUPERMERCADO NOTA 10;3191450,77;63436,09;6343,61;188,29;1744,91;151;129;2;0;100;143;158,69;841,03;2926,83;911,51;10;2023;217;SOMENTE PAD;PIRENÓPOLIS;Dia 10;SIM;SUPERMERCADO;90;OURO
SUPERMERCADO NOTA 10;3189490,91;59945,58;5994,56;83,14;2755,24;318;294;0;0;54;105;144,77;833,84;656,77;159,36;9;2023;325;SOMENTE PAD;PIRENÓPOLIS;Dia 10;SIM;SUPERMERCADO;90;OURO
SUPERMERCADO NOTA 10;3151755,32;66474,83;6432,5;416,49;2482,49;935;282;9;88;170;207;101,07;468,84;85,56;286,44;7;2022;0;SOMENTE PAD;PIRENÓPOLIS;Dia 10;SIM;SUPERMERCADO;90;OURO
SUPERMERCADO NOTA 10;3135422,15;57131,33;5671,74;123,03;368,85;52;48;1;0;77;120;136,99;727,04;3268,67;999,73;11;2023;956;SOMENTE PAD;PIRENÓPOLIS;Dia 10;SIM;SUPERMERCADO;90;OURO
SUPERMERCADO NOTA 10;3122057,02;59706,06;5936,02;134,01;1976,72;334;302;1;0;41;93;132,61;800,47;453,97;77,68;8;2023;307;SOMENTE PAD;PIRENÓPOLIS;Dia 10;SIM;SUPERMERCADO;90;OURO
SUPERMERCADO NOTA 10;3106821,69;51380,97;5138,1;114,85;249,07;66;51;13;37;107;153;185,47;951,43;2252,73;1341,66;2;2024;855;SOMENTE PAD;PIRENÓPOLIS;Dia 10;SIM;SUPERMERCADO;90;OURO
SUPERMERCADO NOTA 10;3097122,02;66619,9;7525,95;443,61;282,95;50;26;4;6;180;229;1299,17;6145,68;799,04;2122,83;6;2024;194;SOMENTE PAD;PIRENÓPOLIS;Dia 10;SIM;SUPERMERCADO;90;OURO
SUPERMERCADO NOTA 10;3081225,24;78792,29;7832,86;877,46;914,11;470;141;15;80;174;184;131,95;608,35;193,3;707,57;11;2022;0;SOMENTE PAD;PIRENÓPOLIS;Dia 10;SIM;SUPERMERCADO;90;OURO
SUPERMERCADO NOTA 10;3025977,82;70247,09;1538,25;7008,02;382,87;300;39;9;222;213;278;2378,27;11505,03;114,51;1104,38;2;2023;222;SOMENTE PAD;PIRENÓPOLIS;Dia 10;SIM;SUPERMERCADO;90;OURO
SUPERMERCADO NOTA 10;3016362,29;50037,44;5983,17;637,53;383,07;187;32;5;30;139;184;190,61;975,24;3309,19;5658,83;4;2024;221;SOMENTE PAD;PIRENÓPOLIS;Dia 10;SIM;SUPERMERCADO;90;OURO
SUPERMERCADO NOTA 10;3006301,22;59201,8;5773,26;238,77;1292,9;119;86;43;0;38;83;115,2;710,99;15,76;127,3;7;2023;366;SOMENTE PAD;PIRENÓPOLIS;Dia 10;SIM;SUPERMERCADO;90;OURO
SUPERMERCADO NOTA 10;2945864,13;75840,28;7316,63;547,28;143,35;232;69;2;0;151;197;899,59;4236,54;11,3;923,8;3;2023;621;SOMENTE PAD;PIRENÓPOLIS;Dia 10;SIM;SUPERMERCADO;90;OURO
SUPERMERCADO NOTA 10;2910244,71;78415,81;7568,02;1190,29;2319,18;749;555;12;82;114;124;80,71;385,87;125,88;174,41;9;2022;0;SOMENTE PAD;PIRENÓPOLIS;Dia 10;SIM;SUPERMERCADO;90;OURO
SUPERMERCADO NOTA 10;2906272,55;35982,55;3550,68;1476,08;1664,15;410;269;12;63;190;366;247,29;1144,91;154,69;387;12;2021;0;SOMENTE PAD;PIRENÓPOLIS;Dia 10;SIM;SUPERMERCADO;90;OURO
SUPERMERCADO NOTA 10;2895140,83;45184,76;5409,42;381,34;117,97;52;25;3;6;117;163;186,79;997,56;479,1;104,46;5;2024;195;SOMENTE PAD;PIRENÓPOLIS;Dia 10;SIM;SUPERMERCADO;90;OURO
SUPERMERCADO NOTA 10;2788219,19;56259,72;5526,74;361,91;440,24;108;56;4;178;33;80;93,57;540,85;13,36;151,96;6;2023;632;SOMENTE PAD;PIRENÓPOLIS;Dia 10;SIM;SUPERMERCADO;90;OURO
SUPERMERCADO NOTA 10;2769190,28;67799,98;6765,51;335,94;858,51;108;78;11;186;55;97;123,55;669,96;129,74;647,98;5;2023;731;SOMENTE PAD;PIRENÓPOLIS;Dia 10;SIM;SUPERMERCADO;90;OURO
SUPERMERCADO NOTA 10;2715031;51793,66;5048,35;968,14;1630,66;422;205;9;82;189;215;2676,73;13305,94;34,09;371,88;5;2022;0;SOMENTE PAD;PIRENÓPOLIS;Dia 10;SIM;SUPERMERCADO;90;OURO
SUPERMERCADO NOTA 10;2634740,94;66630,76;6010,42;1429,11;1601,71;687;254;5;84;128;150;117,29;538;45,82;197,09;6;2022;0;SOMENTE PAD;PIRENÓPOLIS;Dia 10;SIM;SUPERMERCADO;90;OURO
SUPERMERCADO NOTA 10;2536984;41107,21;1971,97;926,99;1223,41;344;162;8;25;166;196;970,1;4930,32;68,43;199,31;4;2022;0;SOMENTE PAD;PIRENÓPOLIS;Dia 10;SIM;SUPERMERCADO;90;OURO
SUPERMERCADO NOTA 10;2465112,42;72591,84;7080,61;1816,13;6962,86;830;637;4;78;113;131;76,5;364,55;117,9;251,43;8;2022;0;SOMENTE PAD;PIRENÓPOLIS;Dia 10;SIM;SUPERMERCADO;90;OURO
SUPERMERCADO NOTA 10;2206492,41;34240,24;1853,69;1158,19;1328,18;439;214;9;30;139;161;180,52;843,88;54,34;274,87;1;2022;0;SOMENTE PAD;PIRENÓPOLIS;Dia 10;SIM;SUPERMERCADO;90;OURO
SUPERMERCADO NOTA 10;2019548,29;37307,63;3623,63;854,86;1116,32;310;163;5;13;137;723;309,46;1436,83;103,02;162,62;3;2022;0;SOMENTE PAD;PIRENÓPOLIS;Dia 10;SIM;SUPERMERCADO;90;OURO
SUPERMERCADO NOTA 10;2005587;31335,33;3063,26;756,35;1166,03;298;161;8;16;116;131;186,43;861,69;103,15;174,4;2;2022;0;SOMENTE PAD;PIRENÓPOLIS;Dia 10;SIM;SUPERMERCADO;90;OURO
SUPERMERCADO NOTA 10;2004883,72;46984,22;4245,39;2025,09;2068,23;534;307;11890;113;336;470;414,83;1909,77;126,67;1210,37;8;2021;0;SOMENTE PAD;PIRENÓPOLIS;Dia 10;SIM;SUPERMERCADO;90;OURO
SUPERMERCADO NOTA 10;1829253,49;35238,98;1201,33;4211,4;1805,54;605;197;11531;436;403;572;350,5;1614,08;284,25;1232,82;7;2021;0;SOMENTE PAD;PIRENÓPOLIS;Dia 10;SIM;SUPERMERCADO;90;OURO
SUPERMERCADO NOTA 10;1792391,07;32858,7;3165,13;442,19;1177,41;298;244;10;45;108;301;132,85;613,83;46,88;149,04;11;2021;0;SOMENTE PAD;PIRENÓPOLIS;Dia 10;SIM;SUPERMERCADO;90;OURO
SUPERMERCADO NOTA 10;1786995,23;38537,25;3191,57;1640,39;2532,56;421;319;39;102;187;248;170,55;792,32;39,38;1438,76;9;2021;0;SOMENTE PAD;PIRENÓPOLIS;Dia 10;SIM;SUPERMERCADO;90;OURO
SUPERMERCADO NOTA 10;1591769,59;29526,12;2776,97;345,15;873,15;192;118;9;37;123;137;205,74;951,74;23,81;508,23;10;2021;0;SOMENTE PAD;PIRENÓPOLIS;Dia 10;SIM;SUPERMERCADO;90;OURO
SUPERMERCADO NOTA 10;1584644,5;21874,57;2187,46;3061,84;1800,14;616;173;28;390;276;3139;117,66;540,62;269,86;545,93;6;2021;0;SOMENTE PAD;PIRENÓPOLIS;Dia 10;SIM;SUPERMERCADO;90;OURO
SUPERMERCADO NOTA 10;1541704,06;0;0;2642,11;2215,5;674;192;107;365;373;3513;421,09;1936,09;308,56;4792,11;3;2021;0;SOMENTE PAD;PIRENÓPOLIS;Dia 10;NÃO;SUPERMERCADO;90;OURO
SUPERMERCADO NOTA 10;696735,7;0;0;1534,65;785,7;761;174;32;458;357;3821;109,13;503,36;108,66;421,78;4;2021;0;SOMENTE PAD;PIRENÓPOLIS;Dia 10;NÃO;SUPERMERCADO;90;OURO
SUPERMERCADO OLHO D'ÁGUA;935703,06;0;0;1650,19;2505,79;421;423;404;5;135;145;80,66;371,18;194,8;457,22;8;2026;42;ATIVO;BRASÍLIA;Dia 10;NÃO;SUPERMERCADO;33;PRATA
SUPERMERCADO OLHO D'ÁGUA;811603,65;0;0;2673,13;4253,9;388;375;370;21;141;148;105,68;487,65;70,44;373,57;5;2026;29;ATIVO;BRASÍLIA;Dia 10;NÃO;SUPERMERCADO;33;PRATA
SUPERMERCADO OLHO D'ÁGUA;779703,98;0;0;2870,94;4110,62;360;372;335;34;123;125;75,3;348,92;39,91;223,61;6;2026;37;ATIVO;BRASÍLIA;Dia 10;NÃO;SUPERMERCADO;33;PRATA
SUPERMERCADO OLHO D'ÁGUA;771463,9;0;0;3097,89;4357,91;419;408;399;34;137;143;72,49;335,16;29,46;377,47;3;2026;30;ATIVO;BRASÍLIA;Dia 10;NÃO;SUPERMERCADO;33;PRATA
SUPERMERCADO OLHO D'ÁGUA;747770,4;0;0;740,78;5570,77;985;962;940;219;254;512;443,08;2041,74;212,74;884,93;11;2025;34;ATIVO;BRASÍLIA;Dia 10;NÃO;SUPERMERCADO;33;PRATA
SUPERMERCADO OLIVEIRA BARROS;699927,76;0;0;279,17;413,09;123;34;3;24;102;186;79,79;368,05;107,1;149,48;12;2023;95;ATIVO;SENADOR CANEDO;Dia 20;NÃO;SUPERMERCADO;167;BRONZE
SUPERMERCADO OLIVEIRA BARROS;618359,81;0;0;3,49;117,02;48;21;1;20;30;90;13,26;61,41;1,12;47,97;5;2024;20;ATIVO;SENADOR CANEDO;Dia 20;NÃO;SUPERMERCADO;167;BRONZE
SUPERMERCADO OLIVEIRA BARROS;606041,74;0;0;4,85;46,56;24;18;0;22;18;65;10,16;47,39;2,22;0;3;2024;14;ATIVO;SENADOR CANEDO;Dia 20;NÃO;SUPERMERCADO;167;BRONZE
SUPERMERCADO OLIVEIRA BARROS;605257,88;0;0;16,94;232,27;75;37;0;15;33;82;17,31;80,64;13,12;1,53;1;2024;54;ATIVO;SENADOR CANEDO;Dia 20;NÃO;SUPERMERCADO;167;BRONZE
SUPERMERCADO OLIVEIRA BARROS;605224,59;0;0;1406,77;209,1;126;35;3;209;105;213;77,69;359,34;106,23;275,74;10;2023;286;ATIVO;SENADOR CANEDO;Dia 20;NÃO;SUPERMERCADO;167;BRONZE
SUPERMERCADO OLIVEIRA BARROS;589719,48;0;0;11,85;80,51;71;24;0;9;29;84;9,05;41,89;5,55;26,53;6;2024;29;ATIVO;SENADOR CANEDO;Dia 20;NÃO;SUPERMERCADO;167;BRONZE
SUPERMERCADO OLIVEIRA BARROS;585404,88;0;0;5,33;209,81;373;21;0;19;31;95;11,6;54,17;4,46;32,48;4;2024;22;ATIVO;SENADOR CANEDO;Dia 20;NÃO;SUPERMERCADO;167;BRONZE
SUPERMERCADO OLIVEIRA BARROS;584572,29;0;0;7,94;78,35;40;25;1;16;36;83;28,19;130,73;0,6;0;2;2024;222;ATIVO;SENADOR CANEDO;Dia 20;NÃO;SUPERMERCADO;167;BRONZE
SUPERMERCADO OLIVEIRA BARROS;571320,24;0;0;28,14;80,73;20;15;1;18;2;62;0;0;0;7,36;7;2024;18;ATIVO;SENADOR CANEDO;Dia 20;NÃO;SUPERMERCADO;167;BRONZE
SUPERMERCADO OLIVEIRA BARROS;535692,56;0;0;9,19;22,03;53;7;1;14;8;26;5,19;24,16;0;3,69;8;2024;8;ATIVO;SENADOR CANEDO;Dia 20;NÃO;SUPERMERCADO;167;BRONZE
SUPERMERCADO OLIVEIRA BARROS;508491,81;0;0;8,74;3,33;3;2;0;7;4;12;10,99;50,68;0;0;12;2024;4;ATIVO;SENADOR CANEDO;Dia 20;NÃO;SUPERMERCADO;167;BRONZE
SUPERMERCADO OLIVEIRA BARROS;499353,61;0;0;9,28;22,06;7;7;0;11;2;11;0,33;1,52;0;11,97;10;2024;7;ATIVO;SENADOR CANEDO;Dia 20;NÃO;SUPERMERCADO;167;BRONZE
SUPERMERCADO OLIVEIRA BARROS;488909,37;0;0;1,65;14,19;8;8;0;14;5;5;5,69;26,17;0;2,66;9;2024;8;ATIVO;SENADOR CANEDO;Dia 20;NÃO;SUPERMERCADO;167;BRONZE
SUPERMERCADO OLIVEIRA BARROS;457174,55;0;0;3,5;6,15;4;2;0;11;2;8;0,53;2,43;0;0;11;2024;5;ATIVO;SENADOR CANEDO;Dia 20;NÃO;SUPERMERCADO;167;BRONZE
SUPERMERCADO OLIVEIRA BARROS;439595,16;0;0;9,17;0,16;4;2;2;0;8;8;7,89;36,4;0,6;0;5;2026;9,17;ATIVO;SENADOR CANEDO;Dia 20;NÃO;SUPERMERCADO;167;BRONZE
SUPERMERCADO OLIVEIRA BARROS;432843,73;0;0;0,2;0,78;0;0;0;0;0;0;0;0;0;0;8;2025;0;ATIVO;SENADOR CANEDO;Dia 20;NÃO;SUPERMERCADO;167;BRONZE
SUPERMERCADO OLIVEIRA BARROS;430069,43;0;0;4,13;30,53;6;5;0;6;5;14;6,25;28,79;0;0;1;2025;5;ATIVO;SENADOR CANEDO;Dia 20;NÃO;SUPERMERCADO;167;BRONZE
SUPERMERCADO OLIVEIRA BARROS;428237,78;0;0;3,43;0,62;1;0;0;0;0;0;0,08;0,24;0;0;7;2025;1;ATIVO;SENADOR CANEDO;Dia 20;NÃO;SUPERMERCADO;167;BRONZE
SUPERMERCADO OLIVEIRA BARROS;426541,05;0;0;1,89;0,81;3;0;0;0;0;0;0,04;0,12;0;0;10;2025;3;ATIVO;SENADOR CANEDO;Dia 20;NÃO;SUPERMERCADO;167;BRONZE
SUPERMERCADO OLIVEIRA BARROS;418769,63;0;0;0,98;3,56;2;1;0;0;5;5;4,64;21,34;0;0;1;2026;2;ATIVO;SENADOR CANEDO;Dia 20;NÃO;SUPERMERCADO;167;BRONZE
SUPERMERCADO OLIVEIRA BARROS;409268,38;0;0;34,23;1,21;4;1;0;0;1;1;0;0;0;61,72;3;2025;4;ATIVO;SENADOR CANEDO;Dia 20;NÃO;SUPERMERCADO;167;BRONZE
SUPERMERCADO OLIVEIRA BARROS;407981,65;0;0;8,27;0;16;0;0;0;4;4;9,14;42,48;0;0;4;2026;2;ATIVO;SENADOR CANEDO;Dia 20;NÃO;SUPERMERCADO;167;BRONZE
SUPERMERCADO OLIVEIRA BARROS;407490,77;0;0;13,32;0;1;0;0;0;3;3;6,53;29,81;0;0;3;2026;2;ATIVO;SENADOR CANEDO;Dia 20;NÃO;SUPERMERCADO;167;BRONZE
SUPERMERCADO OLIVEIRA BARROS;404723,13;0;0;0;0;2;2;0;0;5;5;7,59;34,96;0;0;6;2026;2;ATIVO;SENADOR CANEDO;Dia 20;NÃO;SUPERMERCADO;167;BRONZE
SUPERMERCADO OLIVEIRA BARROS;394659,79;0;0;1,07;2,25;11;0;0;0;0;0;0,02;0,06;0;0;9;2025;1;ATIVO;SENADOR CANEDO;Dia 20;NÃO;SUPERMERCADO;167;BRONZE
SUPERMERCADO OLIVEIRA BARROS;393233,3;0;0;9,16;0,58;4;0;0;0;0;0;0,08;0,32;0;0;6;2025;8;ATIVO;SENADOR CANEDO;Dia 20;NÃO;SUPERMERCADO;167;BRONZE
SUPERMERCADO OLIVEIRA BARROS;380511,66;0;0;5,52;0,3;2;1;0;0;1;1;0;0;0;5,56;4;2025;2;ATIVO;SENADOR CANEDO;Dia 20;NÃO;SUPERMERCADO;167;BRONZE
SUPERMERCADO OLIVEIRA BARROS;375913,51;0;0;2,52;0;1;0;0;0;6;6;7,63;35,08;0;0;2;2026;2;ATIVO;SENADOR CANEDO;Dia 20;NÃO;SUPERMERCADO;167;BRONZE
SUPERMERCADO OLIVEIRA BARROS;364557,58;0;0;53,01;1,56;7;2;0;0;9;13;0,61;2,81;0;93,79;2;2025;6;ATIVO;SENADOR CANEDO;Dia 20;NÃO;SUPERMERCADO;167;BRONZE
SUPERMERCADO OLIVEIRA BARROS;319093,95;0;0;14,21;8,58;15;13;7;0;15;42;0,7;3,18;1,12;1,12;5;2025;121;ATIVO;SENADOR CANEDO;Dia 20;NÃO;SUPERMERCADO;167;BRONZE
SUPERMERCADO PAINEIRAS;1693453,08;0;0;698,94;345,1;307;32;2;0;112;122;14,45;63,22;171,69;515,16;12;2025;237;ATIVO;EDÉIA;Dia 20;NÃO;SUPERMERCADO;187;BRONZE
SUPERMERCADO PAINEIRAS;1546223,24;;;118,25;37,07;59;17;2;88;44;47;13,37;61,54;32,95;320,17;7;2026;7;ATIVO;EDÉIA;Dia 20;NÃO;SUPERMERCADO;187;BRONZE
SUPERMERCADO PAINEIRAS;1535610,18;0;0;187,73;73,4;153;24;1;0;58;63;11,27;50,75;32,96;170,84;5;2026;50;ATIVO;EDÉIA;Dia 20;NÃO;SUPERMERCADO;187;BRONZE
SUPERMERCADO PAINEIRAS;1525855,33;0;0;106,22;78,05;55;54;3;0;32;33;6,7;28,05;29,3;73,89;6;2026;32;ATIVO;EDÉIA;Dia 20;NÃO;SUPERMERCADO;187;BRONZE
SUPERMERCADO PAINEIRAS;1522087,11;0;0;790,97;497,96;334;72;24;0;198;216;30,34;137,58;355,51;516,75;4;2026;262;ATIVO;EDÉIA;Dia 20;NÃO;SUPERMERCADO;187;BRONZE
SUPERMERCADO PAINEIRAS;1481957;0;0;1103,02;389,71;688;40;8;0;128;143;30,54;136,57;191,95;580,84;1;2026;442;ATIVO;EDÉIA;Dia 20;NÃO;SUPERMERCADO;187;BRONZE
SUPERMERCADO PAINEIRAS;1459268,33;0;0;1054,85;277,15;436;42;1;0;180;198;34,99;157,56;351,34;661,65;3;2026;287;ATIVO;EDÉIA;Dia 20;NÃO;SUPERMERCADO;187;BRONZE
SUPERMERCADO PAINEIRAS;1337369,71;0;0;1013,97;789,53;172;63;42;0;198;227;41,43;189,61;285,45;1241;5;2025;223;ATIVO;EDÉIA;Dia 20;NÃO;SUPERMERCADO;187;BRONZE
SUPERMERCADO PAINEIRAS;1321640,79;0;0;872,26;188,17;455;27;1;0;136;152;33,42;150,89;159,77;566,72;2;2026;280;ATIVO;EDÉIA;Dia 20;NÃO;SUPERMERCADO;187;BRONZE
SUPERMERCADO PAINEIRAS;1317118,03;0;0;413,64;460,09;244;28;1;0;110;120;25,57;116,17;158,33;336,62;10;2025;239;ATIVO;EDÉIA;Dia 20;NÃO;SUPERMERCADO;187;BRONZE
SUPERMERCADO PAINEIRAS;1289019,21;0;0;151,57;264,59;144;24;2;0;95;106;16,06;72,36;27,93;537,43;8;2025;197;ATIVO;EDÉIA;Dia 20;NÃO;SUPERMERCADO;187;BRONZE
SUPERMERCADO PAINEIRAS;1285416,15;0;0;911,11;702,43;138;38;13;0;154;177;30,87;140,93;178,08;988,49;4;2025;231;ATIVO;EDÉIA;Dia 20;NÃO;SUPERMERCADO;187;BRONZE
SUPERMERCADO PAINEIRAS;1272947,51;0;0;437,53;533,36;123;43;10;0;123;140;53,31;243,34;54,15;665,8;6;2025;148;ATIVO;EDÉIA;Dia 20;NÃO;SUPERMERCADO;187;BRONZE
SUPERMERCADO PAINEIRAS;1253589,29;0;0;37,18;226,21;45;5;2;0;25;26;6,8;31,76;7,35;152,76;7;2025;14;ATIVO;EDÉIA;Dia 20;NÃO;SUPERMERCADO;187;BRONZE
SUPERMERCADO PAINEIRAS;1196937,41;0;0;630,86;1092,45;164;94;21;0;355;371;168,88;249,93;345,81;1705,15;12;2023;91;ATIVO;EDÉIA;Dia 20;NÃO;SUPERMERCADO;187;BRONZE
SUPERMERCADO PAINEIRAS;1182441,41;0;0;537,43;461,19;108;33;14;0;133;154;27,44;124,98;137,73;868,54;3;2025;213;ATIVO;EDÉIA;Dia 20;NÃO;SUPERMERCADO;187;BRONZE
SUPERMERCADO PAINEIRAS;1173663,12;0;0;492,8;928,87;175;103;72;0;178;293;109,11;505,27;258,13;563,92;12;2024;62;ATIVO;EDÉIA;Dia 20;NÃO;SUPERMERCADO;187;BRONZE
SUPERMERCADO PAINEIRAS;1132491,2;0;0;937,05;885,97;263;27;13;0;118;127;188,79;360,79;219,4;507,19;1;2024;173;ATIVO;EDÉIA;Dia 20;NÃO;SUPERMERCADO;187;BRONZE
SUPERMERCADO PAINEIRAS;1128099,69;0;0;484,11;848,54;118;19;8;0;86;89;153,48;301,49;143,16;663,07;5;2024;41;ATIVO;EDÉIA;Dia 20;NÃO;SUPERMERCADO;187;BRONZE
SUPERMERCADO PAINEIRAS;1125294,66;0;0;492,82;875,62;115;13;5;0;73;79;160,2;224,17;121,22;346,1;3;2024;34;ATIVO;EDÉIA;Dia 20;NÃO;SUPERMERCADO;187;BRONZE
SUPERMERCADO PAINEIRAS;1101721,25;0;0;998,41;835,69;251;88;59;0;204;309;145,32;671,91;262,61;878,05;1;2025;236;ATIVO;EDÉIA;Dia 20;NÃO;SUPERMERCADO;187;BRONZE
SUPERMERCADO PAINEIRAS;1101156,48;0;0;365,59;656,24;549;36;1;0;78;81;130,36;229,56;99,83;356,22;4;2024;37;ATIVO;EDÉIA;Dia 20;NÃO;SUPERMERCADO;187;BRONZE
SUPERMERCADO PAINEIRAS;1093376,98;0;0;458,81;3150,45;239;194;216;0;245;385;130,67;602,87;113,61;620,03;11;2024;43;ATIVO;EDÉIA;Dia 20;NÃO;SUPERMERCADO;187;BRONZE
SUPERMERCADO PAINEIRAS;1075805,01;0;0;287,22;4748,08;347;328;322;0;366;472;233,59;1115,21;18,6;647,88;10;2024;38;ATIVO;EDÉIA;Dia 20;NÃO;SUPERMERCADO;187;BRONZE
SUPERMERCADO PAINEIRAS;1074314,67;0;0;935,83;494,46;146;120;23;0;114;85;148,82;224,71;380,98;128,06;10;2023;43;ATIVO;EDÉIA;Dia 20;NÃO;SUPERMERCADO;187;BRONZE
SUPERMERCADO PAINEIRAS;1070402,78;0;0;919,84;463,73;131;82;12;0;101;109;172,76;342,35;343,54;150,91;9;2023;43;ATIVO;EDÉIA;Dia 20;NÃO;SUPERMERCADO;187;BRONZE
SUPERMERCADO PAINEIRAS;1056033,67;0;0;759,55;770,89;190;35;18;0;89;95;183,32;371,94;87,37;277,91;2;2024;110;ATIVO;EDÉIA;Dia 20;NÃO;SUPERMERCADO;187;BRONZE
SUPERMERCADO PAINEIRAS;1039385,43;0;0;1763,91;894,6;87;26;5;235;45;52;1593,58;6754,4;3,81;104,43;12;2022;0;ATIVO;EDÉIA;Dia 20;NÃO;SUPERMERCADO;187;BRONZE
SUPERMERCADO PAINEIRAS;1036403,22;0;0;455,12;1092,83;113;23;10;0;103;104;134,64;254,33;122,58;198,61;6;2024;40;ATIVO;EDÉIA;Dia 20;NÃO;SUPERMERCADO;187;BRONZE
SUPERMERCADO PAINEIRAS;1031228,49;0;0;230,24;491,64;144;71;7;0;94;102;165,24;288,65;91,78;120,78;8;2023;126;ATIVO;EDÉIA;Dia 20;NÃO;SUPERMERCADO;187;BRONZE
SUPERMERCADO PAINEIRAS;1030876,49;0;0;496,57;683,59;201;75;37;0;230;347;145,66;675,93;675,93;1020,86;2;2025;223;ATIVO;EDÉIA;Dia 20;NÃO;SUPERMERCADO;187;BRONZE
SUPERMERCADO PAINEIRAS;1030283,51;0;0;435,07;489,78;172;15;8;0;82;111;173,81;304,62;63,15;143,62;7;2023;534;ATIVO;EDÉIA;Dia 20;NÃO;SUPERMERCADO;187;BRONZE
SUPERMERCADO PAINEIRAS;1012800,8;0;0;740,62;663,91;174;30;16;242;57;96;202,77;462,74;48,19;325,71;5;2023;751;ATIVO;EDÉIA;Dia 20;NÃO;SUPERMERCADO;187;BRONZE
SUPERMERCADO PAINEIRAS;995084,68;0;0;342,1;550,15;86;23;4;0;90;94;118,34;206,04;137,31;237,39;7;2024;38;ATIVO;EDÉIA;Dia 20;NÃO;SUPERMERCADO;187;BRONZE
SUPERMERCADO PAINEIRAS;987659,92;0;0;1180,09;354,37;118;24;4;0;118;121;112,25;188,15;161,87;302,26;9;2024;38;ATIVO;EDÉIA;Dia 20;NÃO;SUPERMERCADO;187;BRONZE
SUPERMERCADO PAINEIRAS;981673,35;0;0;684,73;626,61;188;43;16;227;82;112;274,11;773,97;5,31;229,72;3;2023;852;ATIVO;EDÉIA;Dia 20;NÃO;SUPERMERCADO;187;BRONZE
SUPERMERCADO PAINEIRAS;980350,19;0;0;946,88;509,66;137;73;24;0;120;130;145,91;247,43;265,19;425,56;11;2023;77;ATIVO;EDÉIA;Dia 20;NÃO;SUPERMERCADO;187;BRONZE
SUPERMERCADO PAINEIRAS;969873,94;0;0;535,98;593,5;175;25;15;235;75;116;190,33;420,47;39,8;86,23;6;2023;707;ATIVO;EDÉIA;Dia 20;NÃO;SUPERMERCADO;187;BRONZE
SUPERMERCADO PAINEIRAS;938036,14;0;0;5071,23;3554,3;361;201;10;252;50;55;1375,01;5763,23;19,63;185,53;10;2022;0;ATIVO;EDÉIA;Dia 20;NÃO;SUPERMERCADO;187;BRONZE
SUPERMERCADO PAINEIRAS;933918,78;0;0;1255,42;926,15;205;41;5;241;114;137;1412,62;5934,05;435,41;1598,18;1;2023;993;ATIVO;EDÉIA;Dia 20;NÃO;SUPERMERCADO;187;BRONZE
SUPERMERCADO PAINEIRAS;928653,76;0;0;461,91;1306,86;242;125;17;227;84;125;200,77;499,02;27,41;143,72;4;2023;823;ATIVO;EDÉIA;Dia 20;NÃO;SUPERMERCADO;187;BRONZE
SUPERMERCADO PAINEIRAS;893465,24;0;0;3302,04;2639,94;268;135;7;257;76;86;1307,52;5538,76;96,84;363,15;11;2022;0;ATIVO;EDÉIA;Dia 20;NÃO;SUPERMERCADO;187;BRONZE
SUPERMERCADO PAINEIRAS;839173,6;0;0;503,59;502,08;129;19;2;227;54;66;1292,73;5467,8;0;147,76;2;2023;832;ATIVO;EDÉIA;Dia 20;NÃO;SUPERMERCADO;187;BRONZE
SUPERMERCADO PARAÍSO;472066,71;0;0;65,47;33,48;32;6;9;0;17;17;0;30,19;0;152,58;7;2026;6;ATIVO;ALTO PARAÍSO DE GOIÁS;Dia 10;NÃO;SUPERMERCADO;127;OURO
SUPERMERCADO PARAÍSO;463776,7;0;0;129,35;279,06;124;14;4;0;32;32;26,89;124,13;12,96;205,52;4;2026;26;ATIVO;ALTO PARAÍSO DE GOIÁS;Dia 10;NÃO;SUPERMERCADO;127;OURO
SUPERMERCADO PARAÍSO;428820,69;0;0;220,12;451,23;236;165;1;0;117;196;50,84;235,28;15,67;362,18;1;2026;59;ATIVO;ALTO PARAÍSO DE GOIÁS;Dia 10;NÃO;SUPERMERCADO;127;OURO
SUPERMERCADO PARAÍSO;421410,17;0;0;263,74;115,81;134;22;5;0;71;74;26,18;120,65;17,33;252,5;2;2026;27;ATIVO;ALTO PARAÍSO DE GOIÁS;Dia 10;NÃO;SUPERMERCADO;127;OURO
SUPERMERCADO PARAÍSO;407846,84;0;0;76,79;107,12;93;6;22;0;19;19;6,75;31,25;8,19;96,96;5;2026;15;ATIVO;ALTO PARAÍSO DE GOIÁS;Dia 10;NÃO;SUPERMERCADO;127;OURO
SUPERMERCADO PARAÍSO;406294,72;0;0;32,37;46,37;25;10;3;0;10;12;0,99;4,59;1,55;85,43;8;2026;11;ATIVO;ALTO PARAÍSO DE GOIÁS;Dia 10;NÃO;SUPERMERCADO;127;OURO
SUPERMERCADO PARAÍSO;398227,86;0;0;108,49;149,38;103;17;3;0;41;43;15,71;72,78;17,73;181,38;3;2026;24;ATIVO;ALTO PARAÍSO DE GOIÁS;Dia 10;NÃO;SUPERMERCADO;127;OURO
SUPERMERCADO PARAÍSO;395938,92;0;0;37,5;19,81;36;5;8;0;6;6;0,31;1,48;0;42,21;6;2026;4;ATIVO;ALTO PARAÍSO DE GOIÁS;Dia 10;NÃO;SUPERMERCADO;127;OURO
SUPERMERCADO PARAÍSO;395938,92;0;0;37,5;19,81;36;5;8;0;6;6;0,31;1,48;0;42,21;6;2026;4;ATIVO;ALTO PARAÍSO DE GOIÁS;Dia 10;NÃO;SUPERMERCADO;127;OURO
SUPERMERCADO PÉROLA;688383,07;1613,89;193,67;634,96;410,2;87;47;21;0;84;128;48,69;225,76;53,63;224,79;5;2026;45;ATIVO;FORMOSA;Dia 10;SIM;SUPERMERCADO;121;PRATA
SUPERMERCADO PÉROLA;644548,69;1309,38;157,13;276,91;378,91;101;63;24;0;83;127;59,88;283,5;22,42;426,4;6;2026;59;ATIVO;FORMOSA;Dia 10;SIM;SUPERMERCADO;121;PRATA
SUPERMERCADO PÉROLA;635084,74;1163,21;137,88;311,75;365,84;81;47;17;0;53;98;0;197,04;0;94,68;7;2026;49;ATIVO;FORMOSA;Dia 10;SIM;SUPERMERCADO;121;PRATA
SUPERMERCADO PÉROLA;610976,93;1393,1;163,67;233,85;228,89;51;23;9;0;42;84;21,27;100,08;9,13;121,47;4;2026;24;ATIVO;FORMOSA;Dia 10;SIM;SUPERMERCADO;121;PRATA
SUPERMERCADO PÉROLA;607918,02;1157,05;134,61;97,58;308,65;65;50;59;423;40;81;597,24;3173,88;4,04;25,1;8;2026;25;ATIVO;FORMOSA;Dia 10;SIM;SUPERMERCADO;121;PRATA
SUPERMERCADO PÉROLA;584897,47;1299,65;147,39;124,65;85,77;34;14;3;0;14;54;13,31;60,18;0;60,38;12;2025;30;ATIVO;FORMOSA;Dia 10;SIM;SUPERMERCADO;121;PRATA
SUPERMERCADO PÉROLA;520990,51;1191,23;140,02;69,17;31,91;19;7;3;0;7;48;6,18;28,38;0,1;43,57;11;2025;13;ATIVO;FORMOSA;Dia 10;SIM;SUPERMERCADO;121;PRATA
SUPERMERCADO PÉROLA;517974,63;1107,3;130,7;119,25;130,91;434;11;4;0;34;77;7,73;38,9;10,76;85,35;3;2026;24;ATIVO;FORMOSA;Dia 10;SIM;SUPERMERCADO;121;PRATA
SUPERMERCADO PÉROLA;514891,9;0;0;47480,33;1363,65;1270;435;397;0;310;586;278,07;1282,26;96,44;1657,11;8;2025;417;ATIVO;FORMOSA;Dia 10;NÃO;SUPERMERCADO;121;PRATA
SUPERMERCADO PÉROLA;481992,74;1223,94;145,2;102,95;12,01;17;7;4;0;9;47;3,59;16,27;0;16,27;10;2025;13;ATIVO;FORMOSA;Dia 10;SIM;SUPERMERCADO;121;PRATA
SUPERMERCADO PÉROLA;474232,41;1036,19;75,97;192,35;405,64;907;354;323;0;244;458;94,87;438,33;16,84;709,91;9;2025;282;ATIVO;FORMOSA;Dia 10;SIM;SUPERMERCADO;121;PRATA
SUPERMERCADO PÉROLA;470292,34;0;0;4387,82;2284,58;473;262;144;2;154;391;269,27;1241,17;77,81;836,78;5;2025;402;ATIVO;FORMOSA;Dia 10;NÃO;SUPERMERCADO;121;PRATA
SUPERMERCADO PÉROLA;464011,48;962,07;113,07;49,8;77,75;30;59;2;0;19;59;7,36;34,51;1,07;56,3;1;2026;20;ATIVO;FORMOSA;Dia 10;SIM;SUPERMERCADO;121;PRATA
SUPERMERCADO PÉROLA;445993,71;1234,13;131,77;139,42;153,23;60;25;10;0;41;78;18,66;88,36;6,33;75,12;2;2026;42;ATIVO;FORMOSA;Dia 10;SIM;SUPERMERCADO;121;PRATA
SUPERMERCADO PIETROBON;3856606,07;0;0;131,92;17,41;8;9;3;4;4;5;3,59;16,46;0;13,03;8;2026;2;ATIVO;APARECIDA DE GOIÂNIA;Dia 10;NÃO;SUPERMERCADO;15;DIAMANTE
SUPERMERCADO PIETROBON;3820116,28;0;0;690,86;404,6;28;31;7;13;17;18;1,17;5,16;0;423,97;7;2026;21;ATIVO;APARECIDA DE GOIÂNIA;Dia 10;NÃO;SUPERMERCADO;15;DIAMANTE
SUPERMERCADO PIETROBON;3751526,11;0;0;202,1;396,89;176;132;11;0;59;69;134,06;619,22;7,71;261,46;12;2025;165;ATIVO;APARECIDA DE GOIÂNIA;Dia 10;NÃO;SUPERMERCADO;15;DIAMANTE
SUPERMERCADO PIETROBON;3659793,77;0;0;499,65;46,22;41;59;5;0;16;17;9,19;41,37;461,93;8,29;5;2026;31;ATIVO;APARECIDA DE GOIÂNIA;Dia 10;NÃO;SUPERMERCADO;15;DIAMANTE
SUPERMERCADO PIETROBON;3532699,27;0;0;152,41;124,34;29;63;22;0;25;25;83,15;383,29;12,47;215,35;6;2026;25;ATIVO;APARECIDA DE GOIÂNIA;Dia 10;NÃO;SUPERMERCADO;15;DIAMANTE
SUPERMERCADO PIETROBON;3467159,22;0;0;184,4;420,78;93;149;97;0;76;85;110,99;509,52;0;149,84;3;2026;98;ATIVO;APARECIDA DE GOIÂNIA;Dia 10;NÃO;SUPERMERCADO;15;DIAMANTE
SUPERMERCADO PIETROBON;3466142,36;0;0;347,99;441,83;49;58;104;0;52;57;130,84;603,29;36,47;722,68;4;2026;63;ATIVO;APARECIDA DE GOIÂNIA;Dia 10;NÃO;SUPERMERCADO;15;DIAMANTE
SUPERMERCADO PIETROBON;3405581,93;0;0;4446,1;10605,15;796;439;80;0;409;592;568,52;2622,99;41,19;18799,15;10;2025;921;ATIVO;APARECIDA DE GOIÂNIA;Dia 10;NÃO;SUPERMERCADO;15;DIAMANTE
SUPERMERCADO PIETROBON;3332093,2;0;0;247,77;468,82;65;65;5;0;46;48;122,29;565,19;6,2;187,29;1;2026;137;ATIVO;APARECIDA DE GOIÂNIA;Dia 10;NÃO;SUPERMERCADO;15;DIAMANTE
SUPERMERCADO PIETROBON;3214840,21;0;0;2259,37;1650,78;287;92;18;0;190;235;178,51;820,39;42,67;3790,84;11;2025;421;ATIVO;APARECIDA DE GOIÂNIA;Dia 10;NÃO;SUPERMERCADO;15;DIAMANTE
SUPERMERCADO PIETROBON;3152730,1;0;0;157,02;315,02;44;57;4;0;36;39;121,83;563,96;1,78;137,91;2;2026;96;ATIVO;APARECIDA DE GOIÂNIA;Dia 10;NÃO;SUPERMERCADO;15;DIAMANTE
SUPERMERCADO PIETROBON;2912757,64;0;0;6987,48;69308,04;4226;4213;314;0;585;818;481,28;2212,46;0;8922,6;9;2025;4521;ATIVO;APARECIDA DE GOIÂNIA;Dia 10;NÃO;SUPERMERCADO;15;DIAMANTE
SUPERMERCADO PIETROBON;2784731,2;0;0;2225,2;27550,95;698;488;79;0;297;472;236,12;1096,49;0;8035,83;4;2025;624;ATIVO;APARECIDA DE GOIÂNIA;Dia 10;NÃO;SUPERMERCADO;15;DIAMANTE
SUPERMERCADO PIETROBON;2739151,27;0;0;2637,84;25819,09;697;482;75;0;303;465;210,31;968,63;0;9639,65;3;2025;659;ATIVO;APARECIDA DE GOIÂNIA;Dia 10;NÃO;SUPERMERCADO;15;DIAMANTE
SUPERMERCADO PIRIMIX;1710577,3;67211,86;8037,88;198,21;69,45;80;15;6;0;76;97;33,4;175,34;0;32,44;12;2024;25;ATIVO;PIRENÓPOLIS;Dia 25;SIM;SUPERMERCADO;194;PRATA
SUPERMERCADO PIRIMIX;1648429,54;73542,83;8455,17;418,3;52,55;32;6;2;0;66;69;37,45;173,21;0;171,19;12;2025;11;ATIVO;PIRENÓPOLIS;Dia 25;SIM;SUPERMERCADO;194;PRATA
SUPERMERCADO PIRIMIX;1643577,93;78844,55;9315,36;179,06;35,96;46;4;1;0;27;43;8,79;45,29;8,33;10,77;7;2025;9;ATIVO;PIRENÓPOLIS;Dia 25;SIM;SUPERMERCADO;194;PRATA
SUPERMERCADO PIRIMIX;1631045,14;76390,48;8977,29;243,07;186,07;75;23;16;0;57;59;25,53;137,46;22,41;54,56;8;2025;14;ATIVO;PIRENÓPOLIS;Dia 25;SIM;SUPERMERCADO;194;PRATA
SUPERMERCADO PIRIMIX;1592472,35;0;0;137,48;220,43;47;15;4;2;33;41;20,25;90,3;5,21;213,26;7;2024;20;ATIVO;PIRENÓPOLIS;Dia 25;NÃO;SUPERMERCADO;194;PRATA
SUPERMERCADO PIRIMIX;1523309,26;62330,4;7479,65;395,2;54;53;13;7;0;49;52;9,75;66,55;0;174,29;3;2025;10;ATIVO;PIRENÓPOLIS;Dia 25;SIM;SUPERMERCADO;194;PRATA
SUPERMERCADO PIRIMIX;1507417,35;67420,99;8088,64;49,79;35,04;42;7;3;0;24;33;6,32;42,49;8,4;8,18;5;2025;6;ATIVO;PIRENÓPOLIS;Dia 25;SIM;SUPERMERCADO;194;PRATA
SUPERMERCADO PIRIMIX;1506739,38;0;0;459,04;136,14;69;16;11;0;105;116;71,92;329,5;10,61;330,64;5;2024;24;ATIVO;PIRENÓPOLIS;Dia 25;NÃO;SUPERMERCADO;194;PRATA
SUPERMERCADO PIRIMIX;1505777,18;63987,59;7635;243,86;119,9;103;11;3;0;59;102;18,15;105,7;0,42;51,6;1;2025;26;ATIVO;PIRENÓPOLIS;Dia 25;SIM;SUPERMERCADO;194;PRATA
SUPERMERCADO PIRIMIX;1493033,35;76679,1;9201,49;62,37;56,72;27;7;3;0;37;44;18,54;93,77;1,2;99,07;10;2025;5;ATIVO;PIRENÓPOLIS;Dia 25;SIM;SUPERMERCADO;194;PRATA
SUPERMERCADO PIRIMIX;1482897,64;60328,07;7239,37;15,73;70,11;25;34;4;0;18;47;4,87;20,37;8,9;9,91;5;2026;11;ATIVO;PIRENÓPOLIS;Dia 25;NÃO;SUPERMERCADO;194;PRATA
SUPERMERCADO PIRIMIX;1477401,42;63117,02;7574,04;49,74;60,35;22;7;2;0;56;58;70,14;324,15;20,15;31,44;7;2026;5;ATIVO;PIRENÓPOLIS;Dia 25;NÃO;SUPERMERCADO;194;PRATA
SUPERMERCADO PIRIMIX;1472218,75;63783,76;7281,41;395,52;73,35;46;5;3;0;45;51;77,22;363,2;3,51;152,82;1;2026;13;ATIVO;PIRENÓPOLIS;Dia 25;SIM;SUPERMERCADO;194;PRATA
SUPERMERCADO PIRIMIX;1459487,38;0;0;85,11;24,57;72;2;1;0;29;45;9,03;44,35;0;1,67;9;2024;49;ATIVO;PIRENÓPOLIS;Dia 25;NÃO;SUPERMERCADO;194;PRATA
SUPERMERCADO PIRIMIX;1452717,14;71498,39;8579,81;55,09;36,36;71;2;1;0;48;66;20,72;106,61;0;7,78;6;2025;4;ATIVO;PIRENÓPOLIS;Dia 25;SIM;SUPERMERCADO;194;PRATA
SUPERMERCADO PIRIMIX;1444343,64;0;0;342,31;163,14;62;19;14;2;104;107;74,34;343,68;17,09;352,82;6;2024;19;ATIVO;PIRENÓPOLIS;Dia 25;NÃO;SUPERMERCADO;194;PRATA
SUPERMERCADO PIRIMIX;1436413,03;0;0;51,22;50,98;74;5;0;0;34;72;15,71;74,94;0;4,69;10;2024;18;ATIVO;PIRENÓPOLIS;Dia 25;NÃO;SUPERMERCADO;194;PRATA
SUPERMERCADO PIRIMIX;1435282,74;64139,53;7691,85;72,88;37,92;33;8;4;0;34;36;7,05;45,99;0,24;181,86;4;2025;7;ATIVO;PIRENÓPOLIS;Dia 25;SIM;SUPERMERCADO;194;PRATA
SUPERMERCADO PIRIMIX;1433002,98;56407,76;6726,61;69,41;79,66;28;27;0;0;24;32;8,79;39,54;0;24,19;4;2026;10;ATIVO;PIRENÓPOLIS;Dia 25;NÃO;SUPERMERCADO;194;PRATA
SUPERMERCADO PIRIMIX;1418205,52;56548,25;6752,56;161,99;78,97;89;10;4;0;66;102;28,57;139,22;0;34,71;11;2024;20;ATIVO;PIRENÓPOLIS;Dia 25;SIM;SUPERMERCADO;194;PRATA
SUPERMERCADO PIRIMIX;1409677,54;0;0;62,22;42,9;101;7;1;0;43;100;15,38;73,46;0;1,19;8;2024;21;ATIVO;PIRENÓPOLIS;Dia 25;NÃO;SUPERMERCADO;194;PRATA
SUPERMERCADO PIRIMIX;1405818,21;61483,55;7340,36;80,15;100,14;46;6;4;0;74;90;20,72;95,21;0;53,75;3;2026;16;ATIVO;PIRENÓPOLIS;Dia 25;SIM;SUPERMERCADO;194;PRATA
SUPERMERCADO PIRIMIX;1404209,54;66180,04;7941,6;38,57;20,48;39;7;3;0;42;45;12,36;57,59;20,19;42,15;9;2025;3;ATIVO;PIRENÓPOLIS;Dia 25;SIM;SUPERMERCADO;194;PRATA
SUPERMERCADO PIRIMIX;1354376,16;54341,85;6353,04;223,93;57,45;42;5;1;0;59;66;27,31;130,73;16,75;51,57;2;2026;20;ATIVO;PIRENÓPOLIS;Dia 25;SIM;SUPERMERCADO;194;PRATA
SUPERMERCADO PIRIMIX;1332516,27;0;0;1038,87;884,77;217;226;38;1;230;349;71,51;328,44;45,1;1033,69;1;2024;81;ATIVO;PIRENÓPOLIS;Dia 25;NÃO;SUPERMERCADO;194;PRATA
SUPERMERCADO PIRIMIX;1305950,83;0;0;95,27;33,8;17;5;3;0;21;26;4,17;18,74;7,08;29,99;3;2024;15;ATIVO;PIRENÓPOLIS;Dia 25;NÃO;SUPERMERCADO;194;PRATA
SUPERMERCADO PIRIMIX;1304860,25;57279,3;6873,52;64,23;39,04;24;28;3;0;27;64;18,96;84,73;17,28;16,84;6;2026;8;ATIVO;PIRENÓPOLIS;Dia 25;NÃO;SUPERMERCADO;194;PRATA
SUPERMERCADO PIRIMIX;1240232,22;53111;6368,61;112,23;45,18;49;17;8;0;51;55;29,38;146,27;9,42;146,98;2;2025;20;ATIVO;PIRENÓPOLIS;Dia 25;SIM;SUPERMERCADO;194;PRATA
SUPERMERCADO PIRIMIX;1236714,6;0;0;231,34;36,73;34;7;5;1;52;56;34,33;159,36;9,1;507,57;4;2024;19;ATIVO;PIRENÓPOLIS;Dia 25;NÃO;SUPERMERCADO;194;PRATA
SUPERMERCADO PIRIMIX;1235540,34;0;0;1285,82;47,06;44;7;3;0;86;88;9,4;42,58;59,81;1038,84;2;2024;22;ATIVO;PIRENÓPOLIS;Dia 25;NÃO;SUPERMERCADO;194;PRATA
SUPERMERCADO PONTO CERTO;1334764,8;0;0;330,76;605,88;70;23;2;0;22;93;47,16;217,96;0;165,4;2;2025;45;ATIVO;ALTO PARAÍSO DE GOIÁS;Dia 30;NÃO;SUPERMERCADO;225;PRATA
SUPERMERCADO PONTO CERTO;883011,99;0;0;240;1547,64;217;73;10;0;25;76;16;74,84;0,88;10,22;7;2025;93;ATIVO;ALTO PARAÍSO DE GOIÁS;Dia 30;NÃO;SUPERMERCADO;225;PRATA
SUPERMERCADO PONTO CERTO;861316,89;0;0;85,04;965,26;189;77;5;0;47;131;9,62;44,4;14,5;131,39;7;2026;91;ATIVO;ALTO PARAÍSO DE GOIÁS;Dia 30;NÃO;SUPERMERCADO;225;PRATA
SUPERMERCADO PONTO CERTO;850344,57;0;0;287,46;689,45;136;45;9;0;24;77;16,59;77,35;0;28,83;6;2025;59;ATIVO;ALTO PARAÍSO DE GOIÁS;Dia 30;NÃO;SUPERMERCADO;225;PRATA
SUPERMERCADO PONTO CERTO;835265,51;0;0;142,37;671,6;201;37;4;0;17;36;8,93;41,67;0;2,36;4;2025;46;ATIVO;ALTO PARAÍSO DE GOIÁS;Dia 30;NÃO;SUPERMERCADO;225;PRATA
SUPERMERCADO PONTO CERTO;834580,06;0;0;248,31;376,87;106;39;7;0;20;235;12,43;58,15;0;3,79;5;2025;55;ATIVO;ALTO PARAÍSO DE GOIÁS;Dia 30;NÃO;SUPERMERCADO;225;PRATA
SUPERMERCADO PONTO CERTO;828468,66;0;0;273,74;1528,04;391;154;7;0;31;145;12,2;57,5;15,63;52,41;12;2025;167;ATIVO;ALTO PARAÍSO DE GOIÁS;Dia 30;NÃO;SUPERMERCADO;225;PRATA
SUPERMERCADO PONTO CERTO;820455,76;0;0;362,76;944,03;280;110;14;0;29;129;16,9;81,98;8,24;19,95;9;2025;104;ATIVO;ALTO PARAÍSO DE GOIÁS;Dia 30;NÃO;SUPERMERCADO;225;PRATA
SUPERMERCADO PONTO CERTO;816564,28;0;0;479,32;754,84;288;89;9;0;28;219;16,61;80,42;10,33;7,08;8;2025;99;ATIVO;ALTO PARAÍSO DE GOIÁS;Dia 30;NÃO;SUPERMERCADO;225;PRATA
SUPERMERCADO PONTO CERTO;804741,98;0;0;156,71;445,95;174;19;3;0;17;114;8,82;40,99;0;30,9;3;2025;35;ATIVO;ALTO PARAÍSO DE GOIÁS;Dia 30;NÃO;SUPERMERCADO;225;PRATA
SUPERMERCADO PONTO CERTO;791294,32;0;0;117,1;366,53;65;25;1;0;19;227;20,87;96,27;0;15,28;1;2025;45;ATIVO;ALTO PARAÍSO DE GOIÁS;Dia 30;NÃO;SUPERMERCADO;225;PRATA
SUPERMERCADO PONTO CERTO;772722,38;0;0;115,66;446,03;126;37;6;0;23;94;21,85;100,84;14,46;23,34;6;2026;48;ATIVO;ALTO PARAÍSO DE GOIÁS;Dia 30;NÃO;SUPERMERCADO;225;PRATA
SUPERMERCADO PONTO CERTO;767876,23;0;0;239,79;1486,04;363;148;9;0;21;155;8,68;42,61;6,43;42,91;11;2025;155;ATIVO;ALTO PARAÍSO DE GOIÁS;Dia 30;NÃO;SUPERMERCADO;225;PRATA
SUPERMERCADO PONTO CERTO;734654,34;0;0;246,37;995,99;316;140;14;0;29;248;12,94;63,48;6,9;41,72;10;2025;136;ATIVO;ALTO PARAÍSO DE GOIÁS;Dia 30;NÃO;SUPERMERCADO;225;PRATA
SUPERMERCADO PONTO CERTO;732469,64;0;0;248,72;1327,06;187;116;18;0;45;74;52,17;241,49;19,25;104,15;4;2026;118;ATIVO;ALTO PARAÍSO DE GOIÁS;Dia 30;NÃO;SUPERMERCADO;225;PRATA
SUPERMERCADO PONTO CERTO;696615,37;0;0;229,49;1541,66;394;148;9;0;45;119;53,3;247,9;9,02;38,56;1;2026;164;ATIVO;ALTO PARAÍSO DE GOIÁS;Dia 30;NÃO;SUPERMERCADO;225;PRATA
SUPERMERCADO PONTO CERTO;599093,23;0;0;336,98;969,81;85;46;7;0;30;87;33,3;154,03;38,16;67,17;2;2026;51;ATIVO;ALTO PARAÍSO DE GOIÁS;Dia 30;NÃO;SUPERMERCADO;225;PRATA
SUPERMERCADO PONTO CERTO;592059,27;0;0;249,14;739,87;116;67;12;0;30;149;14,25;66,68;27,73;55,75;3;2026;79;ATIVO;ALTO PARAÍSO DE GOIÁS;Dia 30;NÃO;SUPERMERCADO;225;PRATA
SUPERMERCADO PONTO CERTO (BARRETO E SILVA);1097704,92;0;0;528,02;1076,58;433;28;3;0;20;21;16,5;76,04;8,52;173,58;2;2025;49;ATIVO;ALTO PARAÍSO DE GOIÁS;Dia 30;NÃO;SUPERMERCADO;264;PRATA
SUPERMERCADO PONTO CERTO (BARRETO E SILVA);795281,89;0;0;2989,37;3255,1;899;138;35;300;214;502;1043,12;4977,17;87,07;1531,04;5;2024;889;ATIVO;ALTO PARAÍSO DE GOIÁS;Dia 30;NÃO;SUPERMERCADO;264;PRATA
SUPERMERCADO PONTO CERTO (BARRETO E SILVA);677339,17;0;0;86,58;569,41;493;15;1;0;16;16;4,94;22,7;0;124,29;1;2025;27;ATIVO;ALTO PARAÍSO DE GOIÁS;Dia 30;NÃO;SUPERMERCADO;264;PRATA
SUPERMERCADO PONTO CERTO (BARRETO E SILVA);676928,19;0;0;72,02;449,58;82;25;8;0;10;11;2,88;13,69;6,54;18,43;7;2025;31;ATIVO;ALTO PARAÍSO DE GOIÁS;Dia 30;NÃO;SUPERMERCADO;264;PRATA
SUPERMERCADO PONTO CERTO (BARRETO E SILVA);648361,43;0;0;138,22;830,41;423;49;11;0;24;25;9,04;40,84;22,89;38,72;6;2025;66;ATIVO;ALTO PARAÍSO DE GOIÁS;Dia 30;NÃO;SUPERMERCADO;264;PRATA
SUPERMERCADO PONTO CERTO (BARRETO E SILVA);648039,42;0;0;144,76;1004,79;503;36;6;0;27;29;14,12;65,21;3,27;133,23;3;2025;60;ATIVO;ALTO PARAÍSO DE GOIÁS;Dia 30;NÃO;SUPERMERCADO;264;PRATA
SUPERMERCADO PONTO CERTO (BARRETO E SILVA);645715,13;0;0;139,23;966,75;500;32;9;0;27;29;14,42;66,53;6,54;62,04;4;2025;49;ATIVO;ALTO PARAÍSO DE GOIÁS;Dia 30;NÃO;SUPERMERCADO;264;PRATA
SUPERMERCADO PONTO CERTO (BARRETO E SILVA);630489,5;0;0;96,63;924,56;479;45;10;0;26;28;16,44;75,51;6,54;41,97;5;2025;61;ATIVO;ALTO PARAÍSO DE GOIÁS;Dia 30;NÃO;SUPERMERCADO;264;PRATA
SUPERMERCADO PONTO CERTO (BARRETO E SILVA);625118,41;0;0;69,23;521,85;81;51;4;0;12;12;2,24;10,54;0;132,39;12;2025;62;ATIVO;ALTO PARAÍSO DE GOIÁS;Dia 30;NÃO;SUPERMERCADO;264;PRATA
SUPERMERCADO PONTO CERTO (BARRETO E SILVA);610394,62;0;0;48,76;379,96;66;27;8;0;10;10;1,58;7,49;19,06;16,23;8;2025;28;ATIVO;ALTO PARAÍSO DE GOIÁS;Dia 30;NÃO;SUPERMERCADO;264;PRATA
SUPERMERCADO PONTO CERTO (BARRETO E SILVA);609833,91;0;0;63,43;447,45;64;34;5;0;8;8;2,56;13,92;6,12;10,58;10;2025;40;ATIVO;ALTO PARAÍSO DE GOIÁS;Dia 30;NÃO;SUPERMERCADO;264;PRATA
SUPERMERCADO PONTO CERTO (BARRETO E SILVA);592424,86;0;0;53,2;420,38;60;18;8;0;6;6;1,33;6,81;2,47;9,59;9;2025;16;ATIVO;ALTO PARAÍSO DE GOIÁS;Dia 30;NÃO;SUPERMERCADO;264;PRATA
SUPERMERCADO PONTO CERTO (BARRETO E SILVA);569670,43;0;0;91,79;560,72;75;40;4;0;4;4;0,79;4,59;0;110,04;1;2026;52;ATIVO;ALTO PARAÍSO DE GOIÁS;Dia 30;NÃO;SUPERMERCADO;264;PRATA
SUPERMERCADO PONTO CERTO (BARRETO E SILVA);521664,7;0;0;144,44;348,88;150;59;11;0;12;12;7,21;33,47;0;19,26;6;2026;66;ATIVO;ALTO PARAÍSO DE GOIÁS;Dia 30;NÃO;SUPERMERCADO;264;PRATA
SUPERMERCADO PONTO CERTO (BARRETO E SILVA);515384,07;0;0;100,22;487,58;165;88;5;0;20;21;3,06;14,24;0;67,4;7;2026;106;ATIVO;ALTO PARAÍSO DE GOIÁS;Dia 30;NÃO;SUPERMERCADO;264;PRATA
SUPERMERCADO PONTO CERTO (BARRETO E SILVA);509010,01;0;0;465,77;532,95;228;73;28;0;14;14;8,77;42,47;0;64,56;4;2026;62;ATIVO;ALTO PARAÍSO DE GOIÁS;Dia 30;NÃO;SUPERMERCADO;264;PRATA
SUPERMERCADO PONTO CERTO (BARRETO E SILVA);461797,89;0;0;58,22;467,78;74;39;5;0;22;22;10,47;75,56;0;84,45;2;2026;55;ATIVO;ALTO PARAÍSO DE GOIÁS;Dia 30;NÃO;SUPERMERCADO;264;PRATA
SUPERMERCADO PONTO CERTO (BARRETO E SILVA);444127,52;0;0;196,54;419,3;203;52;11;0;21;21;8,86;42,72;4,27;145,38;3;2026;64;ATIVO;ALTO PARAÍSO DE GOIÁS;Dia 30;NÃO;SUPERMERCADO;264;PRATA
SUPERMERCADO PONTO FRIOS;2591709,59;83001,61;9906,47;194,61;328,77;80;31;6;0;72;116;45,72;211,32;30,62;182,59;12;2025;56;ATIVO;ANÁPOLIS;Dia 20;SIM;SUPERMERCADO;177;PRATA
SUPERMERCADO PONTO FRIOS;2476576,53;66606,98;5876,5;2951,82;3586,43;704;275;63;0;2379;2932;449,76;2073,49;2906,04;46354,63;12;2024;402;ATIVO;ANÁPOLIS;Dia 20;SIM;SUPERMERCADO;177;PRATA
SUPERMERCADO PONTO FRIOS;2402550,61;89059,64;10280,85;402,76;328,07;55;19;1;0;54;119;25,3;117,46;244,56;133,9;5;2025;34;ATIVO;ANÁPOLIS;Dia 20;SIM;SUPERMERCADO;177;PRATA
SUPERMERCADO PONTO FRIOS;2390821,5;90762,76;10888,45;261,56;105,63;52;24;3;0;51;103;22,28;102,97;26,27;230,18;8;2025;73;ATIVO;ANÁPOLIS;Dia 20;SIM;SUPERMERCADO;177;PRATA
SUPERMERCADO PONTO FRIOS;2376422,58;78582,32;8284,52;1517,75;980,9;168;65;14;0;72;124;113,27;526,72;12,14;413,1;3;2025;108;ATIVO;ANÁPOLIS;Dia 20;SIM;SUPERMERCADO;177;PRATA
SUPERMERCADO PONTO FRIOS;2364114,1;0;0;213,88;117,67;49;22;4;0;62;116;23,76;110,75;12,42;158,59;10;2025;44;ATIVO;ANÁPOLIS;Dia 20;NÃO;SUPERMERCADO;177;PRATA
SUPERMERCADO PONTO FRIOS;2356165,74;88993,06;10620,41;144,29;155,02;54;24;8;0;55;95;28,93;133,16;21,85;128,29;1;2026;43;ATIVO;ANÁPOLIS;Dia 20;SIM;SUPERMERCADO;177;PRATA
SUPERMERCADO PONTO FRIOS;2346848,96;81978,19;9837,38;482,9;521,95;88;126;15;0;117;139;47;216,9;116,16;301,56;6;2026;72;ATIVO;ANÁPOLIS;Dia 20;SIM;SUPERMERCADO;177;PRATA
SUPERMERCADO PONTO FRIOS;2310499,24;78919,16;9414,86;72,13;402,27;61;30;9;0;107;118;30,16;138,81;91,64;260,96;4;2026;44;ATIVO;ANÁPOLIS;Dia 20;NÃO;SUPERMERCADO;177;PRATA
SUPERMERCADO PONTO FRIOS;2302591,65;78714,7;9401,76;124,33;97,18;34;13;0;0;25;74;15,73;74,27;4,44;73,81;11;2025;31;ATIVO;ANÁPOLIS;Dia 20;SIM;SUPERMERCADO;177;PRATA
SUPERMERCADO PONTO FRIOS;2298606,85;57527,75;6845,05;363,26;783,34;112;82;19;338;119;163;46,12;214,14;126,45;306,92;7;2026;61;ATIVO;ANÁPOLIS;Dia 20;SIM;SUPERMERCADO;177;PRATA
SUPERMERCADO PONTO FRIOS;2292638,69;83507,91;10020,94;85,47;110,62;35;21;0;0;52;100;22,71;107,59;10,36;171,85;7;2025;28;ATIVO;ANÁPOLIS;Dia 20;SIM;SUPERMERCADO;177;PRATA
SUPERMERCADO PONTO FRIOS;2290009,35;0;0;7839,64;3585,28;707;253;58;8;2585;3190;1013,52;4664,16;4738,3;72740,94;10;2024;355;ATIVO;ANÁPOLIS;Dia 20;NÃO;SUPERMERCADO;177;PRATA
SUPERMERCADO PONTO FRIOS;2278790,61;85522,51;10261,66;115,1;121,14;38;21;1;0;28;81;35,45;169,63;7,65;75,53;6;2025;32;ATIVO;ANÁPOLIS;Dia 20;SIM;SUPERMERCADO;177;PRATA
SUPERMERCADO PONTO FRIOS;2276492,06;84608,05;10108,81;387,34;235,22;67;36;3;0;54;105;26,86;124,93;21,7;179,15;9;2025;59;ATIVO;ANÁPOLIS;Dia 20;SIM;SUPERMERCADO;177;PRATA
SUPERMERCADO PONTO FRIOS;2270406,88;83194,39;9904,43;131,59;344,24;66;33;8;0;76;115;31,19;145,29;126,05;206,63;3;2026;49;ATIVO;ANÁPOLIS;Dia 20;SIM;SUPERMERCADO;177;PRATA
SUPERMERCADO PONTO FRIOS;2268167,03;67974,68;7119,15;930,76;586,31;68;26;2;0;50;110;71,53;331,31;46;356,76;1;2025;57;ATIVO;ANÁPOLIS;Dia 20;SIM;SUPERMERCADO;177;PRATA
SUPERMERCADO PONTO FRIOS;2216893,63;78578,51;9084,08;331,36;235,2;54;18;1;0;29;90;19,7;91;73,26;133,68;4;2025;34;ATIVO;ANÁPOLIS;Dia 20;SIM;SUPERMERCADO;177;PRATA
SUPERMERCADO PONTO FRIOS;2125493,94;77593,82;9249,14;179,56;203,39;54;26;9;0;73;106;24,3;112,86;80,41;172,48;2;2026;45;ATIVO;ANÁPOLIS;Dia 20;SIM;SUPERMERCADO;177;PRATA
SUPERMERCADO PONTO FRIOS;2110549,31;61139,07;6571,33;879,2;977,11;82;42;4;0;51;108;130,93;603,08;16,68;260,53;2;2025;82;ATIVO;ANÁPOLIS;Dia 20;SIM;SUPERMERCADO;177;PRATA
SUPERMERCADO PRÁTICO;493042,44;40916,22;4909,95;67,03;688,54;15;12;10;0;7;8;1,77;9,58;17,53;4,05;12;2024;10;ATIVO;ITUMBIARA;Dia 20;SIM;SUPERMERCADO;169;PRATA
SUPERMERCADO PRÁTICO;450056,39;31666,69;3800;1,75;45,08;6;4;0;80;9;10;5,5;27,63;0;38,9;8;2024;6;ATIVO;ITUMBIARA;Dia 20;SIM;SUPERMERCADO;169;PRATA
SUPERMERCADO PRÁTICO;446079,58;32609,35;3900,522;37,49;157,37;11;9;6;108;9;15;13,04;62,02;0;47,35;10;2024;13;ATIVO;ITUMBIARA;Dia 20;SIM;SUPERMERCADO;169;PRATA
SUPERMERCADO PRÁTICO;446029,87;33999,12;3717,8;366,85;49,34;28;7;0;85;8;8;4,1;20,79;0;13,6;7;2024;32;ATIVO;ITUMBIARA;Dia 20;SIM;SUPERMERCADO;169;PRATA
SUPERMERCADO PRÁTICO;439242,47;32579,89;3878,75;121,43;484,92;12;8;3;0;10;10;4,5;22,67;0;21,18;3;2025;11;ATIVO;ITUMBIARA;Dia 20;SIM;SUPERMERCADO;169;PRATA
SUPERMERCADO PRÁTICO;435647,8;36497,75;4337,56;62,25;13,17;26;1;1;0;8;9;4,45;20,48;3,25;4,29;7;2025;9;ATIVO;ITUMBIARA;Dia 20;SIM;SUPERMERCADO;169;PRATA
SUPERMERCADO PRÁTICO;433629,16;29506,72;3540,81;41,75;235,75;10;11;5;104;4;5;1,05;6,57;3,74;0;11;2024;7;ATIVO;ITUMBIARA;Dia 20;SIM;SUPERMERCADO;169;PRATA
SUPERMERCADO PRÁTICO;432706,25;34882,8;4184,24;44,74;7,29;8;2;0;0;3;3;0,54;2,62;0;4,43;10;2025;8;ATIVO;ITUMBIARA;Dia 20;SIM;SUPERMERCADO;169;PRATA
SUPERMERCADO PRÁTICO;431788,61;34428,88;4130,37;346,55;145,69;35;7;5;0;9;9;4,98;23,32;1,75;3,79;5;2025;9;ATIVO;ITUMBIARA;Dia 20;SIM;SUPERMERCADO;169;PRATA
SUPERMERCADO PRÁTICO;430425,61;31369,09;3757,45;45,58;162,14;10;7;0;104;4;5;11,26;53,68;0;0;9;2024;14;ATIVO;ITUMBIARA;Dia 20;SIM;SUPERMERCADO;169;PRATA
SUPERMERCADO PRÁTICO;429912,29;36833,05;4419,97;4,1;14,02;8;3;0;0;3;7;0,01;0,09;5,09;16,26;7;2026;2;ATIVO;ITUMBIARA;Dia 20;NÃO;SUPERMERCADO;169;PRATA
SUPERMERCADO PRÁTICO;429792,54;32025,66;2228,91;382,16;447,47;32;15;9;0;11;13;1,71;9,25;10,28;74,38;1;2025;24;ATIVO;ITUMBIARA;Dia 20;SIM;SUPERMERCADO;169;PRATA
SUPERMERCADO PRÁTICO;428961,61;34743,8;4158,2;16,16;51,52;29;5;2;0;12;12;8,21;36,98;2,6;17,74;8;2025;10;ATIVO;ITUMBIARA;Dia 20;SIM;SUPERMERCADO;169;PRATA
SUPERMERCADO PRÁTICO;427912,11;0;0;140,64;8,21;15;2;0;81;44;44;42,42;198,17;0;63,62;5;2024;6;ATIVO;ITUMBIARA;Dia 20;NÃO;SUPERMERCADO;169;PRATA
SUPERMERCADO PRÁTICO;427357,23;0;0;179,29;480,06;136;67;5;91;153;167;38,72;181,09;376,95;833,42;4;2024;83;ATIVO;ITUMBIARA;Dia 20;NÃO;SUPERMERCADO;169;PRATA
SUPERMERCADO PRÁTICO;423579,18;31099,89;3727,57;17,09;7,86;23;1;0;0;4;8;1,72;7,96;6,38;0;12;2025;10;ATIVO;ITUMBIARA;Dia 20;SIM;SUPERMERCADO;169;PRATA
SUPERMERCADO PRÁTICO;421160,57;0;0;64,95;21,68;13;5;1;79;47;47;86,31;400,45;2,13;74,56;6;2024;9;ATIVO;ITUMBIARA;Dia 20;NÃO;SUPERMERCADO;169;PRATA
SUPERMERCADO PRÁTICO;417299,87;30765,16;3683,2;204,23;593,07;34;7;4;0;12;12;3,57;18,58;0;16,9;4;2025;11;ATIVO;ITUMBIARA;Dia 20;SIM;SUPERMERCADO;169;PRATA
SUPERMERCADO PRÁTICO;408245,59;33146,15;3921,51;175,64;86,31;16;5;4;0;6;6;2,62;12,7;0,65;0;6;2025;10;ATIVO;ITUMBIARA;Dia 20;SIM;SUPERMERCADO;169;PRATA
SUPERMERCADO PRÁTICO;407918,3;33596,28;4029,72;48,42;13,16;26;3;1;0;7;14;2,9;13,69;0;6,38;11;2025;8;ATIVO;ITUMBIARA;Dia 20;SIM;SUPERMERCADO;169;PRATA
SUPERMERCADO PRÁTICO;404549,86;34739,12;4168,69;40,61;30,59;6;4;0;0;6;6;28,86;131,8;0;22,16;9;2025;3;ATIVO;ITUMBIARA;Dia 20;SIM;SUPERMERCADO;169;PRATA
SUPERMERCADO PRÁTICO;404370,06;37210,32;4465,24;33,89;10,86;9;5;0;0;6;6;0,12;0,64;0;38,36;5;2026;0;ATIVO;ITUMBIARA;Dia 20;NÃO;SUPERMERCADO;169;PRATA
SUPERMERCADO PRÁTICO;400609,27;29757,81;3562,39;44,44;356,28;20;15;5;0;11;12;9,74;46,26;5,17;145,32;2;2025;13;ATIVO;ITUMBIARA;Dia 20;SIM;SUPERMERCADO;169;PRATA
SUPERMERCADO PRÁTICO;397076,19;30808,4;3697,01;2,65;7,45;1;1;0;0;2;2;0,39;1,97;2,31;0;1;2026;1;ATIVO;ITUMBIARA;Dia 20;SIM;SUPERMERCADO;169;PRATA
SUPERMERCADO PRÁTICO;396934,07;0;0;3948,82;427,69;151;23;6;89;131;145;71,53;436,29;134,78;899,58;2;2024;78;ATIVO;ITUMBIARA;Dia 20;NÃO;SUPERMERCADO;169;PRATA
SUPERMERCADO PRÁTICO;392855,62;32681,29;3921,75;31,32;1,24;23;1;0;0;2;2;0,31;1,42;0;4,6;3;2026;1;ATIVO;ITUMBIARA;Dia 20;SIM;SUPERMERCADO;169;PRATA
SUPERMERCADO PRÁTICO;375529,47;31949,27;3833,91;26,59;3,52;24;3;0;0;10;13;0,4;1,93;0;13,43;4;2026;2;ATIVO;ITUMBIARA;Dia 20;NÃO;SUPERMERCADO;169;PRATA
SUPERMERCADO PRÁTICO;352233,09;26977,27;3237,27;7,9;1,74;33;2;0;0;0;0;0,19;1,09;0;0;2;2026;0;ATIVO;ITUMBIARA;Dia 20;SIM;SUPERMERCADO;169;PRATA
SUPERMERCADO PRATTICO;1021810,51;0;0;3,32;17,41;4;1;1;0;3;4;2,58;10,55;2,28;7,43;7;2025;107;ATIVO;CRIXÁS;Dia 10;NÃO;SUPERMERCADO;115;PRATA
SUPERMERCADO PRATTICO;971027,79;0;0;47,54;105,34;10;3;2;0;16;17;20,34;94,16;0;118,86;5;2025;117;ATIVO;CRIXÁS;Dia 10;NÃO;SUPERMERCADO;115;PRATA
SUPERMERCADO PRATTICO;932325,98;0;0;70,68;19,43;11;4;2;0;6;9;6,29;24,85;2,92;7,8;8;2025;124;ATIVO;CRIXÁS;Dia 10;NÃO;SUPERMERCADO;115;PRATA
SUPERMERCADO PRATTICO;911246,84;0;0;1026,97;851,1;116;28;3;0;60;204;59,85;276,74;20,91;350,49;1;2025;170;ATIVO;CRIXÁS;Dia 10;NÃO;SUPERMERCADO;115;PRATA
SUPERMERCADO PRATTICO;910943,62;0;0;580,77;636,15;107;32;3;0;89;269;73,75;342,2;49,5;370,44;3;2025;135;ATIVO;CRIXÁS;Dia 10;NÃO;SUPERMERCADO;115;PRATA
SUPERMERCADO PRATTICO;892866,55;0;0;119,81;45,87;9;3;2;0;18;36;38,23;199,69;0;86,96;4;2025;133;ATIVO;CRIXÁS;Dia 10;NÃO;SUPERMERCADO;115;PRATA
SUPERMERCADO PRATTICO;869315,53;0;0;10,54;28,46;5;2;2;0;17;17;10,89;49,91;0;106,51;6;2025;114;ATIVO;CRIXÁS;Dia 10;NÃO;SUPERMERCADO;115;PRATA
SUPERMERCADO PRATTICO;856140,2;0;0;49,45;26,23;19;8;60;0;7;10;5,25;9,41;2,19;9,12;10;2025;129;ATIVO;CRIXÁS;Dia 10;NÃO;SUPERMERCADO;115;PRATA
SUPERMERCADO PRATTICO;853918,02;0;0;14,8;67,02;12;4;63;0;8;14;2,96;11,85;4,8;36,74;7;2026;132;ATIVO;CRIXÁS;Dia 10;NÃO;SUPERMERCADO;115;PRATA
SUPERMERCADO PRATTICO;846680,69;0;0;87,09;18,95;15;5;7;0;7;10;7,22;23,79;2,92;9,73;9;2025;122;ATIVO;CRIXÁS;Dia 10;NÃO;SUPERMERCADO;115;PRATA
SUPERMERCADO PRATTICO;836664,11;0;0;186,37;23,31;19;4;73;0;6;10;10,67;48,5;0;3,22;12;2025;154;ATIVO;CRIXÁS;Dia 10;NÃO;SUPERMERCADO;115;PRATA
SUPERMERCADO PRATTICO;823154,97;0;0;32,1;20,02;14;3;66;0;5;10;12,22;54,69;0;5,3;1;2026;137;ATIVO;CRIXÁS;Dia 10;NÃO;SUPERMERCADO;115;PRATA
SUPERMERCADO PRATTICO;812690,26;0;0;4,39;22,28;9;4;65;0;5;17;1,1;0,64;3,6;31,85;8;2026;125;ATIVO;CRIXÁS;Dia 10;NÃO;SUPERMERCADO;115;PRATA
SUPERMERCADO PRATTICO;797130,24;0;0;67,07;23,66;17;6;67;0;4;8;11,79;44,99;0,73;2,41;11;2025;136;ATIVO;CRIXÁS;Dia 10;NÃO;SUPERMERCADO;115;PRATA
SUPERMERCADO PRATTICO;775495,6;0;0;9,04;8,92;5;0;68;0;9;14;5,47;25,34;0;32,44;5;2026;127;ATIVO;CRIXÁS;Dia 10;NÃO;SUPERMERCADO;115;PRATA
SUPERMERCADO PRATTICO;745007,86;0;0;38,88;14,29;10;3;65;0;5;9;3,36;15,2;2,15;16,28;6;2026;136;ATIVO;CRIXÁS;Dia 10;NÃO;SUPERMERCADO;115;PRATA
SUPERMERCADO PRATTICO;737986,99;0;0;62,38;65,07;21;8;65;0;5;11;24,18;108,26;0;0,72;4;2026;144;ATIVO;CRIXÁS;Dia 10;NÃO;SUPERMERCADO;115;PRATA
SUPERMERCADO PRATTICO;678332,44;0;0;8,66;28,92;12;3;63;0;5;9;23,97;104,86;0;15,72;3;2026;132;ATIVO;CRIXÁS;Dia 10;NÃO;SUPERMERCADO;115;PRATA
SUPERMERCADO PRATTICO;655119,38;0;0;20,24;21,22;10;3;68;0;6;11;10,85;48,72;0;3,85;2;2026;126;ATIVO;CRIXÁS;Dia 10;NÃO;SUPERMERCADO;115;PRATA
SUPERMERCADO PRIMAVERA GOIATUBA;1868683,7;0;0;17166,16;1081,17;635;257;203;34;756;856;271,86;1255,72;480,14;5918,58;12;2023;378;INATIVO;GOIATUBA;Dia 30;NÃO;SUPERMERCADO;64;BRONZE
SUPERMERCADO PRIMAVERA GOIATUBA;1709892,99;53465,88;5248,3;2958,89;733,54;247;68;30;148;388;483;5880,56;27082,38;144,15;855,33;12;2022;0;INATIVO;GOIATUBA;Dia 30;SIM;SUPERMERCADO;64;BRONZE
SUPERMERCADO PRIMAVERA GOIATUBA;1658139,99;0;0;928,97;836,71;144;46;34;0;229;273;66,47;307,8;133,42;1449,54;12;2024;43;INATIVO;GOIATUBA;Dia 30;NÃO;SUPERMERCADO;64;BRONZE
SUPERMERCADO PRIMAVERA GOIATUBA;1604799,39;0;0;1770,22;914,64;178;59;25;0;247;371;76,18;349,7;109,08;1025,9;7;2023;4614;INATIVO;GOIATUBA;Dia 30;NÃO;SUPERMERCADO;64;BRONZE
SUPERMERCADO PRIMAVERA GOIATUBA;1595446,58;0;0;811,65;526,65;212;76;42;25;283;376;121,05;556;263,76;2951,78;3;2024;57;INATIVO;GOIATUBA;Dia 30;NÃO;SUPERMERCADO;64;BRONZE
SUPERMERCADO PRIMAVERA GOIATUBA;1568643,94;0;0;1751,89;296,96;462;119;61;20;213;213;37,99;175,54;122,6;1525,77;8;2024;71;INATIVO;GOIATUBA;Dia 30;NÃO;SUPERMERCADO;64;BRONZE
SUPERMERCADO PRIMAVERA GOIATUBA;1567243,96;0;0;25929,18;38804,94;859;318;259;0;977;1110;604,04;2791,99;901,46;13374,91;10;2023;4477;INATIVO;GOIATUBA;Dia 30;NÃO;SUPERMERCADO;64;BRONZE
SUPERMERCADO PRIMAVERA GOIATUBA;1566672,86;0;0;1849,85;1046,97;189;62;30;2;233;336;51,77;237,88;183,94;1167,65;8;2023;4703;INATIVO;GOIATUBA;Dia 30;NÃO;SUPERMERCADO;64;BRONZE
SUPERMERCADO PRIMAVERA GOIATUBA;1554661,25;0;0;2083,68;820,57;194;54;31;2;188;259;41,86;191,68;160,27;1247,44;9;2023;4562;INATIVO;GOIATUBA;Dia 30;NÃO;SUPERMERCADO;64;BRONZE
SUPERMERCADO PRIMAVERA GOIATUBA;1546996,59;0;0;5531,66;421,8;1917;96;61;23;307;367;106,35;490,27;330,93;2195,3;5;2024;83;INATIVO;GOIATUBA;Dia 30;NÃO;SUPERMERCADO;64;BRONZE
SUPERMERCADO PRIMAVERA GOIATUBA;1545908,09;0;0;1739,65;857,66;175;38;20;145;270;380;91,75;423,11;120,05;588,1;6;2023;1244;INATIVO;GOIATUBA;Dia 30;NÃO;SUPERMERCADO;64;BRONZE
SUPERMERCADO PRIMAVERA GOIATUBA;1540793,21;0;0;1657,97;879,82;145;33;15;140;317;487;103,1;477,8;57,78;549,04;5;2023;707;INATIVO;GOIATUBA;Dia 30;NÃO;SUPERMERCADO;64;BRONZE
SUPERMERCADO PRIMAVERA GOIATUBA;1539065,6;52499,26;5087,73;610,69;592,39;209;39;18;137;369;486;5393,45;24885,65;59,2;391,68;10;2022;0;INATIVO;GOIATUBA;Dia 30;SIM;SUPERMERCADO;64;BRONZE
SUPERMERCADO PRIMAVERA GOIATUBA;1531540,15;138289,35;13610,86;1613,25;587,48;247;60;26;137;366;401;5876,85;27071,52;74,07;768,1;11;2022;0;INATIVO;GOIATUBA;Dia 30;SIM;SUPERMERCADO;64;BRONZE
SUPERMERCADO PRIMAVERA GOIATUBA;1529581,86;0;0;2103,31;485,62;358;66;25;11;214;258;56,42;263,34;1381;965,13;10;2024;61;INATIVO;GOIATUBA;Dia 30;NÃO;SUPERMERCADO;64;BRONZE
SUPERMERCADO PRIMAVERA GOIATUBA;1521649,5;0;0;26978,41;31034,16;839;310;251;0;917;1003;560,55;2591,64;924,52;14538,04;11;2023;423;INATIVO;GOIATUBA;Dia 30;NÃO;SUPERMERCADO;64;BRONZE
SUPERMERCADO PRIMAVERA GOIATUBA;1514766,74;0;0;5100,32;433,51;164;46;25;119;258;338;52,83;245,54;70,04;3542,74;3;2023;745;INATIVO;GOIATUBA;Dia 30;NÃO;SUPERMERCADO;64;BRONZE
SUPERMERCADO PRIMAVERA GOIATUBA;1509497,12;0;0;1719,45;345,66;458;102;53;19;189;229;44,48;206,64;129,42;682,41;7;2024;58;INATIVO;GOIATUBA;Dia 30;NÃO;SUPERMERCADO;64;BRONZE
SUPERMERCADO PRIMAVERA GOIATUBA;1505572,61;0;0;1452,82;425,51;112;26;11;130;259;372;114,16;528,14;25,81;465,55;4;2023;2199;INATIVO;GOIATUBA;Dia 30;NÃO;SUPERMERCADO;64;BRONZE
SUPERMERCADO PRIMAVERA GOIATUBA;1489227,29;0;0;745,97;256,06;249;57;35;0;217;296;59,73;277,32;97,43;851,77;11;2024;29;INATIVO;GOIATUBA;Dia 30;NÃO;SUPERMERCADO;64;BRONZE
SUPERMERCADO PRIMAVERA GOIATUBA;1478150;0;0;1567,59;466,93;367;89;35;16;249;280;69,91;325,13;2142,95;2208,5;9;2024;71;INATIVO;GOIATUBA;Dia 30;NÃO;SUPERMERCADO;64;BRONZE
SUPERMERCADO PRIMAVERA GOIATUBA;1464745,13;0;0;4575,51;619,47;585;94;60;23;347;434;89,84;414,77;337,16;1840,69;6;2024;96;INATIVO;GOIATUBA;Dia 30;NÃO;SUPERMERCADO;64;BRONZE
SUPERMERCADO PRIMAVERA GOIATUBA;1452774,69;0;0;725,11;400,47;170;55;39;25;270;377;96,83;445,41;313,35;2405,36;2;2024;44;INATIVO;GOIATUBA;Dia 30;NÃO;SUPERMERCADO;64;BRONZE
SUPERMERCADO PRIMAVERA GOIATUBA;1444383,52;43241,65;0;4916,57;17374,09;448;153;10;126;0;0;0;0;0;0;7;2022;0;INATIVO;GOIATUBA;Dia 30;SIM;SUPERMERCADO;64;BRONZE
SUPERMERCADO PRIMAVERA GOIATUBA;1437775,01;76595,3;7659,53;2015,71;593,24;181;51;23;116;276;356;45,83;211,85;95,96;9908,65;1;2023;755;INATIVO;GOIATUBA;Dia 30;SIM;SUPERMERCADO;64;BRONZE
SUPERMERCADO PRIMAVERA GOIATUBA;1433382,7;56447,03;3378,08;1979,43;6908,95;403;136;90;131;0;0;0;0;0;0;8;2022;0;INATIVO;GOIATUBA;Dia 30;SIM;SUPERMERCADO;64;BRONZE
SUPERMERCADO PRIMAVERA GOIATUBA;1432592,02;48232,96;4772,72;286,59;1228,7;121;35;22;133;339;579;5221,08;24095,42;81,33;468,2;9;2022;0;INATIVO;GOIATUBA;Dia 30;SIM;SUPERMERCADO;64;BRONZE
SUPERMERCADO PRIMAVERA GOIATUBA;1405632,89;43079,65;0;5155,24;70278,99;475;205;153;131;1689;2025;1093,05;5060,55;52,49;16319,24;6;2022;0;INATIVO;GOIATUBA;Dia 30;SIM;SUPERMERCADO;64;BRONZE
SUPERMERCADO PRIMAVERA GOIATUBA;1379053,07;0;0;12279,66;354,06;3307;83;57;23;283;328;114,52;528,33;258,02;3298,32;4;2024;76;INATIVO;GOIATUBA;Dia 30;NÃO;SUPERMERCADO;64;BRONZE
SUPERMERCADO PRIMAVERA GOIATUBA;1350628,76;49446,31;4893,66;1666,76;573,96;176;54;29;100;310;416;49,4;228,49;103,68;9476,73;2;2023;691;INATIVO;GOIATUBA;Dia 30;SIM;SUPERMERCADO;64;BRONZE
SUPERMERCADO PRIMAVERA LAMARTINE;1604260,44;46503,16;5580,38;88,11;44,99;25;7;0;0;50;85;32,01;119,88;2,61;653,24;12;2025;18;ATIVO;CATALÃO;Dia 10;SIM;SUPERMERCADO;120;OURO
SUPERMERCADO PRIMAVERA LAMARTINE;1598073,6;52366,08;6188,32;231,05;12,63;32;9;1;0;29;66;3,9;13,15;5,06;120,03;10;2025;27;ATIVO;CATALÃO;Dia 10;SIM;SUPERMERCADO;120;OURO
SUPERMERCADO PRIMAVERA LAMARTINE;1566553,93;49167,75;5685,58;245,54;25,7;14;10;0;0;18;46;3,62;12,81;8,71;41,15;9;2025;32;ATIVO;CATALÃO;Dia 10;SIM;SUPERMERCADO;120;OURO
SUPERMERCADO PRIMAVERA LAMARTINE;1519498,99;52409,12;6147,29;142,78;29,5;6;1;0;0;6;31;0,95;0,27;1,02;28,18;8;2025;6;ATIVO;CATALÃO;Dia 10;SIM;SUPERMERCADO;120;OURO
SUPERMERCADO PRIMAVERA LAMARTINE;1455550,9;0;0;159,43;1412,07;128;39;5;58;144;166;162,33;738,95;165,05;689,68;5;2025;214;ATIVO;CATALÃO;Dia 10;NÃO;SUPERMERCADO;120;OURO
SUPERMERCADO PRIMAVERA LAMARTINE;1450799,75;43879,21;5265,51;66,55;7,74;23;4;0;0;32;32;14,21;62,44;0;107,67;11;2025;22;ATIVO;CATALÃO;Dia 10;SIM;SUPERMERCADO;120;OURO
SUPERMERCADO PRIMAVERA LAMARTINE;1443395,52;53011,16;5078,72;418,32;841,68;84;42;6;58;101;132;88,07;402,22;106,63;243,93;7;2025;140;ATIVO;CATALÃO;Dia 10;SIM;SUPERMERCADO;120;OURO
SUPERMERCADO PRIMAVERA LAMARTINE;1435014,76;46066,05;5527,93;60,97;106,03;37;12;2;0;33;63;5,46;19,72;7,5;168,26;7;2026;35;ATIVO;CATALÃO;Dia 10;SIM;SUPERMERCADO;120;OURO
SUPERMERCADO PRIMAVERA LAMARTINE;1432871,13;46679,84;5600,38;457,82;34,04;38;15;2;0;35;53;5,25;16,98;7,28;656,77;3;2026;29;ATIVO;CATALÃO;Dia 10;SIM;SUPERMERCADO;120;OURO
SUPERMERCADO PRIMAVERA LAMARTINE;1425514,85;44780,83;5373,7;42,63;71,25;34;13;2;0;26;61;3,98;16,38;1,51;300,89;6;2026;29;ATIVO;CATALÃO;Dia 10;SIM;SUPERMERCADO;120;OURO
SUPERMERCADO PRIMAVERA LAMARTINE;1401200,94;46797,84;5611,69;527,85;78,3;32;13;0;0;26;59;7,88;14,79;0;762,95;4;2026;24;ATIVO;CATALÃO;Dia 10;SIM;SUPERMERCADO;120;OURO
SUPERMERCADO PRIMAVERA LAMARTINE;1388224,23;43957,06;5270,57;356,83;65;35;11;2;0;30;60;5,64;24,16;0;260,22;5;2026;34;ATIVO;CATALÃO;Dia 10;SIM;SUPERMERCADO;120;OURO
SUPERMERCADO PRIMAVERA LAMARTINE;1364045,05;42405,39;5088,65;66,05;79,93;25;5;0;0;32;58;10,22;33,13;0,54;92,34;1;2026;20;ATIVO;CATALÃO;Dia 10;SIM;SUPERMERCADO;120;OURO
SUPERMERCADO PRIMAVERA LAMARTINE;1274033,5;40920,38;4910,45;50,71;100,67;42;24;3;194;36;74;2,14;9,57;1,08;187,41;8;2026;19;ATIVO;CATALÃO;Dia 10;SIM;SUPERMERCADO;120;OURO
SUPERMERCADO PRIMAVERA LAMARTINE;1221113,72;39434,09;4724,31;74,36;40,89;27;4;0;0;40;60;11,21;33,87;6,38;116,44;2;2026;13;ATIVO;CATALÃO;Dia 10;SIM;SUPERMERCADO;120;OURO
SUPERMERCADO RAIO DE SOL;4405249,99;0;0;95,45;81,04;14;14;0;0;22;21;24,27;113,29;686,37;114,94;5;2026;23;ATIVO;GOIÂNIA;Dia 10;NÃO;SUPERMERCADO;265;OURO
SUPERMERCADO RAIO DE SOL;4364050,78;0;0;0;101,78;5;4;0;0;4;4;0,07;5,27;0;9,6;7;2026;38;ATIVO;GOIÂNIA;Dia 10;NÃO;SUPERMERCADO;265;OURO
SUPERMERCADO RAIO DE SOL;4231160,74;0;0;253,11;17,13;10;3;2;0;62;312;80,99;373,69;127,66;1048,56;3;2026;12;ATIVO;GOIÂNIA;Dia 10;NÃO;SUPERMERCADO;265;OURO
SUPERMERCADO RAIO DE SOL;4225817,68;0;0;396,09;134,26;56;46;5;0;17;24;0,26;3,74;62,24;537,59;8;2026;3;ATIVO;GOIÂNIA;Dia 10;NÃO;SUPERMERCADO;265;OURO
SUPERMERCADO RAIO DE SOL;4147000,62;0;0;2,06;32,32;6;5;1;0;61;782;53,56;253,46;221,74;798,35;12;2025;2;ATIVO;GOIÂNIA;Dia 10;NÃO;SUPERMERCADO;265;OURO
SUPERMERCADO RAIO DE SOL;4074229,22;0;0;32,48;92,69;10;3;0;0;70;1244;77,77;358,07;68,8;1631,56;10;2025;3;ATIVO;GOIÂNIA;Dia 10;NÃO;SUPERMERCADO;265;OURO
SUPERMERCADO RAIO DE SOL;4058311,53;0;0;375,55;140,69;19;7;0;0;51;1165;65,67;302,76;55,27;537,12;7;2025;2;ATIVO;GOIÂNIA;Dia 10;NÃO;SUPERMERCADO;265;OURO
SUPERMERCADO RAIO DE SOL;4031997,63;0;0;268,17;95,72;15;4;2;0;32;223;25,12;117,33;75,18;350,29;4;2026;21;ATIVO;GOIÂNIA;Dia 10;NÃO;SUPERMERCADO;265;OURO
SUPERMERCADO RAIO DE SOL;4002944,34;0;0;30,17;92,39;11;4;0;0;8;7;2,11;12,98;442,18;13,35;6;2026;22;ATIVO;GOIÂNIA;Dia 10;NÃO;SUPERMERCADO;265;OURO
SUPERMERCADO RAIO DE SOL;3991910,25;0;0;43,36;32,17;14;4;1;0;60;1126;32,98;153,09;72,53;1231,37;11;2025;2;ATIVO;GOIÂNIA;Dia 10;NÃO;SUPERMERCADO;265;OURO
SUPERMERCADO RAIO DE SOL;3977574,37;0;0;640,58;299,44;36;4;3;0;62;1651;118,81;547,14;38,65;667,41;5;2025;91;ATIVO;GOIÂNIA;Dia 10;NÃO;SUPERMERCADO;265;OURO
SUPERMERCADO RAIO DE SOL;3952233,75;0;0;229,17;109,06;20;7;0;0;57;1089;67,54;315,73;43,28;687,83;8;2025;4;ATIVO;GOIÂNIA;Dia 10;NÃO;SUPERMERCADO;265;OURO
SUPERMERCADO RAIO DE SOL;3783849,84;0;0;12,88;29,06;10;2;1;0;58;64;61,2;284,2;170,18;660,06;1;2026;0;ATIVO;GOIÂNIA;Dia 10;NÃO;SUPERMERCADO;265;OURO
SUPERMERCADO RAIO DE SOL;3655712,55;112427,92;13068,9252;186,76;14453,03;126;2;0;0;54;1647;117,31;549,53;50,64;456,46;3;2025;13;ATIVO;GOIÂNIA;Dia 10;SIM;SUPERMERCADO;265;OURO
SUPERMERCADO RAIO DE SOL;3591858,48;0;0;2,24;5,35;3;0;0;0;63;429;85,67;394,21;78,02;647,55;2;2026;8;ATIVO;GOIÂNIA;Dia 10;NÃO;SUPERMERCADO;265;OURO
SUPERMERCADO RAIO DE SOL;3582545,26;0;0;483,19;227,21;40;3;2;0;54;1595;60,46;278,38;30,92;606;6;2025;88;ATIVO;GOIÂNIA;Dia 10;NÃO;SUPERMERCADO;265;OURO
SUPERMERCADO RAIO DE SOL;3537449,44;0;0;102,55;102,55;13;5;1;0;55;1889;65,24;301,65;35,34;649,18;9;2025;3;ATIVO;GOIÂNIA;Dia 10;NÃO;SUPERMERCADO;265;OURO
SUPERMERCADO RAIO DE SOL;3481574,15;0;0;114,29;8300,81;98;1;0;0;46;1603;104,6;481,19;25,32;565,17;4;2025;2;ATIVO;GOIÂNIA;Dia 10;NÃO;SUPERMERCADO;265;OURO
SUPERMERCADO RAIO DE SOL;3034516,97;84748,07;9505,6872;341;12071,59;123;7;4;0;2122;3930;1971,42;9072,52;0,92;310,25;12;2024;4;ATIVO;GOIÂNIA;Dia 10;SIM;SUPERMERCADO;265;OURO
SUPERMERCADO RAIO DE SOL;2918572,69;86730,05;9959,3844;315,09;11058,17;130;6;3;0;2040;3716;1633,85;7535,9;0,92;510,55;1;2025;3;ATIVO;GOIÂNIA;Dia 10;SIM;SUPERMERCADO;265;OURO
SUPERMERCADO RAIO DE SOL;2778457,91;44265,5;4913,598;45,47;11646,73;119;3;0;0;1328;2949;818,55;3776,99;17,45;378,39;2;2025;4;ATIVO;GOIÂNIA;Dia 10;SIM;SUPERMERCADO;265;OURO
SUPERMERCADO RAIO DE SOL;2611127,24;70412,79;7778,2836;108,7;8244,51;111;2;2;1;1910;3544;1509,58;6948,17;18,66;221,22;11;2024;0;ATIVO;GOIÂNIA;Dia 10;SIM;SUPERMERCADO;265;OURO
SUPERMERCADO RAIO DE SOL;2276143,48;51833,72;6106,632;39,57;5777,2;87;2;1;0;991;2488;717,84;3282,64;7,5;534,05;10;2024;3;ATIVO;GOIÂNIA;Dia 10;SIM;SUPERMERCADO;265;OURO
SUPERMERCADO RAIO DE SOL;1794346,53;41634,84;0;6669,19;1606,42;397;82;53;1;753;1267;458,67;2115,11;322,35;1520,95;6;2024;108;ATIVO;GOIÂNIA;Dia 10;SIM;SUPERMERCADO;265;OURO
SUPERMERCADO RAIO DE SOL;1757657,83;47618,11;519,8772;1327,64;684,63;99;9;2;1;1784;2852;1376,38;6347,57;7,56;416,76;8;2024;131;ATIVO;GOIÂNIA;Dia 10;SIM;SUPERMERCADO;265;OURO
SUPERMERCADO RAIO DE SOL;1720654,11;0;0;1960,74;6499,58;1255;120;76;290;1385;2213;2665,13;12279,59;471;6288,89;5;2024;380;ATIVO;GOIÂNIA;Dia 10;NÃO;SUPERMERCADO;265;OURO
SUPERMERCADO RAIO DE SOL;1680321,7;45351,96;0;632,33;240,29;144;48;26;0;1618;2520;1049,53;4839,32;188,43;895,83;7;2024;39;ATIVO;GOIÂNIA;Dia 10;SIM;SUPERMERCADO;265;OURO
SUPERMERCADO RAIO DE SOL;1622795,42;47100,7;5558,3424;71,3;5147,1;80;1;0;1;2117;3458;2458,69;11334,18;1,66;77,32;9;2024;1;ATIVO;GOIÂNIA;Dia 10;SIM;SUPERMERCADO;265;OURO
SUPERMERCADO REDE BATISTA (DEVAIR);4500560,35;0;0;793,6;131,69;57;52;4;0;99;176;80,67;341,3;84,56;657,01;4;2026;48;ATIVO;GOIANIRA;Dia 30;NÃO;SUPERMERCADO;266;OURO
SUPERMERCADO REDE BATISTA (DEVAIR);3166227,78;0;0;178,39;217,15;63;57;1;0;91;181;47,68;189,63;35,59;323,75;12;2025;55;ATIVO;GOIANIRA;Dia 30;NÃO;SUPERMERCADO;266;OURO
SUPERMERCADO REDE BATISTA (DEVAIR);3062108,17;0;0;707,49;819,84;64;32;2;0;85;177;37,85;173,89;106,55;905,52;5;2025;48;ATIVO;GOIANIRA;Dia 30;NÃO;SUPERMERCADO;266;OURO
SUPERMERCADO REDE BATISTA (DEVAIR);3024600,45;0;0;99;853,09;32;28;0;0;24;64;7,61;35,07;0;190,83;12;2024;34;ATIVO;GOIANIRA;Dia 30;NÃO;SUPERMERCADO;266;OURO
SUPERMERCADO REDE BATISTA (DEVAIR);2988729,9;0;0;227,78;114,7;63;62;1;0;113;207;59,27;270,65;39,54;750,47;10;2025;70;ATIVO;GOIANIRA;Dia 30;NÃO;SUPERMERCADO;266;OURO
SUPERMERCADO REDE BATISTA (DEVAIR);2967256,16;0;0;1093,62;112,7;61;58;1;0;121;205;45,23;208,61;134,45;668,13;8;2025;55;ATIVO;GOIANIRA;Dia 30;NÃO;SUPERMERCADO;266;OURO
SUPERMERCADO REDE BATISTA (DEVAIR);2955544,94;0;0;202,24;191,44;70;63;1;0;78;146;35,25;157,9;79,11;260,87;3;2026;81;ATIVO;GOIANIRA;Dia 30;NÃO;SUPERMERCADO;266;OURO
SUPERMERCADO REDE BATISTA (DEVAIR);2940573,06;0;0;427;856,38;49;28;1;0;66;151;38,14;174,98;7,9;641,95;3;2025;41;ATIVO;GOIANIRA;Dia 30;NÃO;SUPERMERCADO;266;OURO
SUPERMERCADO REDE BATISTA (DEVAIR);2932871,74;0;0;507,57;169,73;61;56;1;0;114;190;46,96;216,59;114,19;663,11;7;2025;52;ATIVO;GOIANIRA;Dia 30;NÃO;SUPERMERCADO;266;OURO
SUPERMERCADO REDE BATISTA (DEVAIR);2891022,3;0;0;640,52;164,14;67;63;2;0;103;199;62,39;263,59;64,3;406,98;11;2025;59;ATIVO;GOIANIRA;Dia 30;NÃO;SUPERMERCADO;266;OURO
SUPERMERCADO REDE BATISTA (DEVAIR);2881268,77;0;0;798,35;20,99;14;19;2;0;92;162;44,01;200,74;9,17;515,15;7;2026;8;ATIVO;GOIANIRA;Dia 30;NÃO;SUPERMERCADO;266;OURO
SUPERMERCADO REDE BATISTA (DEVAIR);2867598,79;0;0;710,53;818,14;67;40;1;0;71;171;43,17;198,48;110,84;872,84;4;2025;51;ATIVO;GOIANIRA;Dia 30;NÃO;SUPERMERCADO;266;OURO
SUPERMERCADO REDE BATISTA (DEVAIR);2832743,49;0;0;231,99;80,46;59;57;0;0;111;201;80,59;368,09;43,03;1112,59;9;2025;59;ATIVO;GOIANIRA;Dia 30;NÃO;SUPERMERCADO;266;OURO
SUPERMERCADO REDE BATISTA (DEVAIR);2817909,14;0;0;119,05;152,4;25;18;0;0;77;162;53,99;249,11;136,69;770,47;6;2025;17;ATIVO;GOIANIRA;Dia 30;NÃO;SUPERMERCADO;266;OURO
SUPERMERCADO REDE BATISTA (DEVAIR);2808360,08;0;0;229,45;165,95;63;60;0;0;100;193;178,93;755,39;32,16;252,79;1;2026;58;ATIVO;GOIANIRA;Dia 30;NÃO;SUPERMERCADO;266;OURO
SUPERMERCADO REDE BATISTA (DEVAIR);2806035,87;0;0;20,7;23,76;10;16;0;0;77;124;37,04;159,03;10,01;296,23;6;2026;7;ATIVO;GOIANIRA;Dia 30;NÃO;SUPERMERCADO;266;OURO
SUPERMERCADO REDE BATISTA (DEVAIR);2789412,9;0;0;119,68;828,58;34;27;0;26;37;80;19,85;91,09;5,54;190,53;10;2024;34;ATIVO;GOIANIRA;Dia 30;NÃO;SUPERMERCADO;266;OURO
SUPERMERCADO REDE BATISTA (DEVAIR);2774193,26;0;0;5,82;310,25;33;28;0;33;44;120;18,27;83,88;12,99;347,23;12;2023;26;ATIVO;GOIANIRA;Dia 30;NÃO;SUPERMERCADO;266;OURO
SUPERMERCADO REDE BATISTA (DEVAIR);2772114,41;0;0;106,53;767,67;35;27;0;0;17;53;5,52;25,27;1,29;153,07;11;2024;35;ATIVO;GOIANIRA;Dia 30;NÃO;SUPERMERCADO;266;OURO
SUPERMERCADO REDE BATISTA (DEVAIR);2715278,34;0;0;211,93;635,15;68;63;0;0;84;161;155,87;710,66;42,39;256,06;2;2026;220;ATIVO;GOIANIRA;Dia 30;NÃO;SUPERMERCADO;266;OURO
SUPERMERCADO REDE BATISTA (DEVAIR);2687680,65;0;0;111,25;754,44;30;24;0;0;45;119;13,32;61,45;5,96;187,42;1;2025;31;ATIVO;GOIANIRA;Dia 30;NÃO;SUPERMERCADO;266;OURO
SUPERMERCADO REDE BATISTA (DEVAIR);2681187,59;0;0;168,63;298,33;23;11;0;31;47;72;40,25;184,3;20,81;4421,32;5;2024;30;ATIVO;GOIANIRA;Dia 30;NÃO;SUPERMERCADO;266;OURO
SUPERMERCADO REDE BATISTA (DEVAIR);2679112,39;0;0;105,14;647,19;37;29;1;32;20;44;11,6;53,3;1,39;102,04;8;2024;31;ATIVO;GOIANIRA;Dia 30;NÃO;SUPERMERCADO;266;OURO
SUPERMERCADO REDE BATISTA (DEVAIR);2674581,84;0;0;66,12;233,84;19;10;0;23;51;102;13,7;63,41;4,62;4270,43;3;2024;21;ATIVO;GOIANIRA;Dia 30;NÃO;SUPERMERCADO;266;OURO
SUPERMERCADO REDE BATISTA (DEVAIR);2652028,49;0;0;124,31;83,37;19;11;0;32;32;57;43,37;199,3;5,87;4235,86;6;2024;24;ATIVO;GOIANIRA;Dia 30;NÃO;SUPERMERCADO;266;OURO
SUPERMERCADO REDE BATISTA (DEVAIR);2617038;0;0;129,54;708,79;38;31;1;31;42;95;34,71;159,25;1,66;1161,8;7;2024;31;ATIVO;GOIANIRA;Dia 30;NÃO;SUPERMERCADO;266;OURO
SUPERMERCADO REDE BATISTA (DEVAIR);2607198,02;0;0;476,76;824,82;47;24;1;0;72;149;34,41;158,29;8,9;633,12;2;2025;42;ATIVO;GOIANIRA;Dia 30;NÃO;SUPERMERCADO;266;OURO
SUPERMERCADO REDE BATISTA (DEVAIR);2601371,15;0;0;134,37;666,84;38;29;1;27;21;58;7,69;35,38;1,48;102,69;9;2024;35;ATIVO;GOIANIRA;Dia 30;NÃO;SUPERMERCADO;266;OURO
SUPERMERCADO REDE BATISTA (DEVAIR);2523020,23;0;0;124,04;471,12;131;7;0;29;56;100;47,24;216,15;12,92;4265,41;4;2024;144;ATIVO;GOIANIRA;Dia 30;NÃO;SUPERMERCADO;266;OURO
SUPERMERCADO REDE BATISTA (DEVAIR);2468180,96;0;0;15,66;31,27;13;6;0;33;42;94;4,81;22,54;0;366,33;1;2024;5;ATIVO;GOIANIRA;Dia 30;NÃO;SUPERMERCADO;266;OURO
SUPERMERCADO REDE BATISTA (DEVAIR);2366856,13;0;0;9168,48;485,98;106;74;0;332;100;194;77,89;359,29;10,97;176,01;10;2023;500;ATIVO;GOIANIRA;Dia 30;NÃO;SUPERMERCADO;266;OURO
SUPERMERCADO REDE BATISTA (DEVAIR);2366193,85;0;0;58,09;2036,76;155;103;6;332;94;187;90,62;418,91;9,4;183,51;9;2023;1064;ATIVO;GOIANIRA;Dia 30;NÃO;SUPERMERCADO;266;OURO
SUPERMERCADO REDE BATISTA (DEVAIR);2352114,45;0;0;12,13;400,86;45;42;0;316;83;175;49,59;227,96;5,83;117,08;11;2023;58;ATIVO;GOIANIRA;Dia 30;NÃO;SUPERMERCADO;266;OURO
SUPERMERCADO REDE BATISTA (DEVAIR);2345732,88;0;0;138,48;21,91;24;9;0;30;41;75;11,4;53,21;5,35;334,45;2;2024;17;ATIVO;GOIANIRA;Dia 30;NÃO;SUPERMERCADO;266;OURO
SUPERMERCADO REDE BATISTA (DEVAIR);2342375,42;0;0;512,48;1716,78;198;122;9;335;118;219;153,25;709,56;93,82;1387,42;7;2023;1113;ATIVO;GOIANIRA;Dia 30;NÃO;SUPERMERCADO;266;OURO
SUPERMERCADO REDE BATISTA (DEVAIR);2332226,77;0;0;452;2551,52;208;127;9;333;107;198;169,01;780,25;99,66;1118,51;8;2023;1146;ATIVO;GOIANIRA;Dia 30;NÃO;SUPERMERCADO;266;OURO
SUPERMERCADO REDE BATISTA (DEVAIR);2236592,8;0;0;0;0;0;0;0;0;0;0;0;0;0;0;6;2023;0;ATIVO;GOIANIRA;Dia 30;NÃO;SUPERMERCADO;266;OURO
SUPERMERCADO REDE BATISTA (DEVAIR);2228345;0;0;589,73;9652,04;205;127;11;345;138;243;234,61;1074,2;83,97;1514,58;5;2023;1102;ATIVO;GOIANIRA;Dia 30;NÃO;SUPERMERCADO;266;OURO
SUPERMERCADO REDE BATISTA (HIPER RK);4814094,24;0;0;465,22;115,25;45;45;2;0;112;163;140,89;591,22;133,75;2070,35;7;2026;43;ATIVO;GOIANIRA;Dia 30;NÃO;SUPERMERCADO;267;OURO
SUPERMERCADO REDE BATISTA (HIPER RK);4692961,22;0;0;740,01;1225,12;54;29;0;0;49;63;38,2;173,82;300,46;472,58;5;2025;96;ATIVO;GOIANIRA;Dia 30;NÃO;SUPERMERCADO;267;OURO
SUPERMERCADO REDE BATISTA (HIPER RK);4676306,89;0;0;450,81;177,14;31;15;0;0;100;160;60,89;228,36;10,32;355,91;12;2025;86;ATIVO;GOIANIRA;Dia 30;NÃO;SUPERMERCADO;267;OURO
SUPERMERCADO REDE BATISTA (HIPER RK);4675194,9;0;0;153,71;109,96;33;17;1;0;44;65;54;23,19;23,19;420,55;12;2024;85;ATIVO;GOIANIRA;Dia 30;NÃO;SUPERMERCADO;267;OURO
SUPERMERCADO REDE BATISTA (HIPER RK);4571688,86;0;0;335,83;110,75;39;41;1;0;91;141;46,79;161,43;340,07;1334,51;6;2026;35;ATIVO;GOIANIRA;Dia 30;NÃO;SUPERMERCADO;267;OURO
SUPERMERCADO REDE BATISTA (HIPER RK);4569306,44;0;0;41,32;79,4;23;30;0;0;106;161;50,39;176,04;85,5;1275,05;4;2026;69;ATIVO;GOIANIRA;Dia 30;NÃO;SUPERMERCADO;267;OURO
SUPERMERCADO REDE BATISTA (HIPER RK);4500374,26;0;0;355,96;32,75;26;9;1;0;130;191;53,97;248,66;48,18;551,73;7;2025;70;ATIVO;GOIANIRA;Dia 30;NÃO;SUPERMERCADO;267;OURO
SUPERMERCADO REDE BATISTA (HIPER RK);4468147,99;0;0;352,05;152,29;41;17;2;0;61;104;62,16;282,53;53,47;611,52;3;2025;89;ATIVO;GOIANIRA;Dia 30;NÃO;SUPERMERCADO;267;OURO
SUPERMERCADO REDE BATISTA (HIPER RK);4466047,82;0;0;470,06;30,55;28;12;0;0;82;130;30,56;140,9;13,01;416,76;8;2025;75;ATIVO;GOIANIRA;Dia 30;NÃO;SUPERMERCADO;267;OURO
SUPERMERCADO REDE BATISTA (HIPER RK);4458472,85;0;0;539,74;207,53;25;14;1;0;103;172;66,01;287,65;56,43;1109,89;3;2026;73;ATIVO;GOIANIRA;Dia 30;NÃO;SUPERMERCADO;267;OURO
SUPERMERCADO REDE BATISTA (HIPER RK);4419937,36;0;0;484,91;72,7;30;11;0;0;42;78;6,11;27,83;48,27;331,92;10;2025;82;ATIVO;GOIANIRA;Dia 30;NÃO;SUPERMERCADO;267;OURO
SUPERMERCADO REDE BATISTA (HIPER RK);4353369,5;0;0;480,21;55,29;27;9;0;0;105;165;34,02;130,62;34,37;229,44;11;2025;29;ATIVO;GOIANIRA;Dia 30;NÃO;SUPERMERCADO;267;OURO
SUPERMERCADO REDE BATISTA (HIPER RK);4304937,7;0;0;412;317,91;32;18;0;0;93;156;116,23;480,84;19,62;186,94;1;2026;82;ATIVO;GOIANIRA;Dia 30;NÃO;SUPERMERCADO;267;OURO
SUPERMERCADO REDE BATISTA (HIPER RK);4219416,95;0;0;446,48;63,17;20;7;0;0;75;112;10,34;47,8;33,53;321,36;9;2025;68;ATIVO;GOIANIRA;Dia 30;NÃO;SUPERMERCADO;267;OURO
SUPERMERCADO REDE BATISTA (HIPER RK);4200848,63;0;0;945,05;142,15;33;20;0;0;38;66;30,01;136,35;57,68;406,41;11;2024;90;ATIVO;GOIANIRA;Dia 30;NÃO;SUPERMERCADO;267;OURO
SUPERMERCADO REDE BATISTA (HIPER RK);4179581,3;0;0;151,44;122,71;44;20;2;0;41;48;45,26;206,21;66,26;466,87;4;2025;95;ATIVO;GOIANIRA;Dia 30;NÃO;SUPERMERCADO;267;OURO
SUPERMERCADO REDE BATISTA (HIPER RK);4176695,61;0;0;312,27;59,96;34;11;0;0;96;154;18,64;85,59;81,38;383,33;6;2025;72;ATIVO;GOIANIRA;Dia 30;NÃO;SUPERMERCADO;267;OURO
SUPERMERCADO REDE BATISTA (HIPER RK);4094735,42;0;0;381,06;380,11;25;17;1;0;104;161;115,57;521,2;35,51;216,99;2;2026;181;ATIVO;GOIANIRA;Dia 30;NÃO;SUPERMERCADO;267;OURO
SUPERMERCADO REDE BATISTA (HIPER RK);4084238,59;0;0;351,23;141,15;39;23;3;0;38;59;46,11;210,21;62,92;362,48;1;2025;94;ATIVO;GOIANIRA;Dia 30;NÃO;SUPERMERCADO;267;OURO
SUPERMERCADO REDE BATISTA (HIPER RK);4039905,8;0;0;317,14;310,01;53;29;1;46;104;136;15,45;71,33;23,69;746,53;12;2023;84;ATIVO;GOIANIRA;Dia 30;NÃO;SUPERMERCADO;267;OURO
SUPERMERCADO REDE BATISTA (HIPER RK);4018874,79;0;0;137,6;109,87;34;20;1;42;33;60;4,61;21,12;21,12;170,05;8;2024;95;ATIVO;GOIANIRA;Dia 30;NÃO;SUPERMERCADO;267;OURO
SUPERMERCADO REDE BATISTA (HIPER RK);3969457,44;0;0;319,2;120,58;36;20;2;0;29;36;36,47;165,64;26,56;376,03;2;2025;90;ATIVO;GOIANIRA;Dia 30;NÃO;SUPERMERCADO;267;OURO
SUPERMERCADO REDE BATISTA (HIPER RK);3927943,73;0;0;239,67;98,33;31;20;0;40;32;43;5,43;25,02;12,24;203,2;9;2024;95;ATIVO;GOIANIRA;Dia 30;NÃO;SUPERMERCADO;267;OURO
SUPERMERCADO REDE BATISTA (HIPER RK);3859017,09;0;0;178,87;172,82;52;27;1;42;45;50;14,14;64,77;12,34;320,92;7;2024;96;ATIVO;GOIANIRA;Dia 30;NÃO;SUPERMERCADO;267;OURO
SUPERMERCADO REDE BATISTA (HIPER RK);3820956,24;0;0;167,12;445,47;51;22;2;43;59;75;60,89;280,12;9,9;740,81;5;2024;93;ATIVO;GOIANIRA;Dia 30;NÃO;SUPERMERCADO;267;OURO
SUPERMERCADO REDE BATISTA (HIPER RK);3794015,5;0;0;184,78;250,48;25;18;0;32;58;87;12,37;57,34;0,74;134,44;3;2024;58;ATIVO;GOIANIRA;Dia 30;NÃO;SUPERMERCADO;267;OURO
SUPERMERCADO REDE BATISTA (HIPER RK);3716844,38;0;0;181,2;429,73;53;23;1;42;63;81;60,43;277,69;15,36;699,77;6;2024;90;ATIVO;GOIANIRA;Dia 30;NÃO;SUPERMERCADO;267;OURO
SUPERMERCADO REDE BATISTA (HIPER RK);3509193,82;0;0;142,89;741,5;109;22;2;40;80;130;52,52;244,15;21,51;324,45;4;2024;156;ATIVO;GOIANIRA;Dia 30;NÃO;SUPERMERCADO;267;OURO
SUPERMERCADO REDE BATISTA (HIPER RK);3447852,97;0;0;6,54;73,22;20;13;0;43;61;82;14,55;66,72;7,02;353,12;1;2024;67;ATIVO;GOIANIRA;Dia 30;NÃO;SUPERMERCADO;267;OURO
SUPERMERCADO REDE BATISTA (HIPER RK);3371615,11;0;0;8167,11;215,6;104;42;0;1;275;358;255,19;1180,16;314;1753,16;10;2023;283;ATIVO;GOIANIRA;Dia 30;NÃO;SUPERMERCADO;267;OURO
SUPERMERCADO REDE BATISTA (HIPER RK);3356423,09;0;0;15,28;47,44;27;11;0;38;58;69;17,89;83,34;9,44;560,94;2;2024;65;ATIVO;GOIANIRA;Dia 30;NÃO;SUPERMERCADO;267;OURO
SUPERMERCADO REDE BATISTA (HIPER RK);3322550,17;0;0;1741,45;2928,83;166;108;5;4;250;328;372,19;1721,05;282,2;1529,28;9;2023;1332;ATIVO;GOIANIRA;Dia 30;NÃO;SUPERMERCADO;267;OURO
SUPERMERCADO REDE BATISTA (HIPER RK);3291043,12;0;0;68,17;224,11;52;26;0;3;184;249;65,34;303,94;149,55;576,33;11;2023;84;ATIVO;GOIANIRA;Dia 30;NÃO;SUPERMERCADO;267;OURO
SUPERMERCADO REDE BATISTA (HIPER RK);3252573,89;0;0;1704,19;3447,94;150;74;4;4;193;269;301,02;1395,58;235,43;1443,92;8;2023;1376;ATIVO;GOIANIRA;Dia 30;NÃO;SUPERMERCADO;267;OURO
SUPERMERCADO REDE BATISTA (HIPER RK);3097793,8;0;0;1185,19;1621,8;214;132;7;396;267;358;414,68;1913,76;193,85;2557,14;5;2023;1401;ATIVO;GOIANIRA;Dia 30;NÃO;SUPERMERCADO;267;OURO
SUPERMERCADO REDE BATISTA (HIPER RK);3070258,42;0;0;0;0;0;0;0;0;0;0;0;0;0;0;6;2023;0;ATIVO;GOIANIRA;Dia 30;NÃO;SUPERMERCADO;267;OURO
SUPERMERCADO REDE BATISTA (HIPER RK);2641541,16;0;0;1300,28;2816,18;137;65;1;3;184;256;240,06;1111,07;186,93;1150,31;7;2023;1315;ATIVO;GOIANIRA;Dia 30;NÃO;SUPERMERCADO;267;OURO
SUPERMERCADO REDE BATISTA (RD);15168386,81;0;0;693,19;841,55;40;22;10;0;155;199;578,24;2464,24;346,42;1872,66;4;2026;38;ATIVO;GOIANIRA;Dia 30;NÃO;SUPERMERCADO;268;OURO
SUPERMERCADO REDE BATISTA (RD);10784607,92;0;0;2166,26;89,14;52;13;5;0;165;229;326,7;1316,06;59,41;1681,88;12;2025;11;ATIVO;GOIANIRA;Dia 30;NÃO;SUPERMERCADO;268;OURO
SUPERMERCADO REDE BATISTA (RD);10485187,63;0;0;22,99;40,88;19;10;0;0;79;112;311,16;1399,09;128,18;546,49;6;2026;13;ATIVO;GOIANIRA;Dia 30;NÃO;SUPERMERCADO;268;OURO
SUPERMERCADO REDE BATISTA (RD);10390034,81;0;0;737,63;68,05;24;8;0;0;84;109;323,54;1441,21;274,94;385,38;7;2026;10;ATIVO;GOIANIRA;Dia 30;NÃO;SUPERMERCADO;268;OURO
SUPERMERCADO REDE BATISTA (RD);10237388,78;0;0;306,45;530,99;47;20;0;0;102;131;95,44;440,33;110,64;2811,76;12;2024;42;ATIVO;GOIANIRA;Dia 30;NÃO;SUPERMERCADO;268;OURO
SUPERMERCADO REDE BATISTA (RD);9847066,66;0;0;1717,2;58,05;48;16;5;0;138;203;403,62;1788,45;32,53;934,24;11;2025;17;ATIVO;GOIANIRA;Dia 30;NÃO;SUPERMERCADO;268;OURO
SUPERMERCADO REDE BATISTA (RD);9679694,83;0;0;323,36;367,17;33;17;10;0;129;166;415,31;1856,24;75,02;1260,68;3;2026;33;ATIVO;GOIANIRA;Dia 30;NÃO;SUPERMERCADO;268;OURO
SUPERMERCADO REDE BATISTA (RD);9433861,68;0;0;741,54;1496,85;77;18;0;0;131;173;1496,85;211,88;96,87;3490,34;3;2025;55;ATIVO;GOIANIRA;Dia 30;NÃO;SUPERMERCADO;268;OURO
SUPERMERCADO REDE BATISTA (RD);9345525,63;0;0;698,44;59,9;56;10;0;0;129;188;83,91;384,88;40,36;1361,44;10;2025;22;ATIVO;GOIANIRA;Dia 30;NÃO;SUPERMERCADO;268;OURO
SUPERMERCADO REDE BATISTA (RD);9190411,24;0;0;195,84;379,57;33;10;0;0;159;287;107,27;495,73;113,74;907,16;7;2025;18;ATIVO;GOIANIRA;Dia 30;NÃO;SUPERMERCADO;268;OURO
SUPERMERCADO REDE BATISTA (RD);9128248,16;0;0;691,26;1712,84;83;17;1;0;123;167;51,06;237,33;235,78;2370,44;4;2025;54;ATIVO;GOIANIRA;Dia 30;NÃO;SUPERMERCADO;268;OURO
SUPERMERCADO REDE BATISTA (RD);9079614,5;0;0;360,36;1396,01;83;21;0;0;157;203;63,04;290,36;246,99;2370,59;5;2025;63;ATIVO;GOIANIRA;Dia 30;NÃO;SUPERMERCADO;268;OURO
SUPERMERCADO REDE BATISTA (RD);9009477,16;0;0;400,99;446,9;52;25;0;0;114;149;80,25;369,79;111,22;1863,39;11;2024;48;ATIVO;GOIANIRA;Dia 30;NÃO;SUPERMERCADO;268;OURO
SUPERMERCADO REDE BATISTA (RD);9002636,47;0;0;1345,68;811,98;41;69;2;74;149;209;124,23;578,29;985,78;1881,75;12;2023;49;ATIVO;GOIANIRA;Dia 30;NÃO;SUPERMERCADO;268;OURO
SUPERMERCADO REDE BATISTA (RD);8934340,21;0;0;547,07;218,52;33;5;0;0;154;209;127,62;585,29;96,04;1120,66;6;2025;20;ATIVO;GOIANIRA;Dia 30;NÃO;SUPERMERCADO;268;OURO
SUPERMERCADO REDE BATISTA (RD);8901759,87;0;0;794,29;83,09;39;8;1;0;143;205;121,98;403,13;360,61;824,7;1;2026;30;ATIVO;GOIANIRA;Dia 30;NÃO;SUPERMERCADO;268;OURO
SUPERMERCADO REDE BATISTA (RD);8821048,05;0;0;352,93;154,16;47;20;11;0;141;183;376,49;1681,23;94,16;900,34;2;2026;450;ATIVO;GOIANIRA;Dia 30;NÃO;SUPERMERCADO;268;OURO
SUPERMERCADO REDE BATISTA (RD);8522141,35;0;0;492,11;1331,96;57;22;0;55;86;111;112,69;520,66;56,37;1590,68;8;2024;49;ATIVO;GOIANIRA;Dia 30;NÃO;SUPERMERCADO;268;OURO
SUPERMERCADO REDE BATISTA (RD);8515500,9;0;0;675,55;1629,44;67;26;0;55;93;122;85,15;393,32;82,77;2246,47;10;2024;58;ATIVO;GOIANIRA;Dia 30;NÃO;SUPERMERCADO;268;OURO
SUPERMERCADO REDE BATISTA (RD);8503118,96;0;0;123,25;684,68;26;8;1;0;158;307;184,01;845,73;112,39;818,23;8;2025;14;ATIVO;GOIANIRA;Dia 30;NÃO;SUPERMERCADO;268;OURO
SUPERMERCADO REDE BATISTA (RD);8489356,68;0;0;640,86;122,57;57;15;0;52;111;139;45,93;212,95;59,17;2575,12;9;2024;49;ATIVO;GOIANIRA;Dia 30;NÃO;SUPERMERCADO;268;OURO
SUPERMERCADO REDE BATISTA (RD);8224434,19;0;0;68,91;41,38;11;0;0;55;131;191;245,94;1134,71;342,24;275,83;5;2024;12;ATIVO;GOIANIRA;Dia 30;NÃO;SUPERMERCADO;268;OURO
SUPERMERCADO REDE BATISTA (RD);8216797,91;0;0;653,79;32,95;32;9;0;0;140;200;86,43;399,26;112,3;1251,99;9;2025;20;ATIVO;GOIANIRA;Dia 30;NÃO;SUPERMERCADO;268;OURO
SUPERMERCADO REDE BATISTA (RD);8184641,01;0;0;116,06;36,2;15;44;0;53;49;60;20,03;93,76;117,17;314,42;3;2024;9;ATIVO;GOIANIRA;Dia 30;NÃO;SUPERMERCADO;268;OURO
SUPERMERCADO REDE BATISTA (RD);8166476,52;0;0;475,08;663,43;50;18;0;0;111;144;69,16;324,24;80,24;2096,51;2;2025;40;ATIVO;GOIANIRA;Dia 30;NÃO;SUPERMERCADO;268;OURO
SUPERMERCADO REDE BATISTA (RD);7853719,83;0;0;592,23;51,95;63;14;0;57;81;107;77,57;352,23;189,75;1750,82;7;2024;50;ATIVO;GOIANIRA;Dia 30;NÃO;SUPERMERCADO;268;OURO
SUPERMERCADO REDE BATISTA (RD);7820674,28;0;0;156,03;20,65;3;2;0;53;48;71;27,45;128,02;371,72;189,04;6;2024;3;ATIVO;GOIANIRA;Dia 30;NÃO;SUPERMERCADO;268;OURO
SUPERMERCADO REDE BATISTA (RD);7423121,85;0;0;403,6;432;47;20;0;0;84;106;47,44;221,57;95,87;2333,55;1;2025;42;ATIVO;GOIANIRA;Dia 30;NÃO;SUPERMERCADO;268;OURO
SUPERMERCADO REDE BATISTA (RD);7300014,95;0;0;102,17;1801,32;287;1;0;54;118;176;208,86;963,43;253,19;237,39;4;2024;289;ATIVO;GOIANIRA;Dia 30;NÃO;SUPERMERCADO;268;OURO
SUPERMERCADO REDE BATISTA (RD);7221596,74;0;0;305,27;99,76;23;56;0;72;76;114;39,61;184,79;62,68;881,72;2;2024;23;ATIVO;GOIANIRA;Dia 30;NÃO;SUPERMERCADO;268;OURO
SUPERMERCADO REDE BATISTA (RD);7137092,94;0;0;33,31;373,96;23;64;0;71;101;160;57,74;269,13;215,2;1441,2;1;2024;31;ATIVO;GOIANIRA;Dia 30;NÃO;SUPERMERCADO;268;OURO
SUPERMERCADO REDE BATISTA (RD);7123692,87;0;0;1679,12;6177,97;309;96;12;32;271;868;540,31;2489,85;517,4;3449,74;7;2023;1021;ATIVO;GOIANIRA;Dia 30;NÃO;SUPERMERCADO;268;OURO
SUPERMERCADO REDE BATISTA (RD);7091657,92;0;0;9494,75;505,8;87;81;2;31;962;259;156,89;727,2;751,03;615,93;10;2023;962;ATIVO;GOIANIRA;Dia 30;NÃO;SUPERMERCADO;268;OURO
SUPERMERCADO REDE BATISTA (RD);7069194,12;0;0;899,34;1338,81;48;30;5;31;108;147;229,77;1051,4;774,4;245,68;9;2023;928;ATIVO;GOIANIRA;Dia 30;NÃO;SUPERMERCADO;268;OURO
SUPERMERCADO REDE BATISTA (RD);6918918,71;0;0;660,2;233,02;25;87;2;31;89;128;126,52;592,21;748,28;516,28;11;2023;31;ATIVO;GOIANIRA;Dia 30;NÃO;SUPERMERCADO;268;OURO
SUPERMERCADO REDE BATISTA (RD);6918061,96;0;0;2667,1;15550,25;197;106;9;389;212;296;359,67;1656,23;288,8;2876;5;2023;1405;ATIVO;GOIANIRA;Dia 30;NÃO;SUPERMERCADO;268;OURO
SUPERMERCADO REDE BATISTA (RD);6632701,65;0;0;1028,26;1076,37;43;13;2;32;88;110;219,73;1009,99;786,91;608,38;8;2023;957;ATIVO;GOIANIRA;Dia 30;NÃO;SUPERMERCADO;268;OURO
SUPERMERCADO REIS;575234,93;0;0;166,04;2316,9;124;63;5;0;270;577;250,25;1152,3;39,26;179,76;12;2025;152;ATIVO;ANÁPOLIS;Dia 15;NÃO;SUPERMERCADO;140;PRATA
SUPERMERCADO REIS;545503,83;0;0;119,19;351,52;105;53;7;0;251;561;245,27;1126,51;18,55;194,72;1;2026;142;ATIVO;ANÁPOLIS;Dia 15;NÃO;SUPERMERCADO;140;PRATA
SUPERMERCADO REIS;523061,47;0;0;207,22;277,45;112;51;7;0;264;604;222,96;1026,66;26,81;185,01;9;2025;142;ATIVO;ANÁPOLIS;Dia 15;NÃO;SUPERMERCADO;140;PRATA
SUPERMERCADO REIS;522545,31;0;0;114,48;483,7;115;59;12;0;281;610;250,07;1153;27,95;172,66;10;2025;150;ATIVO;ANÁPOLIS;Dia 15;NÃO;SUPERMERCADO;140;PRATA
SUPERMERCADO REIS;481773,91;0;0;129,7;844,32;114;55;8;0;250;575;253,79;1169,27;10,41;147,03;3;2026;145;ATIVO;ANÁPOLIS;Dia 15;NÃO;SUPERMERCADO;140;PRATA
SUPERMERCADO REIS;432093,49;0;0;144,38;379,38;110;52;9;0;256;554;227,88;1049,19;3,69;176,86;8;2025;152;ATIVO;ANÁPOLIS;Dia 15;NÃO;SUPERMERCADO;140;PRATA
SUPERMERCADO REIS;419657,47;0;0;102,44;2027,37;102;52;6;0;252;549;232,42;1067,41;17,34;183,16;2;2026;139;ATIVO;ANÁPOLIS;Dia 15;NÃO;SUPERMERCADO;140;PRATA
SUPERMERCADO REIS;413909,24;18193,06;1998,61;239,44;251,21;55;27;6;0;254;575;248,62;1141,27;4,87;201,17;3;2025;115;ATIVO;ANÁPOLIS;Dia 15;SIM;SUPERMERCADO;140;PRATA
SUPERMERCADO REIS;390268,26;17809,18;1934,14;243,46;266,19;56;24;9;0;261;576;226,58;1036,52;6,09;194,59;2;2025;114;ATIVO;ANÁPOLIS;Dia 15;SIM;SUPERMERCADO;140;PRATA
SUPERMERCADO REIS;390214,36;15553,34;1674,49;259,25;253,39;57;26;8;0;284;586;262,66;1200,71;3,47;157,27;12;2024;100;ATIVO;ANÁPOLIS;Dia 15;SIM;SUPERMERCADO;140;PRATA
SUPERMERCADO REIS;371385,81;17037,47;1838,59;247,69;196,54;52;25;7;0;242;539;205,23;938,97;5,11;133,29;1;2025;129;ATIVO;ANÁPOLIS;Dia 15;SIM;SUPERMERCADO;140;PRATA
SUPERMERCADO REIS;342106,25;14126,73;1568,35;223,4;242,91;103;36;5;334;301;615;232,91;1069,45;0,41;213,09;8;2024;166;ATIVO;ANÁPOLIS;Dia 15;SIM;SUPERMERCADO;140;PRATA
SUPERMERCADO REIS;322764,05;0;0;1316,16;621,57;270;133;8;370;329;593;234,17;1076,46;0,92;165,53;4;2024;167;ATIVO;ANÁPOLIS;Dia 15;NÃO;SUPERMERCADO;140;PRATA
SUPERMERCADO REIS;311670,51;16466,18;1790,2524;177,51;186,07;48;25;7;326;287;589;236,5;1078,97;4,28;132,24;10;2024;116;ATIVO;ANÁPOLIS;Dia 15;SIM;SUPERMERCADO;140;PRATA
SUPERMERCADO REIS;305358,16;12270,81;1412,4;100,79;165,58;50;26;5;327;305;603;223,09;1023,29;4,19;147,91;9;2024;130;ATIVO;ANÁPOLIS;Dia 15;SIM;SUPERMERCADO;140;PRATA
SUPERMERCADO REIS;292784,84;10444,73;0;1866,73;636,36;200;58;8;304;334;592;218,51;1004,61;3,74;153,35;7;2024;143;ATIVO;ANÁPOLIS;Dia 15;SIM;SUPERMERCADO;140;PRATA
SUPERMERCADO REIS;289512,17;14601,62;1589,73;161,24;152,93;45;21;6;301;248;530;206,31;940,72;0,41;105,1;11;2024;104;ATIVO;ANÁPOLIS;Dia 15;SIM;SUPERMERCADO;140;PRATA
SUPERMERCADO REIS (REDE REIS);86079446,31;0;0;365,17;639,96;19;5;0;0;8;8;29,92;228,92;0;434,07;12;2025;7;ATIVO;ITUMBIARA;Dia 05;NÃO;SUPERMERCADO;1;DIAMANTE
SUPERMERCADO REIS (REDE REIS);84668324,92;0;0;9958,26;30735,39;113;29;253;0;94;90;6194,72;28438,36;0;2831,62;12;2024;129;ATIVO;ITUMBIARA;Dia 05;NÃO;SUPERMERCADO;1;DIAMANTE
SUPERMERCADO REIS (REDE REIS);82433292,19;0;0;20,3;90,37;8;1;0;0;4;5;56,06;57,01;0;1,36;4;2026;5;ATIVO;ITUMBIARA;Dia 05;NÃO;SUPERMERCADO;1;DIAMANTE
SUPERMERCADO REIS (REDE REIS);81317944,93;0;0;354,85;604,32;17;10;259;0;20;11;56,09;207,74;13,41;552,99;7;2025;32;ATIVO;ITUMBIARA;Dia 05;NÃO;SUPERMERCADO;1;DIAMANTE
SUPERMERCADO REIS (REDE REIS);81253978,39;0;0;2,1;279,83;17;4;0;0;1;3;73,6;105,04;0;0;7;2026;4;ATIVO;ITUMBIARA;Dia 05;NÃO;SUPERMERCADO;1;DIAMANTE
SUPERMERCADO REIS (REDE REIS);81040469,53;0;0;1446,21;464,67;18;6;256;0;43;24;571,56;2585,64;0;257,04;8;2025;15;ATIVO;ITUMBIARA;Dia 05;NÃO;SUPERMERCADO;1;DIAMANTE
SUPERMERCADO REIS (REDE REIS);80088479,92;0;0;2551,44;326,73;19;5;0;0;18;5;370,08;193,45;0;277,03;10;2025;8;ATIVO;ITUMBIARA;Dia 05;NÃO;SUPERMERCADO;1;DIAMANTE
SUPERMERCADO REIS (REDE REIS);79589753,5;0;0;1315,36;1450,94;19;4;0;0;32;12;36,58;148,24;0,22;646,87;11;2025;11;ATIVO;ITUMBIARA;Dia 05;NÃO;SUPERMERCADO;1;DIAMANTE
SUPERMERCADO REIS (REDE REIS);78663282,52;0;0;836,81;522,91;15;5;269;0;22;5;84,9;337,21;0;17,33;9;2025;5;ATIVO;ITUMBIARA;Dia 05;NÃO;SUPERMERCADO;1;DIAMANTE
SUPERMERCADO REIS (REDE REIS);78242419,59;0;0;136;127,44;9;2;0;0;6;6;151,16;478,98;0;17,96;3;2026;2;ATIVO;ITUMBIARA;Dia 05;NÃO;SUPERMERCADO;1;DIAMANTE
SUPERMERCADO REIS (REDE REIS);76974006,11;0;0;8612,3;2692,49;39;3;257;0;27;35;89,2;562,36;0;3018,83;4;2025;35;ATIVO;ITUMBIARA;Dia 05;NÃO;SUPERMERCADO;1;DIAMANTE
SUPERMERCADO REIS (REDE REIS);76407357,85;0;0;2834,58;2332,22;55;13;252;0;44;40;135,32;625,1;139,57;1486,51;3;2025;55;ATIVO;ITUMBIARA;Dia 05;NÃO;SUPERMERCADO;1;DIAMANTE
SUPERMERCADO REIS (REDE REIS);76140014,34;0;0;223,23;282,99;15;6;0;0;7;8;13,87;188,1;0;295,96;1;2026;8;ATIVO;ITUMBIARA;Dia 05;NÃO;SUPERMERCADO;1;DIAMANTE
SUPERMERCADO REIS (REDE REIS);73777541,87;0;0;1111,34;1345,87;35;8;255;0;24;31;180,46;1008,86;0;2875,51;5;2025;36;ATIVO;ITUMBIARA;Dia 05;NÃO;SUPERMERCADO;1;DIAMANTE
SUPERMERCADO REIS (REDE REIS);71983583,4;0;0;146,94;177,31;10;1;0;0;4;4;42,66;77,03;0;6,93;2;2026;1;ATIVO;ITUMBIARA;Dia 05;NÃO;SUPERMERCADO;1;DIAMANTE
SUPERMERCADO REIS (REDE REIS);71050847,12;0;0;8565,46;26297,33;82;70;253;0;63;70;4177,8;19174,82;0;1311,31;1;2025;70;ATIVO;ITUMBIARA;Dia 05;NÃO;SUPERMERCADO;1;DIAMANTE
SUPERMERCADO REIS (REDE REIS);69417881,55;0;0;222,98;852,76;26;6;247;0;26;22;97,73;758,79;13,41;674,12;6;2025;23;ATIVO;ITUMBIARA;Dia 05;NÃO;SUPERMERCADO;1;DIAMANTE
SUPERMERCADO REIS (REDE REIS);68186701,14;0;0;3991,27;12923,89;71;19;250;0;52;48;2210,21;10106,02;0;1400,86;2;2025;60;ATIVO;ITUMBIARA;Dia 05;NÃO;SUPERMERCADO;1;DIAMANTE
SUPERMERCADO REIS PROGRESSO;3153037,12;23001,71;2755,41;240,3;204,7;69;33;10;157;32;68;22,96;114,15;0;84,41;8;2026;16;ATIVO;CATALÃO;Dia 10;SIM;SUPERMERCADO;128;PRATA
SUPERMERCADO REIS PROGRESSO;3009730,73;10952,92;1314,09;737,27;686,64;175;33;15;0;162;197;145,66;681,72;58;552,3;12;2025;54;ATIVO;CATALÃO;Dia 10;SIM;SUPERMERCADO;128;PRATA
SUPERMERCADO REIS PROGRESSO;2922344,88;22667,32;2712,23;251,58;676,53;144;68;9;0;33;64;24,19;118,55;25,42;109,84;7;2026;27;ATIVO;CATALÃO;Dia 10;SIM;SUPERMERCADO;128;PRATA
SUPERMERCADO REIS PROGRESSO;2831751,2;0;0;513,83;872,33;87;327;15;49;326;327;336,37;2015,48;328,05;544,23;12;2023;101;ATIVO;CATALÃO;Dia 10;NÃO;SUPERMERCADO;128;PRATA
SUPERMERCADO REIS PROGRESSO;2824156,31;19464,79;2331,62;22892,88;1791,62;253;154;55;0;136;161;50,51;235,77;69,92;11419,08;5;2026;110;ATIVO;CATALÃO;Dia 10;SIM;SUPERMERCADO;128;PRATA
SUPERMERCADO REIS PROGRESSO;2801142,57;19302,38;2307,11;299,44;565,53;177;104;31;0;68;91;35,72;170,79;54,99;3005,31;6;2026;37;ATIVO;CATALÃO;Dia 10;SIM;SUPERMERCADO;128;PRATA
SUPERMERCADO REIS PROGRESSO;2708290,05;7162,01;7162,01;326,97;218,43;74;18;7;0;60;81;14,88;77,91;41,52;136,38;10;2025;45;ATIVO;CATALÃO;Dia 10;SIM;SUPERMERCADO;128;PRATA
SUPERMERCADO REIS PROGRESSO;2646700,16;8619,94;1032,98;28,2;326,06;112;52;6;0;75;90;54,05;254,64;131,54;133,36;8;2025;66;ATIVO;CATALÃO;Dia 10;SIM;SUPERMERCADO;128;PRATA
SUPERMERCADO REIS PROGRESSO;2607064,97;14779,31;1768,72;4002,03;318,38;187;58;43;0;74;98;46,69;223,75;18,63;1933,11;4;2026;44;ATIVO;CATALÃO;Dia 10;SIM;SUPERMERCADO;128;PRATA
SUPERMERCADO REIS PROGRESSO;2564791,02;8759,56;1047,29;558,16;1110,83;296;36;17;0;169;206;183,16;694,76;17,84;565,37;1;2026;75;ATIVO;CATALÃO;Dia 10;SIM;SUPERMERCADO;128;PRATA
SUPERMERCADO REIS PROGRESSO;2550804,43;7680,69;921,18;157,73;880,5;124;44;7;0;58;76;22,8;113,4;99,05;173,71;9;2025;66;ATIVO;CATALÃO;Dia 10;SIM;SUPERMERCADO;128;PRATA
SUPERMERCADO REIS PROGRESSO;2540166,52;0;0;278,92;381,76;144;20;8;0;129;146;116,86;559,19;141,6;163,1;5;2025;104;ATIVO;CATALÃO;Dia 10;NÃO;SUPERMERCADO;128;PRATA
SUPERMERCADO REIS PROGRESSO;2534366,24;6217,39;746,09;81,56;194,79;49;13;8;0;33;52;12,39;64,72;31,62;129,88;11;2025;16;ATIVO;CATALÃO;Dia 10;SIM;SUPERMERCADO;128;PRATA
SUPERMERCADO REIS PROGRESSO;2518716,66;10108,99;1078,78;833,29;201,06;218;22;4;0;69;90;290,78;1345,74;15,77;777,11;3;2026;52;ATIVO;CATALÃO;Dia 10;SIM;SUPERMERCADO;128;PRATA
SUPERMERCADO REIS PROGRESSO;2508502,81;15088,88;1678,75;225,41;190,41;91;16;6;0;30;51;53,69;258,84;1,2;67,68;7;2025;38;ATIVO;CATALÃO;Dia 10;SIM;SUPERMERCADO;128;PRATA
SUPERMERCADO REIS PROGRESSO;2482683,69;0;0;320,65;536,5;69;247;7;0;259;266;225,5;1720,23;239,24;526,02;11;2023;263;ATIVO;CATALÃO;Dia 10;NÃO;SUPERMERCADO;128;PRATA
SUPERMERCADO REIS PROGRESSO;2479858,01;0;0;506,86;690,86;197;19;3;0;195;224;224,45;1107,77;42,15;329,62;12;2024;422;ATIVO;CATALÃO;Dia 10;NÃO;SUPERMERCADO;128;PRATA
SUPERMERCADO REIS PROGRESSO;2422348,23;0;0;625,28;369,74;133;20;10;0;90;123;64,71;299,76;143,25;58,37;3;2025;389;ATIVO;CATALÃO;Dia 10;NÃO;SUPERMERCADO;128;PRATA
SUPERMERCADO REIS PROGRESSO;2410280,1;12075,62;1366,92;690,05;639,01;184;33;14;0;139;162;101;464,84;23,59;495,58;2;2026;72;ATIVO;CATALÃO;Dia 10;SIM;SUPERMERCADO;128;PRATA
SUPERMERCADO REIS PROGRESSO;2387464,29;0;0;47,28;68,64;74;12;18;0;49;73;22,97;105,61;31,06;74,72;6;2025;21;ATIVO;CATALÃO;Dia 10;NÃO;SUPERMERCADO;128;PRATA
SUPERMERCADO REIS PROGRESSO;2351093,44;0;0;965,98;380,01;80;32;21;0;0;0;0;0;0;0;8;2023;341;ATIVO;CATALÃO;Dia 10;NÃO;SUPERMERCADO;128;PRATA
SUPERMERCADO REIS PROGRESSO;2308995,87;0;0;479,75;435,06;143;31;11;0;106;125;143,65;710,59;137,91;143,98;4;2025;106;ATIVO;CATALÃO;Dia 10;NÃO;SUPERMERCADO;128;PRATA
SUPERMERCADO REIS PROGRESSO;2275280,41;0;0;1930,4;686,42;70;199;10;0;0;0;0;0;0;0;10;2023;579;ATIVO;CATALÃO;Dia 10;NÃO;SUPERMERCADO;128;PRATA
SUPERMERCADO REIS PROGRESSO;2262101,29;0;0;259,69;1535,17;88;23;5;22;287;305;218,67;1684,34;477,75;911,2;5;2024;41;ATIVO;CATALÃO;Dia 10;NÃO;SUPERMERCADO;128;PRATA
SUPERMERCADO REIS PROGRESSO;2243752,42;0;0;467,61;3568,35;351;211;3;10;234;300;160,47;1288,96;100,59;590,72;10;2024;242;ATIVO;CATALÃO;Dia 10;NÃO;SUPERMERCADO;128;PRATA
SUPERMERCADO REIS PROGRESSO;2241906,55;0;0;421,75;1802,36;150;32;7;13;341;375;289,27;1656,54;400,75;1610,65;7;2024;57;ATIVO;CATALÃO;Dia 10;NÃO;SUPERMERCADO;128;PRATA
SUPERMERCADO REIS PROGRESSO;2233259,8;0;0;406,99;1205,35;117;26;12;16;0;0;0;0;0;0;12;2022;0;ATIVO;CATALÃO;Dia 10;NÃO;SUPERMERCADO;128;PRATA
SUPERMERCADO REIS PROGRESSO;2232238,69;0;0;458,03;1420,75;203;29;3;19;364;395;288,96;1673,2;465,35;1078,92;8;2024;115;ATIVO;CATALÃO;Dia 10;NÃO;SUPERMERCADO;128;PRATA
SUPERMERCADO REIS PROGRESSO;2218028,45;0;0;2999,04;488,87;67;23;16;0;0;0;0;0;0;0;9;2023;331;ATIVO;CATALÃO;Dia 10;NÃO;SUPERMERCADO;128;PRATA
SUPERMERCADO REIS PROGRESSO;2209253,33;0;0;269,29;482,88;221;251;5;3;171;204;125,55;681,93;59,42;686,34;11;2024;357;ATIVO;CATALÃO;Dia 10;NÃO;SUPERMERCADO;128;PRATA
SUPERMERCADO REIS PROGRESSO;2183722,22;0;0;533,22;3042,38;333;35;5;14;360;389;318,83;1788,84;343,1;962,74;9;2024;242;ATIVO;CATALÃO;Dia 10;NÃO;SUPERMERCADO;128;PRATA
SUPERMERCADO REIS PROGRESSO;2171136,3;0;0;674,18;302,53;82;26;23;0;0;0;0;0;0;0;7;2023;716;ATIVO;CATALÃO;Dia 10;NÃO;SUPERMERCADO;128;PRATA
SUPERMERCADO REIS PROGRESSO;2146390,88;0;0;408,29;1351,52;105;48;17;26;274;273;450,37;2632,69;409,95;485,12;2;2024;113;ATIVO;CATALÃO;Dia 10;NÃO;SUPERMERCADO;128;PRATA
SUPERMERCADO REIS PROGRESSO;2140862,99;0;0;377,84;662,32;65;39;8;25;273;322;424,27;2476,23;476,72;1081,83;3;2024;46;ATIVO;CATALÃO;Dia 10;NÃO;SUPERMERCADO;128;PRATA
SUPERMERCADO REIS PROGRESSO;2125460,54;0;0;175,75;198,87;94;18;6;0;81;103;42,15;203,27;16,93;0;2;2025;377;ATIVO;CATALÃO;Dia 10;NÃO;SUPERMERCADO;128;PRATA
SUPERMERCADO REIS PROGRESSO;2123152,76;0;0;511,62;425,38;109;24;4;0;136;164;158,38;754,05;33,54;68,74;1;2025;382;ATIVO;CATALÃO;Dia 10;NÃO;SUPERMERCADO;128;PRATA
SUPERMERCADO REIS PROGRESSO;2072860,99;0;0;163,18;1420,2;96;21;4;20;334;357;251,49;2036,23;383,91;2252,09;6;2024;36;ATIVO;CATALÃO;Dia 10;NÃO;SUPERMERCADO;128;PRATA
SUPERMERCADO REIS PROGRESSO;2048086,05;0;0;291;1187,21;109;23;4;19;283;292;243,14;1762,61;530,62;889,91;4;2024;50;ATIVO;CATALÃO;Dia 10;NÃO;SUPERMERCADO;128;PRATA
SUPERMERCADO REIS PROGRESSO;2040376,81;0;0;251,66;468,83;104;27;13;115;0;0;0;0;0;0;6;2023;539;ATIVO;CATALÃO;Dia 10;NÃO;SUPERMERCADO;128;PRATA
SUPERMERCADO REIS PROGRESSO;1996748,59;0;0;276,47;737,54;103;30;16;39;290;294;229,48;1443,03;414,21;409,71;1;2024;99;ATIVO;CATALÃO;Dia 10;NÃO;SUPERMERCADO;128;PRATA
SUPERMERCADO REIS PROGRESSO;1985079,61;0;0;290,31;232,92;59;19;9;16;0;0;0;0;0;0;4;2023;197;ATIVO;CATALÃO;Dia 10;NÃO;SUPERMERCADO;128;PRATA
SUPERMERCADO REIS PROGRESSO;1907093,69;0;0;463,35;189,5;55;18;8;11;0;0;0;0;0;0;3;2023;145;ATIVO;CATALÃO;Dia 10;NÃO;SUPERMERCADO;128;PRATA
SUPERMERCADO REIS PROGRESSO;1898602,15;0;0;206,07;388,58;70;21;6;13;835;978;4082,38;17985,52;23,76;1097,05;10;2022;0;ATIVO;CATALÃO;Dia 10;NÃO;SUPERMERCADO;128;PRATA
SUPERMERCADO REIS PROGRESSO;1803410,42;0;0;702,38;2003,87;246;57;10;36;1090;1654;4185,85;19250,04;579,02;2721,8;8;2022;0;ATIVO;CATALÃO;Dia 10;NÃO;SUPERMERCADO;128;PRATA
SUPERMERCADO REIS PROGRESSO;1769549,69;0;0;3240,36;2073,54;242;78;11;39;1159;1813;4884,5;22468,85;307,17;2789,37;7;2022;0;ATIVO;CATALÃO;Dia 10;NÃO;SUPERMERCADO;128;PRATA
SUPERMERCADO REIS PROGRESSO;1753263,51;0;0;548,46;1434,21;109;19;5;19;0;0;0;0;0;0;2;2023;832;ATIVO;CATALÃO;Dia 10;NÃO;SUPERMERCADO;128;PRATA
SUPERMERCADO REIS PROGRESSO;1745216,41;0;0;373,61;420,38;89;10;2;13;819;421;3021,59;19741,99;39,69;675,56;11;2022;0;ATIVO;CATALÃO;Dia 10;NÃO;SUPERMERCADO;128;PRATA
SUPERMERCADO REIS PROGRESSO;1740878,79;0;0;652,17;1087,95;182;23;13;23;0;0;0;0;0;0;1;2023;791;ATIVO;CATALÃO;Dia 10;NÃO;SUPERMERCADO;128;PRATA
SUPERMERCADO REIS PROGRESSO;1722875,39;0;0;310,45;640,29;92;24;7;23;771;969;3413,97;13625,52;241,37;2022,13;9;2022;0;ATIVO;CATALÃO;Dia 10;NÃO;SUPERMERCADO;128;PRATA
SUPERMERCADO REIS PROGRESSO;1261495,11;0;0;245,6;287,78;88;25;8;67;0;0;0;0;0;0;5;2023;458;ATIVO;CATALÃO;Dia 10;NÃO;SUPERMERCADO;128;PRATA
SUPERMERCADO RIO VERMELHO;15092295,43;;;0;0;28;11;1;0;38;42;257,82;1189,96;101,83;2536,91;7;2026;31;ATIVO;FORMOSA;Dia 25;NÃO;SUPERMERCADO;205;OURO
SUPERMERCADO RIO VERMELHO;14577635,29;0;0;63,37;7777,21;66;44;5;0;70;62;489,45;2246,68;55,45;2460,6;5;2026;159;ATIVO;FORMOSA;Dia 25;NÃO;SUPERMERCADO;205;OURO
SUPERMERCADO RIO VERMELHO;14076250,07;0;0;62,03;6398,47;28;13;3;0;47;50;477,52;2199,84;110,8;2301,14;6;2026;27;ATIVO;FORMOSA;Dia 25;NÃO;SUPERMERCADO;205;OURO
SUPERMERCADO RIO VERMELHO;13212874,03;0;0;57,17;37334,65;162;134;5;0;50;54;306,75;1408,5;186,72;1909,71;12;2025;153;ATIVO;FORMOSA;Dia 25;NÃO;SUPERMERCADO;205;OURO
SUPERMERCADO RIO VERMELHO;13202230,87;0;0;390,46;3854,57;70;45;5;0;42;43;349,13;1599,15;88,5;2166,24;4;2026;67;ATIVO;FORMOSA;Dia 25;SIM;SUPERMERCADO;205;OURO
SUPERMERCADO RIO VERMELHO;12422963,07;0;0;135,55;34210,8;183;150;6;0;41;44;308,17;1413,56;139,47;2096,53;3;2026;173;ATIVO;FORMOSA;Dia 25;NÃO;SUPERMERCADO;205;OURO
SUPERMERCADO RIO VERMELHO;11929385,03;0;0;56,01;1053,32;164;137;4;0;52;54;487,75;2232,17;315,42;1773,46;10;2025;157;ATIVO;FORMOSA;Dia 25;NÃO;SUPERMERCADO;205;OURO
SUPERMERCADO RIO VERMELHO;11918368,37;0;0;132,39;10005,17;96;62;1;0;54;56;521,96;2387,87;249,74;2738,78;12;2024;219;ATIVO;FORMOSA;Dia 25;NÃO;SUPERMERCADO;205;OURO
SUPERMERCADO RIO VERMELHO;11674303,45;0;0;106,43;30209,77;166;136;6;0;50;51;282,26;1294,34;203,62;1813,11;1;2026;157;ATIVO;FORMOSA;Dia 25;NÃO;SUPERMERCADO;205;OURO
SUPERMERCADO RIO VERMELHO;11561292,41;0;0;728,93;6280,18;80;46;4;0;62;65;366,78;1680,1;317,74;2429,06;8;2025;178;ATIVO;FORMOSA;Dia 25;NÃO;SUPERMERCADO;205;OURO
SUPERMERCADO RIO VERMELHO;11550181,78;0;0;2575,61;13234,41;111;69;2;25;51;54;801,22;3680,85;257,11;2009,44;10;2024;162;ATIVO;FORMOSA;Dia 25;NÃO;SUPERMERCADO;205;OURO
SUPERMERCADO RIO VERMELHO;11526561,35;0;0;151,08;11445,59;101;67;3;0;53;55;496,78;2276,05;294,76;2089,92;11;2024;185;ATIVO;FORMOSA;Dia 25;NÃO;SUPERMERCADO;205;OURO
SUPERMERCADO RIO VERMELHO;11522710,32;0;0;61,95;30720,48;164;136;5;0;54;56;423,93;1951,97;314,53;1750,78;11;2025;150;ATIVO;FORMOSA;Dia 25;NÃO;SUPERMERCADO;205;OURO
SUPERMERCADO RIO VERMELHO;11482412,6;0;0;1366,91;7159,02;81;46;4;0;63;66;273,87;1253,88;352,32;2209,37;7;2025;197;ATIVO;FORMOSA;Dia 25;NÃO;SUPERMERCADO;205;OURO
SUPERMERCADO RIO VERMELHO;11296429,2;0;0;453,92;3431,93;84;52;6;0;65;67;447,81;2050,57;312,99;1970,17;9;2025;183;ATIVO;FORMOSA;Dia 25;NÃO;SUPERMERCADO;205;OURO
SUPERMERCADO RIO VERMELHO;11131897,47;0;0;177,66;17991,33;176;107;3;25;58;60;569,77;2616,57;141,26;2009,47;8;2024;160;ATIVO;FORMOSA;Dia 25;NÃO;SUPERMERCADO;205;OURO
SUPERMERCADO RIO VERMELHO;11121886,72;0;0;103,81;29528,13;171;143;7;0;43;46;218,45;1004,77;159,96;1932,54;2;2026;161;ATIVO;FORMOSA;Dia 25;NÃO;SUPERMERCADO;205;OURO
SUPERMERCADO RIO VERMELHO;11053570,63;0;0;1092,51;6760,32;85;45;3;0;68;69;295,33;1355,75;274,22;2564,9;5;2025;191;ATIVO;FORMOSA;Dia 25;NÃO;SUPERMERCADO;205;OURO
SUPERMERCADO RIO VERMELHO;11047070,43;0;0;236,32;10556,17;104;70;1;0;52;54;519,17;2385,98;262,69;1853,52;1;2025;174;ATIVO;FORMOSA;Dia 25;NÃO;SUPERMERCADO;205;OURO
SUPERMERCADO RIO VERMELHO;10888064,26;0;0;525,37;27468,66;109;92;8;32;39;48;70,35;325,15;1094,75;74,33;12;2023;120;ATIVO;FORMOSA;Dia 25;NÃO;SUPERMERCADO;205;OURO
SUPERMERCADO RIO VERMELHO;10837109,59;0;0;2017,99;30034,7;195;117;1;28;31;35;135,37;622,5;106,56;27,45;5;2024;187;ATIVO;FORMOSA;Dia 25;NÃO;SUPERMERCADO;205;OURO
SUPERMERCADO RIO VERMELHO;10794536,04;0;0;633,68;6451,37;83;48;3;0;61;63;278,66;1280,33;287,65;2308,8;6;2025;196;ATIVO;FORMOSA;Dia 25;NÃO;SUPERMERCADO;205;OURO
SUPERMERCADO RIO VERMELHO;10763840,99;0;0;599,01;8466,01;143;93;4;0;61;63;671,31;3077,31;206,7;2534,44;3;2025;188;ATIVO;FORMOSA;Dia 25;NÃO;SUPERMERCADO;205;OURO
SUPERMERCADO RIO VERMELHO;10673324,97;0;0;873,38;9236,75;142;100;3;0;70;72;399,5;1832,49;209,86;2619,8;4;2025;203;ATIVO;FORMOSA;Dia 25;NÃO;SUPERMERCADO;205;OURO
SUPERMERCADO RIO VERMELHO;10642894,27;0;0;1538,73;33086,04;205;148;1;26;63;66;490,92;2260,1;212,04;2010,06;7;2024;181;ATIVO;FORMOSA;Dia 25;NÃO;SUPERMERCADO;205;OURO
SUPERMERCADO RIO VERMELHO;10479080,8;0;0;242,2;11079,21;124;79;2;24;58;61;708,83;3262,48;281,21;1880,59;9;2024;185;ATIVO;FORMOSA;Dia 25;NÃO;SUPERMERCADO;205;OURO
SUPERMERCADO RIO VERMELHO;10402850,66;0;0;538,74;29238,86;131;109;9;33;51;62;100,62;465,39;1312,41;121,72;1;2024;213;ATIVO;FORMOSA;Dia 25;NÃO;SUPERMERCADO;205;OURO
SUPERMERCADO RIO VERMELHO;10269077,74;0;0;820,38;28897,28;146;90;2;27;62;79;313,43;1442,75;491,69;213,6;4;2024;175;ATIVO;FORMOSA;Dia 25;NÃO;SUPERMERCADO;205;OURO
SUPERMERCADO RIO VERMELHO;10240964,95;0;0;3217,48;29925,42;229;151;1;28;65;68;508,54;2339,82;138,7;2001,4;6;2024;184;ATIVO;FORMOSA;Dia 25;NÃO;SUPERMERCADO;205;OURO
SUPERMERCADO RIO VERMELHO;10236227,07;0;0;137,19;10335,17;109;77;3;0;60;62;526,61;2419,22;0;1928,47;2;2025;172;ATIVO;FORMOSA;Dia 25;NÃO;SUPERMERCADO;205;OURO
SUPERMERCADO RIO VERMELHO;9999068,47;0;0;672,58;24365,1;150;92;2;29;61;84;609,73;2807,84;545,34;2350,43;3;2024;141;ATIVO;FORMOSA;Dia 25;NÃO;SUPERMERCADO;205;OURO
SUPERMERCADO RIO VERMELHO;9987436,95;0;0;211,77;22581,77;101;86;5;2;39;49;99,46;457,67;1112,44;100,28;10;2023;125;ATIVO;FORMOSA;Dia 25;NÃO;SUPERMERCADO;205;OURO
SUPERMERCADO RIO VERMELHO;9843758,83;0;0;467,12;22027,48;108;85;5;1;43;55;41,28;190,13;1109,82;74,57;11;2023;122;ATIVO;FORMOSA;Dia 25;NÃO;SUPERMERCADO;205;OURO
SUPERMERCADO RIO VERMELHO;9761074,48;0;0;66,67;23037,55;109;90;5;1;129;40;32,45;149,03;1189,89;122,53;9;2023;129;ATIVO;FORMOSA;Dia 25;NÃO;SUPERMERCADO;205;OURO
SUPERMERCADO RIO VERMELHO;9749280,9;0;0;1466,68;20803,18;103;71;4;2;38;49;85,11;392,13;202,58;264,76;7;2023;104;ATIVO;FORMOSA;Dia 25;NÃO;SUPERMERCADO;205;OURO
SUPERMERCADO RIO VERMELHO;9661280,3;0;0;814,68;23478,97;150;93;4;31;65;87;249,58;1153,13;583,14;1966,36;2;2024;120;ATIVO;FORMOSA;Dia 25;NÃO;SUPERMERCADO;205;OURO
SUPERMERCADO RIO VERMELHO;9618456,2;0;0;94,62;21070,59;101;94;4;2;56;68;150,19;0;1169,67;0;8;2023;108;ATIVO;FORMOSA;Dia 25;NÃO;SUPERMERCADO;205;OURO
SUPERMERCADO RIO VERMELHO;9556561,41;0;0;443,67;21577,88;190;101;4;19;91;103;380,17;1749,21;211,85;839,42;5;2023;215;ATIVO;FORMOSA;Dia 25;NÃO;SUPERMERCADO;205;OURO
SUPERMERCADO RIO VERMELHO;9555703,48;198623,95;18965,3;1221,07;2510,19;64;7;5;6;31;71;52,73;242,18;207,12;767,64;12;2022;0;ATIVO;FORMOSA;Dia 25;SIM;SUPERMERCADO;205;OURO
SUPERMERCADO RIO VERMELHO;9381718,21;0;0;5713,22;20624,13;138;95;4;7;40;51;120,48;555,69;160,68;246,73;6;2023;143;ATIVO;FORMOSA;Dia 25;NÃO;SUPERMERCADO;205;OURO
SUPERMERCADO RIO VERMELHO;9277098,67;0;0;615,88;28164,26;410;105;3;4;82;91;772,02;3539,55;76,13;1004,7;4;2023;201;ATIVO;FORMOSA;Dia 25;NÃO;SUPERMERCADO;205;OURO
SUPERMERCADO RIO VERMELHO;9159341,3;194039,27;14127,36;876,36;991,65;154;16;14;2;67;94;586,29;2708,89;31,46;168,18;10;2022;0;ATIVO;FORMOSA;Dia 25;SIM;SUPERMERCADO;205;OURO
SUPERMERCADO RIO VERMELHO;8841874,87;182577,88;17566,08;1040,34;1184,34;54;7;5;9;53;94;613,21;2811,3;102,37;471,79;11;2022;0;ATIVO;FORMOSA;Dia 25;SIM;SUPERMERCADO;205;OURO
SUPERMERCADO RIO VERMELHO;8532011,15;182043,28;7920,4;14550,2;14807,53;297;24;19;6;137;196;1173,25;5410,08;325,11;443,59;8;2022;0;ATIVO;FORMOSA;Dia 25;SIM;SUPERMERCADO;205;OURO
SUPERMERCADO RIO VERMELHO;8495754,94;179392,67;7090,98;12973,67;7452,03;332;33;27;9;132;174;1009,29;4648,26;468,71;335,55;9;2022;0;ATIVO;FORMOSA;Dia 25;SIM;SUPERMERCADO;205;OURO
SUPERMERCADO RIO VERMELHO;8443428,39;0;0;881,12;3890,47;93;3;4;6;97;103;745,16;3426,85;52,28;1120,08;2;2023;152;ATIVO;FORMOSA;Dia 25;NÃO;SUPERMERCADO;205;OURO
SUPERMERCADO RIO VERMELHO;8327714,88;165689,13;6692,3;14390,42;11477,86;268;33;19;10;145;187;914,71;4224,99;214,55;2915,83;7;2022;0;ATIVO;FORMOSA;Dia 25;SIM;SUPERMERCADO;205;OURO
SUPERMERCADO RIO VERMELHO;8297240,65;73963,29;7396,33;4076,24;6266,52;352;2;1;4;69;81;418,93;1936,34;98,74;1085,2;1;2023;418;ATIVO;FORMOSA;Dia 25;SIM;SUPERMERCADO;205;OURO
SUPERMERCADO RIO VERMELHO;8165725,49;0;0;380,21;10885,73;74;49;0;6;91;102;630,58;2893,85;59;831,28;3;2023;136;ATIVO;FORMOSA;Dia 25;NÃO;SUPERMERCADO;205;OURO
SUPERMERCADO RIO VERMELHO;7910373,92;142069,34;4666,47;2499,87;1221,46;226;23;13;8;108;155;333,73;1529,71;225,93;3227,68;6;2022;0;ATIVO;FORMOSA;Dia 25;SIM;SUPERMERCADO;205;OURO
SUPERMERCADO RIO VERMELHO;7615008,72;100402,42;2846,64;2999,68;1195,62;224;17;11;4;103;142;340,02;1564,93;91,54;2977,61;5;2022;0;ATIVO;FORMOSA;Dia 25;SIM;SUPERMERCADO;205;OURO
SUPERMERCADO RIO VERMELHO;7360661,99;119579,93;3863,1;1335,41;1066,73;147;17;16;3;105;143;425,48;1975,21;0,28;1166,64;4;2022;0;ATIVO;FORMOSA;Dia 25;SIM;SUPERMERCADO;205;OURO
SUPERMERCADO RIO VERMELHO;7171788,63;99943,76;2230,65;9811,7;4357,89;478;41;28;3;132;349;641,58;2963,61;278,27;1173,29;12;2021;0;ATIVO;FORMOSA;Dia 25;SIM;SUPERMERCADO;205;OURO
SUPERMERCADO RIO VERMELHO;7097170,33;103912,49;3296,92;4684,55;3703,22;324;22;19;353;104;407;324,62;1502,91;280,46;860,51;10;2021;0;ATIVO;FORMOSA;Dia 25;SIM;SUPERMERCADO;205;OURO
SUPERMERCADO RIO VERMELHO;7090596,42;107889,85;3429,4;1433,7;1022,52;186;17;16;6;167;202;1102,11;5077,91;56,08;4000,86;3;2022;0;ATIVO;FORMOSA;Dia 25;SIM;SUPERMERCADO;205;OURO
SUPERMERCADO RIO VERMELHO;6543656,02;91603,02;2357,86;10193,34;10021,28;536;52;42;329;139;347;830,1;3831,5;399,26;1587,1;11;2021;0;ATIVO;FORMOSA;Dia 25;SIM;SUPERMERCADO;205;OURO
SUPERMERCADO RIO VERMELHO;6508921,78;84567,06;2026,97;1690,12;1221,38;83;22;19;3;167;231;319,85;1473,56;40,01;1869,89;2;2022;0;ATIVO;FORMOSA;Dia 25;SIM;SUPERMERCADO;205;OURO
SUPERMERCADO RIO VERMELHO;6439574,06;93129,55;2103,28;8655,38;7324,07;327;25;20;5;88;194;542,34;2500,3;230,88;1281,92;1;2022;0;ATIVO;FORMOSA;Dia 25;SIM;SUPERMERCADO;205;OURO
SUPERMERCADO RODRIGUES;2398178,5;0;0;159,1;19844,37;191;101;5;0;136;139;2699,57;12450,8;20,75;139,09;12;2024;119;INATIVO;SANTA HELENA DE GOIÁS;Dia 20;NÃO;SUPERMERCADO;74;BRONZE
SUPERMERCADO RODRIGUES;2132084,45;0;0;258,93;24119,28;173;120;5;0;168;173;3260,49;15032,92;5,25;522,07;1;2025;132;INATIVO;SANTA HELENA DE GOIÁS;Dia 20;NÃO;SUPERMERCADO;74;BRONZE
SUPERMERCADO RODRIGUES;2063449,17;0;0;299,81;233,45;134;24;6;32;50;52;47,32;220,82;45,56;198,59;11;2024;60;INATIVO;SANTA HELENA DE GOIÁS;Dia 20;NÃO;SUPERMERCADO;74;BRONZE
SUPERMERCADO RODRIGUES;2026603,41;0;0;7159,63;288,25;154;33;6;35;77;79;18,33;87,79;21,67;6113,2;10;2024;67;INATIVO;SANTA HELENA DE GOIÁS;Dia 20;NÃO;SUPERMERCADO;74;BRONZE
SUPERMERCADO RODRIGUES;1993813,01;0;0;2402,45;17018,19;394;168;60;0;2002;394;2948,65;13655,94;101,69;3136,24;4;2025;970;INATIVO;SANTA HELENA DE GOIÁS;Dia 20;NÃO;SUPERMERCADO;74;BRONZE
SUPERMERCADO RODRIGUES;1928824,73;0;0;1922,66;668,22;174;27;10;38;63;67;18,87;86,63;58,17;1288,65;8;2024;70;INATIVO;SANTA HELENA DE GOIÁS;Dia 20;NÃO;SUPERMERCADO;74;BRONZE
SUPERMERCADO RODRIGUES;1924908,7;0;0;1819,47;1180,48;204;34;14;34;73;76;33,29;154,31;26,48;1156,84;7;2024;68;INATIVO;SANTA HELENA DE GOIÁS;Dia 20;NÃO;SUPERMERCADO;74;BRONZE
SUPERMERCADO RODRIGUES;1922361,19;0;0;1092,05;27558,41;466;371;45;1;1498;277;3025,07;13965,34;24,48;624,36;2;2025;0;INATIVO;SANTA HELENA DE GOIÁS;Dia 20;NÃO;SUPERMERCADO;74;BRONZE
SUPERMERCADO RODRIGUES;1920898,96;0;0;10221;45814,31;552;290;60;0;2148;516;5836,95;27262,57;150,04;8082,89;3;2025;1004;INATIVO;SANTA HELENA DE GOIÁS;Dia 20;NÃO;SUPERMERCADO;74;BRONZE
SUPERMERCADO RODRIGUES;1912900,21;0;0;7316,49;368,87;162;28;10;39;66;68;9,75;45,18;25,4;5776,63;9;2024;67;INATIVO;SANTA HELENA DE GOIÁS;Dia 20;NÃO;SUPERMERCADO;74;BRONZE
SUPERMERCADO RODRIGUES;1882521,41;0;0;2539,1;14616,8;400;160;39;0;2008;383;2496,76;11597,51;38,15;1697,52;6;2025;936;INATIVO;SANTA HELENA DE GOIÁS;Dia 20;NÃO;SUPERMERCADO;74;BRONZE
SUPERMERCADO RODRIGUES;1880998,2;0;0;403,34;312,52;56;10;2;41;27;29;10,87;50,29;17,03;136,12;5;2024;22;INATIVO;SANTA HELENA DE GOIÁS;Dia 20;NÃO;SUPERMERCADO;74;BRONZE
SUPERMERCADO RODRIGUES;1866646,53;0;0;235,7;804,35;144;44;11;81;65;70;10,41;47,97;87,45;1257,52;12;2023;77;INATIVO;SANTA HELENA DE GOIÁS;Dia 20;NÃO;SUPERMERCADO;74;BRONZE
SUPERMERCADO RODRIGUES;1851374,47;0;0;762,47;1125,75;177;18;8;38;45;47;24,06;111,12;45,98;146,26;6;2024;45;INATIVO;SANTA HELENA DE GOIÁS;Dia 20;NÃO;SUPERMERCADO;74;BRONZE
SUPERMERCADO RODRIGUES;1825420,73;0;0;887,65;15599,82;359;159;46;0;1953;349;2836,26;13141,85;98,7;2390,11;5;2025;954;INATIVO;SANTA HELENA DE GOIÁS;Dia 20;NÃO;SUPERMERCADO;74;BRONZE
SUPERMERCADO RODRIGUES;1749848,4;0;0;1562,07;223,96;73;16;4;46;21;22;38,95;178,88;1,38;48,12;3;2024;30;INATIVO;SANTA HELENA DE GOIÁS;Dia 20;NÃO;SUPERMERCADO;74;BRONZE
SUPERMERCADO RODRIGUES;1679582,31;0;0;124,58;276,89;93;22;9;74;44;42;6,46;29,18;55,29;154,11;1;2024;45;INATIVO;SANTA HELENA DE GOIÁS;Dia 20;NÃO;SUPERMERCADO;74;BRONZE
SUPERMERCADO RODRIGUES;1671936,23;0;0;587,3;142,2;34;20;6;42;23;23;16,93;77,64;7,71;58,93;4;2024;25;INATIVO;SANTA HELENA DE GOIÁS;Dia 20;NÃO;SUPERMERCADO;74;BRONZE
SUPERMERCADO RODRIGUES;1592994,85;0;0;1828,21;1697,56;348;75;11;0;187;289;347,03;1603,21;17,86;833,76;11;2023;118;INATIVO;SANTA HELENA DE GOIÁS;Dia 20;NÃO;SUPERMERCADO;74;BRONZE
SUPERMERCADO RODRIGUES;1590631,58;0;0;95;167,78;61;18;10;49;30;31;18,87;86,97;1,2;90,28;2;2024;32;INATIVO;SANTA HELENA DE GOIÁS;Dia 20;NÃO;SUPERMERCADO;74;BRONZE
SUPERMERCADO RODRIGUES;1582460,21;0;0;1140,8;1535,33;343;43;27;0;141;146;122,82;568,21;106,53;935,42;8;2023;732;INATIVO;SANTA HELENA DE GOIÁS;Dia 20;NÃO;SUPERMERCADO;74;BRONZE
SUPERMERCADO RODRIGUES;1572170,52;0;0;1083,08;2518,09;606;47;31;0;136;140;71,73;336,81;95,43;754,53;10;2023;871;INATIVO;SANTA HELENA DE GOIÁS;Dia 20;NÃO;SUPERMERCADO;74;BRONZE
SUPERMERCADO RODRIGUES;1496823,44;0;0;927,99;2274,84;441;45;30;0;134;138;58,35;272,54;106,55;946,62;9;2023;899;INATIVO;SANTA HELENA DE GOIÁS;Dia 20;NÃO;SUPERMERCADO;74;BRONZE
SUPERMERCADO RODRIGUES;1483884,91;152175,98;15217,6;9759,97;1773,91;1706;200;6;156;72;214;1455,23;7571,24;12,97;2303,33;7;2023;837;INATIVO;SANTA HELENA DE GOIÁS;Dia 20;SIM;SUPERMERCADO;74;BRONZE
SUPERMERCADO SACOLA CHEIA NORTE;1530831,9;0;0;311,02;139,39;75;10;1;0;17;15;53,99;261,89;70,07;25,05;12;2024;39;ATIVO;SÃO LUÍS DE MONTES BELOS;Dia 15;NÃO;SUPERMERCADO;161;PRATA
SUPERMERCADO SACOLA CHEIA NORTE;1523305,75;0;0;296,07;206,88;81;28;1;0;7;5;6,99;40,34;111,6;5,45;5;2025;49;ATIVO;SÃO LUÍS DE MONTES BELOS;Dia 15;NÃO;SUPERMERCADO;161;PRATA
SUPERMERCADO SACOLA CHEIA NORTE;1441770,46;0;0;440,59;563,27;122;27;1;0;24;24;80,48;370,94;49,04;86,18;5;2026;72;ATIVO;SÃO LUÍS DE MONTES BELOS;Dia 15;NÃO;SUPERMERCADO;161;PRATA
SUPERMERCADO SACOLA CHEIA NORTE;1425862,03;0;0;257,08;146,51;80;22;1;0;23;22;73,75;346,36;13,22;63,3;3;2025;48;ATIVO;SÃO LUÍS DE MONTES BELOS;Dia 15;NÃO;SUPERMERCADO;161;PRATA
SUPERMERCADO SACOLA CHEIA NORTE;1425633,05;0;0;370,26;212,09;84;84;0;0;22;21;0;0;0;0;7;2026;51;ATIVO;SÃO LUÍS DE MONTES BELOS;Dia 15;NÃO;SUPERMERCADO;161;PRATA
SUPERMERCADO SACOLA CHEIA NORTE;1403835,97;0;0;286,56;240,55;84;83;0;0;18;17;0;0;0;0;6;2026;49;ATIVO;SÃO LUÍS DE MONTES BELOS;Dia 15;NÃO;SUPERMERCADO;161;PRATA
SUPERMERCADO SACOLA CHEIA NORTE;1393477,81;0;0;657,57;763,62;220;60;5;0;64;62;135,62;642,51;33,21;212,79;8;2023;431;ATIVO;SÃO LUÍS DE MONTES BELOS;Dia 15;NÃO;SUPERMERCADO;161;PRATA
SUPERMERCADO SACOLA CHEIA NORTE;1390291,16;0;0;292,63;264,08;101;101;0;0;24;23;3,42;15,85;20,19;65,24;8;2026;52;ATIVO;SÃO LUÍS DE MONTES BELOS;Dia 15;NÃO;SUPERMERCADO;161;PRATA
SUPERMERCADO SACOLA CHEIA NORTE;1381648,36;0;0;437,51;270,9;125;20;0;0;16;14;1,97;18,51;82,39;90,5;10;2025;93;ATIVO;SÃO LUÍS DE MONTES BELOS;Dia 15;NÃO;SUPERMERCADO;161;PRATA
SUPERMERCADO SACOLA CHEIA NORTE;1360376,29;0;0;198,66;106,8;49;13;1;1;13;11;46,82;226,55;2,37;21,05;11;2024;36;ATIVO;SÃO LUÍS DE MONTES BELOS;Dia 15;NÃO;SUPERMERCADO;161;PRATA
SUPERMERCADO SACOLA CHEIA NORTE;1359419,13;0;0;343,72;327,47;104;27;0;0;16;14;5,16;39,3;59,55;69,03;8;2025;69;ATIVO;SÃO LUÍS DE MONTES BELOS;Dia 15;NÃO;SUPERMERCADO;161;PRATA
SUPERMERCADO SACOLA CHEIA NORTE;1356072,48;0;0;876,19;299,58;155;19;2;0;36;34;33,58;168,49;42,21;44,5;4;2026;115;ATIVO;SÃO LUÍS DE MONTES BELOS;Dia 15;NÃO;SUPERMERCADO;161;PRATA
SUPERMERCADO SACOLA CHEIA NORTE;1353815,22;0;0;279,31;134,16;76;25;1;0;14;12;59,63;284,4;49,02;19,4;4;2025;48;ATIVO;SÃO LUÍS DE MONTES BELOS;Dia 15;NÃO;SUPERMERCADO;161;PRATA
SUPERMERCADO SACOLA CHEIA NORTE;1349541,9;0;0;212,06;3423,37;619;31;0;0;18;16;6,16;41,36;57,88;52,22;7;2025;61;ATIVO;SÃO LUÍS DE MONTES BELOS;Dia 15;NÃO;SUPERMERCADO;161;PRATA
SUPERMERCADO SACOLA CHEIA NORTE;1340270,58;0;0;168,02;87,04;55;14;2;1;18;18;55,33;264,31;40,85;22,05;10;2024;46;ATIVO;SÃO LUÍS DE MONTES BELOS;Dia 15;NÃO;SUPERMERCADO;161;PRATA
SUPERMERCADO SACOLA CHEIA NORTE;1334150,21;0;0;284,37;81,98;77;32;1;0;16;14;63,14;300,52;60,75;21,12;1;2025;38;ATIVO;SÃO LUÍS DE MONTES BELOS;Dia 15;NÃO;SUPERMERCADO;161;PRATA
SUPERMERCADO SACOLA CHEIA NORTE;1331144,07;0;0;210,17;1256,3;446;26;0;0;8;6;0,15;11,51;68,61;4,36;6;2025;49;ATIVO;SÃO LUÍS DE MONTES BELOS;Dia 15;NÃO;SUPERMERCADO;161;PRATA
SUPERMERCADO SACOLA CHEIA NORTE;1309950,78;0;0;984,56;772,27;163;57;4;6;49;47;80,21;376,9;40,16;122,79;12;2023;165;ATIVO;SÃO LUÍS DE MONTES BELOS;Dia 15;NÃO;SUPERMERCADO;161;PRATA
SUPERMERCADO SACOLA CHEIA NORTE;1306331,5;0;0;892,47;305;160;20;2;0;40;38;20,21;109,53;88,44;49,23;3;2026;116;ATIVO;SÃO LUÍS DE MONTES BELOS;Dia 15;NÃO;SUPERMERCADO;161;PRATA
SUPERMERCADO SACOLA CHEIA NORTE;1300345,48;0;0;539,01;587,62;91;43;1;1;33;31;39,47;188,32;42,64;72,08;8;2024;168;ATIVO;SÃO LUÍS DE MONTES BELOS;Dia 15;NÃO;SUPERMERCADO;161;PRATA
SUPERMERCADO SACOLA CHEIA NORTE;1287089,36;0;0;534,08;262,67;145;26;0;0;23;21;10,91;67,87;26,18;66,17;1;2026;109;ATIVO;SÃO LUÍS DE MONTES BELOS;Dia 15;NÃO;SUPERMERCADO;161;PRATA
SUPERMERCADO SACOLA CHEIA NORTE;1284400,71;0;0;158,57;21,86;38;11;1;3;28;26;25,27;125,28;43,35;43,81;9;2024;36;ATIVO;SÃO LUÍS DE MONTES BELOS;Dia 15;NÃO;SUPERMERCADO;161;PRATA
SUPERMERCADO SACOLA CHEIA NORTE;1277923,44;0;0;289,99;373,5;100;22;0;0;19;17;7,52;50,27;86,52;34,76;9;2025;67;ATIVO;SÃO LUÍS DE MONTES BELOS;Dia 15;NÃO;SUPERMERCADO;161;PRATA
SUPERMERCADO SACOLA CHEIA NORTE;1266345,58;0;0;137,58;75,55;56;24;0;0;19;17;61,37;292,71;28,57;23,02;2;2025;29;ATIVO;SÃO LUÍS DE MONTES BELOS;Dia 15;NÃO;SUPERMERCADO;161;PRATA
SUPERMERCADO SACOLA CHEIA NORTE;1244420,61;0;0;1459,72;802,38;255;45;6;1;44;42;118,4;555,7;10,42;100,32;5;2024;177;ATIVO;SÃO LUÍS DE MONTES BELOS;Dia 15;NÃO;SUPERMERCADO;161;PRATA
SUPERMERCADO SACOLA CHEIA NORTE;1242474,86;0;0;927,14;641,11;156;43;3;2;54;52;121,53;570,71;23,11;285,02;3;2024;172;ATIVO;SÃO LUÍS DE MONTES BELOS;Dia 15;NÃO;SUPERMERCADO;161;PRATA
SUPERMERCADO SACOLA CHEIA NORTE;1227283,59;0;0;431,04;302,04;149;21;0;0;25;23;14,23;80;82,16;27,49;2;2026;105;ATIVO;SÃO LUÍS DE MONTES BELOS;Dia 15;NÃO;SUPERMERCADO;161;PRATA
SUPERMERCADO SACOLA CHEIA NORTE;1214015,04;0;0;935,79;677,69;144;55;2;1;34;32;80,93;381,83;45,58;53,85;7;2024;174;ATIVO;SÃO LUÍS DE MONTES BELOS;Dia 15;NÃO;SUPERMERCADO;161;PRATA
SUPERMERCADO SACOLA CHEIA NORTE;1211676,75;0;0;1233,26;808,5;153;48;2;1;49;51;102,27;476,64;23,16;128,34;6;2024;179;ATIVO;SÃO LUÍS DE MONTES BELOS;Dia 15;NÃO;SUPERMERCADO;161;PRATA
SUPERMERCADO SACOLA CHEIA NORTE;1153654,01;0;0;519,87;608,56;174;45;4;0;46;44;103,52;486,28;19,43;142,26;10;2023;325;ATIVO;SÃO LUÍS DE MONTES BELOS;Dia 15;NÃO;SUPERMERCADO;161;PRATA
SUPERMERCADO SACOLA CHEIA NORTE;1145894,75;0;0;982,44;726,57;194;106;5;0;46;44;54,88;257,75;17,15;167,7;11;2023;226;ATIVO;SÃO LUÍS DE MONTES BELOS;Dia 15;NÃO;SUPERMERCADO;161;PRATA
SUPERMERCADO SACOLA CHEIA NORTE;1142053,69;0;0;877,99;687,96;161;58;3;7;48;46;67,29;315,91;42,58;146,11;1;2024;156;ATIVO;SÃO LUÍS DE MONTES BELOS;Dia 15;NÃO;SUPERMERCADO;161;PRATA
SUPERMERCADO SACOLA CHEIA NORTE;1137186,57;0;0;774,39;593,42;133;42;2;5;38;36;63,38;301,19;32,29;255,61;2;2024;156;ATIVO;SÃO LUÍS DE MONTES BELOS;Dia 15;NÃO;SUPERMERCADO;161;PRATA
SUPERMERCADO SACOLA CHEIA NORTE;1129689,88;0;0;481,61;616,51;181;45;3;0;51;49;101,88;481,83;29,25;165,47;9;2023;353;ATIVO;SÃO LUÍS DE MONTES BELOS;Dia 15;NÃO;SUPERMERCADO;161;PRATA
SUPERMERCADO SACOLA CHEIA NORTE;1112951,99;0;0;554,7;693,81;191;54;2;0;60;58;128,49;612,82;40,2;175,52;7;2023;366;ATIVO;SÃO LUÍS DE MONTES BELOS;Dia 15;NÃO;SUPERMERCADO;161;PRATA
SUPERMERCADO SACOLA CHEIA NORTE;1105775,24;0;0;1057;634;141;41;2;1;59;57;87,02;411,92;10,89;235,01;4;2024;160;ATIVO;SÃO LUÍS DE MONTES BELOS;Dia 15;NÃO;SUPERMERCADO;161;PRATA
SUPERMERCADO SACOLA CHEIA NORTE;1085149,36;61139,4;5943,01;325,56;688,76;146;62;2;246;36;46;51,75;249,07;10,29;53,94;12;2022;0;ATIVO;SÃO LUÍS DE MONTES BELOS;Dia 15;SIM;SUPERMERCADO;161;PRATA
SUPERMERCADO SACOLA CHEIA NORTE;1046300,07;0;0;492,27;636,09;188;55;2;188;72;70;127,97;603,47;38,63;100,5;6;2023;632;ATIVO;SÃO LUÍS DE MONTES BELOS;Dia 15;NÃO;SUPERMERCADO;161;PRATA
SUPERMERCADO SACOLA CHEIA NORTE;1028096,37;0;0;540,8;655,19;192;57;7;193;323;323;101,39;471,29;26,2;890,26;4;2023;772;ATIVO;SÃO LUÍS DE MONTES BELOS;Dia 15;NÃO;SUPERMERCADO;161;PRATA
SUPERMERCADO SACOLA CHEIA NORTE;1015587,25;80018,43;7847,83;545,3;602,21;190;53;5;194;66;66;116,42;546,92;36,62;138,27;5;2023;731;ATIVO;SÃO LUÍS DE MONTES BELOS;Dia 15;SIM;SUPERMERCADO;161;PRATA
SUPERMERCADO SACOLA CHEIA NORTE;1006620,45;79888,11;7988,81;8693,84;1091,82;292;78;4;150;36;34;30,25;160,36;3,18;38,06;7;2022;0;ATIVO;SÃO LUÍS DE MONTES BELOS;Dia 15;SIM;SUPERMERCADO;161;PRATA
SUPERMERCADO SACOLA CHEIA NORTE;1003241,37;0;0;598,44;692,18;201;59;7;186;84;84;95,77;445,29;12,44;239,38;3;2023;821;ATIVO;SÃO LUÍS DE MONTES BELOS;Dia 15;NÃO;SUPERMERCADO;161;PRATA
SUPERMERCADO SACOLA CHEIA NORTE;1001706,84;78894,09;7889,41;202,98;626,53;119;84;4;219;69;69;131,52;615,25;0;81,52;10;2022;0;ATIVO;SÃO LUÍS DE MONTES BELOS;Dia 15;SIM;SUPERMERCADO;161;PRATA
SUPERMERCADO SACOLA CHEIA NORTE;944931,24;0;0;556,54;494,16;203;48;5;187;64;63;75,62;351,94;39,63;38,63;2;2023;790;ATIVO;SÃO LUÍS DE MONTES BELOS;Dia 15;NÃO;SUPERMERCADO;161;PRATA
SUPERMERCADO SACOLA CHEIA NORTE;942971,39;0;0;540,23;562,65;208;569;7;199;58;57;56,53;272,98;37,08;70,3;1;2023;876;ATIVO;SÃO LUÍS DE MONTES BELOS;Dia 15;NÃO;SUPERMERCADO;161;PRATA
SUPERMERCADO SACOLA CHEIA NORTE;942834,81;69363,57;103,36;7461,38;1057,7;279;57;3;150;34;34;39,7;200,11;5,39;22,97;6;2022;0;ATIVO;SÃO LUÍS DE MONTES BELOS;Dia 15;SIM;SUPERMERCADO;161;PRATA
SUPERMERCADO SACOLA CHEIA NORTE;936276,77;71869,06;7186,91;298,13;653,7;128;77;4;218;69;70;151,43;709,58;10,33;64,82;11;2022;0;ATIVO;SÃO LUÍS DE MONTES BELOS;Dia 15;SIM;SUPERMERCADO;161;PRATA
SUPERMERCADO SACOLA CHEIA NORTE;928169,45;75776,83;7577,68;122,1;547,22;101;86;12;213;66;83;95,62;451,57;31,07;23,6;9;2022;0;ATIVO;SÃO LUÍS DE MONTES BELOS;Dia 15;SIM;SUPERMERCADO;161;PRATA
SUPERMERCADO SACOLA CHEIA NORTE;895351,02;0;0;576,81;2729,15;850;62;2;147;36;122;59,96;276,9;2,4;6,98;9;2021;0;ATIVO;SÃO LUÍS DE MONTES BELOS;Dia 15;NÃO;SUPERMERCADO;161;PRATA
SUPERMERCADO SACOLÃO CANAA;855449,95;0;0;379,8;451,95;158;76;7;172;44;46;17,28;80,33;72,16;258,67;12;2023;553;INATIVO;ALTO PARAÍSO DE GOIÁS;Dia 10;NÃO;SUPERMERCADO;42;PRATA
SUPERMERCADO SACOLÃO CANAA;828976,64;0;0;343,97;402,09;138;53;6;170;49;54;28,05;129,26;60,77;143,74;1;2024;561;INATIVO;ALTO PARAÍSO DE GOIÁS;Dia 10;NÃO;SUPERMERCADO;42;PRATA
SUPERMERCADO SACOLÃO CANAA;824022,09;0;0;1005,1;3357,17;660;194;47;191;207;235;951,27;4654,34;0;3338,99;9;2023;932;INATIVO;ALTO PARAÍSO DE GOIÁS;Dia 10;NÃO;SUPERMERCADO;42;PRATA
SUPERMERCADO SACOLÃO CANAA;818415,22;0;0;1854,31;2932;772;218;35;187;197;219;1127,4;5518,66;7,68;504,58;5;2023;997;INATIVO;ALTO PARAÍSO DE GOIÁS;Dia 10;NÃO;SUPERMERCADO;42;PRATA
SUPERMERCADO SACOLÃO CANAA;804827,32;0;0;994,19;3249,99;636;203;49;183;211;232;964,72;4737,74;0;3150,38;8;2023;910;INATIVO;ALTO PARAÍSO DE GOIÁS;Dia 10;NÃO;SUPERMERCADO;42;PRATA
SUPERMERCADO SACOLÃO CANAA;803690,31;0;0;355,85;2369,17;443;78;9;185;68;78;21,23;99,43;52,27;225,97;11;2023;587;INATIVO;ALTO PARAÍSO DE GOIÁS;Dia 10;NÃO;SUPERMERCADO;42;PRATA
SUPERMERCADO SACOLÃO CANAA;775596,29;0;0;641,36;529,72;296;46;9;141;48;107;15,68;71,84;42,79;246,66;7;2024;536;INATIVO;ALTO PARAÍSO DE GOIÁS;Dia 10;NÃO;SUPERMERCADO;42;PRATA
SUPERMERCADO SACOLÃO CANAA;764527,35;0;0;427,39;793,8;299;92;22;187;113;136;661,3;3288,07;69,48;364,26;10;2023;937;INATIVO;ALTO PARAÍSO DE GOIÁS;Dia 10;NÃO;SUPERMERCADO;42;PRATA
SUPERMERCADO SACOLÃO CANAA;751733,56;0;0;303,85;459,03;116;61;8;164;37;40;13,75;62,97;54,94;124,48;2;2024;541;INATIVO;ALTO PARAÍSO DE GOIÁS;Dia 10;NÃO;SUPERMERCADO;42;PRATA
SUPERMERCADO SACOLÃO CANAA;744180,02;0;0;564,3;419,62;126;59;11;168;42;46;15,47;70,42;81,02;266,27;3;2024;530;INATIVO;ALTO PARAÍSO DE GOIÁS;Dia 10;NÃO;SUPERMERCADO;42;PRATA
SUPERMERCADO SACOLÃO CANAA;729919,45;0;0;395,97;293,65;276;56;13;148;37;38;18,11;84,99;2,49;256,99;5;2024;481;INATIVO;ALTO PARAÍSO DE GOIÁS;Dia 10;NÃO;SUPERMERCADO;42;PRATA
SUPERMERCADO SACOLÃO CANAA;678016,85;0;0;564,42;458,23;288;49;5;169;62;151;12,11;55,86;40,79;317,47;8;2024;554;INATIVO;ALTO PARAÍSO DE GOIÁS;Dia 10;NÃO;SUPERMERCADO;42;PRATA
SUPERMERCADO SACOLÃO CANAA;672140,11;0;0;633,82;339,12;262;50;8;135;28;36;7,44;34,71;10,95;160,1;6;2024;483;INATIVO;ALTO PARAÍSO DE GOIÁS;Dia 10;NÃO;SUPERMERCADO;42;PRATA
SUPERMERCADO SACOLÃO CANAA;671976,97;0;0;462,94;363,73;455;53;14;159;56;59;16,19;76,38;38,67;259,78;4;2024;504;INATIVO;ALTO PARAÍSO DE GOIÁS;Dia 10;NÃO;SUPERMERCADO;42;PRATA
SUPERMERCADO SACOLÃO CANAA;667931,19;0;0;523,5;368,72;218;52;7;165;36;147;8,3;39,25;44,57;116,94;10;2024;593;INATIVO;ALTO PARAÍSO DE GOIÁS;Dia 10;NÃO;SUPERMERCADO;42;PRATA
SUPERMERCADO SACOLÃO CANAA;644233,39;0;0;515,06;383,29;249;45;5;153;58;131;16,58;75,98;34,48;145,25;9;2024;556;INATIVO;ALTO PARAÍSO DE GOIÁS;Dia 10;NÃO;SUPERMERCADO;42;PRATA
SUPERMERCADO SACOLÃO CANAA;567732,27;0;0;445,24;426,38;200;50;11;0;42;65;14,9;68,68;34,97;164,26;12;2024;527;INATIVO;ALTO PARAÍSO DE GOIÁS;Dia 10;NÃO;SUPERMERCADO;42;PRATA
SUPERMERCADO SACOLÃO CANAA;554126,5;0;0;449,84;373,33;218;58;9;162;40;110;14,46;66,86;37,96;96,42;11;2024;572;INATIVO;ALTO PARAÍSO DE GOIÁS;Dia 10;NÃO;SUPERMERCADO;42;PRATA
SUPERMERCADO SACOLÃO CANAA;509334,82;0;0;449,98;543,23;214;69;11;0;75;67;30,93;146,04;44,17;127,31;1;2025;494;INATIVO;ALTO PARAÍSO DE GOIÁS;Dia 10;NÃO;SUPERMERCADO;42;PRATA
SUPERMERCADO SACOLÃO CANAA;434048,05;0;0;98,21;1340,94;71;35;2;0;110;88;278,32;1287,98;50,83;142,22;2;2025;50;INATIVO;ALTO PARAÍSO DE GOIÁS;Dia 10;NÃO;SUPERMERCADO;42;PRATA
SUPERMERCADO SACOLÃO CANAA;430959,24;0;0;200,5;432,67;78;66;1;0;86;88;258,77;1192,72;39,63;160,05;3;2025;206;INATIVO;ALTO PARAÍSO DE GOIÁS;Dia 10;NÃO;SUPERMERCADO;42;PRATA
SUPERMERCADO SACOLÃO CANAA;382104,94;0;0;1601,68;910,15;362;27;3;0;2354;727;1165,77;5390,3;11,5;4239,08;4;2025;573;INATIVO;ALTO PARAÍSO DE GOIÁS;Dia 10;NÃO;SUPERMERCADO;42;PRATA
SUPERMERCADO SACOLÃO CANAA;329545,59;0;0;782,16;471,35;274;31;1;0;1342;516;301,25;1387,65;7,57;3750,1;5;2025;445;INATIVO;ALTO PARAÍSO DE GOIÁS;Dia 10;NÃO;SUPERMERCADO;42;PRATA
SUPERMERCADO SACOLÃO CANAA;258942,95;0;0;5,35;77,18;18;6;0;0;8;84;3,95;18,28;0;4,15;7;2025;11;INATIVO;ALTO PARAÍSO DE GOIÁS;Dia 10;NÃO;SUPERMERCADO;42;PRATA
SUPERMERCADO SACOLÃO CANAA;231457,75;0;0;9,26;53,39;29;10;0;0;7;11;0,42;2,05;0;4,86;6;2025;16;INATIVO;ALTO PARAÍSO DE GOIÁS;Dia 10;NÃO;SUPERMERCADO;42;PRATA
SUPERMERCADO SACOLÃO CANAA;227415,66;0;0;7,7;29,93;16;10;0;0;10;30;0,55;2,55;0;33,03;8;2025;11;INATIVO;ALTO PARAÍSO DE GOIÁS;Dia 10;NÃO;SUPERMERCADO;42;PRATA
SUPERMERCADO SACOLÃO CANAA;201650,01;0;0;10,07;12,24;7;4;1;0;6;33;1,38;7,19;7,07;7,07;9;2025;7;INATIVO;ALTO PARAÍSO DE GOIÁS;Dia 10;NÃO;SUPERMERCADO;42;PRATA
SUPERMERCADO SACOLÃO CANAA;172272,74;0;0;54,84;1,38;5;2;0;0;9;98;2,23;10,4;18,26;26,25;10;2025;6;INATIVO;ALTO PARAÍSO DE GOIÁS;Dia 10;NÃO;SUPERMERCADO;42;PRATA
SUPERMERCADO SAD;1665257,8;0;0;408,04;1791,09;87;20;9;0;171;368;176,42;812,4;36,32;760,34;5;2026;107;ATIVO;SANTO ANTÔNIO DO DESCOBERTO;Dia 15;NÃO;SUPERMERCADO;131;BRONZE
SUPERMERCADO SAD;1617525,3;0;0;2258,44;2735,4;698;51;82;388;0;0;0;0;0;0;12;2021;0;ATIVO;SANTO ANTÔNIO DO DESCOBERTO;Dia 15;NÃO;SUPERMERCADO;131;BRONZE
SUPERMERCADO SAD;1615981,02;0;0;114,96;1905,25;110;31;14;90;346;641;456,31;2102,49;70,17;6435,72;12;2022;0;ATIVO;SANTO ANTÔNIO DO DESCOBERTO;Dia 15;NÃO;SUPERMERCADO;131;BRONZE
SUPERMERCADO SAD;1585900,85;0;0;465,63;294,8;89;29;17;0;173;378;94,3;436,61;24,73;899,38;6;2026;100;ATIVO;SANTO ANTÔNIO DO DESCOBERTO;Dia 15;NÃO;SUPERMERCADO;131;BRONZE
SUPERMERCADO SAD;1571278,87;0;0;635,07;381,99;76;20;9;0;162;353;278,4;1284,16;78,12;635,94;1;2026;116;ATIVO;SANTO ANTÔNIO DO DESCOBERTO;Dia 15;NÃO;SUPERMERCADO;131;BRONZE
SUPERMERCADO SAD;1564367,49;0;0;712,27;377,64;81;26;11;0;233;469;145,18;668,76;20,59;625,68;7;2025;113;ATIVO;SANTO ANTÔNIO DO DESCOBERTO;Dia 15;NÃO;SUPERMERCADO;131;BRONZE
SUPERMERCADO SAD;1561908,7;0;0;683,61;512,9;90;22;8;0;220;461;158,12;731,97;34,5;1300,52;8;2025;131;ATIVO;SANTO ANTÔNIO DO DESCOBERTO;Dia 15;NÃO;SUPERMERCADO;131;BRONZE
SUPERMERCADO SAD;1557019,94;0;0;569,74;319,09;70;19;8;0;184;404;252,3;1165,64;21,03;1170,48;10;2025;108;ATIVO;SANTO ANTÔNIO DO DESCOBERTO;Dia 15;NÃO;SUPERMERCADO;131;BRONZE
SUPERMERCADO SAD;1532200,47;0;0;559,83;376,43;91;24;8;0;245;510;179,28;829,44;52,75;857,8;3;2026;130;ATIVO;SANTO ANTÔNIO DO DESCOBERTO;Dia 15;NÃO;SUPERMERCADO;131;BRONZE
SUPERMERCADO SAD;1524285,18;0;0;242,36;471,37;61;12;8;0;273;498;189,15;874,19;21,77;1925,7;12;2024;85;ATIVO;SANTO ANTÔNIO DO DESCOBERTO;Dia 15;NÃO;SUPERMERCADO;131;BRONZE
SUPERMERCADO SAD;1522159,91;0;0;489,09;561,63;83;25;15;0;168;378;117,03;541,94;21,26;658,48;7;2026;7;ATIVO;SANTO ANTÔNIO DO DESCOBERTO;Dia 15;NÃO;SUPERMERCADO;131;BRONZE
SUPERMERCADO SAD;1520180,09;0;0;441,19;359,31;73;22;14;0;182;366;187,57;864,41;16,88;692,45;8;2026;6;ATIVO;SANTO ANTÔNIO DO DESCOBERTO;Dia 15;NÃO;SUPERMERCADO;131;BRONZE
SUPERMERCADO SAD;1511500,4;0;0;383,21;383,21;97;25;10;0;205;433;221,11;1020,7;57,4;795,97;4;2026;124;ATIVO;SANTO ANTÔNIO DO DESCOBERTO;Dia 15;NÃO;SUPERMERCADO;131;BRONZE
SUPERMERCADO SAD;1508334,08;0;0;6565,06;922,78;221;13;21;541;0;0;12136,77;56164,83;0;0;5;2021;0;ATIVO;SANTO ANTÔNIO DO DESCOBERTO;Dia 15;NÃO;SUPERMERCADO;131;BRONZE
SUPERMERCADO SAD;1504736,24;0;0;143,78;4478,8;330;267;13;78;0;0;0;0;0;0;7;2022;0;ATIVO;SANTO ANTÔNIO DO DESCOBERTO;Dia 15;NÃO;SUPERMERCADO;131;BRONZE
SUPERMERCADO SAD;1487401,24;0;0;222,83;5114,42;428;322;114;85;0;0;0;0;0;0;5;2022;0;ATIVO;SANTO ANTÔNIO DO DESCOBERTO;Dia 15;NÃO;SUPERMERCADO;131;BRONZE
SUPERMERCADO SAD;1481003,24;0;0;140,67;697,95;330;249;10;70;406;729;398,19;1834,34;67,39;5834,93;10;2022;0;ATIVO;SANTO ANTÔNIO DO DESCOBERTO;Dia 15;NÃO;SUPERMERCADO;131;BRONZE
SUPERMERCADO SAD;1473168,05;0;0;3107,26;1978,35;425;60;69;662;0;0;0;0;0;0;2;2021;0;ATIVO;SANTO ANTÔNIO DO DESCOBERTO;Dia 15;NÃO;SUPERMERCADO;131;BRONZE
SUPERMERCADO SAD;1468962,79;0;0;550,33;1860,63;97;24;12;0;200;465;238,09;1095,37;70,26;777,55;2;2026;123;ATIVO;SANTO ANTÔNIO DO DESCOBERTO;Dia 15;NÃO;SUPERMERCADO;131;BRONZE
SUPERMERCADO SAD;1468711,14;0;0;739,57;263,9;81;28;11;0;244;497;124,75;577,69;17,63;602,89;6;2025;120;ATIVO;SANTO ANTÔNIO DO DESCOBERTO;Dia 15;NÃO;SUPERMERCADO;131;BRONZE
SUPERMERCADO SAD;1462716,72;0;0;332,19;2540,55;326;262;15;76;3027;4041;3381,62;15549,49;40,43;2861,17;8;2022;0;ATIVO;SANTO ANTÔNIO DO DESCOBERTO;Dia 15;NÃO;SUPERMERCADO;131;BRONZE
SUPERMERCADO SAD;1444034,43;0;0;420,75;36832,44;3237;278;98;100;0;0;6965,69;32287,64;0;0;4;2022;0;ATIVO;SANTO ANTÔNIO DO DESCOBERTO;Dia 15;NÃO;SUPERMERCADO;131;BRONZE
SUPERMERCADO SAD;1442494,61;0;0;503,01;260,37;77;23;6;0;284;533;182,16;841,86;46,58;940,68;9;2025;103;ATIVO;SANTO ANTÔNIO DO DESCOBERTO;Dia 15;NÃO;SUPERMERCADO;131;BRONZE
SUPERMERCADO SAD;1432075,45;3385,22;338,52;6004,64;565,44;197;9;28;565;0;0;0;0;0;0;6;2021;0;ATIVO;SANTO ANTÔNIO DO DESCOBERTO;Dia 15;SIM;SUPERMERCADO;131;BRONZE
SUPERMERCADO SAD;1429130,63;0;0;2285,22;749,46;178;9;5547;449;0;0;0;0;0;0;7;2021;0;ATIVO;SANTO ANTÔNIO DO DESCOBERTO;Dia 15;NÃO;SUPERMERCADO;131;BRONZE
SUPERMERCADO SAD;1423448,15;0;0;634,3;1209,33;342;271;18;76;2890;3869;3118,25;14386,42;46,99;3120,8;9;2022;0;ATIVO;SANTO ANTÔNIO DO DESCOBERTO;Dia 15;NÃO;SUPERMERCADO;131;BRONZE
SUPERMERCADO SAD;1409476,18;0;0;812,32;420,83;232;15;83;433;0;0;0;0;0;0;10;2021;0;ATIVO;SANTO ANTÔNIO DO DESCOBERTO;Dia 15;NÃO;SUPERMERCADO;131;BRONZE
SUPERMERCADO SAD;1406402,74;0;0;49,37;230,67;29;4;1;40;189;354;74,06;344,1;35,22;418,65;12;2023;55;ATIVO;SANTO ANTÔNIO DO DESCOBERTO;Dia 15;NÃO;SUPERMERCADO;131;BRONZE
SUPERMERCADO SAD;1404900,9;0;0;4708,85;451,11;229;32;33;549;0;0;11002,4;50958,02;0;0;4;2021;0;ATIVO;SANTO ANTÔNIO DO DESCOBERTO;Dia 15;NÃO;SUPERMERCADO;131;BRONZE
SUPERMERCADO SAD;1403553,51;0;0;879,08;166,55;185;6;98;442;0;0;0;0;0;0;8;2021;0;ATIVO;SANTO ANTÔNIO DO DESCOBERTO;Dia 15;NÃO;SUPERMERCADO;131;BRONZE
SUPERMERCADO SAD;1399693,8;0;0;675,51;739,68;318;60;108;459;0;0;0;0;0;0;3;2022;0;ATIVO;SANTO ANTÔNIO DO DESCOBERTO;Dia 15;NÃO;SUPERMERCADO;131;BRONZE
SUPERMERCADO SAD;1382694,97;0;0;546,9;534,93;92;25;11;0;237;475;199,08;916,73;11,57;782,12;3;2025;137;ATIVO;SANTO ANTÔNIO DO DESCOBERTO;Dia 15;NÃO;SUPERMERCADO;131;BRONZE
SUPERMERCADO SAD;1375008,81;0;0;6470,4;781,84;934;45;125;468;0;0;0;0;0;0;1;2022;0;ATIVO;SANTO ANTÔNIO DO DESCOBERTO;Dia 15;NÃO;SUPERMERCADO;131;BRONZE
SUPERMERCADO SAD;1373798,73;0;0;71,94;1426,71;106;20;8;82;356;647;356,17;1633,9;62,02;6361,5;11;2022;0;ATIVO;SANTO ANTÔNIO DO DESCOBERTO;Dia 15;NÃO;SUPERMERCADO;131;BRONZE
SUPERMERCADO SAD;1344520,78;0;0;109,78;190,52;62;12;5;24;260;478;186,67;862,34;35,45;559,84;11;2024;84;ATIVO;SANTO ANTÔNIO DO DESCOBERTO;Dia 15;NÃO;SUPERMERCADO;131;BRONZE
SUPERMERCADO SAD;1343525,05;0;0;770,87;1873;339;54;107;474;0;0;0;0;0;0;2;2022;0;ATIVO;SANTO ANTÔNIO DO DESCOBERTO;Dia 15;NÃO;SUPERMERCADO;131;BRONZE
SUPERMERCADO SAD;1343179,71;0;0;1008,89;304,93;85;23;11;0;223;441;107,42;494,87;20,74;587,04;4;2025;125;ATIVO;SANTO ANTÔNIO DO DESCOBERTO;Dia 15;NÃO;SUPERMERCADO;131;BRONZE
SUPERMERCADO SAD;1323385,58;0;0;169,63;1106,42;104;26;12;336;361;647;289,81;1329,09;111,6;5593,68;1;2023;1121;ATIVO;SANTO ANTÔNIO DO DESCOBERTO;Dia 15;NÃO;SUPERMERCADO;131;BRONZE
SUPERMERCADO SAD;1323026,49;0;0;921,21;471,17;191;15;32;416;0;0;0;0;0;0;9;2021;0;ATIVO;SANTO ANTÔNIO DO DESCOBERTO;Dia 15;NÃO;SUPERMERCADO;131;BRONZE
SUPERMERCADO SAD;1320642,74;0;0;341,09;303,25;76;15;11;0;334;614;246,15;1137,96;20,79;821,58;1;2025;111;ATIVO;SANTO ANTÔNIO DO DESCOBERTO;Dia 15;NÃO;SUPERMERCADO;131;BRONZE
SUPERMERCADO SAD;1314317,51;0;0;213,65;117,07;59;16;7;27;225;409;142,68;655,52;45,04;399,47;6;2024;65;ATIVO;SANTO ANTÔNIO DO DESCOBERTO;Dia 15;NÃO;SUPERMERCADO;131;BRONZE
SUPERMERCADO SAD;1306217,41;0;0;418,07;387,78;167;11;72;359;0;0;0;0;0;0;11;2021;0;ATIVO;SANTO ANTÔNIO DO DESCOBERTO;Dia 15;NÃO;SUPERMERCADO;131;BRONZE
SUPERMERCADO SAD;1304771,82;0;0;407,73;73,86;75;40;2;283;208;324;117,88;542,42;24,38;1629,44;4;2023;984;ATIVO;SANTO ANTÔNIO DO DESCOBERTO;Dia 15;NÃO;SUPERMERCADO;131;BRONZE
SUPERMERCADO SAD;1294451,72;0;0;169,37;78,84;72;35;1;314;258;453;198,47;920,75;27,67;1949,35;5;2023;4411;ATIVO;SANTO ANTÔNIO DO DESCOBERTO;Dia 15;NÃO;SUPERMERCADO;131;BRONZE
SUPERMERCADO SAD;1289764,29;0;0;527,56;124,33;68;18;11;0;166;348;230,37;1063,5;17,11;615,1;2;2025;121;ATIVO;SANTO ANTÔNIO DO DESCOBERTO;Dia 15;NÃO;SUPERMERCADO;131;BRONZE
SUPERMERCADO SAD;1272908,6;0;0;127,32;138,99;58;9;4;21;257;495;180,91;832,94;45,45;867,65;10;2024;59;ATIVO;SANTO ANTÔNIO DO DESCOBERTO;Dia 15;NÃO;SUPERMERCADO;131;BRONZE
SUPERMERCADO SAD;1270295,66;0;0;135,52;153,74;64;12;4;24;228;416;152,18;701,98;49,61;409,34;8;2024;52;ATIVO;SANTO ANTÔNIO DO DESCOBERTO;Dia 15;NÃO;SUPERMERCADO;131;BRONZE
SUPERMERCADO SAD;1265934,95;0;0;13,89;39,63;21;7;0;270;204;344;156,74;729,4;17,18;1488,55;6;2023;4114;ATIVO;SANTO ANTÔNIO DO DESCOBERTO;Dia 15;NÃO;SUPERMERCADO;131;BRONZE
SUPERMERCADO SAD;1262017,18;0;0;38,87;52,34;36;4;3;328;139;247;70,24;322,59;109,5;545,19;9;2023;4344;ATIVO;SANTO ANTÔNIO DO DESCOBERTO;Dia 15;NÃO;SUPERMERCADO;131;BRONZE
SUPERMERCADO SAD;1261051,77;0;0;24,8;74,34;32;9;2;272;148;273;87,08;400,45;113,34;465,33;8;2023;4156;ATIVO;SANTO ANTÔNIO DO DESCOBERTO;Dia 15;NÃO;SUPERMERCADO;131;BRONZE
SUPERMERCADO SAD;1257130,15;0;0;8,47;20,65;21;6;2;273;243;398;111,55;513,31;1,02;283,14;7;2023;4300;ATIVO;SANTO ANTÔNIO DO DESCOBERTO;Dia 15;NÃO;SUPERMERCADO;131;BRONZE
SUPERMERCADO SAD;1249584,06;0;0;37,98;78,06;42;6;4;363;181;358;104,43;478,07;118,8;582,47;10;2023;4165;ATIVO;SANTO ANTÔNIO DO DESCOBERTO;Dia 15;NÃO;SUPERMERCADO;131;BRONZE
SUPERMERCADO SAD;1237318,78;0;0;143,1;1629,01;114;36;16;322;341;623;303,39;1394,97;78,68;6121,28;2;2023;1792;ATIVO;SANTO ANTÔNIO DO DESCOBERTO;Dia 15;NÃO;SUPERMERCADO;131;BRONZE
SUPERMERCADO SAD;1233454,47;0;0;213,65;53,63;48;12;4;29;218;375;149,97;691,92;59,06;263,91;7;2024;57;ATIVO;SANTO ANTÔNIO DO DESCOBERTO;Dia 15;NÃO;SUPERMERCADO;131;BRONZE
SUPERMERCADO SAD;1209766,92;0;0;158,59;395,41;55;17;3;26;301;566;174,31;803,37;100,09;353,39;3;2024;51;ATIVO;SANTO ANTÔNIO DO DESCOBERTO;Dia 15;NÃO;SUPERMERCADO;131;BRONZE
SUPERMERCADO SAD;1196790,07;0;0;126,73;129,01;62;9;5;23;256;484;112,64;518,79;44,51;538,61;9;2024;59;ATIVO;SANTO ANTÔNIO DO DESCOBERTO;Dia 15;NÃO;SUPERMERCADO;131;BRONZE
SUPERMERCADO SAD;1190786,01;0;0;54,72;132,07;40;10;3;37;207;376;130,63;603,52;85,45;246,31;1;2024;14;ATIVO;SANTO ANTÔNIO DO DESCOBERTO;Dia 15;NÃO;SUPERMERCADO;131;BRONZE
SUPERMERCADO SAD;1173433,18;0;0;77,37;57,15;45;5;4;342;192;340;136,23;625,51;119,91;701,67;11;2023;17;ATIVO;SANTO ANTÔNIO DO DESCOBERTO;Dia 15;NÃO;SUPERMERCADO;131;BRONZE
SUPERMERCADO SAD;1145099,1;0;0;37,77;157,05;29;8;3;29;195;369;119,94;554,62;66,21;179,94;2;2024;16;ATIVO;SANTO ANTÔNIO DO DESCOBERTO;Dia 15;NÃO;SUPERMERCADO;131;BRONZE
SUPERMERCADO SAD;1143559,84;0;0;219,36;416,9;55;22;5;23;248;468;156,68;719,23;72,23;492,74;4;2024;63;ATIVO;SANTO ANTÔNIO DO DESCOBERTO;Dia 15;NÃO;SUPERMERCADO;131;BRONZE
SUPERMERCADO SAD;971798,51;0;0;169,66;731,5;128;33;15;334;312;563;161,22;739,83;28,19;3583,45;3;2023;4326;ATIVO;SANTO ANTÔNIO DO DESCOBERTO;Dia 15;NÃO;SUPERMERCADO;131;BRONZE
SUPERMERCADO SAD;720949,91;0;0;1672,91;403,15;171;13;10;558;0;0;3134,17;14551,45;0;0;3;2021;0;ATIVO;SANTO ANTÔNIO DO DESCOBERTO;Dia 15;NÃO;SUPERMERCADO;131;BRONZE
SUPERMERCADO SAD;20911,24;0;0;14,53;87,55;63;63;3;15;0;0;28,72;132,08;11,02;62,54;6;2022;0;ATIVO;SANTO ANTÔNIO DO DESCOBERTO;Dia 15;NÃO;SUPERMERCADO;131;BRONZE
SUPERMERCADO SANTA FÉ;6844883,47;0;0;1821,42;1150,74;390;29;5;0;897;37;260,86;1219;133,7;412,21;5;2026;31;ATIVO;GOIÂNIA;Dia 20;NÃO;SUPERMERCADO;170;PRATA
SUPERMERCADO SANTA FÉ;6835701,5;0;0;663,35;1756,46;150;126;94;32;85;88;15,88;73,12;122,16;667,6;7;2026;88;ATIVO;GOIÂNIA;Dia 20;NÃO;SUPERMERCADO;170;PRATA
SUPERMERCADO SANTA FÉ;6727541,61;0;0;469,1;621,91;34;27;4;0;11;15;652,63;3009,01;13,66;22,69;12;2025;21;ATIVO;GOIÂNIA;Dia 20;NÃO;SUPERMERCADO;170;PRATA
SUPERMERCADO SANTA FÉ;6663659,68;0;0;250,84;1109,38;76;20;2;0;55;60;38,81;180,01;44,45;197,67;8;2025;50;ATIVO;GOIÂNIA;Dia 20;NÃO;SUPERMERCADO;170;PRATA
SUPERMERCADO SANTA FÉ;6653531,02;0;0;66,79;255,51;33;14;2;0;24;30;7,71;35,9;37,36;118,34;7;2025;22;ATIVO;GOIÂNIA;Dia 20;NÃO;SUPERMERCADO;170;PRATA
SUPERMERCADO SANTA FÉ;6597759,28;0;0;2331,13;1030,74;363;34;5;0;791;40;215,63;1018,18;106,1;655,82;6;2026;26;ATIVO;GOIÂNIA;Dia 20;NÃO;SUPERMERCADO;170;PRATA
SUPERMERCADO SANTA FÉ;6502996,4;0;0;83,13;529,5;49;37;3;0;34;30;483,43;2246,77;8,96;22,67;10;2025;21;ATIVO;GOIÂNIA;Dia 20;NÃO;SUPERMERCADO;170;PRATA
SUPERMERCADO SANTA FÉ;6477716,62;0;0;1137,91;1447,92;761;73;14;0;1207;46;383,58;1794,79;159,48;9,71;4;2026;107;ATIVO;GOIÂNIA;Dia 20;NÃO;SUPERMERCADO;170;PRATA
SUPERMERCADO SANTA FÉ;6397890,26;0;0;515,66;4886,79;1015;155;15;0;713;45;594,48;2753,69;193,19;3,66;3;2026;171;ATIVO;GOIÂNIA;Dia 20;NÃO;SUPERMERCADO;170;PRATA
SUPERMERCADO SANTA FÉ;6359596,16;0;0;276,11;834,64;71;36;7;0;28;34;7,92;36,42;68,88;3315,03;9;2025;38;ATIVO;GOIÂNIA;Dia 20;NÃO;SUPERMERCADO;170;PRATA
SUPERMERCADO SANTA FÉ;6253947,66;0;0;165,8;441,8;35;29;4;0;13;12;520,99;520,99;3,5;7,43;11;2025;20;ATIVO;GOIÂNIA;Dia 20;NÃO;SUPERMERCADO;170;PRATA
SUPERMERCADO SANTA FÉ;6177428,57;0;0;223,45;855,84;233;104;47;0;1033;306;254,34;1260,03;274,21;2465,25;5;2025;96;ATIVO;GOIÂNIA;Dia 20;NÃO;SUPERMERCADO;170;PRATA
SUPERMERCADO SANTA FÉ;6128512,93;0;0;63,43;63,43;70;46;33;0;35;42;20,41;93,93;36,78;155,74;6;2025;21;ATIVO;GOIÂNIA;Dia 20;NÃO;SUPERMERCADO;170;PRATA
SUPERMERCADO SANTA FÉ;6102106,54;0;0;922,97;811,85;220;76;38;0;203;247;86,29;396,19;149,85;855,4;3;2025;87;ATIVO;GOIÂNIA;Dia 20;NÃO;SUPERMERCADO;170;PRATA
SUPERMERCADO SANTA FÉ;6022159,12;0;0;244,05;297,18;83;43;9;0;92;104;82,21;377,76;97,43;418,49;4;2025;43;ATIVO;GOIÂNIA;Dia 20;NÃO;SUPERMERCADO;170;PRATA
SUPERMERCADO SANTA FÉ;5820775,29;0;0;392,38;767,8;44;24;5;0;15;17;407,4;1888,05;27,76;10,12;2;2026;21;ATIVO;GOIÂNIA;Dia 20;NÃO;SUPERMERCADO;170;PRATA
SUPERMERCADO SANTA FÉ;5745723,87;0;0;408,29;964,84;45;24;3;0;8;11;358,14;1655,57;13,03;15,34;1;2026;19;ATIVO;GOIÂNIA;Dia 20;NÃO;SUPERMERCADO;170;PRATA
SUPERMERCADO SANTA FÉ;5508866,05;0;0;967,8;804,54;228;65;36;0;210;232;94,67;436,07;240,59;639,31;2;2025;79;ATIVO;GOIÂNIA;Dia 20;NÃO;SUPERMERCADO;170;PRATA
SUPERMERCADO SANTA FÉ;5463439,96;0;0;197,94;1002,16;83;39;21;0;26;34;20,17;92,85;32,98;91,2;1;2025;31;ATIVO;GOIÂNIA;Dia 20;NÃO;SUPERMERCADO;170;PRATA
SUPERMERCADO SANTA FÉ;5227590,9;0;0;1267,95;1848,89;333;120;15;764;224;409;221,77;1020,56;281,54;355,98;10;2024;190;ATIVO;GOIÂNIA;Dia 20;NÃO;SUPERMERCADO;170;PRATA
SUPERMERCADO SANTA FÉ;4867775,75;0;0;597,85;673,59;272;100;23;0;189;335;75,61;349,21;120,33;264,48;11;2024;145;ATIVO;GOIÂNIA;Dia 20;NÃO;SUPERMERCADO;170;PRATA
SUPERMERCADO SANTA FÉ;4794610,24;0;0;144,61;944;60;30;19;0;14;13;1,13;5,27;32,45;0;12;2024;19;ATIVO;GOIÂNIA;Dia 20;NÃO;SUPERMERCADO;170;PRATA
SUPERMERCADO SANTA FÉ;2062858,27;0;0;5924,82;1792,4;474;144;28;313;553;848;782,42;3603,83;776,87;5472,05;2;2024;279;ATIVO;GOIÂNIA;Dia 20;NÃO;SUPERMERCADO;170;PRATA
SUPERMERCADO SANTA FÉ;2060137,47;0;0;39,03;47,17;40;12;6;228;63;70;137,11;631,84;25,45;329,02;7;2024;19;ATIVO;GOIÂNIA;Dia 20;NÃO;SUPERMERCADO;170;PRATA
SUPERMERCADO SANTA FÉ;2008160,86;0;0;64,2;24,1;51;147;37;336;33;45;508,26;65,2;479,42;494,52;6;2024;246;ATIVO;GOIÂNIA;Dia 20;NÃO;SUPERMERCADO;170;PRATA
SUPERMERCADO SANTA FÉ;2007737,52;0;0;332,26;64,77;80;20;10;472;84;96;20,47;95,72;48,03;455,53;8;2024;48;ATIVO;GOIÂNIA;Dia 20;NÃO;SUPERMERCADO;170;PRATA
SUPERMERCADO SANTA FÉ;1968789,6;0;0;145,77;1029,17;77;32;1;474;61;85;7,25;33,63;73,11;73,11;9;2024;54;ATIVO;GOIÂNIA;Dia 20;NÃO;SUPERMERCADO;170;PRATA
SUPERMERCADO SANTA FÉ;1904771,46;0;0;2662,67;1444,5;433;142;30;305;533;764;662,46;3050,91;651,84;3149,73;5;2024;234;ATIVO;GOIÂNIA;Dia 20;NÃO;SUPERMERCADO;170;PRATA
SUPERMERCADO SANTA FÉ;1832143,4;0;0;2723,99;1507,03;413;128;32;304;560;828;754,03;3515,42;677,44;3174,69;4;2024;201;ATIVO;GOIÂNIA;Dia 20;NÃO;SUPERMERCADO;170;PRATA
SUPERMERCADO SANTO MIX & BJL;2389147,68;0;0;26,75;322,2;50;38;2;0;34;62;83,08;383,79;0;35,69;4;2026;71;ATIVO;FORMOSA;Dia 30;NÃO;SUPERMERCADO;2;DIAMANTE
SUPERMERCADO SANTOS;649276,89;36855,38;4422,65;25,6;49,81;14;2;0;0;37;86;14,86;68,53;17,36;14,05;12;2024;69;INATIVO;CALDAS NOVAS;Dia 10;SIM;SUPERMERCADO;55;INATIVO
SUPERMERCADO SANTOS;627572,93;33408,76;3989,06;49,5;54,12;13;0;0;0;34;77;8,06;37,57;6,18;38,96;11;2024;104;INATIVO;CALDAS NOVAS;Dia 10;SIM;SUPERMERCADO;55;INATIVO
SUPERMERCADO SANTOS;568079,29;39328,03;4719,36;9,14;2,44;7;0;0;0;68;135;17,77;82,18;5;98,19;1;2025;2;INATIVO;CALDAS NOVAS;Dia 10;SIM;SUPERMERCADO;55;INATIVO
SUPERMERCADO SANTOS;216978,18;17517,43;2049,94;69,38;8,45;16;2;0;0;29;78;2,38;10,89;0;18,44;5;2025;9;INATIVO;CALDAS NOVAS;Dia 10;SIM;SUPERMERCADO;55;INATIVO
SUPERMERCADO SANTOS;210152,68;17083,91;2044,62;15,44;27,89;13;5;0;0;38;82;5,38;24,79;0;8,38;6;2025;7;INATIVO;CALDAS NOVAS;Dia 10;SIM;SUPERMERCADO;55;INATIVO
SUPERMERCADO SANTOS;187253,32;15592,13;1839,12;64,87;14,27;19;1;0;0;27;49;2,04;9,42;0;14,63;2;2025;11;INATIVO;CALDAS NOVAS;Dia 10;SIM;SUPERMERCADO;55;INATIVO
SUPERMERCADO SANTOS;154656,22;14760,31;1771,24;7,27;8,18;5;3;0;0;19;48;2,77;12,91;0;2,97;7;2025;7;INATIVO;CALDAS NOVAS;Dia 10;SIM;SUPERMERCADO;55;INATIVO
SUPERMERCADO SANTOS;118895,47;11430,24;1371,63;19,07;0,57;3;1;0;0;15;48;1,96;9,04;0;6,12;8;2025;3;INATIVO;CALDAS NOVAS;Dia 10;SIM;SUPERMERCADO;55;INATIVO
SUPERMERCADO SANTOS;80493,59;5283,84;634,06;12,73;5,83;7;2;0;0;12;21;0,99;4,67;0;9,28;10;2025;7;INATIVO;CALDAS NOVAS;Dia 10;SIM;SUPERMERCADO;55;INATIVO
SUPERMERCADO SANTOS;68543,88;6307,59;756,91;0,09;1,63;2;2;0;0;8;23;0,78;3,61;0;0;9;2025;2;INATIVO;CALDAS NOVAS;Dia 10;SIM;SUPERMERCADO;55;INATIVO
SUPERMERCADO SÃO FRANCISCO;5519461,96;0;0;3016,02;4563,32;471;135;59;0;2374;2467;5,07;22,35;12265,91;349598,08;8;2025;357;ATIVO;PLANALTINA;Dia 30;NÃO;SUPERMERCADO;269;PRATA
SUPERMERCADO SÃO FRANCISCO;5431604,02;0;0;880,6;1027,7;175;83;20;0;178;178;143,72;661,53;555,91;3499,16;10;2025;110;ATIVO;PLANALTINA;Dia 30;NÃO;SUPERMERCADO;269;PRATA
SUPERMERCADO SÃO FRANCISCO;5396582,16;0;0;3724,94;2161,43;152;52;12;0;110;115;119,48;565,65;281,02;2451,93;5;2026;78;ATIVO;PLANALTINA;Dia 30;NÃO;SUPERMERCADO;269;PRATA
SUPERMERCADO SÃO FRANCISCO;5161973,05;0;0;3750,29;4203,66;355;60;10;0;2400;2353;7,06;32,6;10357,8;308983,45;7;2025;319;ATIVO;PLANALTINA;Dia 30;NÃO;SUPERMERCADO;269;PRATA
SUPERMERCADO SÃO FRANCISCO;5156790,96;0;0;1238,54;2098,44;217;102;20;0;195;19;41,33;186,72;962,31;4229,57;11;2025;123;ATIVO;PLANALTINA;Dia 30;NÃO;SUPERMERCADO;269;PRATA
SUPERMERCADO SÃO FRANCISCO;5069232,74;0;0;3627,24;3068,52;455;137;60;0;1951;2091;68,75;317,01;4879,31;132351,36;9;2025;343;ATIVO;PLANALTINA;Dia 30;NÃO;SUPERMERCADO;269;PRATA
SUPERMERCADO SÃO FRANCISCO;5053453,33;0;0;10169,65;994,51;902;92;23;0;902;915;35,12;168,62;2705,18;86235,79;3;2026;165;ATIVO;PLANALTINA;Dia 30;NÃO;SUPERMERCADO;269;PRATA
SUPERMERCADO SÃO FRANCISCO;5041185,82;0;0;8395,93;7829,3;281;105;18;0;217;217;14,2;65;611,36;17618,45;1;2026;143;ATIVO;PLANALTINA;Dia 30;NÃO;SUPERMERCADO;269;PRATA
SUPERMERCADO SÃO FRANCISCO;4999615,05;0;0;5616,74;3664,36;158;79;15;0;119;125;98,25;458,87;207,05;15446,17;7;2026;92;ATIVO;PLANALTINA;Dia 30;NÃO;SUPERMERCADO;269;PRATA
SUPERMERCADO SÃO FRANCISCO;4946955,38;0;0;522,23;370,91;71;26;9;0;48;50;36;169,77;92,39;360,35;6;2026;28;ATIVO;PLANALTINA;Dia 30;NÃO;SUPERMERCADO;269;PRATA
SUPERMERCADO SÃO FRANCISCO;4891076,97;0;0;2683,47;969,76;62;6;4;0;36;36;40,32;187,22;87,25;132,63;6;2025;61;ATIVO;PLANALTINA;Dia 30;NÃO;SUPERMERCADO;269;PRATA
SUPERMERCADO SÃO FRANCISCO;4776875,95;0;0;2936,38;932,36;131;44;11;0;267;277;379,81;1751,97;868,56;11338,08;4;2026;65;ATIVO;PLANALTINA;Dia 30;NÃO;SUPERMERCADO;269;PRATA
SUPERMERCADO SÃO FRANCISCO;4712335,24;0;0;9197,24;926,1;214;77;16;0;144;142;68,33;336,14;305,67;305,67;2;2026;141;ATIVO;PLANALTINA;Dia 30;NÃO;SUPERMERCADO;269;PRATA
SUPERMERCADO SÃO FRANCISCO;4705017,84;0;0;72,65;517,98;42;4;4;0;36;36;18,38;85,78;20,58;149,67;3;2025;0;ATIVO;PLANALTINA;Dia 30;NÃO;SUPERMERCADO;269;PRATA
SUPERMERCADO SÃO FRANCISCO;4511422,56;0;0;244,3;608,1;60;7;7;0;39;39;41,45;191,77;57,76;113,91;4;2025;0;ATIVO;PLANALTINA;Dia 30;NÃO;SUPERMERCADO;269;PRATA
SUPERMERCADO SÃO FRANCISCO;4330409,32;0;0;52,72;135,2;36;2;2;0;19;31;21,96;100,25;1,48;6,88;12;2024;0;ATIVO;PLANALTINA;Dia 30;NÃO;SUPERMERCADO;269;PRATA
SUPERMERCADO SÃO FRANCISCO;4221671,67;0;0;52,65;98,99;29;3;3;0;12;12;19,37;89,82;1,48;1,2;1;2025;2;ATIVO;PLANALTINA;Dia 30;NÃO;SUPERMERCADO;269;PRATA
SUPERMERCADO SÃO FRANCISCO;4107694,25;0;0;37,76;156,41;30;2;2;249;15;28;23,61;109,24;2,18;0;10;2024;249;ATIVO;PLANALTINA;Dia 30;NÃO;SUPERMERCADO;269;PRATA
SUPERMERCADO SÃO FRANCISCO;3977101,66;0;0;42,55;301,02;23;1;1;0;9;22;32,57;150,13;0;0;11;2024;0;ATIVO;PLANALTINA;Dia 30;NÃO;SUPERMERCADO;269;PRATA
SUPERMERCADO SÃO FRANCISCO;3945280,51;0;0;43,76;204,97;43;4;4;0;16;16;24,18;112,63;4,7;0,44;2;2025;36;ATIVO;PLANALTINA;Dia 30;NÃO;SUPERMERCADO;269;PRATA
SUPERMERCADO SÃO FRANCISCO;3808840,51;0;0;55,62;179,6;85;13;11;241;63;128;89,56;414,59;4,86;220,41;7;2024;2;ATIVO;PLANALTINA;Dia 30;NÃO;SUPERMERCADO;269;PRATA
SUPERMERCADO SÃO FRANCISCO;3750683,08;0;0;31,95;81,2;31;2;2;242;15;24;11,86;54,83;2,18;1,76;9;2024;1;ATIVO;PLANALTINA;Dia 30;NÃO;SUPERMERCADO;269;PRATA
SUPERMERCADO SÃO FRANCISCO;3690460,01;0;0;40,71;144,41;32;4;3;240;15;27;24,82;114,42;0;0,82;8;2024;1;ATIVO;PLANALTINA;Dia 30;NÃO;SUPERMERCADO;269;PRATA
SUPERMERCADO SÃO FRANCISCO;3681027,53;0;0;220,88;937,14;158;21;21;236;66;154;189,89;873,56;34,91;242,43;5;2024;814;ATIVO;PLANALTINA;Dia 30;NÃO;SUPERMERCADO;269;PRATA
SUPERMERCADO SÃO FRANCISCO;3605979,9;0;0;240,97;840,96;143;19;18;253;82;179;203,93;943,54;75,69;334,6;6;2024;5;ATIVO;PLANALTINA;Dia 30;NÃO;SUPERMERCADO;269;PRATA
SUPERMERCADO SÃO FRANCISCO (DF);698927,88;0;0;14079,2;1931,94;1034;965;936;0;911;1419;783,1;3621,02;9,62;1,12;5;2025;176;ATIVO;DISTRITO FEDERAL;Dia 30;NÃO;SUPERMERCADO;270;PRATA
SUPERMERCADO SÃO FRANCISCO (DF);546421,8;0;0;1628,47;809,58;121;105;88;0;38;77;21,72;95,24;4,15;17,05;8;2025;50;ATIVO;DISTRITO FEDERAL;Dia 30;NÃO;SUPERMERCADO;270;PRATA
SUPERMERCADO SÃO FRANCISCO (DF);535773,04;0;0;2304,01;813,34;138;125;115;0;54;89;23,61;106,26;11,41;55,36;7;2025;36;ATIVO;DISTRITO FEDERAL;Dia 30;NÃO;SUPERMERCADO;270;PRATA
SUPERMERCADO SÃO FRANCISCO (DF);487762,07;0;0;1447,4;619,48;150;125;107;0;44;87;33,06;150,48;1,66;72,33;9;2025;58;ATIVO;DISTRITO FEDERAL;Dia 30;NÃO;SUPERMERCADO;270;PRATA
SUPERMERCADO SÃO FRANCISCO (DF);416518,9;0;0;2162,55;721,57;216;213;206;0;46;74;13,22;60,13;7,84;19,43;6;2025;64;ATIVO;DISTRITO FEDERAL;Dia 30;NÃO;SUPERMERCADO;270;PRATA
SUPERMERCADO SEMPRE MAIS;2024555,54;0;0;10819,62;2759,46;437;139;23;395;408;606;550,39;2534,01;108,62;6133,8;7;2024;280;INATIVO;ANÁPOLIS;Dia 20;NÃO;SUPERMERCADO;44;INATIVO
SUPERMERCADO SEMPRE MAIS;1913791,23;0;0;10345,65;2860,17;427;129;22;400;386;590;515,91;2374,34;100,08;5121,35;8;2024;294;INATIVO;ANÁPOLIS;Dia 20;NÃO;SUPERMERCADO;44;INATIVO
SUPERMERCADO SEMPRE MAIS;1652955,87;0;0;559,78;589,27;97;43;9;374;348;557;390,47;1795,73;83,89;4252,88;10;2024;229;INATIVO;ANÁPOLIS;Dia 20;NÃO;SUPERMERCADO;44;INATIVO
SUPERMERCADO SEMPRE MAIS;1638546,41;0;0;235,84;484,11;88;38;9;369;412;619;476,56;2198,52;291,2;4496,87;11;2024;207;INATIVO;ANÁPOLIS;Dia 20;NÃO;SUPERMERCADO;44;INATIVO
SUPERMERCADO SEMPRE MAIS;1635207,79;0;0;5407,5;2276,99;371;124;20;376;374;568;381,67;1748,63;143,86;3969,65;9;2024;375;INATIVO;ANÁPOLIS;Dia 20;NÃO;SUPERMERCADO;44;INATIVO
SUPERMERCADO SEMPRE MAIS;1564875,55;0;0;1075,77;2957,37;393;92;18;405;370;585;393,56;1806,82;253,23;2819,06;2;2024;345;INATIVO;ANÁPOLIS;Dia 20;NÃO;SUPERMERCADO;44;INATIVO
SUPERMERCADO SHALOM;602661,13;54113,12;6493,57;12,5;29,09;11;6;4;0;11;11;6,28;21,95;0,83;7,32;5;2025;121;INATIVO;ANÁPOLIS;Dia 30;SIM;SUPERMERCADO;82;PRATA
SUPERMERCADO SHALOM;589729,54;43032,25;5133,55;76,36;6,41;6;2;1;0;11;11;1,8;2,88;0;30,55;3;2025;5;INATIVO;ANÁPOLIS;Dia 30;SIM;SUPERMERCADO;82;PRATA
SUPERMERCADO SHALOM;582864,38;53926,25;6365,25;329,63;219,24;51;13;4;0;29;34;7,04;26,66;76,16;76,16;12;2024;223;INATIVO;ANÁPOLIS;Dia 30;SIM;SUPERMERCADO;82;PRATA
SUPERMERCADO SHALOM;570020,68;42905,22;5148,63;43,41;6,64;9;3;0;0;11;11;4,43;14,98;2,49;15,98;4;2025;28;INATIVO;ANÁPOLIS;Dia 30;SIM;SUPERMERCADO;82;PRATA
SUPERMERCADO SHALOM;562030,82;52417,47;6290,1;17,05;18,23;10;7;3;0;7;8;4,1;10,99;0;3,82;6;2025;96;INATIVO;ANÁPOLIS;Dia 30;SIM;SUPERMERCADO;82;PRATA
SUPERMERCADO SHALOM;542145,83;52391,72;6203,35;527,24;53,84;38;13;5;0;25;28;6,68;26,3;8,08;65,03;1;2025;169;INATIVO;ANÁPOLIS;Dia 30;SIM;SUPERMERCADO;82;PRATA
SUPERMERCADO SHALOM;534711,05;57417,45;6888,78;153,76;49,38;57;10;1;1;23;24;7,72;26,3;13,14;3,84;10;2024;100;INATIVO;ANÁPOLIS;Dia 30;SIM;SUPERMERCADO;82;PRATA
SUPERMERCADO SHALOM;529238,26;35935,02;3810,51;1212,27;362,3;145;28;4;0;66;68;18,99;81,82;66,37;545,7;5;2024;210;INATIVO;ANÁPOLIS;Dia 30;SIM;SUPERMERCADO;82;PRATA
SUPERMERCADO SHALOM;526801,75;52404,57;6288,55;85,16;152,84;84;9;2;0;35;35;15,6;65,09;12,05;115,93;8;2024;122;INATIVO;ANÁPOLIS;Dia 30;SIM;SUPERMERCADO;82;PRATA
SUPERMERCADO SHALOM;525718,28;51334,45;6156,27;113,73;71,89;32;10;1;0;19;20;6,38;23,23;21,42;8,63;11;2024;182;INATIVO;ANÁPOLIS;Dia 30;SIM;SUPERMERCADO;82;PRATA
SUPERMERCADO SHALOM;520123,37;52636,23;6316,35;33,02;4,24;7;1;0;0;4;4;3;5,3;0,83;2,22;7;2025;9;INATIVO;ANÁPOLIS;Dia 30;SIM;SUPERMERCADO;82;PRATA
SUPERMERCADO SHALOM;519753,01;53376,14;6394,21;233,2;110,03;88;15;3;0;34;34;6,74;21,38;41,63;74,15;9;2024;122;INATIVO;ANÁPOLIS;Dia 30;SIM;SUPERMERCADO;82;PRATA
SUPERMERCADO SHALOM;515595,48;35882,51;678,94;3761,36;5695,53;957;187;96;184;179;195;499,75;2292,2;72,91;1241,34;3;2024;215;INATIVO;ANÁPOLIS;Dia 30;SIM;SUPERMERCADO;82;PRATA
SUPERMERCADO SHALOM;509649,25;43150,48;5095,97;457,61;10,87;27;10;5;0;17;18;4,76;17,56;1,66;34,55;2;2025;105;INATIVO;ANÁPOLIS;Dia 30;SIM;SUPERMERCADO;82;PRATA
SUPERMERCADO SHALOM;508882,91;57009,65;6837,56;31,51;4,02;8;0;0;0;7;7;7,47;24,92;2,03;17,27;8;2025;112;INATIVO;ANÁPOLIS;Dia 30;SIM;SUPERMERCADO;82;PRATA
SUPERMERCADO SHALOM;489652,16;38040,77;4521,22;1299,61;489,2;140;26;6;0;50;51;31,53;139,45;21,03;573,85;6;2024;178;INATIVO;ANÁPOLIS;Dia 30;SIM;SUPERMERCADO;82;PRATA
SUPERMERCADO SHALOM;487550,82;31764,44;2774,06;2164,51;86,49;108;14;2;0;63;65;19,67;83,88;90,04;518,49;4;2024;185;INATIVO;ANÁPOLIS;Dia 30;SIM;SUPERMERCADO;82;PRATA
SUPERMERCADO SHALOM;486935,5;41038,89;4924,67;303,36;199,76;138;24;5;0;56;57;23,57;103,18;10,56;239,15;7;2024;207;INATIVO;ANÁPOLIS;Dia 30;SIM;SUPERMERCADO;82;PRATA
SUPERMERCADO SHALOM;472523,2;55594,93;6671,39;22,76;23,64;6;2;0;0;5;5;4,21;12,1;3,79;4,53;10;2025;147;INATIVO;ANÁPOLIS;Dia 30;SIM;SUPERMERCADO;82;PRATA
SUPERMERCADO SHALOM;472369,52;52300,08;6276,01;23,1;29,69;7;1;0;0;2;2;1,85;0,02;1,95;5,18;9;2025;9;INATIVO;ANÁPOLIS;Dia 30;SIM;SUPERMERCADO;82;PRATA
SUPERMERCADO SHALOM;459948,53;53997,55;6479,71;12,66;16,94;6;2;0;0;5;5;3,11;7,22;0;3,79;11;2025;161;INATIVO;ANÁPOLIS;Dia 30;SIM;SUPERMERCADO;82;PRATA
SUPERMERCADO SHALOM;416158,89;50964,62;6115,75;27,25;10,72;11;3;0;0;12;12;5,89;19,93;5,85;12,85;12;2025;167;INATIVO;ANÁPOLIS;Dia 30;SIM;SUPERMERCADO;82;PRATA
SUPERMERCADO SHALOM;382955,39;49454,64;5934,56;60,39;21,94;13;3;0;0;15;15;7,57;27,52;1,95;36,62;1;2026;190;INATIVO;ANÁPOLIS;Dia 30;SIM;SUPERMERCADO;82;PRATA
SUPERMERCADO SJ;1008557,46;7099,24;851,91;34,57;26,46;24;11;1;0;9;43;1,35;6,36;0,56;16,72;12;2024;17;ATIVO;FORMOSA;Dia 20;SIM;SUPERMERCADO;176;BRONZE
SUPERMERCADO SJ;966446,54;8136,57;976,39;24,44;26,24;9;6;1;20;4;33;0,88;4,12;0;7,14;7;2026;1;ATIVO;FORMOSA;Dia 20;SIM;SUPERMERCADO;176;BRONZE
SUPERMERCADO SJ;947017,4;7697,56;923,71;19,08;239,47;38;21;4;0;22;52;20,82;95,33;15,19;76,8;12;2025;44;ATIVO;FORMOSA;Dia 20;SIM;SUPERMERCADO;176;BRONZE
SUPERMERCADO SJ;929492,67;8320,4;998,45;560,66;55,91;43;15;10;0;24;53;1,5;6,88;0;95,83;5;2026;23;ATIVO;FORMOSA;Dia 20;SIM;SUPERMERCADO;176;BRONZE
SUPERMERCADO SJ;909277,28;8414,05;1009,69;32,97;58,95;15;8;3;0;30;59;9,8;45,16;2,77;47,57;6;2026;8;ATIVO;FORMOSA;Dia 20;SIM;SUPERMERCADO;176;BRONZE
SUPERMERCADO SJ;880450,35;6959,06;835,09;50,75;22,3;21;10;3;17;8;35;1,43;6,63;0;26,56;11;2024;17;ATIVO;FORMOSA;Dia 20;SIM;SUPERMERCADO;176;BRONZE
SUPERMERCADO SJ;879929,11;6653,96;798,48;7,81;365,85;17;11;1;22;8;38;2,67;12,38;1,12;3,91;8;2024;14;ATIVO;FORMOSA;Dia 20;SIM;SUPERMERCADO;176;BRONZE
SUPERMERCADO SJ;870573,91;7490,22;898,83;318,52;121,25;40;12;2;0;44;71;8,85;40,24;3,13;276;4;2026;46;ATIVO;FORMOSA;Dia 20;SIM;SUPERMERCADO;176;BRONZE
SUPERMERCADO SJ;868652,71;7565,06;907,8072;15,88;83,66;18;10;2;15;7;40;0,1;0,46;1,67;9,13;10;2024;15;ATIVO;FORMOSA;Dia 20;SIM;SUPERMERCADO;176;BRONZE
SUPERMERCADO SJ;852551,47;1217,74;0;1832,15;266,99;270;20;17;7;84;260;27,88;127,67;3,63;251,57;12;2021;0;ATIVO;FORMOSA;Dia 20;SIM;SUPERMERCADO;176;BRONZE
SUPERMERCADO SJ;846795,91;5150,56;515,06;35,16;608,59;26;17;0;36;7;34;0,4;1,78;0;21,41;12;2023;29;ATIVO;FORMOSA;Dia 20;SIM;SUPERMERCADO;176;BRONZE
SUPERMERCADO SJ;839214,37;6123,31;583,5;536,69;513,25;141;2;2;7;17;57;15,64;73,07;63,02;10,36;12;2022;0;ATIVO;FORMOSA;Dia 20;SIM;SUPERMERCADO;176;BRONZE
SUPERMERCADO SJ;835435,02;5547,98;665,76;61,7;535,51;36;24;5;25;14;45;16,66;76,04;20,82;94,02;5;2024;30;ATIVO;FORMOSA;Dia 20;SIM;SUPERMERCADO;176;BRONZE
SUPERMERCADO SJ;834414,51;6715,59;805,87;33,88;20,47;21;10;4;22;10;42;4;18,1;0;7,41;7;2024;27;ATIVO;FORMOSA;Dia 20;SIM;SUPERMERCADO;176;BRONZE
SUPERMERCADO SJ;828533,5;7227,75;867,33;10,19;176,42;34;12;1;0;27;55;8,74;39,92;0;158,75;8;2025;13;ATIVO;FORMOSA;Dia 20;SIM;SUPERMERCADO;176;BRONZE
SUPERMERCADO SJ;824556,34;9181,14;1101,74;47,94;26,85;23;10;2;0;11;42;1,83;8,61;2,24;22,69;1;2025;18;ATIVO;FORMOSA;Dia 20;SIM;SUPERMERCADO;176;BRONZE
SUPERMERCADO SJ;824390,67;6801,85;816,22;13,6;34,63;14;6;2;20;3;29;0,54;2,51;0;0;9;2024;9;ATIVO;FORMOSA;Dia 20;SIM;SUPERMERCADO;176;BRONZE
SUPERMERCADO SJ;816161,37;7597,46;911,7;24,83;134,39;29;6;0;0;21;52;21,86;98,11;17,68;95,42;10;2025;34;ATIVO;FORMOSA;Dia 20;SIM;SUPERMERCADO;176;BRONZE
SUPERMERCADO SJ;808447,2;5042,57;467,55;492,98;542,24;153;1;1;3;13;46;9,71;45,86;43,51;18,5;10;2022;0;ATIVO;FORMOSA;Dia 20;SIM;SUPERMERCADO;176;BRONZE
SUPERMERCADO SJ;808257,16;9956,53;1194,78;13,94;166,51;18;22;3;0;21;46;13,97;64,99;0;162,15;3;2025;59;ATIVO;FORMOSA;Dia 20;SIM;SUPERMERCADO;176;BRONZE
SUPERMERCADO SJ;803930,79;4566,7;456,67;77,54;308,28;33;3;2;3;8;35;14,99;69,2;0;9,49;7;2022;0;ATIVO;FORMOSA;Dia 20;SIM;SUPERMERCADO;176;BRONZE
SUPERMERCADO SJ;797721,64;10594,3;1271,32;203,46;147,59;37;13;5;0;44;73;9,04;41,53;1,53;317,26;3;2026;40;ATIVO;FORMOSA;Dia 20;SIM;SUPERMERCADO;176;BRONZE
SUPERMERCADO SJ;796930,56;6425,85;771,1;53,61;206,59;29;17;4;29;14;41;3,86;17,46;0;11,43;6;2024;44;ATIVO;FORMOSA;Dia 20;SIM;SUPERMERCADO;176;BRONZE
SUPERMERCADO SJ;796674,41;5798,69;579,87;17,78;1091,57;130;2;2;5;30;66;36,46;165,69;0;3,27;6;2022;0;ATIVO;FORMOSA;Dia 20;SIM;SUPERMERCADO;176;BRONZE
SUPERMERCADO SJ;795070,6;5896,51;589,65;31,75;1410,25;144;7;7;2;31;60;46,2;211,26;0;0;5;2022;0;ATIVO;FORMOSA;Dia 20;SIM;SUPERMERCADO;176;BRONZE
SUPERMERCADO SJ;786950,18;0;0;5964,62;201,94;112;51;51;4;34;277;30,82;141,13;0;1612,37;10;2021;0;ATIVO;FORMOSA;Dia 20;NÃO;SUPERMERCADO;176;BRONZE
SUPERMERCADO SJ;784486,73;7219,66;866,36;32,41;231,7;26;17;2;0;31;59;13,95;64,57;5,37;167,21;4;2025;20;ATIVO;FORMOSA;Dia 20;SIM;SUPERMERCADO;176;BRONZE
SUPERMERCADO SJ;784341,98;6572,76;788,73;12,06;256,98;42;29;4;0;19;46;8,45;39,62;0;48,48;1;2026;49;ATIVO;FORMOSA;Dia 20;SIM;SUPERMERCADO;176;BRONZE
SUPERMERCADO SJ;784109,41;5376,26;537,63;22,92;1301,2;132;6;6;2;8;36;15,61;71,38;0;3,12;4;2022;0;ATIVO;FORMOSA;Dia 20;SIM;SUPERMERCADO;176;BRONZE
SUPERMERCADO SJ;784057,53;5708,19;684,9;37,14;26,6;14;8;1;0;8;37;2,35;11,01;0;14,95;2;2025;30;ATIVO;FORMOSA;Dia 20;SIM;SUPERMERCADO;176;BRONZE
SUPERMERCADO SJ;779430,34;7822,9;938,75;27,85;116,19;34;5;1;0;28;59;20,67;93,63;0;50,75;9;2025;11;ATIVO;FORMOSA;Dia 20;SIM;SUPERMERCADO;176;BRONZE
SUPERMERCADO SJ;777908,86;4344,47;861,71;42,02;985,68;36;5;5;5;12;52;8,86;41,6;41,12;24,42;8;2022;0;ATIVO;FORMOSA;Dia 20;SIM;SUPERMERCADO;176;BRONZE
SUPERMERCADO SJ;764917,65;4906,01;478,48;53,28;1435,81;152;5;5;2;7;33;21,32;97,08;0;2,07;3;2022;0;ATIVO;FORMOSA;Dia 20;SIM;SUPERMERCADO;176;BRONZE
SUPERMERCADO SJ;762981,93;4688,62;818,66;271,17;872,2;123;4;4;5;10;50;8,56;40,47;40,79;21,16;9;2022;0;ATIVO;FORMOSA;Dia 20;SIM;SUPERMERCADO;176;BRONZE
SUPERMERCADO SJ;759958,43;6972,52;834,55;29,58;122;32;12;3;0;22;54;15,73;72,33;8,98;131,85;11;2025;37;ATIVO;FORMOSA;Dia 20;SIM;SUPERMERCADO;176;BRONZE
SUPERMERCADO SJ;755416,68;6735,21;808,23;12,9;281,68;41;22;1;0;24;51;10,3;47,3;0;103,88;7;2025;19;ATIVO;FORMOSA;Dia 20;SIM;SUPERMERCADO;176;BRONZE
SUPERMERCADO SJ;752772,92;5502,58;536,51;463,78;687,15;134;1;1;3;10;43;8,64;40,83;44,91;20,31;11;2022;0;ATIVO;FORMOSA;Dia 20;SIM;SUPERMERCADO;176;BRONZE
SUPERMERCADO SJ;748362,33;7627,56;762,76;1158,16;70,6;73;12;1;5;21;50;12,92;59,63;0,92;27,4;4;2023;503;ATIVO;FORMOSA;Dia 20;SIM;SUPERMERCADO;176;BRONZE
SUPERMERCADO SJ;743637,63;7802,55;780,26;32,65;9,92;14;2;0;4;12;40;12,04;55,3;8,98;0;5;2023;65;ATIVO;FORMOSA;Dia 20;SIM;SUPERMERCADO;176;BRONZE
SUPERMERCADO SJ;741407,64;5989,05;718,69;47,45;142,55;38;17;5;0;29;55;6,52;29,85;0,41;146;6;2025;17;ATIVO;FORMOSA;Dia 20;SIM;SUPERMERCADO;176;BRONZE
SUPERMERCADO SJ;740695,58;5132,01;615,84;50,31;614,9;28;19;5;26;14;42;27,22;124,04;81,26;58,03;4;2024;33;ATIVO;FORMOSA;Dia 20;SIM;SUPERMERCADO;176;BRONZE
SUPERMERCADO SJ;736536,33;6373,42;764,81;29,82;190,23;19;12;2;0;12;39;11,77;53,8;0;36,11;2;2026;19;ATIVO;FORMOSA;Dia 20;SIM;SUPERMERCADO;176;BRONZE
SUPERMERCADO SJ;734921,69;4598,63;459,86;4,13;45,54;12;10;0;29;6;34;1,2;5,57;0;2,72;3;2024;24;ATIVO;FORMOSA;Dia 20;SIM;SUPERMERCADO;176;BRONZE
SUPERMERCADO SJ;722187,51;5499,11;549,91;15,88;179,25;21;16;1;0;5;36;1,8;8,38;0;45,93;10;2023;31;ATIVO;FORMOSA;Dia 20;SIM;SUPERMERCADO;176;BRONZE
SUPERMERCADO SJ;717111,91;6088,83;608,88;34,55;133,86;24;11;0;0;9;38;5,47;24,96;2,76;44,4;9;2023;28;ATIVO;FORMOSA;Dia 20;SIM;SUPERMERCADO;176;BRONZE
SUPERMERCADO SJ;713179,03;0;148,19;4229,36;392,45;234;67;65;3;31;217;28,3;129,73;0;1174,75;11;2021;0;ATIVO;FORMOSA;Dia 20;SIM;SUPERMERCADO;176;BRONZE
SUPERMERCADO SJ;712484,45;5102,74;183,12;1503,41;333,28;296;15;15;7;65;87;32,54;150,14;14,67;271,32;1;2022;0;ATIVO;FORMOSA;Dia 20;SIM;SUPERMERCADO;176;BRONZE
SUPERMERCADO SJ;712408,1;6156,29;738,75;37,13;81,86;28;19;5;0;25;51;12,81;58,59;19,86;150,18;5;2025;16;ATIVO;FORMOSA;Dia 20;SIM;SUPERMERCADO;176;BRONZE
SUPERMERCADO SJ;709056,53;4607,39;442,82;20,08;1340,37;137;5;5;1;9;32;32,57;149,63;0;0;2;2022;0;ATIVO;FORMOSA;Dia 20;SIM;SUPERMERCADO;176;BRONZE
SUPERMERCADO SJ;708795,88;4607,99;460,8;311,56;19,62;14;7;0;33;2;30;0;0;0;12,74;2;2024;35;ATIVO;FORMOSA;Dia 20;SIM;SUPERMERCADO;176;BRONZE
SUPERMERCADO SJ;704249,09;4710,15;471,02;36,66;266,28;23;12;0;32;3;31;0;0;0;5;1;2024;40;ATIVO;FORMOSA;Dia 20;SIM;SUPERMERCADO;176;BRONZE
SUPERMERCADO SJ;702975,36;6554,96;655,5;15;176,59;16;4;0;0;3;30;4,7;21,74;0;5,92;8;2023;9;ATIVO;FORMOSA;Dia 20;SIM;SUPERMERCADO;176;BRONZE
SUPERMERCADO SJ;701109,29;6407,92;640,79;28,47;34,38;7;3;0;0;0;28;0;0;0;0;7;2023;11;ATIVO;FORMOSA;Dia 20;SIM;SUPERMERCADO;176;BRONZE
SUPERMERCADO SJ;698955,19;4410,69;441,07;21,01;327,92;27;18;0;0;3;30;0,14;0,65;0;11,08;11;2023;114;ATIVO;FORMOSA;Dia 20;SIM;SUPERMERCADO;176;BRONZE
SUPERMERCADO SJ;696028,71;7313,06;672,65;503,27;647,11;146;2;2;6;20;57;12,97;60,66;43,25;33,04;1;2023;640;ATIVO;FORMOSA;Dia 20;SIM;SUPERMERCADO;176;BRONZE
SUPERMERCADO SJ;693934,38;6038,54;587,35;579,08;341,28;183;19;19;3;17;53;111,56;53,92;2,3;29,54;2;2023;600;ATIVO;FORMOSA;Dia 20;SIM;SUPERMERCADO;176;BRONZE
SUPERMERCADO SJ;477400,83;8952,36;895,24;1044,12;538,08;103;35;20;6;16;94;774,15;3564,71;0;58,04;3;2023;625;ATIVO;FORMOSA;Dia 20;SIM;SUPERMERCADO;176;BRONZE
SUPERMERCADO SJ;419395,35;3627,11;362,71;14,19;68,31;15;3;0;3;1;29;0,2;0,91;0;0;6;2023;72;ATIVO;FORMOSA;Dia 20;SIM;SUPERMERCADO;176;BRONZE
SUPERMERCADO SKINÃO;4194912,03;0;0;441,66;779,71;605;14;3;1;738;898;717,96;3316,21;142,46;3765,77;12;2024;64;ATIVO;ITUMBIARA;Dia 30;NÃO;SUPERMERCADO;223;PRATA
SUPERMERCADO SKINÃO;3751044,15;0;0;282,54;757,04;175;20;3;0;497;617;190,38;900,65;48,07;3747,51;3;2025;77;ATIVO;ITUMBIARA;Dia 30;NÃO;SUPERMERCADO;223;PRATA
SUPERMERCADO SKINÃO;3667836,88;0;0;147,54;426,99;111;12;4;0;194;221;75,19;364,52;36,04;3843,01;5;2025;63;ATIVO;ITUMBIARA;Dia 30;NÃO;SUPERMERCADO;223;PRATA
SUPERMERCADO SKINÃO;3660076,72;0;0;988,15;553,35;712;14;9;1;846;1079;1608,82;7421,84;143,13;3679,12;11;2024;45;ATIVO;ITUMBIARA;Dia 30;NÃO;SUPERMERCADO;223;PRATA
SUPERMERCADO SKINÃO;3651528,37;0;0;275,62;2986,19;481;16;4;1;676;833;553;2552,48;131,98;3725,21;1;2025;75;ATIVO;ITUMBIARA;Dia 30;NÃO;SUPERMERCADO;223;PRATA
SUPERMERCADO SKINÃO;3536244,03;0;0;372,87;402,96;98;6;1;0;165;193;57,16;283,09;19,96;1148,37;4;2025;99;ATIVO;ITUMBIARA;Dia 30;NÃO;SUPERMERCADO;223;PRATA
SUPERMERCADO SKINÃO;3503347,16;0;0;457,63;979,95;3408;89;16;1;912;1646;844,87;3892,88;362,34;10716,94;10;2024;1825;ATIVO;ITUMBIARA;Dia 30;NÃO;SUPERMERCADO;223;PRATA
SUPERMERCADO SKINÃO;3327736,38;0;0;833,04;675,9;291;20;1;1;616;744;429,47;1984,46;153,22;3908,69;2;2025;70;ATIVO;ITUMBIARA;Dia 30;NÃO;SUPERMERCADO;223;PRATA
SUPERMERCADO SKINÃO;3256900,71;0;0;4082,16;2494,16;137;68;11;274;164;188;219,26;1051,5;213,29;2250,94;3;2024;332;ATIVO;ITUMBIARA;Dia 30;NÃO;SUPERMERCADO;223;PRATA
SUPERMERCADO SKINÃO;3205924,79;0;0;3700,53;3572,68;524;85;15;257;166;186;263,15;1299;228,02;1371,27;4;2024;318;ATIVO;ITUMBIARA;Dia 30;NÃO;SUPERMERCADO;223;PRATA
SUPERMERCADO SKINÃO;2295331,2;0;0;934,27;22393,18;73;17;3;0;75;113;178,7;818,98;59,1;1406,47;4;2026;24;ATIVO;ITUMBIARA;Dia 30;NÃO;SUPERMERCADO;223;PRATA
SUPERMERCADO SKINÃO;2255027,68;0;0;1067,4;756,47;29;3;0;0;62;65;347,01;1595,23;8,68;653,36;12;2025;34;ATIVO;ITUMBIARA;Dia 30;NÃO;SUPERMERCADO;223;PRATA
SUPERMERCADO SKINÃO;2248642,64;0;0;99,63;2111,26;64;10;1;0;57;67;12,62;54,17;17,8;1280,23;5;2026;20;ATIVO;ITUMBIARA;Dia 30;NÃO;SUPERMERCADO;223;PRATA
SUPERMERCADO SKINÃO;2044676,63;0;0;107;528,66;64;10;3;0;86;98;15,77;78,89;12,35;306,72;6;2025;45;ATIVO;ITUMBIARA;Dia 30;NÃO;SUPERMERCADO;223;PRATA
SUPERMERCADO SKINÃO;2012550,72;0;0;61,38;669,07;61;8;0;0;62;68;18,29;83,99;11,65;1691,41;8;2025;37;ATIVO;ITUMBIARA;Dia 30;NÃO;SUPERMERCADO;223;PRATA
SUPERMERCADO SKINÃO;1940011,69;0;0;847,22;911,3;46;10;0;0;68;83;13,98;61,13;29,56;1466,23;10;2025;38;ATIVO;ITUMBIARA;Dia 30;NÃO;SUPERMERCADO;223;PRATA
SUPERMERCADO SKINÃO;1896181,01;0;0;421,91;385,98;47;11;1;0;59;67;811,9;3736,75;4,14;1291,94;6;2026;18;ATIVO;ITUMBIARA;Dia 30;NÃO;SUPERMERCADO;223;PRATA
SUPERMERCADO SKINÃO;1843076,95;0;0;38,94;161,7;25;4;0;0;54;55;35,71;165,69;5,8;1545,2;1;2026;12;ATIVO;ITUMBIARA;Dia 30;NÃO;SUPERMERCADO;223;PRATA
SUPERMERCADO SKINÃO;1751439,47;0;0;97,21;435,19;55;11;2;0;75;80;13,65;59,64;17,54;1717,87;7;2026;22;ATIVO;ITUMBIARA;Dia 30;NÃO;SUPERMERCADO;223;PRATA
SUPERMERCADO SKINÃO;1745562,95;0;0;906,19;1453,43;27;7;0;0;45;57;18,03;86,34;1,11;1448,53;11;2025;30;ATIVO;ITUMBIARA;Dia 30;NÃO;SUPERMERCADO;223;PRATA
SUPERMERCADO SKINÃO;1668157,14;0;0;103,33;651,26;48;13;3;0;61;85;19,89;92,12;23,14;1084,37;2;2026;24;ATIVO;ITUMBIARA;Dia 30;NÃO;SUPERMERCADO;223;PRATA
SUPERMERCADO SKINÃO;1532278,1;0;0;898,12;371,43;40;18;3;0;72;85;30,75;149,24;24,83;1250,7;3;2026;25;ATIVO;ITUMBIARA;Dia 30;NÃO;SUPERMERCADO;223;PRATA
SUPERMERCADO SKINÃO;1439618,57;0;0;371,93;580,54;38;9;1;0;57;68;11,46;50,19;37,77;1555,78;9;2025;16;ATIVO;ITUMBIARA;Dia 30;NÃO;SUPERMERCADO;223;PRATA
SUPERMERCADO SKINÃO;1341690,65;0;0;125,82;168,33;49;9;1;0;56;64;11,96;52,87;4,98;1221,93;7;2025;12;ATIVO;ITUMBIARA;Dia 30;NÃO;SUPERMERCADO;223;PRATA
SUPERMERCADO SMART BOX MILLENIUM;1178241,16;169138,95;20296,67;134,06;694,04;25;8;6;43;7;64;31,37;144,11;0;598,08;10;2024;20;ATIVO;ITAGUARU;Dia 10;SIM;SUPERMERCADO;256;OURO
SUPERMERCADO SMART BOX MILLENIUM;1123443,09;158083,67;18958,16;94,31;139,51;47;10;9;44;32;84;42,75;196,88;24,37;22,93;8;2024;31;ATIVO;ITAGUARU;Dia 10;SIM;SUPERMERCADO;256;OURO
SUPERMERCADO SMART BOX MILLENIUM;1117446,64;146529,9;17575,91;69,75;11,47;21;5;4;44;4;56;5,22;24,1;2,45;6,2;9;2024;20;ATIVO;ITAGUARU;Dia 10;SIM;SUPERMERCADO;256;OURO
SUPERMERCADO SMART BOX MILLENIUM;1116695,47;174811,03;20751,35;153,47;81,26;47;27;4;11;25;64;42,73;196,81;0;1838,41;7;2026;25;ATIVO;ITAGUARU;Dia 10;SIM;SUPERMERCADO;256;OURO
SUPERMERCADO SMART BOX MILLENIUM;1107161,55;164143,3;19694,44;127,18;121,98;26;20;2;12;14;53;44,01;208,27;0;26,81;8;2026;19;ATIVO;ITAGUARU;Dia 10;SIM;SUPERMERCADO;256;OURO
SUPERMERCADO SMART BOX MILLENIUM;1090821,86;120580,08;14401,74;195;28,22;36;8;6;45;13;87;35,6;163,78;7,35;32,46;7;2024;18;ATIVO;ITAGUARU;Dia 10;SIM;SUPERMERCADO;256;OURO
SUPERMERCADO SMART BOX MILLENIUM;1083034,75;157730,85;18927,7;39,23;37,84;17;2;0;0;19;57;57,79;266,14;0;151,18;10;2025;7;ATIVO;ITAGUARU;Dia 10;SIM;SUPERMERCADO;256;OURO
SUPERMERCADO SMART BOX MILLENIUM;1063911,55;174975,3;20596,7088;486,88;10,94;22;4;4;0;51;111;92,99;427,96;30,08;1206,16;9;2025;6;ATIVO;ITAGUARU;Dia 10;SIM;SUPERMERCADO;256;OURO
SUPERMERCADO SMART BOX MILLENIUM;1047924,34;156274,24;18752,91;195,26;75,48;46;5;4;0;32;85;29,69;136,98;0;152,73;12;2025;20;ATIVO;ITAGUARU;Dia 10;SIM;SUPERMERCADO;256;OURO
SUPERMERCADO SMART BOX MILLENIUM;1041373,81;156596,3;18767,08;90,35;37,82;26;3;3;0;54;116;41,28;190,71;0;1411,31;7;2025;4;ATIVO;ITAGUARU;Dia 10;SIM;SUPERMERCADO;256;OURO
SUPERMERCADO SMART BOX MILLENIUM;1021803,72;142453,25;16965,67;310,8;118,02;67;11;7;0;16;70;60,97;278,45;2,25;122,31;5;2026;32;ATIVO;ITAGUARU;Dia 10;SIM;SUPERMERCADO;256;OURO
SUPERMERCADO SMART BOX MILLENIUM;1021425,45;185315,54;22237,86;156,83;41,93;37;8;7;47;29;106;81,93;377,05;14,79;113,05;6;2024;7;ATIVO;ITAGUARU;Dia 10;SIM;SUPERMERCADO;256;OURO
SUPERMERCADO SMART BOX MILLENIUM;1017565,53;149066,65;17863,61;277,78;152,46;72;27;22;47;55;165;40,98;186,69;28,1;359,52;5;2024;7;ATIVO;ITAGUARU;Dia 10;SIM;SUPERMERCADO;256;OURO
SUPERMERCADO SMART BOX MILLENIUM;1010816,99;161620,35;19298,79;67,51;21,25;19;5;5;0;40;114;75,14;346,24;2,54;1169,67;5;2025;6;ATIVO;ITAGUARU;Dia 10;SIM;SUPERMERCADO;256;OURO
SUPERMERCADO SMART BOX MILLENIUM;997453,84;144266,98;17286,24;193,3;19,54;22;8;6;0;61;127;19,54;91,06;6,93;1436,51;8;2025;13;ATIVO;ITAGUARU;Dia 10;SIM;SUPERMERCADO;256;OURO
SUPERMERCADO SMART BOX MILLENIUM;997258,98;150775,92;14980,23;3851,66;736,6;465;19;19;10;80;80;32,02;147,9;1911,19;42175,91;12;2022;0;ATIVO;ITAGUARU;Dia 10;SIM;SUPERMERCADO;256;OURO
SUPERMERCADO SMART BOX MILLENIUM;987241,01;159130,31;18815,03;539,58;315,41;100;25;7;0;50;101;15,55;71,99;3,82;1612,15;6;2026;489;ATIVO;ITAGUARU;Dia 10;SIM;SUPERMERCADO;256;OURO
SUPERMERCADO SMART BOX MILLENIUM;986185,95;139726,61;16767,19;74,8;29,78;29;8;7;0;10;69;10,43;47,79;0;673,57;12;2024;5;ATIVO;ITAGUARU;Dia 10;SIM;SUPERMERCADO;256;OURO
SUPERMERCADO SMART BOX MILLENIUM;984332,63;138441,59;16427,43;224,16;72,3;44;6;4;0;33;82;11,43;52,72;1,87;258,95;1;2026;17;ATIVO;ITAGUARU;Dia 10;SIM;SUPERMERCADO;256;OURO
SUPERMERCADO SMART BOX MILLENIUM;983913,36;122903,84;14672,5;523,97;68,89;44;6;5;0;10;53;27,22;125,31;12,37;32,03;3;2026;6;ATIVO;ITAGUARU;Dia 10;SIM;SUPERMERCADO;256;OURO
SUPERMERCADO SMART BOX MILLENIUM;979676,52;142426,51;17091,18;88,41;155,3;22;2;1;0;25;76;22,25;102,54;5,1;128,19;11;2025;12;ATIVO;ITAGUARU;Dia 10;SIM;SUPERMERCADO;256;OURO
SUPERMERCADO SMART BOX MILLENIUM;967928,19;140414,8;16847,86;112,4;153,1;51;5;4;0;11;55;48,76;224,38;0;87,65;4;2026;8;ATIVO;ITAGUARU;Dia 10;SIM;SUPERMERCADO;256;OURO
SUPERMERCADO SMART BOX MILLENIUM;967567,56;144106,29;14279,6;229,6;42,68;25;11;11;47;12;96;33,43;153,6;0;20,12;3;2024;3;ATIVO;ITAGUARU;Dia 10;SIM;SUPERMERCADO;256;OURO
SUPERMERCADO SMART BOX MILLENIUM;954864,4;138304,43;12825,52;3044,87;420,97;122;32;32;34;100;102;24,26;110,77;21,14;794,27;10;2022;0;ATIVO;ITAGUARU;Dia 10;SIM;SUPERMERCADO;256;OURO
SUPERMERCADO SMART BOX MILLENIUM;953927,31;120707,69;14484,92;93,19;35,98;29;5;4;0;11;73;3,91;18,11;0;644,09;1;2025;7;ATIVO;ITAGUARU;Dia 10;SIM;SUPERMERCADO;256;OURO
SUPERMERCADO SMART BOX MILLENIUM;953566,69;103542,31;12425,08;103,2;19,22;23;8;6;0;17;71;49,88;229,64;0;768,47;3;2025;23;ATIVO;ITAGUARU;Dia 10;SIM;SUPERMERCADO;256;OURO
SUPERMERCADO SMART BOX MILLENIUM;939702,34;149865,93;14977,46;496,15;241,28;62;9;17;32;75;75;45,28;208,65;20,24;189,97;11;2022;0;ATIVO;ITAGUARU;Dia 10;SIM;SUPERMERCADO;256;OURO
SUPERMERCADO SMART BOX MILLENIUM;939415,54;128968,56;11899,2;1590,58;467,63;138;34;35;51;93;94;17,78;81,34;112,17;126,3;7;2022;0;ATIVO;ITAGUARU;Dia 10;SIM;SUPERMERCADO;256;OURO
SUPERMERCADO SMART BOX MILLENIUM;933285,21;139837,36;16484,68;553,06;98,9;64;24;16;48;31;122;22,85;104,4;0,85;202,6;4;2024;13;ATIVO;ITAGUARU;Dia 10;SIM;SUPERMERCADO;256;OURO
SUPERMERCADO SMART BOX MILLENIUM;921119,15;225080,9;13801,21;2978,93;370,21;127;18;28;44;104;107;42,52;195,32;94,29;173,28;8;2022;0;ATIVO;ITAGUARU;Dia 10;SIM;SUPERMERCADO;256;OURO
SUPERMERCADO SMART BOX MILLENIUM;919018,05;100407,95;12048,95;56,75;10,65;18;4;4;0;26;82;12;55,27;0;896,86;4;2025;4;ATIVO;ITAGUARU;Dia 10;SIM;SUPERMERCADO;256;OURO
SUPERMERCADO SMART BOX MILLENIUM;918414,77;132141,09;13214,11;114,48;54,12;53;8;8;47;18;158;20,77;95,19;3,29;106,55;1;2024;9;ATIVO;ITAGUARU;Dia 10;SIM;SUPERMERCADO;256;OURO
SUPERMERCADO SMART BOX MILLENIUM;918276,28;111230,94;5400,99;7612,08;1685,17;392;78;89;243;254;360;364,17;1677,47;62,57;2362,1;12;2021;0;ATIVO;ITAGUARU;Dia 10;SIM;SUPERMERCADO;256;OURO
SUPERMERCADO SMART BOX MILLENIUM;911776,71;130976,58;13097,66;208,36;253,25;59;16;15;0;25;466;27,81;125,55;16,03;138,09;10;2023;550;ATIVO;ITAGUARU;Dia 10;SIM;SUPERMERCADO;256;OURO
SUPERMERCADO SMART BOX MILLENIUM;911369,53;159804,54;19176,54;49,52;18,39;22;4;4;0;42;114;35,07;161,77;3,9;1074,77;6;2025;3;ATIVO;ITAGUARU;Dia 10;SIM;SUPERMERCADO;256;OURO
SUPERMERCADO SMART BOX MILLENIUM;908204,42;136911,35;13521,66;90,66;312,3;59;12;12;0;33;70;32,15;147,39;42,8;70,6;8;2023;645;ATIVO;ITAGUARU;Dia 10;SIM;SUPERMERCADO;256;OURO
SUPERMERCADO SMART BOX MILLENIUM;904715,35;144646,98;14464,7;95,44;165,12;50;12;12;0;36;342;37,08;169,31;58,41;58,27;9;2023;641;ATIVO;ITAGUARU;Dia 10;SIM;SUPERMERCADO;256;OURO
SUPERMERCADO SMART BOX MILLENIUM;891436,84;175888,56;17312,06;616,93;418,63;121;13;12;5;101;101;152,81;706,91;178,66;2680,44;3;2023;634;ATIVO;ITAGUARU;Dia 10;SIM;SUPERMERCADO;256;OURO
SUPERMERCADO SMART BOX MILLENIUM;888943,01;136579,85;13657,99;193,35;72,97;52;10;9;0;23;246;27,42;125,94;12,86;88,9;11;2023;78;ATIVO;ITAGUARU;Dia 10;SIM;SUPERMERCADO;256;OURO
SUPERMERCADO SMART BOX MILLENIUM;887687,78;137567,63;13751,37;361,46;145,87;47;12;11;0;63;99;14,94;69,01;56,39;504,81;7;2023;621;ATIVO;ITAGUARU;Dia 10;SIM;SUPERMERCADO;256;OURO
SUPERMERCADO SMART BOX MILLENIUM;883610,06;138879,09;13883,56;235,67;112,86;59;10;8;5;78;78;40,66;187,04;51,27;411,42;5;2023;655;ATIVO;ITAGUARU;Dia 10;SIM;SUPERMERCADO;256;OURO
SUPERMERCADO SMART BOX MILLENIUM;871945,53;127080,66;15249,68;38,61;422,33;22;4;3;43;16;70;12,45;57,4;0;576,64;11;2024;6;ATIVO;ITAGUARU;Dia 10;SIM;SUPERMERCADO;256;OURO
SUPERMERCADO SMART BOX MILLENIUM;863321,82;145850,7;14583,55;372,68;102,66;54;18;14;2;87;127;28,37;130,3;71,17;520,83;6;2023;629;ATIVO;ITAGUARU;Dia 10;SIM;SUPERMERCADO;256;OURO
SUPERMERCADO SMART BOX MILLENIUM;859161,07;116685,16;11668,52;43,5;16,23;18;4;4;47;9;99;0,52;2,45;0,85;43,32;2;2024;6;ATIVO;ITAGUARU;Dia 10;SIM;SUPERMERCADO;256;OURO
SUPERMERCADO SMART BOX MILLENIUM;855696,43;120202;11174,52;2219,15;372,83;142;30;22;37;106;109;41,28;190,08;48,57;759,21;9;2022;0;ATIVO;ITAGUARU;Dia 10;SIM;SUPERMERCADO;256;OURO
SUPERMERCADO SMART BOX MILLENIUM;847558,73;136911,35;13521,66;467,12;712,44;118;14;12;8;77;77;58,36;270,88;53,5;700,08;4;2023;635;ATIVO;ITAGUARU;Dia 10;SIM;SUPERMERCADO;256;OURO
SUPERMERCADO SMART BOX MILLENIUM;844977,96;106771,31;12812,56;93,26;17,79;28;8;7;0;13;70;5,87;26,96;0;619,69;2;2025;7;ATIVO;ITAGUARU;Dia 10;SIM;SUPERMERCADO;256;OURO
SUPERMERCADO SMART BOX MILLENIUM;838370,82;116562,67;11631,79;583,52;295,5;128;16;13;5;96;96;34,59;159,93;1136,2;16683,7;1;2023;670;ATIVO;ITAGUARU;Dia 10;SIM;SUPERMERCADO;256;OURO
SUPERMERCADO SMART BOX MILLENIUM;828992,82;122756,89;14286,68;418,05;327,24;50;5;3;0;10;54;13,19;60,9;3,56;45,04;2;2026;12;ATIVO;ITAGUARU;Dia 10;SIM;SUPERMERCADO;256;OURO
SUPERMERCADO SMART BOX MILLENIUM;812224,42;118551,39;11625,21;744,57;59,16;100;35;25;59;94;99;15,75;72,94;54,51;206,32;5;2022;0;ATIVO;ITAGUARU;Dia 10;SIM;SUPERMERCADO;256;OURO
SUPERMERCADO SMART BOX MILLENIUM;793520,22;119481,55;11805,57;746,05;160,39;111;32;21;49;70;70;11,32;52,32;57,21;472,94;6;2022;0;ATIVO;ITAGUARU;Dia 10;SIM;SUPERMERCADO;256;OURO
SUPERMERCADO SMART BOX MILLENIUM;781290,69;125712,89;12505,31;173,79;131,14;83;17;14;6;156;156;60,3;279,81;380,23;2313,07;2;2023;635;ATIVO;ITAGUARU;Dia 10;SIM;SUPERMERCADO;256;OURO
SUPERMERCADO SMART BOX MILLENIUM;753090,44;100616,77;10005,2;827,88;135,37;137;64;34;8;104;109;21,85;100,88;83,35;609,87;4;2022;0;ATIVO;ITAGUARU;Dia 10;SIM;SUPERMERCADO;256;OURO
SUPERMERCADO SMART BOX MILLENIUM;750108,53;117759,83;11775,98;124,96;62,21;49;14;13;49;21;172;24,41;111,68;5,3;184,41;12;2023;7;ATIVO;ITAGUARU;Dia 10;SIM;SUPERMERCADO;256;OURO
SUPERMERCADO SMART BOX MILLENIUM;700183,21;108171,76;10622,51;788,63;158,63;151;72;32;7;111;122;53,62;249,03;50,29;359,12;3;2022;0;ATIVO;ITAGUARU;Dia 10;SIM;SUPERMERCADO;256;OURO
SUPERMERCADO SMART BOX MILLENIUM;692138,62;85386,06;403,3;10486,59;1532,38;455;71;68;282;239;341;138,37;636,71;77,12;1610,23;11;2021;0;ATIVO;ITAGUARU;Dia 10;SIM;SUPERMERCADO;256;OURO
SUPERMERCADO SMART BOX MILLENIUM;684981,58;71257,17;7125,72;922,6;449,69;244;33;45;107;112;143;27,94;129,76;32,9;80,23;1;2022;0;ATIVO;ITAGUARU;Dia 10;SIM;SUPERMERCADO;256;OURO
SUPERMERCADO SMART BOX MILLENIUM;673187,76;82746,6;122,66;10764,07;3679,07;1050;202;179;269;608;710;350,56;1628,64;117,55;1188,47;10;2021;0;ATIVO;ITAGUARU;Dia 10;SIM;SUPERMERCADO;256;OURO
SUPERMERCADO SMART BOX MILLENIUM;666379,45;92984,91;9186,59;521,87;136,06;117;20;26;87;72;83;21,03;100,1;44,22;113,19;2;2022;0;ATIVO;ITAGUARU;Dia 10;SIM;SUPERMERCADO;256;OURO
SUPERMERCADO SMART BOX MILLENIUM;630518,35;0;0;11064,17;5871,21;1646;376;359;356;1065;1268;943,3;4378,49;225,44;7263,13;8;2021;0;ATIVO;ITAGUARU;Dia 10;NÃO;SUPERMERCADO;256;OURO
SUPERMERCADO SMART BOX MILLENIUM;4212,03;0;0;1777,9;5989,93;239;22;4;130;95;191;109,54;503,59;28,37;997,53;9;2021;0;ATIVO;ITAGUARU;Dia 10;NÃO;SUPERMERCADO;256;OURO
SUPERMERCADO SOARES;932667,23;0;0;717,02;556,36;179;97;19;316;114;156;22;101,06;81,92;123,23;7;2026;60;ATIVO;PIRENÓPOLIS;Dia 25;NÃO;SUPERMERCADO;16;DIAMANTE
SUPERMERCADO SOARES;888419,94;0;0;182,04;507,03;158;55;7;218;87;119;16,95;84,33;92,05;438,26;5;2026;77;ATIVO;PIRENÓPOLIS;Dia 25;NÃO;SUPERMERCADO;16;DIAMANTE
SUPERMERCADO SOARES;851363,58;0;0;1365,87;707,84;396;127;28;218;270;311;97,04;447,34;221,45;1414,1;1;2026;144;ATIVO;PIRENÓPOLIS;Dia 25;NÃO;SUPERMERCADO;16;DIAMANTE
SUPERMERCADO SOARES;848837,6;0;0;239,03;545,1;144;193;12;0;91;124;154,32;717,54;88,54;313,05;6;2026;64;ATIVO;PIRENÓPOLIS;Dia 25;NÃO;SUPERMERCADO;16;DIAMANTE
SUPERMERCADO SOARES;833486,56;0;0;118,27;287,59;139;168;9;218;89;124;12,81;63,78;86,64;183,64;4;2026;59;ATIVO;PIRENÓPOLIS;Dia 25;NÃO;SUPERMERCADO;16;DIAMANTE
SUPERMERCADO SOARES;808825,17;0;0;1682,28;1701,66;468;142;20;218;264;301;134,66;620,42;245,19;1039,38;11;2025;155;ATIVO;PIRENÓPOLIS;Dia 25;NÃO;SUPERMERCADO;16;DIAMANTE
SUPERMERCADO SOARES;805098,08;0;0;416,66;363,16;147;41;10;218;97;132;10,8;54,82;120,5;141,61;3;2026;55;ATIVO;PIRENÓPOLIS;Dia 25;NÃO;SUPERMERCADO;16;DIAMANTE
SUPERMERCADO SOARES;796734,6;0;0;669,57;441,88;204;61;14;218;139;185;30,56;144,68;171,92;186,22;2;2026;75;ATIVO;PIRENÓPOLIS;Dia 25;NÃO;SUPERMERCADO;16;DIAMANTE
SUPERMERCADO SOUSA;5764625,86;162577,02;17591,91;11101,41;2050,57;143;48;3;0;117;117;133,54;615,72;152,62;1870,99;5;2026;88;ATIVO;INDIARA;Dia 30;SIM;SUPERMERCADO;241;OURO
SUPERMERCADO SOUSA;5692127,22;152553,99;18306,48;1136,93;1243,59;136;25;21;0;114;118;323,61;1489,38;134,13;1443,76;6;2026;88;ATIVO;INDIARA;Dia 30;SIM;SUPERMERCADO;241;OURO
SUPERMERCADO SOUSA;5685603,96;0;0;3979,37;10460,52;414;90;26;289;87;90;323,38;1492;28,84;2248,55;12;2025;193;ATIVO;INDIARA;Dia 30;NÃO;SUPERMERCADO;241;OURO
SUPERMERCADO SOUSA;5401280,38;164959,63;18284,9;2309,25;17048,61;305;113;27;0;88;89;373,5;1723,21;66,14;1546,46;3;2026;133;ATIVO;INDIARA;Dia 30;SIM;SUPERMERCADO;241;OURO
SUPERMERCADO SOUSA;5180839,78;187500,97;18235,95;3638,5;6426,35;356;103;27;0;101;103;660,61;3050,39;110,1;2963,63;4;2026;142;ATIVO;INDIARA;Dia 30;SIM;SUPERMERCADO;241;OURO
SUPERMERCADO SOUSA;4553114,45;149855,73;16347,86;2002,19;11112,42;360;119;19;0;73;74;352,59;1627,67;13,82;1484,44;2;2026;159;ATIVO;INDIARA;Dia 30;SIM;SUPERMERCADO;241;OURO
SUPERMERCADO SOUZA;775595,39;17022,95;1558,42;6394,65;94,39;82;37;12;135;82;102;41,64;187,87;103,67;1947,59;5;2026;47;ATIVO;OUVIDOR;Dia 15;SIM;SUPERMERCADO;34;BRONZE
SUPERMERCADO SOUZA;685891,23;17304,19;1864,82;715,87;93,8;77;68;7;135;93;85;22,89;145,86;42,92;1298,49;6;2026;44;ATIVO;OUVIDOR;Dia 15;SIM;SUPERMERCADO;34;BRONZE
SUPERMERCADO SOUZA;636756,17;9251,4;1106,56;64,4;6,74;16;13;0;178;28;68;7,22;41,12;3,51;4,99;8;2026;10;ATIVO;OUVIDOR;Dia 15;SIM;SUPERMERCADO;34;BRONZE
SUPERMERCADO SUPER BARROS;1888250,41;0;0;20,74;77,48;19;10;1;0;77;205;16,76;76,52;10,91;447,65;12;2025;14;ATIVO;GOIÂNIA;Dia 30;NÃO;SUPERMERCADO;215;PRATA
SUPERMERCADO SUPER BARROS;1754187,23;0;0;1333,77;69,52;38;16;0;0;114;283;51,84;230,59;33,73;1050,12;5;2026;17;ATIVO;GOIÂNIA;Dia 30;NÃO;SUPERMERCADO;215;PRATA
SUPERMERCADO SUPER BARROS;1739653,14;0;0;22,44;17,95;13;9;0;0;54;166;14,16;65,45;12,07;78,65;8;2025;5;ATIVO;GOIÂNIA;Dia 30;NÃO;SUPERMERCADO;215;PRATA
SUPERMERCADO SUPER BARROS;1735019,95;0;0;19,19;92,36;28;17;2;0;220;467;79,29;367,84;120,79;475,49;12;2024;16;ATIVO;GOIÂNIA;Dia 30;NÃO;SUPERMERCADO;215;PRATA
SUPERMERCADO SUPER BARROS;1725882,06;0;0;136,69;27,45;15;12;1;0;35;144;2,46;11,56;4,12;23,51;5;2025;9;ATIVO;GOIÂNIA;Dia 30;NÃO;SUPERMERCADO;215;PRATA
SUPERMERCADO SUPER BARROS;1710906,9;0;0;8,97;29,09;18;7;0;0;69;201;5,83;27,2;16,25;74,83;3;2025;7;ATIVO;GOIÂNIA;Dia 30;NÃO;SUPERMERCADO;215;PRATA
SUPERMERCADO SUPER BARROS;1675808,02;0;0;1122,81;92,87;31;14;0;0;80;197;18,84;85,95;9,36;858,76;4;2026;16;ATIVO;GOIÂNIA;Dia 30;NÃO;SUPERMERCADO;215;PRATA
SUPERMERCADO SUPER BARROS;1666041,28;0;0;28,12;22,81;9;10;2;0;61;182;6,04;28,35;10,69;102,03;10;2025;11;ATIVO;GOIÂNIA;Dia 30;NÃO;SUPERMERCADO;215;PRATA
SUPERMERCADO SUPER BARROS;1665326,82;0;0;52,17;78,51;24;13;0;0;73;214;18,58;84,59;15,31;320,98;1;2026;13;ATIVO;GOIÂNIA;Dia 30;NÃO;SUPERMERCADO;215;PRATA
SUPERMERCADO SUPER BARROS;1659134,72;0;0;41,5;104,75;27;18;0;0;69;206;17,85;80,79;6,95;392,22;3;2026;15;ATIVO;GOIÂNIA;Dia 30;NÃO;SUPERMERCADO;215;PRATA
SUPERMERCADO SUPER BARROS;1639931,66;0;0;2,24;15,19;6;12;0;0;42;146;10,28;47,42;9,76;18,42;4;2025;4;ATIVO;GOIÂNIA;Dia 30;NÃO;SUPERMERCADO;215;PRATA
SUPERMERCADO SUPER BARROS;1635395,23;0;0;119,56;74,5;14;15;1;0;118;300;47,06;216,69;15,7;107,89;6;2025;10;ATIVO;GOIÂNIA;Dia 30;NÃO;SUPERMERCADO;215;PRATA
SUPERMERCADO SUPER BARROS;1612360,16;0;0;14,58;18,72;14;14;1;0;89;248;14,43;65,83;16,42;950,02;7;2026;11;ATIVO;GOIÂNIA;Dia 30;NÃO;SUPERMERCADO;215;PRATA
SUPERMERCADO SUPER BARROS;1609159,18;0;0;43,71;72,06;21;13;1;0;48;172;8,48;39,26;7,89;52,54;7;2025;14;ATIVO;GOIÂNIA;Dia 30;NÃO;SUPERMERCADO;215;PRATA
SUPERMERCADO SUPER BARROS;1588807,68;0;0;120,63;171,3;51;8;0;131;220;476;140,2;645,25;118,84;556,73;10;2024;15;ATIVO;GOIÂNIA;Dia 30;NÃO;SUPERMERCADO;215;PRATA
SUPERMERCADO SUPER BARROS;1584686,93;0;0;91,28;70,97;32;17;1;0;48;158;2,07;9,66;18,14;69,48;1;2025;18;ATIVO;GOIÂNIA;Dia 30;NÃO;SUPERMERCADO;215;PRATA
SUPERMERCADO SUPER BARROS;1573209,02;0;0;0,56;9,53;12;4;0;0;241;510;163,66;756,74;230,75;823,83;11;2024;3;ATIVO;GOIÂNIA;Dia 30;NÃO;SUPERMERCADO;215;PRATA
SUPERMERCADO SUPER BARROS;1518546,1;0;0;36,07;89,26;22;13;0;0;110;296;23,92;110,03;20,82;20,82;2;2026;60;ATIVO;GOIÂNIA;Dia 30;NÃO;SUPERMERCADO;215;PRATA
SUPERMERCADO SUPER BARROS;1475047,61;0;0;144,45;138,89;54;9;0;136;70;238;51,49;237,13;9,16;136,78;9;2024;15;ATIVO;GOIÂNIA;Dia 30;NÃO;SUPERMERCADO;215;PRATA
SUPERMERCADO SUPER BARROS;1472605,49;0;0;1,78;56,04;16;12;0;0;27;119;0,74;3,49;4,08;63,94;2;2025;11;ATIVO;GOIÂNIA;Dia 30;NÃO;SUPERMERCADO;215;PRATA
SUPERMERCADO SUPER BARROS;1472201,33;0;0;80,07;278,07;60;15;0;134;106;269;68,37;314,78;9,82;231;8;2024;23;ATIVO;GOIÂNIA;Dia 30;NÃO;SUPERMERCADO;215;PRATA
SUPERMERCADO SUPER BARROS;1456276,86;0;0;185,65;192,66;76;25;16;167;102;248;48,16;222,03;20,38;358,2;12;2023;26;ATIVO;GOIÂNIA;Dia 30;NÃO;SUPERMERCADO;215;PRATA
SUPERMERCADO SUPER BARROS;1392632,75;0;0;80,07;369,48;48;14;0;148;168;406;81,13;374,36;34,92;927,45;7;2024;24;ATIVO;GOIÂNIA;Dia 30;NÃO;SUPERMERCADO;215;PRATA
SUPERMERCADO SUPER BARROS;1382651,72;0;0;119,77;44,81;22;5;0;151;85;191;24,14;111,61;5,51;757,23;5;2024;16;ATIVO;GOIÂNIA;Dia 30;NÃO;SUPERMERCADO;215;PRATA
SUPERMERCADO SUPER BARROS;1352678,34;0;0;160,7;43,42;35;11;0;153;130;350;40,24;184,84;16,13;103,74;3;2024;18;ATIVO;GOIÂNIA;Dia 30;NÃO;SUPERMERCADO;215;PRATA
SUPERMERCADO SUPER BARROS;1346907,71;0;0;117,8;52;27;4;0;149;84;214;27,55;127,24;3,97;670,83;6;2024;15;ATIVO;GOIÂNIA;Dia 30;NÃO;SUPERMERCADO;215;PRATA
SUPERMERCADO SUPER BARROS;1344822,89;0;0;2857,16;2113,26;441;348;67;492;348;741;262,57;1211,71;419,88;1545,08;8;2023;773;ATIVO;GOIÂNIA;Dia 30;NÃO;SUPERMERCADO;215;PRATA
SUPERMERCADO SUPER BARROS;1322906,32;0;0;2589,08;1539,78;433;82;59;486;364;767;371;1713,71;438,04;3730,25;10;2023;653;ATIVO;GOIÂNIA;Dia 30;NÃO;SUPERMERCADO;215;PRATA
SUPERMERCADO SUPER BARROS;1314676,64;0;0;136,78;83,13;26;10;3;165;55;177;46,41;213,58;6,25;35,86;1;2024;15;ATIVO;GOIÂNIA;Dia 30;NÃO;SUPERMERCADO;215;PRATA
SUPERMERCADO SUPER BARROS;1256596,66;0;0;221,29;50,41;20;5;0;150;76;196;22,17;102,49;3,44;691,45;4;2024;16;ATIVO;GOIÂNIA;Dia 30;NÃO;SUPERMERCADO;215;PRATA
SUPERMERCADO SUPER BARROS;1252777,57;0;0;70,12;28,44;24;3;1;160;62;194;39,7;182,29;11,63;26,39;2;2024;14;ATIVO;GOIÂNIA;Dia 30;NÃO;SUPERMERCADO;215;PRATA
SUPERMERCADO SUPER BARROS;1252642,42;0;0;2796,66;1928,48;434;87;74;478;357;357;367,79;1690,8;431,46;3919,44;9;2023;609;ATIVO;GOIÂNIA;Dia 30;NÃO;SUPERMERCADO;215;PRATA
SUPERMERCADO SUPER BARROS;1243265,3;0;0;651,93;387,95;70;24;15;484;295;616;93,07;429,56;102,58;1076,63;11;2023;26;ATIVO;GOIÂNIA;Dia 30;NÃO;SUPERMERCADO;215;PRATA
SUPERMERCADO SUPER BARROS;1174527,58;0;0;131,71;11,26;13;12;0;0;48;146;15,97;62,46;1,29;664,96;6;2026;11;ATIVO;GOIÂNIA;Dia 30;NÃO;SUPERMERCADO;215;PRATA
SUPERMERCADO SUPER BARROS;1174527,58;0;0;131,71;11,26;13;12;0;0;48;146;15,97;62,46;1,29;664,96;6;2026;11;ATIVO;GOIÂNIA;Dia 30;NÃO;SUPERMERCADO;215;PRATA
SUPERMERCADO SUPER BETO;9666365,91;402659,67;48054,62;3293,38;1613,52;328;86;16;2;0;0;0;0;0;0;5;2026;258;ATIVO;GOIÂNIA;Dia 15;SIM;SUPERMERCADO;17;DIAMANTE
SUPERMERCADO SUPER BETO;9315521,92;402672,03;48261,64;833,42;1118,26;157;57;10;2;0;0;0;0;0;0;6;2026;116;ATIVO;GOIÂNIA;Dia 15;SIM;SUPERMERCADO;17;DIAMANTE
SUPERMERCADO SUPER BETO;9207769,29;402079;48199,13;856,29;814,5;125;91;5;0;0;0;0;0;0;0;7;2026;111;ATIVO;GOIÂNIA;Dia 15;SIM;SUPERMERCADO;17;DIAMANTE
SUPERMERCADO SUPER BETO;8856341,25;394904,04;47313,72;1106,78;1132,02;104;86;12;0;0;0;0;0;0;0;8;2026;87;ATIVO;GOIÂNIA;Dia 15;SIM;SUPERMERCADO;17;DIAMANTE
SUPERMERCADO SUPER BOM;352856,14;0;0;13,15;33,57;6;2;1;0;18;18;19,56;89;5,18;129,74;12;2024;19;ATIVO;RIO VERDE;Dia 30;NÃO;SUPERMERCADO;220;BRONZE
SUPERMERCADO SUPER BOM;347123,12;0;0;15,87;34,2;10;1;1;62;19;19;21,72;99,01;7,4;8,09;10;2024;21;ATIVO;RIO VERDE;Dia 30;NÃO;SUPERMERCADO;220;BRONZE
SUPERMERCADO SUPER BOM;344199,16;0;0;1333,33;1477,79;372;150;37;58;508;508;32,01;146,85;342,38;16059,35;3;2024;238;ATIVO;RIO VERDE;Dia 30;NÃO;SUPERMERCADO;220;BRONZE
SUPERMERCADO SUPER BOM;332937,82;0;0;31,68;46,07;27;7;3;51;24;27;44,9;206,56;8,97;9,55;8;2024;28;ATIVO;RIO VERDE;Dia 30;NÃO;SUPERMERCADO;220;BRONZE
SUPERMERCADO SUPER BOM;332023,11;0;0;9,04;9,66;7;0;0;0;14;14;18,04;82,53;8,14;4,18;11;2024;25;ATIVO;RIO VERDE;Dia 30;NÃO;SUPERMERCADO;220;BRONZE
SUPERMERCADO SUPER BOM;330654,35;0;0;76,67;278,91;43;12;6;51;34;34;91,19;419,93;22,24;94,01;5;2024;43;ATIVO;RIO VERDE;Dia 30;NÃO;SUPERMERCADO;220;BRONZE
SUPERMERCADO SUPER BOM;326936,12;0;0;40,56;192,98;37;11;5;53;31;32;65,96;303,42;18,46;93,62;6;2024;37;ATIVO;RIO VERDE;Dia 30;NÃO;SUPERMERCADO;220;BRONZE
SUPERMERCADO SUPER BOM;326673,95;0;0;17,11;44,34;22;8;3;50;66;69;80,66;370,74;47,96;154,95;7;2024;31;ATIVO;RIO VERDE;Dia 30;NÃO;SUPERMERCADO;220;BRONZE
SUPERMERCADO SUPER BOM;321464,48;0;0;280,04;331,57;80;54;49;0;60;60;42,74;195,37;0;171,45;12;2025;15;ATIVO;RIO VERDE;Dia 30;NÃO;SUPERMERCADO;220;BRONZE
SUPERMERCADO SUPER BOM;317334,68;0;0;61,33;274,99;245;9;4;59;28;28;78,96;362,47;14,6;75,08;4;2024;36;ATIVO;RIO VERDE;Dia 30;NÃO;SUPERMERCADO;220;BRONZE
SUPERMERCADO SUPER BOM;316186,19;0;0;12,65;37;17;1;1;52;16;17;23,27;105,71;12,3;6,97;9;2024;28;ATIVO;RIO VERDE;Dia 30;NÃO;SUPERMERCADO;220;BRONZE
SUPERMERCADO SUPER BOM;288952,36;0;0;1,48;17,25;6;2;1;0;10;10;16,51;75,34;0;0,99;5;2025;20;ATIVO;RIO VERDE;Dia 30;NÃO;SUPERMERCADO;220;BRONZE
SUPERMERCADO SUPER BOM;285899,78;0;0;53,3;11,55;14;5;3;0;5;12;16,17;75,07;0;5,39;5;2026;8;ATIVO;RIO VERDE;Dia 30;NÃO;SUPERMERCADO;220;BRONZE
SUPERMERCADO SUPER BOM;284355,47;0;0;4,32;6,29;3;0;15;0;15;15;16,91;77,25;0;20,81;3;2025;19;ATIVO;RIO VERDE;Dia 30;NÃO;SUPERMERCADO;220;BRONZE
SUPERMERCADO SUPER BOM;283329,54;0;0;10,38;10,52;7;3;0;0;19;19;23,13;105,84;5,73;40,78;1;2025;22;ATIVO;RIO VERDE;Dia 30;NÃO;SUPERMERCADO;220;BRONZE
SUPERMERCADO SUPER BOM;283325,09;0;0;130,94;23,85;18;4;0;0;26;26;15,6;71,3;0;177,38;8;2025;9;ATIVO;RIO VERDE;Dia 30;NÃO;SUPERMERCADO;220;BRONZE
SUPERMERCADO SUPER BOM;279552,49;0;0;84,29;57,79;21;8;0;0;28;28;17,38;79,38;0;112,8;7;2025;26;ATIVO;RIO VERDE;Dia 30;NÃO;SUPERMERCADO;220;BRONZE
SUPERMERCADO SUPER BOM;277184,59;0;0;26,83;2,04;5;10;3;0;1;10;17,08;78,75;0;0;6;2026;4;ATIVO;RIO VERDE;Dia 30;NÃO;SUPERMERCADO;220;BRONZE
SUPERMERCADO SUPER BOM;276009,69;0;0;2,15;28,11;11;9;1;0;18;18;15,95;72,8;0;1,95;6;2025;28;ATIVO;RIO VERDE;Dia 30;NÃO;SUPERMERCADO;220;BRONZE
SUPERMERCADO SUPER BOM;275173,19;0;0;22,5;15,11;9;4;1;0;15;23;16,79;78,1;0;26,27;4;2026;7;ATIVO;RIO VERDE;Dia 30;NÃO;SUPERMERCADO;220;BRONZE
SUPERMERCADO SUPER BOM;269340,2;0;0;185,55;388,4;72;45;41;0;60;60;49,11;224,27;0;150,77;1;2026;13;ATIVO;RIO VERDE;Dia 30;NÃO;SUPERMERCADO;220;BRONZE
SUPERMERCADO SUPER BOM;267100,89;0;0;1,94;6,22;3;0;0;0;11;11;13,84;63,13;0;0,66;4;2025;17;ATIVO;RIO VERDE;Dia 30;NÃO;SUPERMERCADO;220;BRONZE
SUPERMERCADO SUPER BOM;266020,52;0;0;29,1;14,42;13;7;6;0;26;30;207,43;1008,73;0;38,82;3;2026;9;ATIVO;RIO VERDE;Dia 30;NÃO;SUPERMERCADO;220;BRONZE
SUPERMERCADO SUPER BOM;264477,81;0;0;98,83;80,19;52;37;32;0;36;36;18,37;83,61;0;53,49;10;2025;11;ATIVO;RIO VERDE;Dia 30;NÃO;SUPERMERCADO;220;BRONZE
SUPERMERCADO SUPER BOM;261998,22;0;0;5,03;3,1;4;1;0;0;18;18;19,52;89,42;1,85;50,03;2;2025;15;ATIVO;RIO VERDE;Dia 30;NÃO;SUPERMERCADO;220;BRONZE
SUPERMERCADO SUPER BOM;253281,49;0;0;78,51;157,66;66;41;40;0;54;54;106,25;513,49;0;81,88;2;2026;20;ATIVO;RIO VERDE;Dia 30;NÃO;SUPERMERCADO;220;BRONZE
SUPERMERCADO SUPER DEZ;833012,2;0;0;1256,86;118,84;389;17;5;0;124;160;22,35;103,05;23,09;391,85;12;2024;102;ATIVO;RIALMA;Dia 15;NÃO;SUPERMERCADO;137;BRONZE
SUPERMERCADO SUPER DEZ;819337,43;0;0;52,76;10,84;13;2;0;0;14;24;0,96;5,42;0;0;5;2026;7;ATIVO;RIALMA;Dia 15;NÃO;SUPERMERCADO;137;BRONZE
SUPERMERCADO SUPER DEZ;810021,97;0;0;25,14;5,11;6;1;0;0;5;29;3,99;18,99;0;10,38;5;2025;4;ATIVO;RIALMA;Dia 15;NÃO;SUPERMERCADO;137;BRONZE
SUPERMERCADO SUPER DEZ;802035,66;0;0;113,1;6,06;10;5;0;2;1;21;0,26;1,18;0;0;8;2026;1;ATIVO;RIALMA;Dia 15;NÃO;SUPERMERCADO;137;BRONZE
SUPERMERCADO SUPER DEZ;778606,88;0;0;37,63;0,76;11;12;0;0;12;24;0,14;1,09;2,88;0;6;2026;4;ATIVO;RIALMA;Dia 15;NÃO;SUPERMERCADO;137;BRONZE
SUPERMERCADO SUPER DEZ;771433,44;0;0;4,31;21,92;6;2;0;0;11;31;1,05;4,93;0;15,39;7;2025;2;ATIVO;RIALMA;Dia 15;NÃO;SUPERMERCADO;137;BRONZE
SUPERMERCADO SUPER DEZ;763175,77;0;0;8255,02;5326,01;3523;62;18;216;816;846;492,43;2254,27;146,79;4267,12;7;2024;827;ATIVO;RIALMA;Dia 15;NÃO;SUPERMERCADO;137;BRONZE
SUPERMERCADO SUPER DEZ;760369,14;0;0;32,71;20,88;10;4;0;0;33;62;22,02;103,24;14,1;19,76;3;2025;8;ATIVO;RIALMA;Dia 15;NÃO;SUPERMERCADO;137;BRONZE
SUPERMERCADO SUPER DEZ;758513,03;0;0;44,4;9,02;15;1;0;0;10;29;0,83;4,41;10,54;0;4;2026;6;ATIVO;RIALMA;Dia 15;NÃO;SUPERMERCADO;137;BRONZE
SUPERMERCADO SUPER DEZ;755016,54;0;0;12,77;11,27;5;3;0;0;11;33;10,76;52,01;2,66;44,97;8;2025;3;ATIVO;RIALMA;Dia 15;NÃO;SUPERMERCADO;137;BRONZE
SUPERMERCADO SUPER DEZ;745176,78;0;0;51,09;3,66;7;0;0;0;18;33;18,74;88,63;1,47;40,91;4;2025;6;ATIVO;RIALMA;Dia 15;NÃO;SUPERMERCADO;137;BRONZE
SUPERMERCADO SUPER DEZ;744071,72;0;0;62,12;24,26;19;7;1;0;8;23;0,1;1,69;2,06;0;3;2026;10;ATIVO;RIALMA;Dia 15;NÃO;SUPERMERCADO;137;BRONZE
SUPERMERCADO SUPER DEZ;743337,75;0;0;147,71;12,46;13;6;1;0;21;33;39,29;188,3;1,33;336,61;10;2025;7;ATIVO;RIALMA;Dia 15;NÃO;SUPERMERCADO;137;BRONZE
SUPERMERCADO SUPER DEZ;740402,74;0;0;480,62;56,11;72;12;4;0;65;87;14,9;69,16;18,4;293,75;1;2025;66;ATIVO;RIALMA;Dia 15;NÃO;SUPERMERCADO;137;BRONZE
SUPERMERCADO SUPER DEZ;739972,54;0;0;930,72;3184,87;3216;79;16;230;673;569;117,22;1129,72;117,26;1753,19;5;2024;306;ATIVO;RIALMA;Dia 15;NÃO;SUPERMERCADO;137;BRONZE
SUPERMERCADO SUPER DEZ;735782,28;0;0;12,25;2,08;3;0;0;0;11;27;17,88;85,8;1,36;0;6;2025;2;ATIVO;RIALMA;Dia 15;NÃO;SUPERMERCADO;137;BRONZE
SUPERMERCADO SUPER DEZ;733310,11;0;0;54,59;7,25;14;6;1;0;6;24;365,17;1774,63;0;0;1;2026;7;ATIVO;RIALMA;Dia 15;NÃO;SUPERMERCADO;137;BRONZE
SUPERMERCADO SUPER DEZ;725069,23;0;0;28,92;18,15;9;3;0;0;12;34;9,31;44,17;2,66;116,35;9;2025;7;ATIVO;RIALMA;Dia 15;NÃO;SUPERMERCADO;137;BRONZE
SUPERMERCADO SUPER DEZ;724505,92;0;0;1451,21;5917,49;3043;26;10;201;703;745;464,64;2125,68;52,67;3623,9;8;2024;187;ATIVO;RIALMA;Dia 15;NÃO;SUPERMERCADO;137;BRONZE
SUPERMERCADO SUPER DEZ;711992,24;0;0;2641,99;2018,18;2407;26;5;239;1310;1447;379,52;1741,53;488,77;2199,2;11;2024;214;ATIVO;RIALMA;Dia 15;NÃO;SUPERMERCADO;137;BRONZE
SUPERMERCADO SUPER DEZ;704686,59;0;0;19354,24;1867,34;2053;53;16;220;811;846;458,75;2103,63;181,53;4408,16;6;2024;867;ATIVO;RIALMA;Dia 15;NÃO;SUPERMERCADO;137;BRONZE
SUPERMERCADO SUPER DEZ;695974,48;0;0;1683,09;1403,72;319;105;22;226;596;528;153,03;1121,03;116,64;2468,08;3;2024;311;ATIVO;RIALMA;Dia 15;NÃO;SUPERMERCADO;137;BRONZE
SUPERMERCADO SUPER DEZ;685919,66;0;0;1003,28;2830,48;1976;23;8;204;579;617;420,25;1922,47;8,79;2721,41;10;2024;149;ATIVO;RIALMA;Dia 15;NÃO;SUPERMERCADO;137;BRONZE
SUPERMERCADO SUPER DEZ;683836,04;0;0;52,45;13,53;14;6;1;0;1;18;0;1,56;0;0;2;2026;6;ATIVO;RIALMA;Dia 15;NÃO;SUPERMERCADO;137;BRONZE
SUPERMERCADO SUPER DEZ;675607,59;0;0;727,43;2502,34;1691;86;19;229;1128;819;180,58;2074,19;183,78;2441,77;4;2024;292;ATIVO;RIALMA;Dia 15;NÃO;SUPERMERCADO;137;BRONZE
SUPERMERCADO SUPER DEZ;673994,45;0;0;883,25;2714,28;2006;22;8;188;603;644;410,04;1874,7;7,34;3043,2;9;2024;149;ATIVO;RIALMA;Dia 15;NÃO;SUPERMERCADO;137;BRONZE
SUPERMERCADO SUPER DEZ;668752,44;0;0;18,16;10,32;11;4;0;0;45;66;12,75;58,68;8,38;130,19;2;2025;12;ATIVO;RIALMA;Dia 15;NÃO;SUPERMERCADO;137;BRONZE
SUPERMERCADO SUPER É DE CASA;1475780,91;24381,11;1577,6;4788,63;1288,17;1128;69;48;176;3108;3508;3469,31;15998,58;0,51;173,14;8;2021;0;INATIVO;SÃO LUÍS DE MONTES BELOS;Dia 20;SIM;SUPERMERCADO;78;BRONZE
SUPERMERCADO SUPER É DE CASA;899391,4;23809,98;1711,49;3963,09;2532,45;581;29;19;12;3272;3530;4530,63;20883,12;0;64,79;12;2021;0;INATIVO;SÃO LUÍS DE MONTES BELOS;Dia 20;SIM;SUPERMERCADO;78;BRONZE
SUPERMERCADO SUPER É DE CASA;832974,09;29298,8;1584,7;629,98;606,38;187;46;9;12;2896;1297;3929,15;3929,15;0;89,49;4;2022;0;INATIVO;SÃO LUÍS DE MONTES BELOS;Dia 20;SIM;SUPERMERCADO;78;BRONZE
SUPERMERCADO SUPER É DE CASA;821057,7;26082,55;763,23;4003,31;1232,05;1009;40;29;5;3317;3581;3774,17;17412,39;0;185,21;10;2021;0;INATIVO;SÃO LUÍS DE MONTES BELOS;Dia 20;SIM;SUPERMERCADO;78;BRONZE
SUPERMERCADO SUPER É DE CASA;796587,64;21527,66;1442,76;3484,53;2130,48;536;33;18;6;3143;3379;3420,54;15765,72;0;142,9;11;2021;0;INATIVO;SÃO LUÍS DE MONTES BELOS;Dia 20;SIM;SUPERMERCADO;78;BRONZE
SUPERMERCADO SUPER É DE CASA;780363,09;16717,24;1471,42;1810,87;438,01;175;37;5;16;3049;1234;3494,42;16101,7;0;53,14;3;2022;0;INATIVO;SÃO LUÍS DE MONTES BELOS;Dia 20;SIM;SUPERMERCADO;78;BRONZE
SUPERMERCADO SUPER É DE CASA;777318,97;16379,86;18,48;5829,91;694,03;1047;35;6067;150;3124;3449;3901,28;17988,3;0;79,05;7;2021;0;INATIVO;SÃO LUÍS DE MONTES BELOS;Dia 20;SIM;SUPERMERCADO;78;BRONZE
SUPERMERCADO SUPER É DE CASA;773898,69;24840,86;2484,09;2801,33;2199,5;506;161;135;1;2019;860;2212,6;10192,51;107,81;8,91;8;2022;0;INATIVO;SÃO LUÍS DE MONTES BELOS;Dia 20;SIM;SUPERMERCADO;78;BRONZE
SUPERMERCADO SUPER É DE CASA;771888,98;23887,82;613,06;346,06;360,96;169;38;6;11;2681;1263;3155,23;14524,68;0;13,34;5;2022;0;INATIVO;SÃO LUÍS DE MONTES BELOS;Dia 20;SIM;SUPERMERCADO;78;BRONZE
SUPERMERCADO SUPER É DE CASA;770322,94;0;0;0;0;0;0;0;0;0;0;0;0;0;0;5;2021;0;INATIVO;SÃO LUÍS DE MONTES BELOS;Dia 20;NÃO;SUPERMERCADO;78;BRONZE
SUPERMERCADO SUPER É DE CASA;755217,58;26649,87;2364,99;2150,19;1672,97;267;90;66;3;2008;643;2079,8;9578,37;0;3,44;7;2022;0;INATIVO;SÃO LUÍS DE MONTES BELOS;Dia 20;SIM;SUPERMERCADO;78;BRONZE
SUPERMERCADO SUPER É DE CASA;753506,37;22798,2;2194,4;243,51;367,48;117;33;6;1;1957;562;2144,76;9897,64;0;0;6;2022;0;INATIVO;SÃO LUÍS DE MONTES BELOS;Dia 20;SIM;SUPERMERCADO;78;BRONZE
SUPERMERCADO SUPER É DE CASA;736494,29;21639,43;2163,94;6608,67;478,16;918;57;37;197;2936;3206;3283,17;15146,3;0;559,71;6;2021;0;INATIVO;SÃO LUÍS DE MONTES BELOS;Dia 20;SIM;SUPERMERCADO;78;BRONZE
SUPERMERCADO SUPER É DE CASA;734616,43;24843,58;2484,36;5838,91;2283,89;550;209;166;0;1853;810;2044,08;9405,91;124,07;102,2;9;2022;0;INATIVO;SÃO LUÍS DE MONTES BELOS;Dia 20;SIM;SUPERMERCADO;78;BRONZE
SUPERMERCADO SUPER É DE CASA;730316,44;28715,65;2871,57;9856,34;1727,26;559;223;200;2;1796;746;1876,21;8645,63;27,24;714,2;10;2022;0;INATIVO;SÃO LUÍS DE MONTES BELOS;Dia 20;SIM;SUPERMERCADO;78;BRONZE
SUPERMERCADO SUPER É DE CASA;727743,08;16303,05;649,58;4125,59;2036,87;548;41;17;9;3246;3243;3770,8;17381,07;0;76,67;1;2022;0;INATIVO;SÃO LUÍS DE MONTES BELOS;Dia 20;SIM;SUPERMERCADO;78;BRONZE
SUPERMERCADO SUPER É DE CASA;715878,74;4738,32;29,34;3286,87;1318,66;1052;39;25;60;3076;3479;3138,36;14491,65;0,51;83,83;9;2021;0;INATIVO;SÃO LUÍS DE MONTES BELOS;Dia 20;SIM;SUPERMERCADO;78;BRONZE
SUPERMERCADO SUPER É DE CASA;711055,25;0;1430,59;2025,02;264,29;121;26;2;10;3221;1081;3535,35;16288,63;0;33,28;2;2022;0;INATIVO;SÃO LUÍS DE MONTES BELOS;Dia 20;SIM;SUPERMERCADO;78;BRONZE
SUPERMERCADO SUPER É DE CASA;708238,78;0;0;0;0;0;0;0;0;0;0;0;0;0;0;1;2021;0;INATIVO;SÃO LUÍS DE MONTES BELOS;Dia 20;NÃO;SUPERMERCADO;78;BRONZE
SUPERMERCADO SUPER É DE CASA;682385,39;28705,99;2870,6;1370,58;740,86;183;61;56;3;1259;227;1408,5;6496;110,69;12,05;12;2022;0;INATIVO;SÃO LUÍS DE MONTES BELOS;Dia 20;SIM;SUPERMERCADO;78;BRONZE
SUPERMERCADO SUPER É DE CASA;653808,81;25466,95;2510,6;2164;780,88;245;75;56;2;1328;336;13667,62;6307,38;0;437,47;11;2022;0;INATIVO;SÃO LUÍS DE MONTES BELOS;Dia 20;SIM;SUPERMERCADO;78;BRONZE
SUPERMERCADO SUPER É DE CASA;549416,3;24993,2;2499,32;1010,84;365,38;132;20;18;4;894;160;975,49;4498,5;9,3;16,31;1;2023;314;INATIVO;SÃO LUÍS DE MONTES BELOS;Dia 20;SIM;SUPERMERCADO;78;BRONZE
SUPERMERCADO SUPER É DE CASA;510490,36;16238,47;1623,85;2108,05;281,31;153;33;25;4;786;140;870,09;4006,96;0;16,01;2;2023;310;INATIVO;SÃO LUÍS DE MONTES BELOS;Dia 20;SIM;SUPERMERCADO;78;BRONZE
SUPERMERCADO SUPER É DE CASA;477400,83;15223,6;1522,36;1044,12;538,08;103;35;20;6;681;94;774,15;3564,71;0;58,04;3;2023;625;INATIVO;SÃO LUÍS DE MONTES BELOS;Dia 20;SIM;SUPERMERCADO;78;BRONZE
SUPERMERCADO SUPER É DE CASA;406072,6;12372,01;1237,2;426,3;315,8;70;36;15;8;610;97;698,87;3221,5;1,48;2,85;4;2023;557;INATIVO;SÃO LUÍS DE MONTES BELOS;Dia 20;SIM;SUPERMERCADO;78;BRONZE
SUPERMERCADO SUPER É DE CASA;398726,19;11418,62;1136,02;508,17;350,68;77;24;16;4;517;53;522,71;2401,18;0;0;6;2023;170;INATIVO;SÃO LUÍS DE MONTES BELOS;Dia 20;SIM;SUPERMERCADO;78;BRONZE
SUPERMERCADO SUPER É DE CASA;371117,3;10090,62;1009,06;692,36;300,44;84;18;11;0;528;74;531,08;2444,58;13,32;4,66;7;2023;196;INATIVO;SÃO LUÍS DE MONTES BELOS;Dia 20;SIM;SUPERMERCADO;78;BRONZE
SUPERMERCADO SUPER É DE CASA;369513,07;11127,97;1112,8;458,39;402,73;87;21;11;5;551;60;591,33;2724,94;0;0;5;2023;180;INATIVO;SÃO LUÍS DE MONTES BELOS;Dia 20;SIM;SUPERMERCADO;78;BRONZE
SUPERMERCADO SUPER É DE CASA;359916,8;7939,47;793,95;376,09;142,52;106;18;13;0;534;104;560,5;2575,92;27,56;13,19;8;2023;178;INATIVO;SÃO LUÍS DE MONTES BELOS;Dia 20;SIM;SUPERMERCADO;78;BRONZE
SUPERMERCADO SUPER É DE CASA;355857,02;7330,58;733,06;2381,88;258,55;225;76;48;17;496;109;584,71;2690,82;0;19,73;12;2023;0;INATIVO;SÃO LUÍS DE MONTES BELOS;Dia 20;SIM;SUPERMERCADO;78;BRONZE
SUPERMERCADO SUPER É DE CASA;345224,71;7580,39;758,04;554,48;274,98;138;50;21;0;526;124;558,93;2566,46;26,74;6,99;9;2023;168;INATIVO;SÃO LUÍS DE MONTES BELOS;Dia 20;SIM;SUPERMERCADO;78;BRONZE
SUPERMERCADO SUPER É DE CASA;306333;6964,74;696,47;386,26;302,84;121;40;17;0;227;114;506,1;2323,72;21,82;6,06;10;2023;227;INATIVO;SÃO LUÍS DE MONTES BELOS;Dia 20;SIM;SUPERMERCADO;78;BRONZE
SUPERMERCADO SUPER É DE CASA;285161,6;6612,95;661,3;639,2;109,76;100;38;17;0;235;66;419,78;1932,89;0;32,25;11;2023;235;INATIVO;SÃO LUÍS DE MONTES BELOS;Dia 20;SIM;SUPERMERCADO;78;BRONZE
SUPERMERCADO SUPER É DE CASA;267423,02;5934,38;593,44;2284,6;273,99;242;60;46;23;436;92;380,42;1750,59;1,32;64,02;1;2024;308;INATIVO;SÃO LUÍS DE MONTES BELOS;Dia 20;SIM;SUPERMERCADO;78;BRONZE
SUPERMERCADO SUPER GOIÁS;1169281,28;24774,13;2970,15;0,75;21,12;9;7;0;0;5;5;106,06;161,5;0;2598,39;4;2026;10;ATIVO;GOIÂNIA;Dia 25;SIM;SUPERMERCADO;199;PRATA
SUPERMERCADO SUPER GOIÁS;904585,21;27097,06;3250,37;6,73;16,58;12;31;0;0;7;7;84,96;130,81;0;1703,38;5;2026;7;ATIVO;GOIÂNIA;Dia 25;SIM;SUPERMERCADO;199;PRATA
SUPERMERCADO SUPER GOIÁS;896962,65;30750,63;3690,08;53,25;253,77;23;12;3;0;10;10;877,11;3690,75;0;5,41;12;2025;15;ATIVO;GOIÂNIA;Dia 25;SIM;SUPERMERCADO;199;PRATA
SUPERMERCADO SUPER GOIÁS;853182,69;27689,94;3294,29;50;86,82;16;5;0;0;5;6;79,46;123,89;0;1844,48;3;2026;10;ATIVO;GOIÂNIA;Dia 25;SIM;SUPERMERCADO;199;PRATA
SUPERMERCADO SUPER GOIÁS;852601,45;25679,26;3081,51;1,2;1,5;2;0;0;6;2;2;0,8;3,84;0;3,52;7;2026;1;ATIVO;GOIÂNIA;Dia 25;SIM;SUPERMERCADO;199;PRATA
SUPERMERCADO SUPER GOIÁS;849753,76;28392,21;3403,08;257,66;226,86;9;5;3;0;6;8;794,2;3300,19;2,42;27,11;8;2025;8;ATIVO;GOIÂNIA;Dia 25;SIM;SUPERMERCADO;199;PRATA
SUPERMERCADO SUPER GOIÁS;845212,45;26166,51;3139,98;55,69;6,69;12;19;5;0;4;4;79,9;123,53;0;46,8;6;2026;5;ATIVO;GOIÂNIA;Dia 25;SIM;SUPERMERCADO;199;PRATA
SUPERMERCADO SUPER GOIÁS;831508,16;28405,88;1678,12;2653,79;224,39;93;6;6;0;37;41;157,48;423,05;41,12;149,91;5;2025;80;ATIVO;GOIÂNIA;Dia 25;SIM;SUPERMERCADO;199;PRATA
SUPERMERCADO SUPER GOIÁS;827465,97;32067,41;3748,57;159,67;210,48;11;5;4;0;3;3;762,82;3181,79;0;17,38;10;2025;11;ATIVO;GOIÂNIA;Dia 25;SIM;SUPERMERCADO;199;PRATA
SUPERMERCADO SUPER GOIÁS;818114,88;28768,28;3448;25,89;18,8;12;6;4;0;9;9;82,31;122,22;0;299,33;1;2026;16;ATIVO;GOIÂNIA;Dia 25;SIM;SUPERMERCADO;199;PRATA
SUPERMERCADO SUPER GOIÁS;817740,06;27728,27;3327,39;239,66;230,53;9;4;4;0;6;9;780,72;3251,27;1,03;30,82;7;2025;6;ATIVO;GOIÂNIA;Dia 25;SIM;SUPERMERCADO;199;PRATA
SUPERMERCADO SUPER GOIÁS;806499,13;29419,38;29419,38;74,95;212,16;9;6;4;0;1;1;755,89;3160,29;0;0,36;11;2025;8;ATIVO;GOIÂNIA;Dia 25;SIM;SUPERMERCADO;199;PRATA
SUPERMERCADO SUPER GOIÁS;799251,78;28868,94;3464,27;172,18;212,85;14;9;5;0;4;5;750,28;3124,09;0;17,47;9;2025;15;ATIVO;GOIÂNIA;Dia 25;SIM;SUPERMERCADO;199;PRATA
SUPERMERCADO SUPER GOIÁS;772304,84;27639,21;3316,71;215,08;218,35;8;3;2;0;15;18;115,31;261,91;20,08;36,9;6;2025;6;ATIVO;GOIÂNIA;Dia 25;SIM;SUPERMERCADO;199;PRATA
SUPERMERCADO SUPER GOIÁS;762938,63;25137,02;493,29;3347,76;362,02;128;33;10;0;27;27;149,44;438,26;7,36;177,39;4;2025;112;ATIVO;GOIÂNIA;Dia 25;SIM;SUPERMERCADO;199;PRATA
SUPERMERCADO SUPER GOIÁS;757451,65;16791,02;0;2932,68;330,1;115;26;13;0;42;43;132,52;362,23;11,33;359,35;3;2025;88;ATIVO;GOIÂNIA;Dia 25;SIM;SUPERMERCADO;199;PRATA
SUPERMERCADO SUPER GOIÁS;729360,14;23318,75;2741,12;78,96;15,56;13;3;0;0;5;5;71,31;112,37;0;1573,84;2;2026;6;ATIVO;GOIÂNIA;Dia 25;SIM;SUPERMERCADO;199;PRATA
SUPERMERCADO SUPER GOIÁS;678909,56;17465,33;0;2842,34;251,21;91;15;5;0;33;34;119,54;324,88;7,97;274,11;2;2025;79;ATIVO;GOIÂNIA;Dia 25;SIM;SUPERMERCADO;199;PRATA
SUPERMERCADO SUPER LÍDER;1086409,1;0;0;11003,34;588,1;622;82;52;0;0;0;0;0;0;0;12;2024;192;ATIVO;APARECIDA DE GOIÂNIA;Dia 30;NÃO;SUPERMERCADO;214;BRONZE
SUPERMERCADO SUPER LÍDER;1074358,65;0;0;6477,27;345,46;505;59;34;9;0;0;0;0;0;0;7;2024;147;ATIVO;APARECIDA DE GOIÂNIA;Dia 30;NÃO;SUPERMERCADO;214;BRONZE
SUPERMERCADO SUPER LÍDER;1052727,74;0;0;10561,5;522,34;605;74;47;0;0;0;0;0;0;0;1;2025;187;ATIVO;APARECIDA DE GOIÂNIA;Dia 30;NÃO;SUPERMERCADO;214;BRONZE
SUPERMERCADO SUPER LÍDER;1049101,38;0;0;432,97;171,56;64;11;2;0;42;47;75,02;363,18;9,9;452,1;12;2025;39;ATIVO;APARECIDA DE GOIÂNIA;Dia 30;NÃO;SUPERMERCADO;214;BRONZE
SUPERMERCADO SUPER LÍDER;1030399,12;0;0;627,1;131,83;91;9;2;0;0;0;0;0;0;0;4;2025;76;ATIVO;APARECIDA DE GOIÂNIA;Dia 30;NÃO;SUPERMERCADO;214;BRONZE
SUPERMERCADO SUPER LÍDER;1021903,49;0;0;263,78;100,01;60;5;0;0;36;36;8,59;39,34;15,96;495,03;8;2025;55;ATIVO;APARECIDA DE GOIÂNIA;Dia 30;NÃO;SUPERMERCADO;214;BRONZE
SUPERMERCADO SUPER LÍDER;1017837,68;0;0;9082,03;529,23;551;65;37;10;0;0;0;0;0;0;8;2024;148;ATIVO;APARECIDA DE GOIÂNIA;Dia 30;NÃO;SUPERMERCADO;214;BRONZE
SUPERMERCADO SUPER LÍDER;1008519,91;0;0;592,78;548,33;137;33;91;0;91;98;104,33;491,82;24,83;556,06;2;2026;95;ATIVO;APARECIDA DE GOIÂNIA;Dia 30;NÃO;SUPERMERCADO;214;BRONZE
SUPERMERCADO SUPER LÍDER;1005067,53;0;0;475,84;114,67;79;6;0;0;47;46;12,97;66,49;13,42;786,17;5;2025;74;ATIVO;APARECIDA DE GOIÂNIA;Dia 30;NÃO;SUPERMERCADO;214;BRONZE
SUPERMERCADO SUPER LÍDER;982435,51;0;0;508,73;112,13;71;5;1;0;36;36;8,29;41,64;11,21;662,31;6;2025;71;ATIVO;APARECIDA DE GOIÂNIA;Dia 30;NÃO;SUPERMERCADO;214;BRONZE
SUPERMERCADO SUPER LÍDER;979205,16;0;0;761,76;376,27;99;20;3;0;50;55;81,83;389,28;6,29;511,77;1;2026;63;ATIVO;APARECIDA DE GOIÂNIA;Dia 30;NÃO;SUPERMERCADO;214;BRONZE
SUPERMERCADO SUPER LÍDER;978252,72;0;0;265,57;48,65;44;4;0;0;43;46;15,13;73,6;11,38;419,99;10;2025;32;ATIVO;APARECIDA DE GOIÂNIA;Dia 30;NÃO;SUPERMERCADO;214;BRONZE
SUPERMERCADO SUPER LÍDER;976914,07;0;0;10340,62;527,11;596;72;45;0;0;0;0;0;0;0;2;2025;186;ATIVO;APARECIDA DE GOIÂNIA;Dia 30;NÃO;SUPERMERCADO;214;BRONZE
SUPERMERCADO SUPER LÍDER;972843,72;0;0;386,94;68,82;65;5;0;0;32;32;11,87;59,35;14,04;631,56;7;2025;60;ATIVO;APARECIDA DE GOIÂNIA;Dia 30;NÃO;SUPERMERCADO;214;BRONZE
SUPERMERCADO SUPER LÍDER;947966,33;0;0;7901,91;480,43;527;65;39;9;0;0;0;0;0;0;9;2024;146;ATIVO;APARECIDA DE GOIÂNIA;Dia 30;NÃO;SUPERMERCADO;214;BRONZE
SUPERMERCADO SUPER LÍDER;914391,46;0;0;9935,4;510,97;565;81;52;9;0;0;0;0;0;0;10;2024;176;ATIVO;APARECIDA DE GOIÂNIA;Dia 30;NÃO;SUPERMERCADO;214;BRONZE
SUPERMERCADO SUPER LÍDER;869163,62;0;0;2920,12;1749,18;994;71;51;0;0;0;0;0;0;0;3;2025;506;ATIVO;APARECIDA DE GOIÂNIA;Dia 30;NÃO;SUPERMERCADO;214;BRONZE
SUPERMERCADO SUPER LÍDER;868427,74;0;0;9299,48;478,76;585;69;40;0;0;0;0;0;0;0;11;2024;177;ATIVO;APARECIDA DE GOIÂNIA;Dia 30;NÃO;SUPERMERCADO;214;BRONZE
SUPERMERCADO SUPER LÍDER;815979,55;0;0;566,03;214,71;94;23;3;0;74;78;58,35;279,04;34,6;425,36;2;2026;83;ATIVO;APARECIDA DE GOIÂNIA;Dia 30;NÃO;SUPERMERCADO;214;BRONZE
SUPERMERCADO SUPER LÍDER;245199,46;0;0;2490,51;39,5;524;40;21;6;0;0;0;0;0;0;3;2024;93;ATIVO;APARECIDA DE GOIÂNIA;Dia 30;NÃO;SUPERMERCADO;214;BRONZE
SUPERMERCADO SUPER LÍDER;163440,77;0;0;10229,32;138,79;813;175;122;0;0;0;0;0;0;0;10;2023;394;ATIVO;APARECIDA DE GOIÂNIA;Dia 30;NÃO;SUPERMERCADO;214;BRONZE
SUPERMERCADO SUPER LÍDER;159293,59;0;0;1359,45;19,04;134;32;16;5;0;0;0;0;0;0;2;2024;73;ATIVO;APARECIDA DE GOIÂNIA;Dia 30;NÃO;SUPERMERCADO;214;BRONZE
SUPERMERCADO SUPER LÍDER;156084,16;0;0;731,19;15,02;133;23;15;10;0;0;0;0;0;0;1;2024;68;ATIVO;APARECIDA DE GOIÂNIA;Dia 30;NÃO;SUPERMERCADO;214;BRONZE
SUPERMERCADO SUPER LÍDER;133915,85;0;0;8062,33;85,91;747;163;109;0;0;0;0;0;0;0;9;2023;369;ATIVO;APARECIDA DE GOIÂNIA;Dia 30;NÃO;SUPERMERCADO;214;BRONZE
SUPERMERCADO SUPER LÍDER;133501,97;0;0;570,98;31,16;103;38;18;10;0;0;0;0;0;0;12;2023;54;ATIVO;APARECIDA DE GOIÂNIA;Dia 30;NÃO;SUPERMERCADO;214;BRONZE
SUPERMERCADO SUPER LÍDER;129989,26;0;0;2480,02;37,65;481;123;69;0;0;0;0;0;0;0;11;2023;268;ATIVO;APARECIDA DE GOIÂNIA;Dia 30;NÃO;SUPERMERCADO;214;BRONZE
SUPERMERCADO SUPER MAIS;347291,38;0;0;495,52;439,21;73;37;12;0;56;79;24,01;114,07;0;105,81;3;2026;88;ATIVO;AGUA FRIA DE GOIAS;Dia 10;NÃO;SUPERMERCADO;35;OURO
SUPERMERCADO SUPER MAIS;294476,37;0;0;621,28;8876,45;924;816;89;0;1415;1571;666,55;3078,35;0;51,67;2;2026;1074;ATIVO;AGUA FRIA DE GOIAS;Dia 10;NÃO;SUPERMERCADO;35;OURO
SUPERMERCADO SUPER MAIS;292722,78;0;0;14,51;61,95;29;14;2;0;11;12;0,48;0;0;13,77;6;2026;15;ATIVO;AGUA FRIA DE GOIAS;Dia 10;NÃO;SUPERMERCADO;35;OURO
SUPERMERCADO SUPER MAIS;285783,52;0;0;253,85;59,86;28;23;7;0;37;57;4,54;22,4;0;79,49;4;2026;36;ATIVO;AGUA FRIA DE GOIAS;Dia 10;NÃO;SUPERMERCADO;35;OURO
SUPERMERCADO SUPER MAIS;280954,25;0;0;49,93;13,87;10;14;1;0;19;22;2,57;12,83;0;52,06;5;2026;13;ATIVO;AGUA FRIA DE GOIAS;Dia 10;NÃO;SUPERMERCADO;35;OURO
SUPERMERCADO SUPER MAIS;269237,99;0;0;49,6;121,22;29;13;2;0;34;31;2,79;0;2,83;40,34;7;2026;30;ATIVO;AGUA FRIA DE GOIAS;Dia 10;NÃO;SUPERMERCADO;35;OURO
SUPERMERCADO SUPER MAIS;189856,32;0;0;28,06;0,38;5;3;0;13;5;8;188,32;974,48;0;18,52;8;2026;1;ATIVO;AGUA FRIA DE GOIAS;Dia 10;NÃO;SUPERMERCADO;35;OURO
SUPERMERCADO SUPER NOBRE;668708,54;0;0;165,4;158,34;33;33;3;0;28;28;0;89,73;32,56;69,98;6;2026;23;ATIVO;FORMOSA;Dia 15;NÃO;SUPERMERCADO;144;BRONZE
SUPERMERCADO SUPER NOBRE;641796,58;0;0;169,24;68,49;31;30;4;0;30;30;10,04;44,73;49,99;60,92;5;2026;16;ATIVO;FORMOSA;Dia 15;NÃO;SUPERMERCADO;144;BRONZE
SUPERMERCADO SUPER NOBRE;604108,23;0;0;44,45;158,5;35;31;3;0;31;31;23,85;107,41;33;19,39;8;2026;20;ATIVO;FORMOSA;Dia 15;NÃO;SUPERMERCADO;144;BRONZE
SUPERMERCADO SUPER NOBRE;560855,92;0;0;133,42;235,95;58;34;18;0;30;30;20,1;91,67;12,93;68,05;4;2026;30;ATIVO;FORMOSA;Dia 15;NÃO;SUPERMERCADO;144;BRONZE
SUPERMERCADO SUPER NOBRE;505799,25;0;0;145,1;97,14;41;22;11;0;19;19;16,41;73,64;30,5;14,94;3;2026;23;ATIVO;FORMOSA;Dia 15;NÃO;SUPERMERCADO;144;BRONZE
SUPERMERCADO SUPER NOBRE;494351,98;0;0;102,24;68,43;38;19;9;0;16;17;10,06;44,29;22,05;18,36;12;2025;24;ATIVO;FORMOSA;Dia 15;NÃO;SUPERMERCADO;144;BRONZE
SUPERMERCADO SUPER NOBRE;471928,95;0;0;209,45;80,29;41;19;13;0;29;30;11,72;52,18;29,94;86,74;1;2026;21;ATIVO;FORMOSA;Dia 15;NÃO;SUPERMERCADO;144;BRONZE
SUPERMERCADO SUPER NOBRE;443122,1;0;0;163,61;85,87;47;22;9;0;23;24;7,28;32,29;42,42;24,05;2;2026;36;ATIVO;FORMOSA;Dia 15;NÃO;SUPERMERCADO;144;BRONZE
SUPERMERCADO SUPER NOBRE;437089,17;0;0;114,22;115,74;49;25;18;0;23;25;7,29;31,85;33,15;3,22;10;2025;22;ATIVO;FORMOSA;Dia 15;NÃO;SUPERMERCADO;144;BRONZE
SUPERMERCADO SUPER NOBRE;435389,5;0;0;862;13,98;16;4;2;0;7;8;1,65;5,98;2,4;626,94;5;2025;10;ATIVO;FORMOSA;Dia 15;NÃO;SUPERMERCADO;144;BRONZE
SUPERMERCADO SUPER NOBRE;429339,19;0;0;64,92;98,46;24;15;10;0;12;12;3,22;13,88;12,77;0;9;2025;8;ATIVO;FORMOSA;Dia 15;NÃO;SUPERMERCADO;144;BRONZE
SUPERMERCADO SUPER NOBRE;428259,93;0;0;29,47;42,22;16;8;5;0;6;7;0,94;3,04;17,29;0;7;2025;11;ATIVO;FORMOSA;Dia 15;NÃO;SUPERMERCADO;144;BRONZE
SUPERMERCADO SUPER NOBRE;423118,42;0;0;55,2;69,69;22;12;8;0;13;14;2,08;8,25;16,55;1,46;8;2025;12;ATIVO;FORMOSA;Dia 15;NÃO;SUPERMERCADO;144;BRONZE
SUPERMERCADO SUPER NOBRE;402768,16;0;0;45,34;16,66;20;3;2;0;10;11;2,75;10,99;5,16;4,5;6;2025;13;ATIVO;FORMOSA;Dia 15;NÃO;SUPERMERCADO;144;BRONZE
SUPERMERCADO SUPER NOBRE;379594,4;0;0;1473;989,63;258;33;28;0;29;46;27,25;123,52;5,64;406,92;4;2025;62;ATIVO;FORMOSA;Dia 15;NÃO;SUPERMERCADO;144;BRONZE
SUPERMERCADO SUPER NOBRE;120653,41;0;0;600,25;897,95;211;447;26;0;5;10;0,69;2,89;0;0,67;3;2025;22;ATIVO;FORMOSA;Dia 15;NÃO;SUPERMERCADO;144;BRONZE
SUPERMERCADO SUPER REZENDE;1157402,05;0;0;19,07;51,04;5;4;3;0;3;5;20,01;93,94;0;19,02;12;2025;3;ATIVO;SÃO DOMINGOS;Dia 30;NÃO;SUPERMERCADO;221;PRATA
SUPERMERCADO SUPER REZENDE;1115667,45;0;0;12,73;13;5;0;0;0;3;3;166,96;770,45;0;0;7;2025;1;ATIVO;SÃO DOMINGOS;Dia 30;NÃO;SUPERMERCADO;221;PRATA
SUPERMERCADO SUPER REZENDE;1066615,71;0;0;0,33;117,32;23;8;2;0;16;17;52,35;248,88;0;0;12;2024;7;ATIVO;SÃO DOMINGOS;Dia 30;NÃO;SUPERMERCADO;221;PRATA
SUPERMERCADO SUPER REZENDE;1037694,92;0;0;2,74;4,86;3;0;0;0;4;6;153,21;706,89;0;13,24;6;2025;0;ATIVO;SÃO DOMINGOS;Dia 30;NÃO;SUPERMERCADO;221;PRATA
SUPERMERCADO SUPER REZENDE;1032518,22;0;0;434,82;123,55;27;12;4;0;31;33;197,4;918,21;12,93;19,3;5;2025;21;ATIVO;SÃO DOMINGOS;Dia 30;NÃO;SUPERMERCADO;221;PRATA
SUPERMERCADO SUPER REZENDE;1010623,51;0;0;374,13;67,2;15;10;4;0;25;26;53,15;244,47;5,86;10,66;3;2025;14;ATIVO;SÃO DOMINGOS;Dia 30;NÃO;SUPERMERCADO;221;PRATA
SUPERMERCADO SUPER REZENDE;1008419,16;0;0;224,06;86,5;18;9;5;0;13;15;58,78;271,54;5,04;0;4;2025;12;ATIVO;SÃO DOMINGOS;Dia 30;NÃO;SUPERMERCADO;221;PRATA
SUPERMERCADO SUPER REZENDE;1006596,8;0;0;537,94;572,38;143;44;18;259;78;91;89,25;410,57;3,97;447,56;7;2024;53;ATIVO;SÃO DOMINGOS;Dia 30;NÃO;SUPERMERCADO;221;PRATA
SUPERMERCADO SUPER REZENDE;1001924,55;0;0;15,55;26,96;8;1;1;0;2;4;17,85;83,71;0;0;8;2025;3;ATIVO;SÃO DOMINGOS;Dia 30;NÃO;SUPERMERCADO;221;PRATA
SUPERMERCADO SUPER REZENDE;1001392,12;0;0;68,93;5,56;5;2;2;0;1;3;30,99;143,74;0;0;10;2025;3;ATIVO;SÃO DOMINGOS;Dia 30;NÃO;SUPERMERCADO;221;PRATA
SUPERMERCADO SUPER REZENDE;1000608,79;0;0;6,48;1,5;3;0;0;0;4;8;3,14;15,23;0;0,56;5;2026;4;ATIVO;SÃO DOMINGOS;Dia 30;NÃO;SUPERMERCADO;221;PRATA
SUPERMERCADO SUPER REZENDE;994396,45;0;0;61,63;4,45;5;3;0;0;7;10;16,49;75,95;0;3,85;6;2026;5;ATIVO;SÃO DOMINGOS;Dia 30;NÃO;SUPERMERCADO;221;PRATA
SUPERMERCADO SUPER REZENDE;982436,33;0;0;0;11,52;4;2;0;0;0;3;1,1;4,15;0;0;4;2026;3;ATIVO;SÃO DOMINGOS;Dia 30;NÃO;SUPERMERCADO;221;PRATA
SUPERMERCADO SUPER REZENDE;968390,27;0;0;547,92;1448,4;192;50;11;233;75;77;94,27;436,64;3,34;428,79;5;2024;60;ATIVO;SÃO DOMINGOS;Dia 30;NÃO;SUPERMERCADO;221;PRATA
SUPERMERCADO SUPER REZENDE;963481,77;0;0;0,08;15,92;2;4;3;0;1;3;2,47;7,82;0;0;1;2026;2;ATIVO;SÃO DOMINGOS;Dia 30;NÃO;SUPERMERCADO;221;PRATA
SUPERMERCADO SUPER REZENDE;959411,04;0;0;1,48;85,3;18;10;0;0;18;25;11,92;55,96;0;4,13;11;2024;12;ATIVO;SÃO DOMINGOS;Dia 30;NÃO;SUPERMERCADO;221;PRATA
SUPERMERCADO SUPER REZENDE;955852,54;0;0;7,78;48,21;5;8;4;0;3;3;1,11;5,64;0;0;3;2026;5;ATIVO;SÃO DOMINGOS;Dia 30;NÃO;SUPERMERCADO;221;PRATA
SUPERMERCADO SUPER REZENDE;952071,97;0;0;222,02;132,45;40;25;10;228;19;21;12,97;59,08;1,78;119,17;10;2024;18;ATIVO;SÃO DOMINGOS;Dia 30;NÃO;SUPERMERCADO;221;PRATA
SUPERMERCADO SUPER REZENDE;951284,18;0;0;44,48;101,87;32;11;2;0;29;33;24,96;115,5;2,48;24,25;1;2025;15;ATIVO;SÃO DOMINGOS;Dia 30;NÃO;SUPERMERCADO;221;PRATA
SUPERMERCADO SUPER REZENDE;943229,32;0;0;557,69;1252,55;160;41;13;227;74;82;108,18;499,1;10,78;443;6;2024;53;ATIVO;SÃO DOMINGOS;Dia 30;NÃO;SUPERMERCADO;221;PRATA
SUPERMERCADO SUPER REZENDE;939867,45;0;0;198,26;155,87;112;24;9;235;48;49;11,31;50,84;0;41,92;8;2024;28;ATIVO;SÃO DOMINGOS;Dia 30;NÃO;SUPERMERCADO;221;PRATA
SUPERMERCADO SUPER REZENDE;934451,65;0;0;47,31;6,58;5;1;1;0;1;3;33,91;156,41;6,24;0;9;2025;3;ATIVO;SÃO DOMINGOS;Dia 30;NÃO;SUPERMERCADO;221;PRATA
SUPERMERCADO SUPER REZENDE;934087,67;0;0;25,05;17,14;16;4;3;225;16;7;25,15;113,46;0;0;9;2024;28;ATIVO;SÃO DOMINGOS;Dia 30;NÃO;SUPERMERCADO;221;PRATA
SUPERMERCADO SUPER REZENDE;908083,55;0;0;0,35;5,07;3;5;5;0;2;3;1,89;7,74;0;0;2;2026;1;ATIVO;SÃO DOMINGOS;Dia 30;NÃO;SUPERMERCADO;221;PRATA
SUPERMERCADO SUPER REZENDE;907291,84;0;0;1552,47;6163,72;2555;132;48;245;137;158;150,9;694,51;0,86;120,82;4;2024;132;ATIVO;SÃO DOMINGOS;Dia 30;NÃO;SUPERMERCADO;221;PRATA
SUPERMERCADO SUPER REZENDE;859613,77;0;0;194,55;88,14;30;17;4;0;34;37;27,69;131,6;7,44;36,41;2;2025;22;ATIVO;SÃO DOMINGOS;Dia 30;NÃO;SUPERMERCADO;221;PRATA
SUPERMERCADO SUPER RICK;1345647,22;43162,74;5152,06;531,11;353,56;141;18;6;0;418;660;551,93;2543,7;39,35;51,1;5;2026;86;ATIVO;PLANALTINA;Dia 30;SIM;SUPERMERCADO;208;BRONZE
SUPERMERCADO SUPER RICK;1240508,73;0;0;132,02;10525,99;125;19;9;7;109;144;641,83;2974,96;86,89;303,21;12;2022;0;ATIVO;PLANALTINA;Dia 30;NÃO;SUPERMERCADO;208;BRONZE
SUPERMERCADO SUPER RICK;1235777,74;44131,92;5286,94;155,89;410,89;122;21;7;0;429;652;618,43;2847,74;15,16;99,34;6;2026;87;ATIVO;PLANALTINA;Dia 30;SIM;SUPERMERCADO;208;BRONZE
SUPERMERCADO SUPER RICK;1229822,63;43199,67;5073,06;593,9;790,94;230;45;15;0;455;673;528,7;2443,22;43,82;69,21;4;2026;113;ATIVO;PLANALTINA;Dia 30;SIM;SUPERMERCADO;208;BRONZE
SUPERMERCADO SUPER RICK;1186550,31;46187,95;5410,54;414,8;415,63;136;12;23;0;410;623;1560,67;7604,12;36,49;50,53;7;2026;96;ATIVO;PLANALTINA;Dia 30;SIM;SUPERMERCADO;208;BRONZE
SUPERMERCADO SUPER RICK;1155053,79;0;0;61330,52;9743,25;1545;512;221;7;883;991;1102;5113,64;677,99;13491,81;8;2022;0;ATIVO;PLANALTINA;Dia 30;NÃO;SUPERMERCADO;208;BRONZE
SUPERMERCADO SUPER RICK;1150329,16;0;0;111,17;1008,51;439;16;9;4;173;222;145,73;675,38;62,1;319,71;3;2023;703;ATIVO;PLANALTINA;Dia 30;NÃO;SUPERMERCADO;208;BRONZE
SUPERMERCADO SUPER RICK;1128536,02;45570,61;5316,51;396,62;781,35;290;47;11;0;428;627;509,7;2356,56;57,45;51,92;3;2026;112;ATIVO;PLANALTINA;Dia 30;SIM;SUPERMERCADO;208;BRONZE
SUPERMERCADO SUPER RICK;1117604,12;22343,08;0;7879,52;10854,7;908;388;86;6;858;906;675,92;3090,56;1665,15;34928,63;6;2022;0;ATIVO;PLANALTINA;Dia 30;SIM;SUPERMERCADO;208;BRONZE
SUPERMERCADO SUPER RICK;1101504,87;41901,87;4905,63;1183,72;350,34;153;23;5;0;292;456;327,04;1522,25;145,99;179,33;5;2025;32;ATIVO;PLANALTINA;Dia 30;SIM;SUPERMERCADO;208;BRONZE
SUPERMERCADO SUPER RICK;1099407,06;0;0;56,85;8478,23;1503;190;13;4;151;190;517,46;2401,36;42,24;368,35;2;2023;712;ATIVO;PLANALTINA;Dia 30;NÃO;SUPERMERCADO;208;BRONZE
SUPERMERCADO SUPER RICK;1091725,65;32766,04;3255,38;180;1523,23;163;33;3;83;299;393;1087,5;5367,24;17,61;257,36;12;2023;59;ATIVO;PLANALTINA;Dia 30;SIM;SUPERMERCADO;208;BRONZE
SUPERMERCADO SUPER RICK;1075958,77;34425,75;4131,08;62,03;492,97;95;17;15;68;241;358;1201,32;5934,27;17,75;31,63;5;2024;117;ATIVO;PLANALTINA;Dia 30;SIM;SUPERMERCADO;208;BRONZE
SUPERMERCADO SUPER RICK;1062071,9;0;0;69927,41;7832,61;1157;279;200;5;125;186;476,77;2212,88;24,01;1638,1;9;2022;0;ATIVO;PLANALTINA;Dia 30;NÃO;SUPERMERCADO;208;BRONZE
SUPERMERCADO SUPER RICK;1061083,93;0;0;63069,11;7273,19;1128;259;185;5;142;229;497,15;2314,73;34,75;919,25;10;2022;0;ATIVO;PLANALTINA;Dia 30;NÃO;SUPERMERCADO;208;BRONZE
SUPERMERCADO SUPER RICK;1050199,72;35039,45;4204,73;75,81;435,31;92;15;13;62;253;372;345,19;1603,95;73,67;63,69;6;2024;117;ATIVO;PLANALTINA;Dia 30;SIM;SUPERMERCADO;208;BRONZE
SUPERMERCADO SUPER RICK;1027988,22;34425,75;4131,08;289,17;320,4;537;23;6;68;248;342;1069,72;5389,43;47,02;58,12;3;2024;55;ATIVO;PLANALTINA;Dia 30;SIM;SUPERMERCADO;208;BRONZE
SUPERMERCADO SUPER RICK;1027758,17;31859,64;3038,25;564,52;743,5;100;15;7;3;228;303;259,41;1201,1;18,23;100,59;7;2023;794;ATIVO;PLANALTINA;Dia 30;SIM;SUPERMERCADO;208;BRONZE
SUPERMERCADO SUPER RICK;1026035,88;41207,98;4880,01;199,99;532,7;221;33;6;0;404;601;440,41;2032,75;19,57;104,13;1;2026;119;ATIVO;PLANALTINA;Dia 30;SIM;SUPERMERCADO;208;BRONZE
SUPERMERCADO SUPER RICK;1020867,55;35135,2;4162,41;277,16;485,54;99;16;4;0;323;453;399,42;1853,89;38,69;390,18;12;2024;19;ATIVO;PLANALTINA;Dia 30;SIM;SUPERMERCADO;208;BRONZE
SUPERMERCADO SUPER RICK;1016466,87;37373,56;4401,75;289,18;572,45;243;32;4;0;400;601;444,31;2052,4;47,07;40,65;2;2026;115;ATIVO;PLANALTINA;Dia 30;SIM;SUPERMERCADO;208;BRONZE
SUPERMERCADO SUPER RICK;1008798,32;38615,98;4273,95;311,53;488,86;157;26;2;0;320;494;431,72;2004,76;46,67;298,78;8;2025;28;ATIVO;PLANALTINA;Dia 30;SIM;SUPERMERCADO;208;BRONZE
SUPERMERCADO SUPER RICK;1007296,95;39012,5;4079,44;345,46;325,35;141;27;3;0;306;480;384,49;1785,76;59,32;95,02;7;2025;31;ATIVO;PLANALTINA;Dia 30;SIM;SUPERMERCADO;208;BRONZE
SUPERMERCADO SUPER RICK;1006460,92;30021,36;1662,31;1393,7;235,65;125;15;6;2;201;271;270,13;1253,11;20,22;58,81;6;2023;763;ATIVO;PLANALTINA;Dia 30;SIM;SUPERMERCADO;208;BRONZE
SUPERMERCADO SUPER RICK;982703,99;0;0;11743,16;8144,37;727;142;94;4;126;180;440,31;2046,97;31,06;588,08;11;2022;0;ATIVO;PLANALTINA;Dia 30;NÃO;SUPERMERCADO;208;BRONZE
SUPERMERCADO SUPER RICK;981615,61;514,31;22,04;158,81;526,77;167;21;21;3;193;236;142,43;660,25;41,6;306,34;4;2023;696;ATIVO;PLANALTINA;Dia 30;SIM;SUPERMERCADO;208;BRONZE
SUPERMERCADO SUPER RICK;981073,61;34823,33;4178,8;115,07;506,78;120;14;11;70;257;382;334,45;1555,26;16,92;28,6;7;2024;125;ATIVO;PLANALTINA;Dia 30;SIM;SUPERMERCADO;208;BRONZE
SUPERMERCADO SUPER RICK;975549,9;34924,41;4087,62;799,76;310,21;120;27;6;0;289;426;334,19;1556,43;160,36;183,41;3;2025;87;ATIVO;PLANALTINA;Dia 30;SIM;SUPERMERCADO;208;BRONZE
SUPERMERCADO SUPER RICK;973316,65;37772,31;4458,92;1308,29;293,59;133;34;6;0;244;392;328,8;1528,46;134,12;127,56;4;2025;96;ATIVO;PLANALTINA;Dia 30;SIM;SUPERMERCADO;208;BRONZE
SUPERMERCADO SUPER RICK;970209,97;35247,03;4213,84;54,92;604,16;166;537;3;0;342;537;430,95;1995,13;46,98;198,36;11;2025;30;ATIVO;PLANALTINA;Dia 30;SIM;SUPERMERCADO;208;BRONZE
SUPERMERCADO SUPER RICK;965766,49;38599,34;4603,63;82,27;755,38;211;40;2;0;368;575;454,5;2104,76;9,78;108,86;10;2025;47;ATIVO;PLANALTINA;Dia 30;SIM;SUPERMERCADO;208;BRONZE
SUPERMERCADO SUPER RICK;951667,4;34145,63;4063,43;290,8;381,44;115;19;2;0;294;444;397,1;1843,02;91,49;127,55;6;2025;87;ATIVO;PLANALTINA;Dia 30;SIM;SUPERMERCADO;208;BRONZE
SUPERMERCADO SUPER RICK;946115,89;34340,01;3406,9;261,24;687,61;87;19;9;3;214;314;277,49;1279,75;3,91;36,18;8;2023;773;ATIVO;PLANALTINA;Dia 30;SIM;SUPERMERCADO;208;BRONZE
SUPERMERCADO SUPER RICK;943261,09;35457,74;4176,37;150,97;173,33;66;5;2;69;277;419;338,22;1570,57;165,94;123,15;10;2024;20;ATIVO;PLANALTINA;Dia 30;SIM;SUPERMERCADO;208;BRONZE
SUPERMERCADO SUPER RICK;930963,46;38497,19;4452,36;231,24;615,56;162;21;1;0;334;520;423,04;1964,78;45,11;50,08;9;2025;29;ATIVO;PLANALTINA;Dia 30;SIM;SUPERMERCADO;208;BRONZE
SUPERMERCADO SUPER RICK;930475,36;0;0;128;8291,72;1481;11;8;5;117;142;503,81;2353,73;97,26;177,83;1;2023;724;ATIVO;PLANALTINA;Dia 30;NÃO;SUPERMERCADO;208;BRONZE
SUPERMERCADO SUPER RICK;924451,43;32053,26;3845,19;19,29;306,11;62;22;18;71;239;354;1037,67;5178,4;7,02;27,77;4;2024;104;ATIVO;PLANALTINA;Dia 30;SIM;SUPERMERCADO;208;BRONZE
SUPERMERCADO SUPER RICK;917134,57;28858,9;2872,78;175,26;575,51;92;13;7;3;226;331;248,89;1151,05;2,32;7,67;9;2023;153;ATIVO;PLANALTINA;Dia 30;SIM;SUPERMERCADO;208;BRONZE
SUPERMERCADO SUPER RICK;911617,09;32195,7;3850,55;238,64;218,97;72;14;4;0;270;390;341,78;1585,39;41,07;122,02;1;2025;60;ATIVO;PLANALTINA;Dia 30;SIM;SUPERMERCADO;208;BRONZE
SUPERMERCADO SUPER RICK;903183,68;30528,84;3047,16;153,55;625,92;141;54;6;3;266;372;282,21;1307,23;0;249,57;10;2023;101;ATIVO;PLANALTINA;Dia 30;SIM;SUPERMERCADO;208;BRONZE
SUPERMERCADO SUPER RICK;894830,99;16693,12;0;6933,64;8978,47;934;366;87;7;958;1078;580,18;2672,45;1243,75;30661,47;7;2022;0;ATIVO;PLANALTINA;Dia 30;SIM;SUPERMERCADO;208;BRONZE
SUPERMERCADO SUPER RICK;893763,66;32034,65;3778,28;316,28;209,37;80;18;3;0;261;394;324,46;1510,9;20,34;57,19;11;2024;21;ATIVO;PLANALTINA;Dia 30;SIM;SUPERMERCADO;208;BRONZE
SUPERMERCADO SUPER RICK;882678,71;26611,67;2661,17;206,4;649,15;159;45;7;68;247;340;865,38;4379,01;64,51;69,45;2;2024;60;ATIVO;PLANALTINA;Dia 30;SIM;SUPERMERCADO;208;BRONZE
SUPERMERCADO SUPER RICK;878410,92;24538,71;2842,29;105,92;257,72;82;7;2;0;256;388;291,76;1360,9;82,3;52,81;2;2025;74;ATIVO;PLANALTINA;Dia 30;SIM;SUPERMERCADO;208;BRONZE
SUPERMERCADO SUPER RICK;859350,77;27992,23;2779,57;209,73;635,28;159;24;7;80;261;347;883,5;4448,99;21,22;150,06;1;2024;62;ATIVO;PLANALTINA;Dia 30;SIM;SUPERMERCADO;208;BRONZE
SUPERMERCADO SUPER RICK;856849,58;28318,19;0;56,5;185,36;125;14;10;2;184;237;167,09;774,07;0,89;90,15;5;2023;750;ATIVO;PLANALTINA;Dia 30;SIM;SUPERMERCADO;208;BRONZE
SUPERMERCADO SUPER RICK;819085,94;31190,63;3596,33;240,23;212,77;83;8;0;70;252;393;307,69;1424,95;7,81;69,21;8;2024;18;ATIVO;PLANALTINA;Dia 30;SIM;SUPERMERCADO;208;BRONZE
SUPERMERCADO SUPER RICK;786875,06;28129,72;3330,13;85,45;83,51;44;5;2;66;240;384;310,94;1449,12;60,28;23,25;9;2024;25;ATIVO;PLANALTINA;Dia 30;SIM;SUPERMERCADO;208;BRONZE
SUPERMERCADO SUPER RICK;501259,38;16989,7;1686,1;89,98;335,33;96;20;3;3;223;312;467,34;2330,45;2,01;198,69;11;2023;33;ATIVO;PLANALTINA;Dia 30;SIM;SUPERMERCADO;208;BRONZE
SUPERMERCADO SUPERBUSO;2505187,55;0;0;238,77;363,02;66;48;13;8;50;50;69,19;319,03;53,15;392,62;7;2026;13;ATIVO;ITAPACI;Dia 10;NÃO;SUPERMERCADO;36;PRATA
SUPERMERCADO SUPERBUSO;2370914,94;0;0;16,32;56,26;15;9;1;8;6;6;16,3;75;16,82;56,11;8;2026;8;ATIVO;ITAPACI;Dia 10;NÃO;SUPERMERCADO;36;PRATA
SUPERMERCADO SUPERBUSO;2278755,96;0;0;740,05;994,34;167;89;29;258;171;175;221,57;1020,26;75,22;0;6;2026;121;ATIVO;ITAPACI;Dia 10;NÃO;SUPERMERCADO;36;PRATA
SUPERMERCADO SUPERMAIS;852447,48;61008,1;6888,81;614,99;64,25;44;39;15;0;27;30;0;73,52;4,7;59,56;8;2026;25;ATIVO;ITUMBIARA;Dia 10;SIM;SUPERMERCADO;111;PRATA
"SUPERMERCADO SUPERMAIS
";911652,47;49344,78;5863,55;365,4;709,63;137;117;52;0;135;169;66,87;310,65;25,8;168,02;12;2025;32;ATIVO;ITUMBIARA;Dia 10;SIM;SUPERMERCADO;111;PRATA
"SUPERMERCADO SUPERMAIS
";895458,78;55686,99;6051,55;845,92;335,87;176;130;27;0;162;184;165,04;764;15,05;410,65;7;2025;88;ATIVO;ITUMBIARA;Dia 10;SIM;SUPERMERCADO;111;PRATA
"SUPERMERCADO SUPERMAIS
";840385,59;56595,45;6647,54;236,23;513,39;117;146;71;0;95;99;30,91;142,69;15,39;99,82;5;2026;40;ATIVO;ITUMBIARA;Dia 10;SIM;SUPERMERCADO;111;PRATA
"SUPERMERCADO SUPERMAIS
";831785,48;62142,85;7211,34;317,54;61,95;32;68;5;0;24;26;10,55;49,56;12,38;44,82;7;2026;19;ATIVO;ITUMBIARA;Dia 10;SIM;SUPERMERCADO;111;PRATA
"SUPERMERCADO SUPERMAIS
";829724,86;57574,1;6749,27;245,11;273,33;65;92;21;0;43;44;12,5;57,89;8,06;95,43;6;2026;30;ATIVO;ITUMBIARA;Dia 10;SIM;SUPERMERCADO;111;PRATA
"SUPERMERCADO SUPERMAIS
";823407,86;54657;6351,45;315,47;305,51;81;83;26;0;55;70;305,51;106,01;1,72;124,41;10;2025;18;ATIVO;ITUMBIARA;Dia 10;SIM;SUPERMERCADO;111;PRATA
"SUPERMERCADO SUPERMAIS
";803079,3;58780,75;6614,68;674,76;279,9;74;100;47;0;87;91;38,93;178,64;8,76;66,96;3;2026;26;ATIVO;ITUMBIARA;Dia 10;SIM;SUPERMERCADO;111;PRATA
"SUPERMERCADO SUPERMAIS
";794745,51;52853,98;6156,33;283,83;529,63;103;100;70;0;83;69;34,12;158,19;17,15;81,98;4;2026;24;ATIVO;ITUMBIARA;Dia 10;SIM;SUPERMERCADO;111;PRATA
"SUPERMERCADO SUPERMAIS
";794486,98;52804,84;6074,74;452;253,33;145;93;26;0;94;105;23,72;111,08;31,86;184,63;8;2025;35;ATIVO;ITUMBIARA;Dia 10;SIM;SUPERMERCADO;111;PRATA
"SUPERMERCADO SUPERMAIS
";786730,66;52871,72;6240,18;294,93;788,17;113;113;51;0;97;111;70,41;324,22;5,39;93,49;11;2025;18;ATIVO;ITUMBIARA;Dia 10;SIM;SUPERMERCADO;111;PRATA
"SUPERMERCADO SUPERMAIS
";776568,64;42373,35;3913,06;1613,56;559,69;200;123;34;0;195;223;261,87;1208,55;54,11;141,75;6;2025;73;ATIVO;ITUMBIARA;Dia 10;SIM;SUPERMERCADO;111;PRATA
"SUPERMERCADO SUPERMAIS
";754759,33;51248,38;5695,3;821,92;519,17;137;128;61;0;148;180;110,95;512,49;23,2;227,35;1;2026;39;ATIVO;ITUMBIARA;Dia 10;SIM;SUPERMERCADO;111;PRATA
"SUPERMERCADO SUPERMAIS
";751211,54;28093,35;2152,78;850,01;1360,23;432;73;5;0;47;55;52,61;240,08;0;39,11;12;2024;46;ATIVO;ITUMBIARA;Dia 10;SIM;SUPERMERCADO;111;PRATA
"SUPERMERCADO SUPERMAIS
";745350,05;50507,93;5721,71;539,78;190,44;135;80;18;0;99;101;41,93;193,96;18,73;113,16;9;2025;32;ATIVO;ITUMBIARA;Dia 10;SIM;SUPERMERCADO;111;PRATA
"SUPERMERCADO SUPERMAIS
";743908,82;51319,65;5859,06;594,67;560,9;111;119;60;0;109;121;61,1;282,77;19,16;103;2;2026;38;ATIVO;ITUMBIARA;Dia 10;SIM;SUPERMERCADO;111;PRATA
"SUPERMERCADO SUPERMAIS
";660237,68;30043,56;3383,44;538,53;193,76;115;61;8;0;94;109;79,93;365,77;7,03;89,84;5;2025;22;ATIVO;ITUMBIARA;Dia 10;SIM;SUPERMERCADO;111;PRATA
"SUPERMERCADO SUPERMAIS
";653658,11;16755,92;0;911,91;5295,35;635;110;10;0;99;105;100,8;466,56;4,55;268,61;11;2024;78;ATIVO;ITUMBIARA;Dia 10;SIM;SUPERMERCADO;111;PRATA
"SUPERMERCADO SUPERMAIS
";645395,42;27709,48;3157,52;398,69;166,69;56;69;5;0;55;67;49,8;227,26;3;61,04;3;2025;14;ATIVO;ITUMBIARA;Dia 10;SIM;SUPERMERCADO;111;PRATA
"SUPERMERCADO SUPERMAIS
";628874,64;27859,83;3196,17;856,66;183,04;77;71;8;0;82;91;58,62;268,54;33,05;27,58;1;2025;22;ATIVO;ITUMBIARA;Dia 10;SIM;SUPERMERCADO;111;PRATA
"SUPERMERCADO SUPERMAIS
";611432,25;25221,25;3026,55;388,32;142,63;89;63;6;0;67;80;43,21;199,89;8,4;34,35;4;2025;21;ATIVO;ITUMBIARA;Dia 10;SIM;SUPERMERCADO;111;PRATA
"SUPERMERCADO SUPERMAIS
";585547,64;27181,22;3083,31;903,79;187,63;97;76;9;0;103;117;63,21;289,28;17,15;47,49;2;2025;27;ATIVO;ITUMBIARA;Dia 10;SIM;SUPERMERCADO;111;PRATA
SUPERMERCADO TEMOS TUDO;564230,32;0;0;361,89;76,6;69;31;9;0;45;50;127,77;465,05;13,56;155,72;5;2026;40;ATIVO;GOIÂNIA;Dia 10;NÃO;SUPERMERCADO;37;BRONZE
SUPERMERCADO TEMOS TUDO;502511,05;0;0;122,78;24,55;41;15;9;0;12;12;46,32;87,73;2,65;11,78;6;2026;19;ATIVO;GOIÂNIA;Dia 10;NÃO;SUPERMERCADO;37;BRONZE
SUPERMERCADO TEMOS TUDO;416001,93;0;0;95,5;33,55;33;25;8;1;7;7;1,39;6,46;0,88;0,59;7;2026;5;ATIVO;GOIÂNIA;Dia 10;NÃO;SUPERMERCADO;37;BRONZE
SUPERMERCADO TIERTE;240915,81;0;0;221,97;588,55;562;13;9;1;775;76;467,68;2159,18;0;33,87;4;2024;24;INATIVO;POSSE;Dia 25;NÃO;SUPERMERCADO;73;BRONZE
SUPERMERCADO TIERTE;222226,53;0;0;269,3;339,4;289;6;3;1;797;115;485,34;2247,6;0;53,84;5;2024;7;INATIVO;POSSE;Dia 25;NÃO;SUPERMERCADO;73;BRONZE
SUPERMERCADO TIERTE;221683,79;0;0;153,41;291,45;241;14;8;1;698;84;399,84;1848,17;0;22,4;6;2024;17;INATIVO;POSSE;Dia 25;NÃO;SUPERMERCADO;73;BRONZE
SUPERMERCADO TIERTE;195085,21;0;0;72,25;310,97;233;12;11;0;671;106;355,17;1645,95;0;43,45;8;2024;11;INATIVO;POSSE;Dia 25;NÃO;SUPERMERCADO;73;BRONZE
SUPERMERCADO TIERTE;186421,44;0;0;220,08;125,09;149;12;8;0;8;8;4,46;20,18;2,28;51,54;5;2025;39;INATIVO;POSSE;Dia 25;NÃO;SUPERMERCADO;73;BRONZE
SUPERMERCADO TIERTE;186113,12;0;0;202,26;352,31;261;16;11;0;698;104;406,14;1872,63;0;8,94;7;2024;18;INATIVO;POSSE;Dia 25;NÃO;SUPERMERCADO;73;BRONZE
SUPERMERCADO TIERTE;179197,39;0;0;203,39;62,41;151;21;1;0;8;8;5,8;26,48;3,79;14,4;6;2025;52;INATIVO;POSSE;Dia 25;NÃO;SUPERMERCADO;73;BRONZE
SUPERMERCADO TIERTE;176799,74;0;0;356,47;144,93;174;22;1;0;24;33;6,49;29,68;3,22;3,51;8;2025;53;INATIVO;POSSE;Dia 25;NÃO;SUPERMERCADO;73;BRONZE
SUPERMERCADO TIERTE;165928,81;0;0;305,58;409,92;168;19;5;0;21;21;7,52;34,09;15,58;55,22;4;2025;50;INATIVO;POSSE;Dia 25;NÃO;SUPERMERCADO;73;BRONZE
SUPERMERCADO TIERTE;158435,97;0;0;2140,71;1857,11;304;67;41;2;635;501;452,28;2090,35;4,46;449,03;3;2024;128;INATIVO;POSSE;Dia 25;NÃO;SUPERMERCADO;73;BRONZE
SUPERMERCADO TIERTE;155151,22;0;0;4563,85;1823,63;510;143;67;9;732;1049;770,31;3553,34;2,76;129,29;1;2024;290;INATIVO;POSSE;Dia 25;NÃO;SUPERMERCADO;73;BRONZE
SUPERMERCADO TIERTE;150937,38;0;0;297,31;115,72;184;14;3;0;17;20;164,83;812;87,42;0;1;2025;80;INATIVO;POSSE;Dia 25;NÃO;SUPERMERCADO;73;BRONZE
SUPERMERCADO TIERTE;149152,26;0;0;360,29;193,93;161;23;0;0;15;15;176,04;849,9;38,63;77,31;3;2025;42;INATIVO;POSSE;Dia 25;NÃO;SUPERMERCADO;73;BRONZE
SUPERMERCADO TIERTE;148122,84;0;0;292,61;35,67;151;26;3;0;13;13;5,43;25,01;3,79;23,27;7;2025;60;INATIVO;POSSE;Dia 25;NÃO;SUPERMERCADO;73;BRONZE
SUPERMERCADO TIERTE;139863,49;0;0;184,67;227,05;258;15;11;0;670;121;372,41;1724,31;0;17,4;9;2024;18;INATIVO;POSSE;Dia 25;NÃO;SUPERMERCADO;73;BRONZE
SUPERMERCADO TIERTE;134697,93;0;0;142,57;297,78;249;12;9;0;660;141;377,52;1741;0;145;10;2024;13;INATIVO;POSSE;Dia 25;NÃO;SUPERMERCADO;73;BRONZE
SUPERMERCADO TIERTE;132940,36;0;0;67,24;338,56;235;14;11;0;670;131;345,29;1592,44;0;53,59;11;2024;17;INATIVO;POSSE;Dia 25;NÃO;SUPERMERCADO;73;BRONZE
SUPERMERCADO TIERTE;125744,77;0;0;347,43;45,59;182;9;0;0;16;17;120,65;596,42;24,65;2,38;2;2025;39;INATIVO;POSSE;Dia 25;NÃO;SUPERMERCADO;73;BRONZE
SUPERMERCADO TIERTE;117500,13;0;0;2469,14;2016,56;431;86;53;5;513;768;401,06;1855,5;3,75;158,84;2;2024;208;INATIVO;POSSE;Dia 25;NÃO;SUPERMERCADO;73;BRONZE
SUPERMERCADO TIERTE;105389,14;0;0;213,69;84,37;203;14;1;0;8;10;127,69;626,48;3,16;0;12;2024;77;INATIVO;POSSE;Dia 25;NÃO;SUPERMERCADO;73;BRONZE
SUPERMERCADO TIERTE;57284,08;0;0;2924,94;328,77;348;125;73;9;518;784;381,58;1760,8;0;0;12;2023;175;INATIVO;POSSE;Dia 25;NÃO;SUPERMERCADO;73;BRONZE
SUPERMERCADO TOP 10;1285143,72;36401,89;4368,23;5,13;52,48;17;15;4;0;9;8;0;41,56;0,97;0,76;7;2026;11;ATIVO;ABADIA DE GOIÁS;Dia 30;SIM;SUPERMERCADO;219;PRATA
SUPERMERCADO TOP 10;1254029,45;36783,35;4303,22;203,4;101,4;59;26;5;0;21;23;27,41;134,4;3,41;46,41;5;2026;28;ATIVO;ABADIA DE GOIÁS;Dia 30;SIM;SUPERMERCADO;219;PRATA
SUPERMERCADO TOP 10;1192633,22;34013,03;4081,56;181,56;89,02;33;15;6;0;7;7;19,38;97,34;0;5,4;6;2026;6;ATIVO;ABADIA DE GOIÁS;Dia 30;SIM;SUPERMERCADO;219;PRATA
SUPERMERCADO TOP 10;1050286,14;32064,14;3649,95;251,31;201,14;53;29;8;0;33;29;16,26;77,72;2,01;110,83;12;2024;35;ATIVO;ABADIA DE GOIÁS;Dia 30;SIM;SUPERMERCADO;219;PRATA
SUPERMERCADO TOP 10;1028959,62;28812,95;3036,78;501,57;639,96;92;56;10;0;34;34;17,26;88,21;5,08;128,34;3;2025;52;ATIVO;ABADIA DE GOIÁS;Dia 30;SIM;SUPERMERCADO;219;PRATA
SUPERMERCADO TOP 10;1012457,18;32938,74;3686,89;299,95;48,64;42;11;1;0;17;15;8,79;48,79;6,88;25,06;11;2025;33;ATIVO;ABADIA DE GOIÁS;Dia 30;SIM;SUPERMERCADO;219;PRATA
SUPERMERCADO TOP 10;1012235,11;30432,2;3490,5;243,76;305,32;57;52;6;0;15;29;6,28;37;7,89;75,55;4;2026;39;ATIVO;ABADIA DE GOIÁS;Dia 30;SIM;SUPERMERCADO;219;PRATA
SUPERMERCADO TOP 10;1001722,18;32173,2;3729,42;192,75;77,79;42;12;3;0;22;20;19,02;92,97;8,68;35,64;12;2025;31;ATIVO;ABADIA DE GOIÁS;Dia 30;SIM;SUPERMERCADO;219;PRATA
SUPERMERCADO TOP 10;982826,29;32252,77;3673,28;413,67;66,95;41;12;3;0;23;21;5,85;34,71;12,24;84,7;10;2025;28;ATIVO;ABADIA DE GOIÁS;Dia 30;SIM;SUPERMERCADO;219;PRATA
SUPERMERCADO TOP 10;971240,53;27541,72;2731,82;706,32;587,04;102;48;9;0;39;39;19,79;100,1;25,26;116,5;4;2025;51;ATIVO;ABADIA DE GOIÁS;Dia 30;SIM;SUPERMERCADO;219;PRATA
SUPERMERCADO TOP 10;949201,11;26742,11;3090,88;172,61;557,9;88;54;8;0;31;27;8,51;45,63;0;159,85;1;2025;56;ATIVO;ABADIA DE GOIÁS;Dia 30;SIM;SUPERMERCADO;219;PRATA
SUPERMERCADO TOP 10;935191,09;25140,98;2684,87;543,94;343,53;51;25;5;730;80;80;44,45;202,9;18,64;695,15;8;2024;45;ATIVO;ABADIA DE GOIÁS;Dia 30;SIM;SUPERMERCADO;219;PRATA
SUPERMERCADO TOP 10;915222,93;26564,31;2351,81;1059,5;677,7;145;55;11;0;37;36;33,07;158,08;0;97,34;8;2025;86;ATIVO;ABADIA DE GOIÁS;Dia 30;SIM;SUPERMERCADO;219;PRATA
SUPERMERCADO TOP 10;915004,64;24219,22;2386,52;683,16;571,09;108;48;11;0;43;43;22,84;114,81;21,32;117,01;5;2025;52;ATIVO;ABADIA DE GOIÁS;Dia 30;SIM;SUPERMERCADO;219;PRATA
SUPERMERCADO TOP 10;914589,52;29399,71;3366,45;301,1;131,66;48;24;6;0;29;25;7,2;36,18;2,57;98,12;11;2024;33;ATIVO;ABADIA DE GOIÁS;Dia 30;SIM;SUPERMERCADO;219;PRATA
SUPERMERCADO TOP 10;897106,99;25347,3;2740,76;581,06;105,31;51;21;7;647;78;21;41,41;193,81;10,26;337,67;9;2024;36;ATIVO;ABADIA DE GOIÁS;Dia 30;SIM;SUPERMERCADO;219;PRATA
SUPERMERCADO TOP 10;877402;27277,53;2399,59;1040,47;623,29;154;55;12;0;49;47;39,05;186,41;16,37;69,76;7;2025;95;ATIVO;ABADIA DE GOIÁS;Dia 30;SIM;SUPERMERCADO;219;PRATA
SUPERMERCADO TOP 10;876601,85;25702,87;2844,47;387,7;83,75;51;18;6;210;22;22;7,9;41,95;3,98;121,44;10;2024;31;ATIVO;ABADIA DE GOIÁS;Dia 30;SIM;SUPERMERCADO;219;PRATA
SUPERMERCADO TOP 10;866984,49;0;0;657,7;305,26;51;27;8;714;58;59;43,65;201,31;29,09;660,97;7;2024;37;ATIVO;ABADIA DE GOIÁS;Dia 30;NÃO;SUPERMERCADO;219;PRATA
SUPERMERCADO TOP 10;865152,17;25760,88;2378,82;906,7;609,99;120;45;9;0;41;39;27,51;140,82;9,5;122,82;6;2025;62;ATIVO;ABADIA DE GOIÁS;Dia 30;SIM;SUPERMERCADO;219;PRATA
SUPERMERCADO TOP 10;863335,21;28590,23;3299,54;196,86;59,95;39;19;2;0;20;19;14,92;71,19;3,58;8,16;1;2026;32;ATIVO;ABADIA DE GOIÁS;Dia 30;SIM;SUPERMERCADO;219;PRATA
SUPERMERCADO TOP 10;837501,75;0;0;370,51;370,51;43;27;6;708;46;48;36,03;165,35;16,88;566,04;6;2024;30;ATIVO;ABADIA DE GOIÁS;Dia 30;NÃO;SUPERMERCADO;219;PRATA
SUPERMERCADO TOP 10;831205,28;0;0;701,17;240,65;33;16;3;732;43;44;27,89;129,23;10,91;858,76;5;2024;22;ATIVO;ABADIA DE GOIÁS;Dia 30;NÃO;SUPERMERCADO;219;PRATA
SUPERMERCADO TOP 10;826337,02;26509,01;2905,5;357,66;424,91;80;53;10;0;33;29;11,01;60,74;1,05;103,98;2;2025;51;ATIVO;ABADIA DE GOIÁS;Dia 30;SIM;SUPERMERCADO;219;PRATA
SUPERMERCADO TOP 10;804238,97;24366,49;2326,07;784,29;560,5;134;44;7;0;34;34;28,48;140,43;6,05;74,35;9;2025;86;ATIVO;ABADIA DE GOIÁS;Dia 30;SIM;SUPERMERCADO;219;PRATA
SUPERMERCADO TOP 10;775401,2;0;0;4391,65;3301,76;314;137;25;698;1093;1207;35,38;175,21;857,85;23036,32;3;2024;594;ATIVO;ABADIA DE GOIÁS;Dia 30;NÃO;SUPERMERCADO;219;PRATA
SUPERMERCADO TOP 10;767232,5;23809,2;2716,1;168,71;301,44;45;52;3;0;29;31;7,81;46,27;5,76;60,06;3;2026;41;ATIVO;ABADIA DE GOIÁS;Dia 30;SIM;SUPERMERCADO;219;PRATA
SUPERMERCADO TOP 10;763379,39;21194,13;2463,04;163,77;48,65;39;19;2;0;25;24;14,22;67,06;7,7;30,81;2;2026;31;ATIVO;ABADIA DE GOIÁS;Dia 30;SIM;SUPERMERCADO;219;PRATA
SUPERMERCADO TOP 10;755447,43;0;0;633,84;572,54;43;34;4;702;59;60;21,86;101,11;68,03;760,82;4;2024;29;ATIVO;ABADIA DE GOIÁS;Dia 30;NÃO;SUPERMERCADO;219;PRATA
SUPERMERCADO TOP 10;277257,02;0;0;2238,49;1941,27;262;122;18;534;762;865;4,65;23,86;227,15;9493,37;12;2023;461;ATIVO;ABADIA DE GOIÁS;Dia 30;NÃO;SUPERMERCADO;219;PRATA
SUPERMERCADO TREMENDÃO (1-60);1450867,61;0;0;656,18;1764,68;135;59;25;0;586;248;825,73;3983,95;3,79;1256,79;12;2025;84;ATIVO;GOIÂNIA;Dia 30;NÃO;SUPERMERCADO;271;BRONZE
SUPERMERCADO TREMENDÃO (1-60);1261271,83;0;0;1112,69;789,23;166;67;17;0;592;240;659,03;3206,27;0;946,81;1;2026;174;ATIVO;GOIÂNIA;Dia 30;NÃO;SUPERMERCADO;271;BRONZE
SUPERMERCADO TREMENDÃO (1-60);1258858,38;0;0;926,21;2007,01;199;114;38;0;615;236;728,32;3531,12;5,01;1172,42;3;2026;129;ATIVO;GOIÂNIA;Dia 30;NÃO;SUPERMERCADO;271;BRONZE
SUPERMERCADO TREMENDÃO (1-60);1210216,15;0;0;1010,58;1282,14;90;33;6;0;483;220;440,42;2190,89;0,02;948,14;7;2025;82;ATIVO;GOIÂNIA;Dia 30;NÃO;SUPERMERCADO;271;BRONZE
SUPERMERCADO TREMENDÃO (1-60);1187438,82;0;0;1016,94;2523,26;128;52;6;0;602;256;742,2;3568,23;0;889,26;2;2026;108;ATIVO;GOIÂNIA;Dia 30;NÃO;SUPERMERCADO;271;BRONZE
SUPERMERCADO TREMENDÃO (1-60);1121371,93;0;0;644,69;1166,76;163;70;31;0;565;263;547,2;2675,23;9,28;945,06;10;2025;107;ATIVO;GOIÂNIA;Dia 30;NÃO;SUPERMERCADO;271;BRONZE
SUPERMERCADO TREMENDÃO (1-60);1112104,18;0;0;1467,05;633,45;141;184;26;0;418;233;463,64;2236,68;0,1;726,57;5;2025;0;ATIVO;GOIÂNIA;Dia 30;NÃO;SUPERMERCADO;271;BRONZE
SUPERMERCADO TREMENDÃO (1-60);1074221,06;0;0;779,29;1135,58;119;44;7;0;543;245;565,02;2750,24;1,44;949,24;8;2025;92;ATIVO;GOIÂNIA;Dia 30;NÃO;SUPERMERCADO;271;BRONZE
SUPERMERCADO TREMENDÃO (1-60);1048675,41;0;0;900,45;683,6;126;65;26;0;359;231;707,81;3320,14;1,1;925,91;3;2025;95;ATIVO;GOIÂNIA;Dia 30;NÃO;SUPERMERCADO;271;BRONZE
SUPERMERCADO TREMENDÃO (1-60);1021498,02;0;0;774,31;986,39;85;26;3;0;431;219;308,97;1545,84;0,02;865,66;6;2025;78;ATIVO;GOIÂNIA;Dia 30;NÃO;SUPERMERCADO;271;BRONZE
SUPERMERCADO TREMENDÃO (1-60);1016310,73;0;0;1033,27;965,28;46;199;30;0;252;103;284,77;1395,63;0,96;461,1;4;2025;0;ATIVO;GOIÂNIA;Dia 30;NÃO;SUPERMERCADO;271;BRONZE
SUPERMERCADO TREMENDÃO (1-60);924097,55;0;0;837,2;822,59;461;192;65;0;578;526;831;3878,37;298,34;1281,24;2;2025;250;ATIVO;GOIÂNIA;Dia 30;NÃO;SUPERMERCADO;271;BRONZE
SUPERMERCADO TREMENDÃO (1-60);862474,18;0;0;734,8;642,09;104;42;10;0;175;222;156,1;743,83;0;1023,65;12;2024;61;ATIVO;GOIÂNIA;Dia 30;NÃO;SUPERMERCADO;271;BRONZE
SUPERMERCADO TREMENDÃO (1-60);814639,82;0;0;482,82;250,4;69;39;4;28;327;418;299,47;1387,18;38,47;506,19;12;2023;46;ATIVO;GOIÂNIA;Dia 30;NÃO;SUPERMERCADO;271;BRONZE
SUPERMERCADO TREMENDÃO (1-60);812499,55;0;0;608,3;259,41;84;39;5;20;332;387;318,62;1474,37;90,35;1305,58;3;2024;52;ATIVO;GOIÂNIA;Dia 30;NÃO;SUPERMERCADO;271;BRONZE
SUPERMERCADO TREMENDÃO (1-60);768570,44;0;0;33,43;87,31;22;15;4;13;242;286;249,29;1147,23;68,43;650,48;10;2024;19;ATIVO;GOIÂNIA;Dia 30;NÃO;SUPERMERCADO;271;BRONZE
SUPERMERCADO TREMENDÃO (1-60);758073,76;0;0;46,56;316,75;72;53;7;86;0;0;0;0;0;0;9;2023;92;ATIVO;GOIÂNIA;Dia 30;NÃO;SUPERMERCADO;271;BRONZE
SUPERMERCADO TREMENDÃO (1-60);753400,39;0;0;37,04;372,1;50;32;6;47;87;122;693,25;3389,88;10,37;180,12;7;2023;60;ATIVO;GOIÂNIA;Dia 30;NÃO;SUPERMERCADO;271;BRONZE
SUPERMERCADO TREMENDÃO (1-60);751190,4;0;0;21,94;104,26;24;20;2;19;240;287;241,92;1110,01;73,4;671,75;8;2024;22;ATIVO;GOIÂNIA;Dia 30;NÃO;SUPERMERCADO;271;BRONZE
SUPERMERCADO TREMENDÃO (1-60);745833,09;0;0;49,96;302,38;74;52;12;144;220;305;133,11;623,11;23,13;45,49;10;2023;78;ATIVO;GOIÂNIA;Dia 30;NÃO;SUPERMERCADO;271;BRONZE
SUPERMERCADO TREMENDÃO (1-60);742341;0;0;4128,81;1395,11;199;80;15;0;323;455;215,12;994,09;36,51;4073,55;11;2024;103;ATIVO;GOIÂNIA;Dia 30;NÃO;SUPERMERCADO;271;BRONZE
SUPERMERCADO TREMENDÃO (1-60);741294,97;0;0;30,19;289,45;52;45;7;50;0;0;0;0;0;0;8;2023;65;ATIVO;GOIÂNIA;Dia 30;NÃO;SUPERMERCADO;271;BRONZE
SUPERMERCADO TREMENDÃO (1-60);736265,4;0;0;44,31;241,35;71;42;7;134;222;298;132;612,17;36,4;78,72;11;2023;41;ATIVO;GOIÂNIA;Dia 30;NÃO;SUPERMERCADO;271;BRONZE
SUPERMERCADO TREMENDÃO (1-60);730789,09;0;0;669,27;336,58;89;40;6;16;286;344;249,86;1149,66;81,83;488,74;4;2024;49;ATIVO;GOIÂNIA;Dia 30;NÃO;SUPERMERCADO;271;BRONZE
SUPERMERCADO TREMENDÃO (1-60);726312,94;0;0;707,21;201,15;79;33;3;20;271;33;236,07;1087,39;100,92;585,78;5;2024;45;ATIVO;GOIÂNIA;Dia 30;NÃO;SUPERMERCADO;271;BRONZE
SUPERMERCADO TREMENDÃO (1-60);702047,89;0;0;629,15;232,64;67;34;4;17;247;304;205,16;944,92;65,69;408,34;6;2024;40;ATIVO;GOIÂNIA;Dia 30;NÃO;SUPERMERCADO;271;BRONZE
SUPERMERCADO TREMENDÃO (1-60);701373,1;0;0;2166,68;1605,52;287;81;21;47;0;0;0;0;0;0;6;2023;871;ATIVO;GOIÂNIA;Dia 30;NÃO;SUPERMERCADO;271;BRONZE
SUPERMERCADO TREMENDÃO (1-60);696910,24;0;0;29,97;200,17;22;16;3;16;234;272;210,15;971,37;81,71;637,43;9;2024;18;ATIVO;GOIÂNIA;Dia 30;NÃO;SUPERMERCADO;271;BRONZE
SUPERMERCADO TREMENDÃO (1-60);696020,88;0;0;517,16;181,65;66;29;4;23;324;398;261;1212,04;45,19;306,08;1;2024;42;ATIVO;GOIÂNIA;Dia 30;NÃO;SUPERMERCADO;271;BRONZE
SUPERMERCADO TREMENDÃO (1-60);693816,21;0;0;138,07;81,2;44;21;3;20;243;293;214,05;982,66;76,87;564,8;7;2024;31;ATIVO;GOIÂNIA;Dia 30;NÃO;SUPERMERCADO;271;BRONZE
SUPERMERCADO TREMENDÃO (1-60);685781,76;0;0;803,78;1356,1;410;193;65;0;446;477;191,92;920,64;169,14;1014,36;1;2025;241;ATIVO;GOIÂNIA;Dia 30;NÃO;SUPERMERCADO;271;BRONZE
SUPERMERCADO TREMENDÃO (1-60);674330,18;0;0;0;614,53;74;16;4;13;1488;1808;991,03;4564;45,94;2030,74;3;2024;67;ATIVO;GOIÂNIA;Dia 30;NÃO;SUPERMERCADO;271;BRONZE
SUPERMERCADO TREMENDÃO (JUNTO);1311743,95;0;0;2818,84;3540,14;543;164;30;62;0;0;0;0;0;0;5;2023;1397;ATIVO;GOIÂNIA;Dia 30;NÃO;SUPERMERCADO;272;BRONZE
SUPERMERCADO TREMENDÃO CASA DE CARNE (1-99);4568851,71;0;0;172,38;705,41;94;2;1;0;11;12;359,94;727,71;0;19,15;9;2025;22;ATIVO;GOIÂNIA;Dia 30;NÃO;SUPERMERCADO;273;BRONZE
SUPERMERCADO TREMENDÃO CASA DE CARNE (1-99);1675906,45;0;0;598,44;2179,16;212;114;23;0;639;211;742,87;3576,93;0;771,44;3;2026;135;ATIVO;GOIÂNIA;Dia 30;NÃO;SUPERMERCADO;273;BRONZE
SUPERMERCADO TREMENDÃO CASA DE CARNE (1-99);1602057,5;0;0;342,8;1534,37;112;38;3;0;465;229;324,25;1623,55;2,96;1203,69;5;2025;102;ATIVO;GOIÂNIA;Dia 30;NÃO;SUPERMERCADO;273;BRONZE
SUPERMERCADO TREMENDÃO CASA DE CARNE (1-99);1501788,3;0;0;521,46;1403,39;134;47;15;0;629;237;582,63;2838,5;0;998,91;1;2026;139;ATIVO;GOIÂNIA;Dia 30;NÃO;SUPERMERCADO;273;BRONZE
SUPERMERCADO TREMENDÃO CASA DE CARNE (1-99);1477680,86;0;0;142,01;1328,11;111;34;1;0;428;213;289,87;1449,65;1,25;943,53;4;2025;102;ATIVO;GOIÂNIA;Dia 30;NÃO;SUPERMERCADO;273;BRONZE
SUPERMERCADO TREMENDÃO CASA DE CARNE (1-99);1434377,86;0;0;505,88;798,17;114;40;5;0;584;193;533,76;2597,01;0;541,5;2;2026;90;ATIVO;GOIÂNIA;Dia 30;NÃO;SUPERMERCADO;273;BRONZE
SUPERMERCADO TREMENDÃO CASA DE CARNE (1-99);1286665,78;0;0;161,47;1471,26;88;29;5;0;389;206;213,88;1051,06;0,51;822,07;3;2025;84;ATIVO;GOIÂNIA;Dia 30;NÃO;SUPERMERCADO;273;BRONZE
SUPERMERCADO TREMENDÃO CASA DE CARNE (1-99);1255930,84;0;0;145,29;1447,74;79;30;5;0;434;202;350,79;1716,17;0;912,97;6;2025;74;ATIVO;GOIÂNIA;Dia 30;NÃO;SUPERMERCADO;273;BRONZE
SUPERMERCADO TREMENDÃO CASA DE CARNE (1-99);1221173,08;0;0;189,34;1500,15;102;33;6;0;466;211;351,47;1730,05;1,67;925;8;2025;78;ATIVO;GOIÂNIA;Dia 30;NÃO;SUPERMERCADO;273;BRONZE
SUPERMERCADO TREMENDÃO CASA DE CARNE (1-99);1221079,81;0;0;305,59;1191,76;111;42;12;0;481;221;367,34;1797,89;6,28;781,67;10;2025;83;ATIVO;GOIÂNIA;Dia 30;NÃO;SUPERMERCADO;273;BRONZE
SUPERMERCADO TREMENDÃO CASA DE CARNE (1-99);1190371,42;0;0;148,54;1449,27;106;39;3;0;419;202;331,9;1634,11;0;810,28;7;2025;95;ATIVO;GOIÂNIA;Dia 30;NÃO;SUPERMERCADO;273;BRONZE
SUPERMERCADO TREMENDÃO CASA DE CARNE (1-99);1169318,35;0;0;102,02;457,92;39;9;1;0;285;178;297,32;1422,78;0,56;928,21;2;2025;51;ATIVO;GOIÂNIA;Dia 30;NÃO;SUPERMERCADO;273;BRONZE
SUPERMERCADO TREMENDÃO CASA DE CARNE (1-99);1154045,02;0;0;485,71;673,61;43;6;1;0;300;320;232,6;1096,01;0,51;20797,03;12;2024;64;ATIVO;GOIÂNIA;Dia 30;NÃO;SUPERMERCADO;273;BRONZE
SUPERMERCADO TREMENDÃO CASA DE CARNE (1-99);1009183,1;0;0;30,79;17,78;29;12;0;10;1848;2331;1542,97;7094,32;98,79;3354;8;2024;22;ATIVO;GOIÂNIA;Dia 30;NÃO;SUPERMERCADO;273;BRONZE
SUPERMERCADO TREMENDÃO CASA DE CARNE (1-99);990625,38;0;0;45,82;4,55;28;8;1;9;1871;2332;1555,84;7164,82;128,27;3664,08;10;2024;28;ATIVO;GOIÂNIA;Dia 30;NÃO;SUPERMERCADO;273;BRONZE
SUPERMERCADO TREMENDÃO CASA DE CARNE (1-99);977332,66;0;0;472,7;1001,01;49;14;4;0;923;1158;575,43;2653,11;13,6;1967,74;11;2024;103;ATIVO;GOIÂNIA;Dia 30;NÃO;SUPERMERCADO;273;BRONZE
SUPERMERCADO TREMENDÃO CASA DE CARNE (1-99);913917,79;0;0;39,71;37,11;27;12;2;10;1821;2294;1449,63;6671,15;100,72;3132,94;9;2024;24;ATIVO;GOIÂNIA;Dia 30;NÃO;SUPERMERCADO;273;BRONZE
SUPERMERCADO TREMENDÃO CASA DE CARNE (1-99);903048,97;0;0;566,54;411,85;49;13;2;0;234;199;247,97;1180,56;1,11;1409,38;1;2025;63;ATIVO;GOIÂNIA;Dia 30;NÃO;SUPERMERCADO;273;BRONZE
SUPERMERCADO TREMENDÃO CASA DE CARNE (1-99);824477,05;0;0;332,19;33;54;16;1;12;1707;2128;1250,42;5755,48;87,18;2719,04;7;2024;51;ATIVO;GOIÂNIA;Dia 30;NÃO;SUPERMERCADO;273;BRONZE
SUPERMERCADO TREMENDÃO CASA DE CARNE (1-99);817490,5;0;0;2073,19;110,16;85;24;4;13;1686;2059;1252,98;5774,69;69,81;2651,75;6;2024;81;ATIVO;GOIÂNIA;Dia 30;NÃO;SUPERMERCADO;273;BRONZE
SUPERMERCADO TREMENDÃO CASA DE CARNE (1-99);799166,12;0;0;1842,74;161,16;77;19;3;14;1571;1949;1185,74;5462,64;79,62;2516,07;5;2024;70;ATIVO;GOIÂNIA;Dia 30;NÃO;SUPERMERCADO;273;BRONZE
SUPERMERCADO TREMENDÃO CASA DE CARNE (1-99);795924,16;0;0;847,98;514,05;99;50;8;32;1433;1688;1816,95;8473,24;5,15;171,43;7;2023;80;ATIVO;GOIÂNIA;Dia 30;NÃO;SUPERMERCADO;273;BRONZE
SUPERMERCADO TREMENDÃO CASA DE CARNE (1-99);763699,91;0;0;1058,03;316,38;88;26;12;16;1611;2007;1221,07;5632,46;43,34;1651,48;12;2023;82;ATIVO;GOIÂNIA;Dia 30;NÃO;SUPERMERCADO;273;BRONZE
SUPERMERCADO TREMENDÃO CASA DE CARNE (1-99);708757,58;0;0;212,19;57,27;57;18;7;44;1464;1779;1217,99;5617,57;58,45;93,15;9;2023;75;ATIVO;GOIÂNIA;Dia 30;NÃO;SUPERMERCADO;273;BRONZE
SUPERMERCADO TREMENDÃO CASA DE CARNE (1-99);705174,96;0;0;769,33;298,49;67;49;5;42;1437;1710;1307,95;6031,48;41,83;161,64;8;2023;60;ATIVO;GOIÂNIA;Dia 30;NÃO;SUPERMERCADO;273;BRONZE
SUPERMERCADO TREMENDÃO CASA DE CARNE (1-99);694630,87;0;0;650,85;2246,62;352;123;12;32;0;0;0;0;0;0;6;2023;794;ATIVO;GOIÂNIA;Dia 30;NÃO;SUPERMERCADO;273;BRONZE
SUPERMERCADO TREMENDÃO CASA DE CARNE (1-99);633249,2;0;0;1536,7;95,76;77;23;7;12;1431;1747;890,2;4104,43;74,44;1966,84;4;2024;66;ATIVO;GOIÂNIA;Dia 30;NÃO;SUPERMERCADO;273;BRONZE
SUPERMERCADO TREMENDÃO CASA DE CARNE (1-99);611122,01;0;0;87,74;48,16;50;16;8;41;1442;1755;1175,14;5420,9;56,49;129,98;10;2023;52;ATIVO;GOIÂNIA;Dia 30;NÃO;SUPERMERCADO;273;BRONZE
SUPERMERCADO TREMENDÃO CASA DE CARNE (1-99);592364,28;0;0;1127,47;603,5;74;17;8;20;1498;1859;881,77;4066,22;55,99;2034,59;1;2024;66;ATIVO;GOIÂNIA;Dia 30;NÃO;SUPERMERCADO;273;BRONZE
SUPERMERCADO TREMENDÃO CASA DE CARNE (1-99);527042,46;0;0;33,74;78,64;36;15;5;39;1350;1610;908,89;4188,76;23,78;73,39;11;2023;43;ATIVO;GOIÂNIA;Dia 30;NÃO;SUPERMERCADO;273;BRONZE
SUPERMERCADO TURISTA;1934887,69;44335,03;0;1505,22;8133,97;213;83;11;0;2374;313;6601,88;31886,84;0,02;1428,46;12;2025;139;ATIVO;PIRENÓPOLIS;Dia 10;SIM;SUPERMERCADO;91;PRATA
SUPERMERCADO TURISTA;1768120,51;46715,16;27,65;1549,28;4937,64;191;64;10;0;2327;289;6432,98;31144,46;0,02;1189,82;1;2026;124;ATIVO;PIRENÓPOLIS;Dia 10;SIM;SUPERMERCADO;91;PRATA
SUPERMERCADO TURISTA;1717326,42;32339,01;738,5;3313,68;1115,04;221;74;17;0;2423;331;6509,85;31704,31;3,31;94,44;7;2026;127;ATIVO;PIRENÓPOLIS;Dia 10;SIM;SUPERMERCADO;91;PRATA
SUPERMERCADO TURISTA;1660107,91;38675,22;0;1331,71;4552,76;174;231;19;0;2366;427;5873,77;28508,31;9,49;311,92;4;2026;178;ATIVO;PIRENÓPOLIS;Dia 10;SIM;SUPERMERCADO;91;PRATA
SUPERMERCADO TURISTA;1525538,98;39271,51;13,82;1341,45;5152;210;72;15;0;2264;282;5453,05;26437,61;0;622,02;2;2026;142;ATIVO;PIRENÓPOLIS;Dia 10;SIM;SUPERMERCADO;91;PRATA
SUPERMERCADO TURISTA;1498946,92;37337,19;2617,73;1908,98;1230,81;183;79;17;0;2355;325;5403,99;26330,76;0,31;353,68;8;2026;142;ATIVO;PIRENÓPOLIS;Dia 10;SIM;SUPERMERCADO;91;PRATA
SUPERMERCADO TURISTA;1496273;41622,16;0;1554,81;798,41;163;225;15;0;2367;3394;5531,94;26852,97;1,17;240,15;6;2026;0;ATIVO;PIRENÓPOLIS;Dia 10;SIM;SUPERMERCADO;91;PRATA
SUPERMERCADO TURISTA;1486577,63;41734,92;0;1374,57;6399,31;207;76;9;0;2207;281;5513,02;26684,47;0;2060,94;11;2025;137;ATIVO;PIRENÓPOLIS;Dia 10;SIM;SUPERMERCADO;91;PRATA
SUPERMERCADO TURISTA;1486234,45;43275,3;0;1166,13;4271,49;164;220;16;0;2297;461;5251,84;25496,51;2,96;207,47;5;2026;128;ATIVO;PIRENÓPOLIS;Dia 10;SIM;SUPERMERCADO;91;PRATA
SUPERMERCADO TURISTA;1477622,97;35541,85;0;860,05;4568,49;145;61;15;0;2217;268;5238,52;25417,95;0,02;403;3;2026;121;ATIVO;PIRENÓPOLIS;Dia 10;SIM;SUPERMERCADO;91;PRATA
SUPERMERCADO TURISTA;1450970,36;45354,76;0;6723,07;2680,44;219;76;10;0;2257;283;5844,52;28374,23;0,94;1960;10;2025;143;ATIVO;PIRENÓPOLIS;Dia 10;SIM;SUPERMERCADO;91;PRATA
SUPERMERCADO TURISTA;1443016,24;27478,45;1593,59;10735,27;4716,64;365;153;34;0;2504;455;6608,49;31931,57;3,98;3795,99;7;2025;240;ATIVO;PIRENÓPOLIS;Dia 10;SIM;SUPERMERCADO;91;PRATA
SUPERMERCADO TURISTA;1254731,12;42533,35;5104;126,67;94,98;34;18;0;207;246;276;11,1;51,39;0;632;1;2025;21;ATIVO;PIRENÓPOLIS;Dia 10;SIM;SUPERMERCADO;91;PRATA
SUPERMERCADO TURISTA;1221858;42566,96;5037,98;75,65;218,49;36;14;1;203;51;93;51,42;237,31;4,62;63,9;12;2024;25;ATIVO;PIRENÓPOLIS;Dia 10;SIM;SUPERMERCADO;91;PRATA
SUPERMERCADO TURISTA;1214952,96;38829,75;4629,64;94,06;73,25;23;16;1;0;1119;1157;1,07;4,89;3,12;66023,52;4;2025;17;ATIVO;PIRENÓPOLIS;Dia 10;SIM;SUPERMERCADO;91;PRATA
SUPERMERCADO TURISTA;1204702,28;0;0;139,34;1094,17;70;28;0;229;58;102;96,88;446,25;21,36;294,75;7;2024;21;ATIVO;PIRENÓPOLIS;Dia 10;NÃO;SUPERMERCADO;91;PRATA
SUPERMERCADO TURISTA;1172994,45;0;0;879,56;573,13;150;100;20;217;106;142;101,24;465,43;29,24;246,41;12;2023;87;ATIVO;PIRENÓPOLIS;Dia 10;NÃO;SUPERMERCADO;91;PRATA
SUPERMERCADO TURISTA;1115763,32;39878,1;4732;60,91;49,4;31;21;2;210;630;715;15,77;73,1;5,88;4968,01;10;2024;10;ATIVO;PIRENÓPOLIS;Dia 10;SIM;SUPERMERCADO;91;PRATA
SUPERMERCADO TURISTA;1108815,17;0;0;87,87;274,2;58;51;6;196;80;122;43,51;201,11;202,04;149,01;1;2024;35;ATIVO;PIRENÓPOLIS;Dia 10;NÃO;SUPERMERCADO;91;PRATA
SUPERMERCADO TURISTA;1106346,58;0;0;39,7;229,59;60;29;2;203;50;85;34,5;158,97;105,49;50,8;5;2024;23;ATIVO;PIRENÓPOLIS;Dia 10;NÃO;SUPERMERCADO;91;PRATA
SUPERMERCADO TURISTA;1092566,29;39664,58;4712,95;42,42;73,84;21;16;1;13;1116;1151;0,87;3,94;7,03;58483,79;3;2025;20;ATIVO;PIRENÓPOLIS;Dia 10;SIM;SUPERMERCADO;91;PRATA
SUPERMERCADO TURISTA;1083447,67;39345,28;4681,32;53,25;119,52;23;16;2;0;1108;1146;5,15;23,81;71,56;59492,9;5;2025;11;ATIVO;PIRENÓPOLIS;Dia 10;SIM;SUPERMERCADO;91;PRATA
SUPERMERCADO TURISTA;1062574,21;39293,83;4670,84;85,54;40,96;31;14;2;193;0;0;0;0;0;0;11;2024;15;ATIVO;PIRENÓPOLIS;Dia 10;SIM;SUPERMERCADO;91;PRATA
SUPERMERCADO TURISTA;1036712,72;37294,77;4404,3984;133,6;342,12;63;36;13;204;46;82;130,84;604,25;13,77;116,91;9;2024;34;ATIVO;PIRENÓPOLIS;Dia 10;SIM;SUPERMERCADO;91;PRATA
SUPERMERCADO TURISTA;1014168,39;0;0;854,93;577,63;145;121;21;185;80;121;111,84;513,73;18,74;148,16;10;2023;174;ATIVO;PIRENÓPOLIS;Dia 10;NÃO;SUPERMERCADO;91;PRATA
SUPERMERCADO TURISTA;1005981,63;40687,59;873,21;210,5;1398,67;138;80;4;213;113;157;63,61;292,86;31,22;459,85;8;2024;82;ATIVO;PIRENÓPOLIS;Dia 10;SIM;SUPERMERCADO;91;PRATA
SUPERMERCADO TURISTA;1002274,32;0;0;37,18;81;62;31;4;190;20;31;15,17;71,55;5,49;7,9;3;2024;20;ATIVO;PIRENÓPOLIS;Dia 10;NÃO;SUPERMERCADO;91;PRATA
SUPERMERCADO TURISTA;983611,55;0;0;3320,94;496,25;120;50;18;188;71;111;108,93;501,69;14,13;155,05;9;2023;149;ATIVO;PIRENÓPOLIS;Dia 10;NÃO;SUPERMERCADO;91;PRATA
SUPERMERCADO TURISTA;974989,74;0;0;26,93;672,09;51;29;0;194;44;81;58,34;269,04;48,03;51,91;6;2024;24;ATIVO;PIRENÓPOLIS;Dia 10;NÃO;SUPERMERCADO;91;PRATA
SUPERMERCADO TURISTA;970524,36;0;0;772,75;567,63;143;117;16;187;96;135;86,96;399,4;15,58;207,18;11;2023;102;ATIVO;PIRENÓPOLIS;Dia 10;NÃO;SUPERMERCADO;91;PRATA
SUPERMERCADO TURISTA;950226,16;0;0;45,73;269,73;45;49;6;200;38;87;59,77;276,26;85,61;41,09;2;2024;32;ATIVO;PIRENÓPOLIS;Dia 10;NÃO;SUPERMERCADO;91;PRATA
SUPERMERCADO TURISTA;947361,57;30891,42;3658,41;67,13;40,16;23;13;0;189;1077;1107;1,64;7,77;1,42;53081,91;2;2025;17;ATIVO;PIRENÓPOLIS;Dia 10;SIM;SUPERMERCADO;91;PRATA
SUPERMERCADO TURISTA;940998,84;33779,86;4005,98;526,9;224,18;113;62;12;0;1733;1226;261,38;1260,42;88,53;48936,63;6;2025;118;ATIVO;PIRENÓPOLIS;Dia 10;SIM;SUPERMERCADO;91;PRATA
SUPERMERCADO TURISTA;873083,87;0;0;8,64;206,25;40;14;2;188;18;54;12,24;56,87;31,06;16,6;4;2024;6;ATIVO;PIRENÓPOLIS;Dia 10;NÃO;SUPERMERCADO;91;PRATA
SUPERMERCADO UNIÃO;1662301,53;0;0;20,78;27,74;16;8;0;2;22;30;4,98;22,72;0;173,95;12;2024;101;INATIVO;VIANÓPOLIS;Dia 25;NÃO;SUPERMERCADO;80;BRONZE
SUPERMERCADO UNIÃO;1454711,09;0;0;551,27;827,88;185;70;13;46;1095;1152;136,51;629,65;552,69;8961,22;12;2023;126;INATIVO;VIANÓPOLIS;Dia 25;NÃO;SUPERMERCADO;80;BRONZE
SUPERMERCADO UNIÃO;1421726,6;0;0;39,56;15,43;21;10;0;2;62;41;5,79;26,62;12,49;34,39;11;2024;97;INATIVO;VIANÓPOLIS;Dia 25;NÃO;SUPERMERCADO;80;BRONZE
SUPERMERCADO UNIÃO;1339630,68;0;0;74,09;22,57;36;9;0;27;25;45;8,35;38,87;22,72;128,14;10;2024;69;INATIVO;VIANÓPOLIS;Dia 25;NÃO;SUPERMERCADO;80;BRONZE
SUPERMERCADO UNIÃO;1329883,82;0;0;69,48;37,29;33;16;0;44;10;31;3,44;15,86;0;139,65;7;2024;37;INATIVO;VIANÓPOLIS;Dia 25;NÃO;SUPERMERCADO;80;BRONZE
SUPERMERCADO UNIÃO;1315023,5;0;0;177,36;63,94;60;23;1;40;38;51;9,5;43,75;47,11;101,73;5;2024;21;INATIVO;VIANÓPOLIS;Dia 25;NÃO;SUPERMERCADO;80;BRONZE
SUPERMERCADO UNIÃO;1314638,45;0;0;29,4;19,55;22;17;1;45;14;39;1,68;7,82;19,02;70,83;8;2024;15;INATIVO;VIANÓPOLIS;Dia 25;NÃO;SUPERMERCADO;80;BRONZE
SUPERMERCADO UNIÃO;1288029,38;0;0;319,06;177,55;63;28;5;42;71;75;82,28;379,17;78,53;602,23;2;2024;27;INATIVO;VIANÓPOLIS;Dia 25;NÃO;SUPERMERCADO;80;BRONZE
SUPERMERCADO UNIÃO;1286165,74;0;0;129,15;68,05;61;27;1;49;42;60;20,62;95,04;48,08;96,43;6;2024;34;INATIVO;VIANÓPOLIS;Dia 25;NÃO;SUPERMERCADO;80;BRONZE
SUPERMERCADO UNIÃO;1281621,33;0;0;233,64;40,08;25;18;0;40;17;41;21,86;100,81;52,26;44,67;3;2024;32;INATIVO;VIANÓPOLIS;Dia 25;NÃO;SUPERMERCADO;80;BRONZE
SUPERMERCADO UNIÃO;1250638,18;0;0;1095,74;296,03;1990;32;13;37;29;52;15,49;71,23;77,01;74,02;4;2024;20;INATIVO;VIANÓPOLIS;Dia 25;NÃO;SUPERMERCADO;80;BRONZE
SUPERMERCADO UNIÃO;1189524,11;0;0;294,69;592,38;125;46;8;48;96;120;57,67;266,89;24,82;446,83;1;2024;76;INATIVO;VIANÓPOLIS;Dia 25;NÃO;SUPERMERCADO;80;BRONZE
SUPERMERCADO UNIÃO;1090272,96;0;0;1325,73;1334,47;258;103;12;174;2021;2073;20,64;94,83;3211,99;57748,42;10;2023;215;INATIVO;VIANÓPOLIS;Dia 25;NÃO;SUPERMERCADO;80;BRONZE
SUPERMERCADO UNIÃO;1042350,17;0;0;1239,16;1375,54;262;111;17;186;2062;2111;16,2;74,26;3177,62;55914,1;11;2023;165;INATIVO;VIANÓPOLIS;Dia 25;NÃO;SUPERMERCADO;80;BRONZE
SUPERMERCADO UNIÃO;1023334,52;0;0;2579,91;1223,26;234;103;18;175;2169;2217;19,12;87,41;3019,8;54360,85;9;2023;306;INATIVO;VIANÓPOLIS;Dia 25;NÃO;SUPERMERCADO;80;BRONZE
SUPERMERCADO UNIÃO (RV);991839,35;0;0;7,96;186,23;27;0;0;2;6;7;1,98;8,93;0;16,25;12;2024;0;ATIVO;RIO VERDE;Dia 20;NÃO;SUPERMERCADO;165;BRONZE
SUPERMERCADO UNIÃO (RV);898763,59;0;0;0,21;10,88;5;0;0;0;1;1;0;0;0;2,76;12;2025;0;ATIVO;RIO VERDE;Dia 20;NÃO;SUPERMERCADO;165;BRONZE
SUPERMERCADO UNIÃO (RV);896290,74;0;0;9,8;95,61;22;0;0;0;2;3;1,9;8,6;0;37,22;5;2025;0;ATIVO;RIO VERDE;Dia 20;NÃO;SUPERMERCADO;165;BRONZE
SUPERMERCADO UNIÃO (RV);894782,63;0;0;57,51;26,8;8;0;0;0;9;9;0,01;0,06;4,17;57,63;5;2026;57,51;ATIVO;RIO VERDE;Dia 20;NÃO;SUPERMERCADO;165;BRONZE
SUPERMERCADO UNIÃO (RV);893560,48;0;0;8,47;139,64;37;3;3;12;8;10;3,96;18,27;5,46;14,78;5;2024;0;ATIVO;RIO VERDE;Dia 20;NÃO;SUPERMERCADO;165;BRONZE
SUPERMERCADO UNIÃO (RV);872880,47;0;0;0;107,05;24;1;1;16;6;8;0;0;6,1;31,51;6;2024;0;ATIVO;RIO VERDE;Dia 20;NÃO;SUPERMERCADO;165;BRONZE
SUPERMERCADO UNIÃO (RV);867019,13;0;0;0,68;54,4;6;0;0;0;3;3;0;0;4,16;20,21;8;2025;0;ATIVO;RIO VERDE;Dia 20;NÃO;SUPERMERCADO;165;BRONZE
SUPERMERCADO UNIÃO (RV);866842,89;0;0;1,04;79,33;17;1;1;16;9;11;1,3;5,73;0;27,5;3;2024;0;ATIVO;RIO VERDE;Dia 20;NÃO;SUPERMERCADO;165;BRONZE
SUPERMERCADO UNIÃO (RV);865933,93;0;0;30,03;38,74;15;2;2;2;6;7;2,62;11,92;3,61;5,08;3;2025;0;ATIVO;RIO VERDE;Dia 20;NÃO;SUPERMERCADO;165;BRONZE
SUPERMERCADO UNIÃO (RV);863779,33;0;0;17,46;273,45;25;2;1;2;6;7;0,19;0,87;0;22,45;10;2024;1;ATIVO;RIO VERDE;Dia 20;NÃO;SUPERMERCADO;165;BRONZE
SUPERMERCADO UNIÃO (RV);862570,82;0;0;4,17;42,17;9;0;0;0;0;0;0;0;0;0;6;2025;0;ATIVO;RIO VERDE;Dia 20;NÃO;SUPERMERCADO;165;BRONZE
SUPERMERCADO UNIÃO (RV);862344,89;0;0;9,26;98,41;33;1;0;24;29;29;1,59;7,4;17,1;179,48;12;2023;1;ATIVO;RIO VERDE;Dia 20;NÃO;SUPERMERCADO;165;BRONZE
SUPERMERCADO UNIÃO (RV);861031,23;0;0;14,59;236,24;19;1;0;2;9;9;7,04;31,45;0;52,21;11;2024;1;ATIVO;RIO VERDE;Dia 20;NÃO;SUPERMERCADO;165;BRONZE
SUPERMERCADO UNIÃO (RV);857635,47;0;0;0;156,04;159;0;0;18;6;6;0,94;4,33;20,09;0;4;2024;0;ATIVO;RIO VERDE;Dia 20;NÃO;SUPERMERCADO;165;BRONZE
SUPERMERCADO UNIÃO (RV);845366,15;0;0;0;54,57;3;1;1;14;3;3;9,22;42,39;0;4,28;8;2024;0;ATIVO;RIO VERDE;Dia 20;NÃO;SUPERMERCADO;165;BRONZE
SUPERMERCADO UNIÃO (RV);844430,22;0;0;69,76;162,08;22;2;2;0;14;15;1,87;8,8;1,02;94,56;6;2026;69;ATIVO;RIO VERDE;Dia 20;NÃO;SUPERMERCADO;165;BRONZE
SUPERMERCADO UNIÃO (RV);843479,11;0;0;9,87;79,2;4;0;0;0;2;2;0;0;0;11,09;7;2025;0;ATIVO;RIO VERDE;Dia 20;NÃO;SUPERMERCADO;165;BRONZE
SUPERMERCADO UNIÃO (RV);836312,66;0;0;31,84;49,52;13;0;0;0;6;6;0;0;0;45,45;3;2026;0;ATIVO;RIO VERDE;Dia 20;NÃO;SUPERMERCADO;165;BRONZE
SUPERMERCADO UNIÃO (RV);833023,11;0;0;0,14;13,42;5;0;0;0;5;7;0,15;0,68;4,17;6,88;10;2025;0;ATIVO;RIO VERDE;Dia 20;NÃO;SUPERMERCADO;165;BRONZE
SUPERMERCADO UNIÃO (RV);831587,64;0;0;61,05;41,5;12;0;0;0;27;28;0,94;4,29;6,95;138,21;4;2026;460;ATIVO;RIO VERDE;Dia 20;NÃO;SUPERMERCADO;165;BRONZE
SUPERMERCADO UNIÃO (RV);828379,74;0;0;25,2;116,85;22;1;1;2;5;6;3,06;14;1,75;37,97;4;2025;0;ATIVO;RIO VERDE;Dia 20;NÃO;SUPERMERCADO;165;BRONZE
SUPERMERCADO UNIÃO (RV);821577,39;0;0;8,56;182,85;15;1;1;15;2;2;0,71;3,27;0;2,25;7;2024;0;ATIVO;RIO VERDE;Dia 20;NÃO;SUPERMERCADO;165;BRONZE
SUPERMERCADO UNIÃO (RV);820717,75;;;47,94;214,49;22;2;2;0;8;9;0,44;2,16;1,2;58,83;7;2026;243;ATIVO;RIO VERDE;Dia 20;NÃO;SUPERMERCADO;165;BRONZE
SUPERMERCADO UNIÃO (RV);819900,39;0;0;1,04;113,47;17;0;0;2;0;0;0;0;0;0;1;2025;13;ATIVO;RIO VERDE;Dia 20;NÃO;SUPERMERCADO;165;BRONZE
SUPERMERCADO UNIÃO (RV);815905,93;0;0;68,46;1069,52;83;9;1;110;300;665;1180,34;5427,39;76,89;3299,29;7;2023;66;ATIVO;RIO VERDE;Dia 20;NÃO;SUPERMERCADO;165;BRONZE
SUPERMERCADO UNIÃO (RV);814699,28;0;0;24,42;242,25;25;1;0;2;6;6;0,52;2,4;0;16,38;9;2024;1;ATIVO;RIO VERDE;Dia 20;NÃO;SUPERMERCADO;165;BRONZE
SUPERMERCADO UNIÃO (RV);806803,8;0;0;24,86;1224,57;78;8;1;0;296;629;815,32;3754,87;56,07;3358,19;10;2023;66;ATIVO;RIO VERDE;Dia 20;NÃO;SUPERMERCADO;165;BRONZE
SUPERMERCADO UNIÃO (RV);785189,74;0;0;17,09;99,65;30;0;0;18;19;19;2,84;13,14;15,41;105,84;1;2024;0;ATIVO;RIO VERDE;Dia 20;NÃO;SUPERMERCADO;165;BRONZE
SUPERMERCADO UNIÃO (RV);784158,78;0;0;2,6;149,08;44;1;1;19;20;21;2,45;11,21;3,21;121,4;2;2024;0;ATIVO;RIO VERDE;Dia 20;NÃO;SUPERMERCADO;165;BRONZE
SUPERMERCADO UNIÃO (RV);778891,47;0;0;12,27;106,6;23;1;0;0;50;51;3,93;18,13;21,54;342,58;11;2023;1;ATIVO;RIO VERDE;Dia 20;NÃO;SUPERMERCADO;165;BRONZE
SUPERMERCADO UNIÃO (RV);772794,55;0;0;23,27;43,73;10;0;0;0;5;5;5,6;25,9;0;32,1;1;2026;0;ATIVO;RIO VERDE;Dia 20;NÃO;SUPERMERCADO;165;BRONZE
SUPERMERCADO UNIÃO (RV);766978,39;0;0;17,53;55,79;12;1;1;2;4;5;2,32;10,66;1,95;0;2;2025;0;ATIVO;RIO VERDE;Dia 20;NÃO;SUPERMERCADO;165;BRONZE
SUPERMERCADO UNIÃO (RV);732568,98;0;0;24,31;38,91;15;0;0;0;9;9;12,24;56,45;0;58,02;2;2026;0;ATIVO;RIO VERDE;Dia 20;NÃO;SUPERMERCADO;165;BRONZE
SUPERMERCADO VAREJÃO;6361722;97394,44;7001,28;5900,13;3099,02;115;74;5;0;0;0;0;0;0;0;5;2026;1729;ATIVO;VALPARAÍSO DE GOIÁS;Dia 10;SIM;SUPERMERCADO;100;PRATA
SUPERMERCADO VAREJÃO;6348347,86;0;0;2527,97;4261,28;159;106;2;316;0;0;0;0;0;0;12;2024;422;ATIVO;VALPARAÍSO DE GOIÁS;Dia 10;NÃO;SUPERMERCADO;100;PRATA
SUPERMERCADO VAREJÃO;6214350,44;0;0;3703,63;53314,88;355;295;3;326;0;0;0;0;0;0;3;2024;637;ATIVO;VALPARAÍSO DE GOIÁS;Dia 10;NÃO;SUPERMERCADO;100;PRATA
SUPERMERCADO VAREJÃO;6102725,54;89575,86;10706,24;1357,05;2152,62;120;72;9;0;0;0;0;0;0;0;8;2026;1712;ATIVO;VALPARAÍSO DE GOIÁS;Dia 10;SIM;SUPERMERCADO;100;PRATA
SUPERMERCADO VAREJÃO;6067663,6;61437,64;7160,87;1086,61;2489,99;116;75;6;0;0;0;0;0;0;0;7;2026;1738;ATIVO;VALPARAÍSO DE GOIÁS;Dia 10;SIM;SUPERMERCADO;100;PRATA
SUPERMERCADO VAREJÃO;5972553,33;89656,7;4883,88;6744,81;2969,87;145;85;1;0;0;0;0;0;0;0;3;2025;529;ATIVO;VALPARAÍSO DE GOIÁS;Dia 10;SIM;SUPERMERCADO;100;PRATA
SUPERMERCADO VAREJÃO;5899947,38;90459,94;8464,58;4085,17;2572,08;126;79;6;0;0;0;0;0;0;0;6;2026;1718;ATIVO;VALPARAÍSO DE GOIÁS;Dia 10;SIM;SUPERMERCADO;100;PRATA
SUPERMERCADO VAREJÃO;5870341,48;91732,59;10897,24;430,92;2175,75;95;78;1;0;0;0;0;0;0;0;5;2025;503;ATIVO;VALPARAÍSO DE GOIÁS;Dia 10;SIM;SUPERMERCADO;100;PRATA
SUPERMERCADO VAREJÃO;5853417,99;82583,87;9744,99;842,91;2221,49;99;84;2;0;0;0;0;0;0;0;3;2026;1731;ATIVO;VALPARAÍSO DE GOIÁS;Dia 10;SIM;SUPERMERCADO;100;PRATA
SUPERMERCADO VAREJÃO;5852150,73;90287,26;10654,45;248,67;3683,55;109;78;2;0;0;0;0;0;0;0;8;2025;538;ATIVO;VALPARAÍSO DE GOIÁS;Dia 10;SIM;SUPERMERCADO;100;PRATA
SUPERMERCADO VAREJÃO;5790249,32;0;0;3709,52;4975,54;170;111;1;327;0;0;0;0;0;0;10;2024;452;ATIVO;VALPARAÍSO DE GOIÁS;Dia 10;NÃO;SUPERMERCADO;100;PRATA
SUPERMERCADO VAREJÃO;5790249,32;0;0;3709,81;4984,05;167;109;1;327;0;0;0;0;0;0;11;2024;450;ATIVO;VALPARAÍSO DE GOIÁS;Dia 10;NÃO;SUPERMERCADO;100;PRATA
SUPERMERCADO VAREJÃO;5768720,35;0;0;2961,23;4174,64;231;172;8;336;0;0;0;0;0;0;5;2024;494;ATIVO;VALPARAÍSO DE GOIÁS;Dia 10;NÃO;SUPERMERCADO;100;PRATA
SUPERMERCADO VAREJÃO;5768436,31;77963,51;9345,85;1072,99;2816,49;96;83;3;0;0;0;0;0;0;0;12;2025;491;ATIVO;VALPARAÍSO DE GOIÁS;Dia 10;SIM;SUPERMERCADO;100;PRATA
SUPERMERCADO VAREJÃO;5763562,19;84600,97;10095,73;770,25;2674,94;177;154;3;0;0;0;0;0;0;0;11;2025;579;ATIVO;VALPARAÍSO DE GOIÁS;Dia 10;SIM;SUPERMERCADO;100;PRATA
SUPERMERCADO VAREJÃO;5635564,84;89359,23;10534,52;525,67;2744,78;106;75;2;0;0;0;0;0;0;0;7;2025;517;ATIVO;VALPARAÍSO DE GOIÁS;Dia 10;SIM;SUPERMERCADO;100;PRATA
SUPERMERCADO VAREJÃO;5630549,91;82355,27;9608,59;1107,85;2378,29;104;70;6;0;0;0;0;0;0;0;4;2026;1676;ATIVO;VALPARAÍSO DE GOIÁS;Dia 10;SIM;SUPERMERCADO;100;PRATA
SUPERMERCADO VAREJÃO;5627954,69;84481,49;10091,62;1195,36;2412,23;99;80;3;0;0;0;0;0;0;0;1;2026;1671;ATIVO;VALPARAÍSO DE GOIÁS;Dia 10;SIM;SUPERMERCADO;100;PRATA
SUPERMERCADO VAREJÃO;5626702,66;85768,52;10180,49;387,42;3204,22;109;86;5;0;0;0;0;0;0;0;9;2025;544;ATIVO;VALPARAÍSO DE GOIÁS;Dia 10;SIM;SUPERMERCADO;100;PRATA
SUPERMERCADO VAREJÃO;5599362,2;0;0;2046,52;4203,4;148;97;3;323;0;0;0;0;0;0;10;2024;465;ATIVO;VALPARAÍSO DE GOIÁS;Dia 10;NÃO;SUPERMERCADO;100;PRATA
SUPERMERCADO VAREJÃO;5562971,06;82024,94;346,25;1429,49;3358,74;200;105;2;0;0;0;0;0;0;0;1;2025;607;ATIVO;VALPARAÍSO DE GOIÁS;Dia 10;SIM;SUPERMERCADO;100;PRATA
SUPERMERCADO VAREJÃO;5552278,29;0;0;629,32;2988,67;138;71;0;325;0;0;0;0;0;0;8;2024;465;ATIVO;VALPARAÍSO DE GOIÁS;Dia 10;NÃO;SUPERMERCADO;100;PRATA
SUPERMERCADO VAREJÃO;5506940,1;83743,55;8088,44;2388,23;2295,65;117;83;1;0;0;0;0;0;0;0;4;2025;499;ATIVO;VALPARAÍSO DE GOIÁS;Dia 10;SIM;SUPERMERCADO;100;PRATA
SUPERMERCADO VAREJÃO;5482010,02;84376,36;9913,81;747,59;2598,8;110;77;2;0;0;0;0;0;0;0;6;2025;486;ATIVO;VALPARAÍSO DE GOIÁS;Dia 10;SIM;SUPERMERCADO;100;PRATA
SUPERMERCADO VAREJÃO;5469015,4;79976,01;9519,07;276,39;2395,47;89;76;4;0;0;0;0;0;0;0;10;2025;518;ATIVO;VALPARAÍSO DE GOIÁS;Dia 10;SIM;SUPERMERCADO;100;PRATA
SUPERMERCADO VAREJÃO;5357000,61;77026,49;4227,15;5978,11;2639,08;118;98;1;0;0;0;0;0;0;0;2;2025;601;ATIVO;VALPARAÍSO DE GOIÁS;Dia 10;SIM;SUPERMERCADO;100;PRATA
SUPERMERCADO VAREJÃO;5335214,71;0;0;2023,01;4057,23;274;261;9;326;0;0;0;0;0;0;2;2023;637;ATIVO;VALPARAÍSO DE GOIÁS;Dia 10;NÃO;SUPERMERCADO;100;PRATA
SUPERMERCADO VAREJÃO;5300738,86;0;0;920,63;3153,24;198;103;9;326;0;0;0;0;0;0;6;2024;469;ATIVO;VALPARAÍSO DE GOIÁS;Dia 10;NÃO;SUPERMERCADO;100;PRATA
SUPERMERCADO VAREJÃO;5249366,78;0;0;8942,87;23000,32;1297;923;17;334;0;0;0;0;0;0;1;2023;2637;ATIVO;VALPARAÍSO DE GOIÁS;Dia 10;NÃO;SUPERMERCADO;100;PRATA
SUPERMERCADO VAREJÃO;5237000,32;0;0;2301,15;2962,73;153;90;4;327;0;0;0;0;0;0;9;2024;465;ATIVO;VALPARAÍSO DE GOIÁS;Dia 10;NÃO;SUPERMERCADO;100;PRATA
SUPERMERCADO VAREJÃO;5215392,07;0;0;639,17;1819,33;160;86;2;318;0;0;0;0;0;0;7;2024;463;ATIVO;VALPARAÍSO DE GOIÁS;Dia 10;NÃO;SUPERMERCADO;100;PRATA
SUPERMERCADO VAREJÃO;5121813,67;0;0;1283,03;3586,16;241;189;3;333;0;0;0;0;0;0;4;2024;507;ATIVO;VALPARAÍSO DE GOIÁS;Dia 10;NÃO;SUPERMERCADO;100;PRATA
SUPERMERCADO VAREJÃO;5117044,8;72510,82;8701,3;2559,37;2051,27;107;102;2;0;0;0;0;0;0;0;2;2026;1796;ATIVO;VALPARAÍSO DE GOIÁS;Dia 10;SIM;SUPERMERCADO;100;PRATA
SUPERMERCADO VAREJÃO;3938970,73;0;0;4473,74;9377,28;412;223;9;328;0;0;0;0;0;0;7;2022;0;ATIVO;VALPARAÍSO DE GOIÁS;Dia 10;NÃO;SUPERMERCADO;100;PRATA
SUPERMERCADO VIEIRA;3177578,38;0;0;6994,56;1134,08;105;61;30;0;39;56;141,57;651,69;13,2;1151,4;12;2024;31;INATIVO;GOIÂNIA;Dia 10;NÃO;SUPERMERCADO;63;INATIVO
SUPERMERCADO VIEIRA;2971367,75;0;0;1507,39;1043,79;174;106;38;0;49;66;18,52;85,45;39,74;658;10;2024;47;INATIVO;GOIÂNIA;Dia 10;NÃO;SUPERMERCADO;63;INATIVO
SUPERMERCADO VIEIRA;2969034,39;0;0;6917,54;1000,96;116;77;35;0;39;58;101,82;469,33;31,27;285,4;11;2024;50;INATIVO;GOIÂNIA;Dia 10;NÃO;SUPERMERCADO;63;INATIVO
SUPERMERCADO VIEIRA;2888342,56;0;0;7807,8;2197,15;161;164;16;0;77;104;166,42;767,89;19,72;8897,45;5;2024;103;INATIVO;GOIÂNIA;Dia 10;NÃO;SUPERMERCADO;63;INATIVO
SUPERMERCADO VIEIRA;2878122,31;0;0;2741,34;617,4;115;77;21;0;39;56;19,43;89,63;37,95;666,35;8;2024;43;INATIVO;GOIÂNIA;Dia 10;NÃO;SUPERMERCADO;63;INATIVO
SUPERMERCADO VIEIRA;2817624,17;0;0;7407,99;29671,15;1150;420;257;0;825;802;440,8;2071,3;243,63;109045,01;3;2024;528;INATIVO;GOIÂNIA;Dia 10;NÃO;SUPERMERCADO;63;INATIVO
SUPERMERCADO VIEIRA;2803537,06;0;0;1654,92;1202,18;163;69;30;0;50;66;117,27;538,41;46,65;372,54;9;2024;47;INATIVO;GOIÂNIA;Dia 10;NÃO;SUPERMERCADO;63;INATIVO
SUPERMERCADO VIEIRA;2725854,37;0;0;1281,84;1040,25;102;134;20;0;51;74;41,03;186,9;18,9;1641,11;6;2024;100;INATIVO;GOIÂNIA;Dia 10;NÃO;SUPERMERCADO;63;INATIVO
SUPERMERCADO VIEIRA;2701571,75;0;0;1771,8;473,65;92;132;21;0;45;61;63,43;291,06;29,58;261,47;7;2024;39;INATIVO;GOIÂNIA;Dia 10;NÃO;SUPERMERCADO;63;INATIVO
SUPERMERCADO VIEIRA;2638063,52;0;0;894,32;785,42;862;355;156;0;570;583;230,25;1062,76;54,77;21438,14;4;2024;534;INATIVO;GOIÂNIA;Dia 10;NÃO;SUPERMERCADO;63;INATIVO
SUPERMERCADO VILLA BRASILEIRA;1769191,04;0;0;335,86;239;45;47;5;0;26;29;0;384,95;1,72;116;7;2026;76;ATIVO;ALTO PARAÍSO DE GOIÁS;Dia 15;NÃO;SUPERMERCADO;38;BRONZE
SUPERMERCADO VILLA BRASILEIRA;1729049,52;0;0;633,99;268,3;81;70;8;0;40;41;111,07;516,6;0;95,76;6;2026;63;ATIVO;ALTO PARAÍSO DE GOIÁS;Dia 15;NÃO;SUPERMERCADO;38;BRONZE
SUPERMERCADO VILLA BRASILEIRA;1664811,23;0;0;758,65;1335,59;162;152;9;0;55;55;71,92;333;0;377,2;5;2026;129;ATIVO;ALTO PARAÍSO DE GOIÁS;Dia 15;NÃO;SUPERMERCADO;38;BRONZE
SUPERMERCADO VILLA BRASILEIRA;1647285,8;0;0;81,36;497,68;56;46;7;0;30;30;10,79;50,51;0;112,23;8;2026;81;ATIVO;ALTO PARAÍSO DE GOIÁS;Dia 15;NÃO;SUPERMERCADO;38;BRONZE
SUPERMERCADO VS;790242,54;0;0;35,24;27,15;15;16;2;0;18;17;5,98;25;16,35;10,26;4;2026;11;ATIVO;APARECIDA DE GOIÂNIA;Dia 15;NÃO;SUPERMERCADO;141;PRATA
SUPERMERCADO VS;765754,45;0;0;15,28;217,48;20;10;2;0;14;18;32,3;147,24;2,26;16,24;3;2026;11;ATIVO;APARECIDA DE GOIÂNIA;Dia 15;NÃO;SUPERMERCADO;141;PRATA
SUPERMERCADO VS;751670,59;0;0;281,56;137,24;48;51;7;0;43;43;20,46;91,91;1,91;220,53;8;2026;23;ATIVO;APARECIDA DE GOIÂNIA;Dia 15;NÃO;SUPERMERCADO;141;PRATA
SUPERMERCADO VS;740260,46;0;0;27,61;140,73;29;25;12;0;21;21;10,46;46,5;2,58;16,42;6;2026;27;ATIVO;APARECIDA DE GOIÂNIA;Dia 15;NÃO;SUPERMERCADO;141;PRATA
SUPERMERCADO VS;734052,4;0;0;28,52;159,14;25;8;3;0;17;17;23,96;109,53;5,95;33,41;2;2026;12;ATIVO;APARECIDA DE GOIÂNIA;Dia 15;NÃO;SUPERMERCADO;141;PRATA
SUPERMERCADO VS;705582,58;0;0;217,7;25,84;28;28;1;0;13;14;5,37;22,66;5,89;69,49;5;2026;18;ATIVO;APARECIDA DE GOIÂNIA;Dia 15;NÃO;SUPERMERCADO;141;PRATA
SUPERMERCADO VS;700312,96;0;0;99,35;141,3;39;9;1;0;39;39;41,18;189;9,37;148,68;1;2026;19;ATIVO;APARECIDA DE GOIÂNIA;Dia 15;NÃO;SUPERMERCADO;141;PRATA
SUPERMERCADO VS;698533,15;0;0;43,69;72,93;31;32;7;0;28;27;7,97;35,58;4,4;21,98;7;2026;13;ATIVO;APARECIDA DE GOIÂNIA;Dia 15;NÃO;SUPERMERCADO;141;PRATA
SUPERMERCADO VS;695199,13;0;0;104,95;86,84;35;8;3;0;32;33;28,56;130,96;16,31;162,3;12;2025;17;ATIVO;APARECIDA DE GOIÂNIA;Dia 15;NÃO;SUPERMERCADO;141;PRATA
SUPERMERCADO VS;660240,1;0;0;81,35;84,68;24;8;2;0;19;19;16,93;76,53;4,35;19,6;10;2025;12;ATIVO;APARECIDA DE GOIÂNIA;Dia 15;NÃO;SUPERMERCADO;141;PRATA
SUPERMERCADO VS;575997,68;0;0;2825,47;84,7;505;27;5;0;14;16;4,73;30,39;14,61;13,81;4;2025;26;ATIVO;APARECIDA DE GOIÂNIA;Dia 15;NÃO;SUPERMERCADO;141;PRATA
SUPERMERCADO VS;574987,76;0;0;3,12;151,22;29;18;4;0;8;8;2,36;10,14;0,74;0;7;2025;14;ATIVO;APARECIDA DE GOIÂNIA;Dia 15;NÃO;SUPERMERCADO;141;PRATA
SUPERMERCADO VS;535531,56;0;0;219,05;303,15;93;31;5;0;73;82;29,19;133,44;13,19;167,14;3;2025;31;ATIVO;APARECIDA DE GOIÂNIA;Dia 15;NÃO;SUPERMERCADO;141;PRATA
SUPERMERCADO VS;518073,72;0;0;263,99;374,2;91;36;7;0;21;23;4,02;17,65;22,03;8,41;5;2025;35;ATIVO;APARECIDA DE GOIÂNIA;Dia 15;NÃO;SUPERMERCADO;141;PRATA
SUPERMERCADO VS;505059,15;0;0;3,71;215,52;32;13;2;0;5;5;1,31;4,91;0;8,95;8;2025;11;ATIVO;APARECIDA DE GOIÂNIA;Dia 15;NÃO;SUPERMERCADO;141;PRATA
SUPERMERCADO VS;501289,95;0;0;84,19;179,39;62;34;3;0;13;15;2,89;11,79;8,1;3,92;6;2025;36;ATIVO;APARECIDA DE GOIÂNIA;Dia 15;NÃO;SUPERMERCADO;141;PRATA
SUPERMERCADO VS;455912,72;0;0;191,49;389,74;67;32;9;0;74;82;45,59;209,7;5,78;151,04;11;2024;27;ATIVO;APARECIDA DE GOIÂNIA;Dia 15;NÃO;SUPERMERCADO;141;PRATA
SUPERMERCADO VS;445601,49;0;0;247,6;301,71;78;39;8;0;76;84;26,91;125,85;9,64;135,98;12;2024;61;ATIVO;APARECIDA DE GOIÂNIA;Dia 15;NÃO;SUPERMERCADO;141;PRATA
SUPERMERCADO VS;443161,97;0;0;124,01;313,05;66;32;6;0;66;73;26,99;121,39;4,6;144,18;1;2025;52;ATIVO;APARECIDA DE GOIÂNIA;Dia 15;NÃO;SUPERMERCADO;141;PRATA
SUPERMERCADO VS;400565,63;0;0;199,41;262,87;65;76;7;0;68;76;18,84;88,38;2,87;133,14;10;2024;28;ATIVO;APARECIDA DE GOIÂNIA;Dia 15;NÃO;SUPERMERCADO;141;PRATA
SUPERMERCADO VS;395233,35;0;0;0;44378,94;2942;3296;179;10;2085;3296;1946,59;8976,71;0;0;5;2024;630;ATIVO;APARECIDA DE GOIÂNIA;Dia 15;NÃO;SUPERMERCADO;141;PRATA
SUPERMERCADO VS;379908,35;0;0;130,71;234,47;64;30;6;0;75;84;26,99;124,08;7,6;137,87;2;2025;43;ATIVO;APARECIDA DE GOIÂNIA;Dia 15;NÃO;SUPERMERCADO;141;PRATA
SUPERMERCADO VS;299470,23;0;0;310,95;182,36;165;60;15;0;193;343;28,48;131,4;8,03;349,62;8;2024;233;ATIVO;APARECIDA DE GOIÂNIA;Dia 15;NÃO;SUPERMERCADO;141;PRATA
SUPERMERCADO VS;252013,72;0;0;116,39;122,5;47;26;6;0;48;53;5,83;27,71;6,22;92,25;9;2024;24;ATIVO;APARECIDA DE GOIÂNIA;Dia 15;NÃO;SUPERMERCADO;141;PRATA
SUPERMERCADO VS VALE DO SONHO III;761099,78;0;0;6,28;14,22;6;13;3;0;16;16;2,69;7,96;8,05;39,25;8;2026;2;ATIVO;APARECIDA DE GOIÂNIA;Dia 15;NÃO;SUPERMERCADO;158;BRONZE
SUPERMERCADO VS VALE DO SONHO III;700022,57;0;0;13,15;10,54;11;12;1;0;14;14;3,24;11,1;9,63;20,35;7;2026;7;ATIVO;APARECIDA DE GOIÂNIA;Dia 15;NÃO;SUPERMERCADO;158;BRONZE
SUPERMERCADO VS VALE DO SONHO III;676074,82;0;0;2085,83;18,62;462;13;2;0;44;44;629,26;3104,24;4,01;297,7;4;2026;16;ATIVO;APARECIDA DE GOIÂNIA;Dia 15;NÃO;SUPERMERCADO;158;BRONZE
SUPERMERCADO VS VALE DO SONHO III;647240,81;0;0;2041,68;271,45;473;18;4;0;20;20;20,22;97,24;9,28;27,35;5;2026;19;ATIVO;APARECIDA DE GOIÂNIA;Dia 15;NÃO;SUPERMERCADO;158;BRONZE
SUPERMERCADO VS VALE DO SONHO III;584318,48;0;0;197,99;158,08;71;38;10;0;69;75;517,88;2578,67;6,09;373,14;3;2026;39;ATIVO;APARECIDA DE GOIÂNIA;Dia 15;NÃO;SUPERMERCADO;158;BRONZE
SUPERMERCADO VS VALE DO SONHO III;496801,48;0;0;404,46;399,89;17;9;9;0;36;36;0;0;0;129,36;6;2026;3;ATIVO;APARECIDA DE GOIÂNIA;Dia 15;NÃO;SUPERMERCADO;158;BRONZE
SUPERMERCADO VS VALE DO SONHO III;356600,5;0;0;286,25;540,46;92;44;12;0;103;112;311,26;1540,96;15,91;293,77;2;2026;64;ATIVO;APARECIDA DE GOIÂNIA;Dia 15;NÃO;SUPERMERCADO;158;BRONZE
SUPERMERCADO ZAGO;1372414,08;0;0;484,53;303,29;59;28;14;0;8;9;7,61;34,95;15,16;14,4;5;2025;34;ATIVO;BURITI ALEGRE;Dia 30;NÃO;SUPERMERCADO;229;BRONZE
SUPERMERCADO ZAGO;1346838,81;0;0;320,01;536,44;96;36;8;0;30;37;13,95;64,7;69,47;28,92;4;2025;70;ATIVO;BURITI ALEGRE;Dia 30;NÃO;SUPERMERCADO;229;BRONZE
SUPERMERCADO ZAGO;1335549,6;0;0;304,94;877,38;66;36;13;0;40;46;18,23;84,54;31,34;99,06;12;2024;61;ATIVO;BURITI ALEGRE;Dia 30;NÃO;SUPERMERCADO;229;BRONZE
SUPERMERCADO ZAGO;1326357,11;0;0;846,29;140,47;53;27;8;0;718;1249;483,38;2229,01;3,4;220,88;12;2025;34;ATIVO;BURITI ALEGRE;Dia 30;NÃO;SUPERMERCADO;229;BRONZE
SUPERMERCADO ZAGO;1315174,15;0;0;567,23;344,96;137;37;104;0;18;27;6,49;29,9;2,33;23,4;7;2025;35;ATIVO;BURITI ALEGRE;Dia 30;NÃO;SUPERMERCADO;229;BRONZE
SUPERMERCADO ZAGO;1281950,69;0;0;137,07;58,79;31;17;30;0;804;1339;0;0;17,37;62,69;7;2026;22;ATIVO;BURITI ALEGRE;Dia 30;NÃO;SUPERMERCADO;229;BRONZE
SUPERMERCADO ZAGO;1270216,95;0;0;1314,33;687,31;76;29;12;0;10;13;10,98;50,67;11,6;13,76;6;2025;40;ATIVO;BURITI ALEGRE;Dia 30;NÃO;SUPERMERCADO;229;BRONZE
SUPERMERCADO ZAGO;1266946,29;0;0;3136,43;260,56;76;55;7;0;32;36;35,23;161,77;3,12;296,38;9;2025;59;ATIVO;BURITI ALEGRE;Dia 30;NÃO;SUPERMERCADO;229;BRONZE
SUPERMERCADO ZAGO;1243470,06;0;0;1002,4;101,65;59;41;10;0;308;553;115,31;531,92;0;94,35;10;2025;46;ATIVO;BURITI ALEGRE;Dia 30;NÃO;SUPERMERCADO;229;BRONZE
SUPERMERCADO ZAGO;1223233,99;0;0;109,36;74,41;46;18;12;0;705;1;423,08;1951,24;42,23;642,98;5;2026;33;ATIVO;BURITI ALEGRE;Dia 30;NÃO;SUPERMERCADO;229;BRONZE
SUPERMERCADO ZAGO;1222461,12;0;0;174,4;42,9;30;13;14;0;745;1218;488,99;2255,33;22,84;617,99;6;2026;24;ATIVO;BURITI ALEGRE;Dia 30;NÃO;SUPERMERCADO;229;BRONZE
SUPERMERCADO ZAGO;1219163,73;0;0;606,83;376,58;120;32;34;0;675;1157;417,35;1923,97;3,09;501,33;1;2026;57;ATIVO;BURITI ALEGRE;Dia 30;NÃO;SUPERMERCADO;229;BRONZE
SUPERMERCADO ZAGO;1205309,76;0;0;164,19;78,61;60;23;15;0;819;1;0;0;64,42;329,4;4;2026;28;ATIVO;BURITI ALEGRE;Dia 30;NÃO;SUPERMERCADO;229;BRONZE
SUPERMERCADO ZAGO;1200385,77;0;0;942,87;51,73;47;26;8;0;633;1076;414,69;1912,7;0;172,22;11;2025;34;ATIVO;BURITI ALEGRE;Dia 30;NÃO;SUPERMERCADO;229;BRONZE
SUPERMERCADO ZAGO;1193348,59;0;0;1798,34;358,91;77;39;11;0;13;19;2,37;10,89;3,4;38,94;8;2025;43;ATIVO;BURITI ALEGRE;Dia 30;NÃO;SUPERMERCADO;229;BRONZE
SUPERMERCADO ZAGO;1186802,29;0;0;555,32;109,45;83;30;29;0;780;1269;421,88;1945,6;75,09;1084,67;3;2026;38;ATIVO;BURITI ALEGRE;Dia 30;NÃO;SUPERMERCADO;229;BRONZE
SUPERMERCADO ZAGO;1101329,86;0;0;853,04;268,13;82;26;26;0;795;1254;415,91;1915,52;73,55;1130,38;2;2026;31;ATIVO;BURITI ALEGRE;Dia 30;NÃO;SUPERMERCADO;229;BRONZE
TEM SUPERMERCADOS;4302126,77;0;0;6365,26;3094,43;270;246;3;160;397;728;3873,65;19655,66;3,19;5844,62;3;2024;425;ATIVO;FORMOSA;Dia 30;NÃO;SUPERMERCADO;2;DIAMANTE
TEM SUPERMERCADOS;3745817,93;0;0;1199,62;3898,4;174;263;4;62;292;684;719;3330,01;72,72;2312,81;8;2025;521;ATIVO;FORMOSA;Dia 30;NÃO;SUPERMERCADO;2;DIAMANTE
TEM SUPERMERCADOS;3613389,68;0;0;2102,45;4369,02;258;223;3;70;278;644;3388,26;16742,86;72,52;2058,35;6;2025;453;ATIVO;FORMOSA;Dia 30;NÃO;SUPERMERCADO;2;DIAMANTE
TEM SUPERMERCADOS;3527110,21;0;0;709,24;814,49;180;140;4;0;326;680;592,74;2760,31;59,83;7950,67;9;2025;546;ATIVO;FORMOSA;Dia 30;NÃO;SUPERMERCADO;2;DIAMANTE
TEM SUPERMERCADOS;3414955,8;0;0;459,66;461,46;112;179;3;0;224;505;413,54;1919,95;27,75;4207,05;10;2025;328;ATIVO;FORMOSA;Dia 30;NÃO;SUPERMERCADO;2;DIAMANTE
TEM SUPERMERCADOS;3393585,68;0;0;208,5;226,53;52;47;2;0;178;283;374,3;1730,62;24,57;360,15;1;2026;92;ATIVO;FORMOSA;Dia 30;NÃO;SUPERMERCADO;2;DIAMANTE
TEM SUPERMERCADOS;3340796,32;0;0;147,62;212,74;41;129;3;0;154;229;375,66;1736,37;22,86;183,67;2;2026;74;ATIVO;FORMOSA;Dia 30;NÃO;SUPERMERCADO;2;DIAMANTE
TEM SUPERMERCADOS;3165913,08;0;0;408,08;247,83;53;48;1;0;161;249;347,67;1610,49;1,5;370,43;11;2025;84;ATIVO;FORMOSA;Dia 30;NÃO;SUPERMERCADO;2;DIAMANTE
TEM SUPERMERCADOS;2792607,4;0;0;157,78;256,23;40;145;243;0;170;243;393,85;1830,04;1,5;236,32;12;2025;196;ATIVO;FORMOSA;Dia 30;NÃO;SUPERMERCADO;2;DIAMANTE
TEM SUPERMERCADOS;2748605,27;0;0;491,3;1155,73;188;149;3;0;156;210;342,19;1575,45;9,01;29,27;3;2026;112;ATIVO;FORMOSA;Dia 30;NÃO;SUPERMERCADO;2;DIAMANTE
TEM SUPERMERCADOS;1440786,12;0;0;57,62;449,83;55;73;0;0;107;331;97,09;445,59;0;20,51;6;2026;90;ATIVO;FORMOSA;Dia 30;NÃO;SUPERMERCADO;2;DIAMANTE
TEM SUPERMERCADOS;1204995,19;0;0;23,24;208,55;24;42;1;0;23;35;15,18;69,69;0;16,94;5;2026;43;ATIVO;FORMOSA;Dia 30;NÃO;SUPERMERCADO;2;DIAMANTE
TIM TIM SUPERMERCADO;518165,08;24750,14;24750,14;467,12;35,68;45;14;8;0;83;86;70,31;324,22;32,89;146,82;11;2025;55;ATIVO;ANÁPOLIS;Dia 10;SIM;SUPERMERCADO;18;DIAMANTE
TIM TIM SUPERMERCADO;518165,08;25107,95;25107,95;467,96;72,61;52;16;8;0;87;90;70,9;326,85;32,89;159,75;12;2025;61;ATIVO;ANÁPOLIS;Dia 10;SIM;SUPERMERCADO;18;DIAMANTE
TIM TIM SUPERMERCADO;512843,96;24731,48;2693,44;313,59;24,82;37;9;6;0;87;92;83,21;384,73;7,12;28,79;10;2025;56;ATIVO;ANÁPOLIS;Dia 10;SIM;SUPERMERCADO;18;DIAMANTE
TIM TIM SUPERMERCADO;498206,65;27236,91;3268,43;12,95;55,27;11;8;1;0;98;99;98,19;452,39;1,11;2125,99;8;2026;58;ATIVO;ANÁPOLIS;Dia 10;NÃO;SUPERMERCADO;18;DIAMANTE
TIM TIM SUPERMERCADO;471013,64;26031,47;3123,78;16,82;29,84;15;8;1;0;87;91;86,27;396,75;10,22;1606,67;5;2026;55;ATIVO;ANÁPOLIS;Dia 10;SIM;SUPERMERCADO;18;DIAMANTE
TIM TIM SUPERMERCADO;433834,69;26215,02;3145,8;23,29;23,29;22;6;1;0;83;87;89,64;413,41;6,66;63,42;3;2026;64;ATIVO;ANÁPOLIS;Dia 10;SIM;SUPERMERCADO;18;DIAMANTE
TIM TIM SUPERMERCADO;433100,1;25844,64;3101,36;24,83;13,25;13;5;2;0;87;93;87,6;403,98;2,22;1927,66;6;2026;57;ATIVO;ANÁPOLIS;Dia 10;SIM;SUPERMERCADO;18;DIAMANTE
TIM TIM SUPERMERCADO;432718,62;23379,36;268,63;116,23;126,12;35;16;11;0;80;83;93,74;433,02;7,13;26,85;8;2025;435;ATIVO;ANÁPOLIS;Dia 10;SIM;SUPERMERCADO;18;DIAMANTE
TIM TIM SUPERMERCADO;429322,23;0;0;163,98;407,65;97;47;19;0;97;155;87,14;402,74;2,04;21,5;7;2025;414;ATIVO;ANÁPOLIS;Dia 10;NÃO;SUPERMERCADO;18;DIAMANTE
TIM TIM SUPERMERCADO;427536,86;26024,96;3123;24,98;23,35;29;50;3;0;96;100;99,75;459,73;2,59;2009,4;7;2026;69;ATIVO;ANÁPOLIS;Dia 10;NÃO;SUPERMERCADO;18;DIAMANTE
TIM TIM SUPERMERCADO;421789,38;23557,52;2632,98;254,73;13,54;38;6;5;0;74;76;80,12;368,74;2,22;34,85;1;2026;53;ATIVO;ANÁPOLIS;Dia 10;SIM;SUPERMERCADO;18;DIAMANTE
TIM TIM SUPERMERCADO;411130,82;22911,97;2747,64;8,67;31,08;16;10;1;0;82;84;75,77;348,85;2,22;1548,8;4;2026;62;ATIVO;ANÁPOLIS;Dia 10;SIM;SUPERMERCADO;18;DIAMANTE
TIM TIM SUPERMERCADO;409822,12;24410,24;2573,1;421,28;22,6;41;9;4;0;82;86;79,7;367,59;0;23,89;9;2025;88;ATIVO;ANÁPOLIS;Dia 10;SIM;SUPERMERCADO;18;DIAMANTE
TIM TIM SUPERMERCADO;403828,24;0;0;2400,81;1266,48;168;85;30;0;33;396;15,64;79,29;0;11,84;3;2025;110;ATIVO;ANÁPOLIS;Dia 10;NÃO;SUPERMERCADO;18;DIAMANTE
TIM TIM SUPERMERCADO;382675,8;23850,37;2862,04;45,85;17,95;24;10;3;0;78;80;76,82;353,72;1,11;63,81;2;2026;51;ATIVO;ANÁPOLIS;Dia 10;SIM;SUPERMERCADO;18;DIAMANTE
TIM TIM SUPERMERCADO;370645,24;0;0;111,41;659,03;116;66;18;0;90;306;86,46;409,72;0;120,63;6;2025;259;ATIVO;ANÁPOLIS;Dia 10;NÃO;SUPERMERCADO;18;DIAMANTE
TROPICAL HORTIFRUTI PREMIUM;1069807,08;0;0;217,31;694,26;70;39;12;0;72;65;61,67;267,99;0;271,71;5;2026;45;ATIVO;FORMOSA;Dia 15;NÃO;SUPERMERCADO;151;PRATA
TROPICAL HORTIFRUTI PREMIUM;933449,45;0;0;364,26;705,45;81;51;13;0;50;50;57,65;265,97;2,77;361;4;2026;62;ATIVO;FORMOSA;Dia 15;NÃO;SUPERMERCADO;151;PRATA
TROPICAL HORTIFRUTI PREMIUM;915568,57;0;0;252,94;734,12;60;30;8;0;47;40;0;193,17;1,75;115,13;6;2026;39;ATIVO;FORMOSA;Dia 15;NÃO;SUPERMERCADO;151;PRATA
TROPICAL HORTIFRUTI PREMIUM;902755,34;0;0;227,6;344,75;50;41;8;47;69;66;58,24;268,02;0;1473,42;8;2026;33;ATIVO;FORMOSA;Dia 15;NÃO;SUPERMERCADO;151;PRATA
TROPICAL HORTIFRUTI PREMIUM;894237,83;0;0;204,76;656,25;68;49;8;0;40;36;41,78;192,91;0;273,1;3;2026;70;ATIVO;FORMOSA;Dia 15;NÃO;SUPERMERCADO;151;PRATA
TROPICAL HORTIFRUTI PREMIUM;865326,61;0;0;294,24;404,91;44;26;1;0;41;35;100,12;460,81;0;136,82;12;2025;37;ATIVO;FORMOSA;Dia 15;NÃO;SUPERMERCADO;151;PRATA
TROPICAL HORTIFRUTI PREMIUM;852766,06;0;0;350,07;971,88;107;73;16;0;53;50;70,03;323,46;0;684,98;10;2025;85;ATIVO;FORMOSA;Dia 15;NÃO;SUPERMERCADO;151;PRATA
TROPICAL HORTIFRUTI PREMIUM;797560,07;0;0;425,55;2299,34;174;133;31;23;64;92;120,03;553,87;0;666,07;9;2025;146;ATIVO;FORMOSA;Dia 15;NÃO;SUPERMERCADO;151;PRATA
TROPICAL HORTIFRUTI PREMIUM;789839,82;0;0;1837,32;4444,75;322;277;92;29;86;162;69,61;320,8;58,06;326,71;8;2025;266;ATIVO;FORMOSA;Dia 15;NÃO;SUPERMERCADO;151;PRATA
TROPICAL HORTIFRUTI PREMIUM;755360,2;0;0;109,45;599,59;50;32;5;0;27;25;36,08;166,5;0;192,06;1;2026;41;ATIVO;FORMOSA;Dia 15;NÃO;SUPERMERCADO;151;PRATA
TROPICAL HORTIFRUTI PREMIUM;746747,64;0;0;1849,01;4469,97;303;272;90;27;107;186;118,39;545,94;21,07;278,02;6;2025;270;ATIVO;FORMOSA;Dia 15;NÃO;SUPERMERCADO;151;PRATA
TROPICAL HORTIFRUTI PREMIUM;727673,29;0;0;279,88;994,56;85;60;11;0;44;43;71,7;330,7;0;239,06;11;2025;62;ATIVO;FORMOSA;Dia 15;NÃO;SUPERMERCADO;151;PRATA
TROPICAL HORTIFRUTI PREMIUM;725128,89;0;0;178,6;414,33;52;32;9;0;27;25;29,39;135,51;0;203,68;2;2026;51;ATIVO;FORMOSA;Dia 15;NÃO;SUPERMERCADO;151;PRATA
UNIÃO DE ÁGUAS LINDAS;669164,37;26350,54;3030,27;76,9;12807,18;55;42;0;0;21;13;441,38;2452,79;9,13;10;2;2026;65;ATIVO;ÁGUAS LINDAS DE GOIÁS;Dia 20;SIM;SUPERMERCADO;182;PRATA
UNIÃO DE ÁGUAS LINDAS;662469,99;28850,47;3215,54;172,42;114,61;20;9;1;0;24;20;80,03;401,65;2,01;36,97;12;2025;15;ATIVO;ÁGUAS LINDAS DE GOIÁS;Dia 20;SIM;SUPERMERCADO;182;PRATA
UNIÃO DE ÁGUAS LINDAS;643136,79;28611,13;3433,34;60,14;132,61;44;46;1;0;28;28;3,74;24,07;0;35,14;5;2026;38;ATIVO;ÁGUAS LINDAS DE GOIÁS;Dia 20;NÃO;SUPERMERCADO;182;PRATA
UNIÃO DE ÁGUAS LINDAS;643069,59;28282,99;2369,46;865,26;1265,57;223;147;99;0;181;296;318,38;1476,07;51,88;825,83;3;2025;129;ATIVO;ÁGUAS LINDAS DE GOIÁS;Dia 20;SIM;SUPERMERCADO;182;PRATA
UNIÃO DE ÁGUAS LINDAS;639599,54;29135,09;3480,53;73,98;278,31;25;9;0;0;18;16;20,26;92,85;0,54;92,21;5;2025;18;ATIVO;ÁGUAS LINDAS DE GOIÁS;Dia 20;SIM;SUPERMERCADO;182;PRATA
UNIÃO DE ÁGUAS LINDAS;638886,8;25460,38;3053,56;8,3;19,84;14;6;0;0;14;13;14,98;69,81;0;8,27;8;2025;10;ATIVO;ÁGUAS LINDAS DE GOIÁS;Dia 20;SIM;SUPERMERCADO;182;PRATA
UNIÃO DE ÁGUAS LINDAS;629648,94;28190,79;2506,69;352,86;16,66;14;6;3;0;10;10;6,04;28,88;0;24,71;10;2025;8;ATIVO;ÁGUAS LINDAS DE GOIÁS;Dia 20;SIM;SUPERMERCADO;182;PRATA
UNIÃO DE ÁGUAS LINDAS;615891,24;29673,26;3557,16;15,59;165,49;16;6;0;0;17;13;18,09;86,84;0;17,69;6;2025;13;ATIVO;ÁGUAS LINDAS DE GOIÁS;Dia 20;SIM;SUPERMERCADO;182;PRATA
UNIÃO DE ÁGUAS LINDAS;609161,07;29405,79;3528,69;61,38;175,1;34;36;2;0;25;25;5,4;32,11;0;29,73;6;2026;28;ATIVO;ÁGUAS LINDAS DE GOIÁS;Dia 20;NÃO;SUPERMERCADO;182;PRATA
UNIÃO DE ÁGUAS LINDAS;607578,91;0;0;1295,63;815,93;130;57;10;0;136;281;98,02;449,89;25;1705,94;1;2025;95;ATIVO;ÁGUAS LINDAS DE GOIÁS;Dia 20;NÃO;SUPERMERCADO;182;PRATA
UNIÃO DE ÁGUAS LINDAS;607093,49;27425,99;3291,12;28,34;157,28;33;31;2;0;26;26;9,28;51,03;0;21,57;7;2026;38;ATIVO;ÁGUAS LINDAS DE GOIÁS;Dia 20;NÃO;SUPERMERCADO;182;PRATA
UNIÃO DE ÁGUAS LINDAS;601950,14;29339,8;3346,41;138,94;34,19;17;4;0;0;20;13;14,95;76,1;0;30,52;11;2025;10;ATIVO;ÁGUAS LINDAS DE GOIÁS;Dia 20;SIM;SUPERMERCADO;182;PRATA
UNIÃO DE ÁGUAS LINDAS;601341,28;28718,39;3445,4;4,39;139,35;10;8;0;0;15;13;20,8;97,39;0;10,78;7;2025;13;ATIVO;ÁGUAS LINDAS DE GOIÁS;Dia 20;SIM;SUPERMERCADO;182;PRATA
UNIÃO DE ÁGUAS LINDAS;597021,62;27361,84;3003,55;147,12;238,39;20;35;0;0;12;7;198,21;1089,22;2,19;9,59;1;2026;18;ATIVO;ÁGUAS LINDAS DE GOIÁS;Dia 20;SIM;SUPERMERCADO;182;PRATA
UNIÃO DE ÁGUAS LINDAS;595427,14;29241,18;3474,28;73,16;16,39;13;3;0;0;16;16;16,68;77,7;0;73,15;4;2025;10;ATIVO;ÁGUAS LINDAS DE GOIÁS;Dia 20;SIM;SUPERMERCADO;182;PRATA
UNIÃO DE ÁGUAS LINDAS;594979,78;27632,78;2492,03;298,37;59,01;28;14;4;0;22;17;8,26;39,54;0;39,12;9;2025;17;ATIVO;ÁGUAS LINDAS DE GOIÁS;Dia 20;SIM;SUPERMERCADO;182;PRATA
UNIÃO DE ÁGUAS LINDAS;589894;0;0;74,66;96,2;45;40;0;0;37;37;17,88;92,02;0;32,26;4;2026;42;ATIVO;ÁGUAS LINDAS DE GOIÁS;Dia 20;NÃO;SUPERMERCADO;182;PRATA
UNIÃO DE ÁGUAS LINDAS;580709,43;27644,63;3317,36;32,75;57,36;13;5;0;0;10;11;4,8;27,71;0;21,97;3;2026;27;ATIVO;ÁGUAS LINDAS DE GOIÁS;Dia 20;SIM;SUPERMERCADO;182;PRATA
VALE DO SONHO SUPERMERCADO;906455,95;0;0;33921,39;1016,05;468;247;52;0;0;0;175,2;810,25;84,62;37451,82;6;2026;238;ATIVO;GOIÂNIA;Dia 20;NÃO;SUPERMERCADO;180;PRATA
VALE DO SONHO SUPERMERCADO;903630,65;0;0;2073,42;2902,76;650;380;130;0;0;0;0;0;0;0;4;2026;319;ATIVO;GOIÂNIA;Dia 20;NÃO;SUPERMERCADO;180;PRATA
VALE DO SONHO SUPERMERCADO;844889,41;0;0;11897,64;19191,01;3489;84;31;0;0;0;0;0;0;0;3;2025;624;ATIVO;GOIÂNIA;Dia 20;NÃO;SUPERMERCADO;180;PRATA
VALE DO SONHO SUPERMERCADO;826209,66;0;0;2389,32;1963,83;467;267;94;0;0;0;0;0;0;0;12;2025;223;ATIVO;GOIÂNIA;Dia 20;NÃO;SUPERMERCADO;180;PRATA
VALE DO SONHO SUPERMERCADO;801761,21;0;0;3431,19;6539,3;618;411;120;0;0;0;0;0;0;0;1;2026;285;ATIVO;GOIÂNIA;Dia 20;NÃO;SUPERMERCADO;180;PRATA
VALE DO SONHO SUPERMERCADO;793357,19;0;0;3287,49;1344,85;415;220;74;0;0;0;0;0;0;0;8;2025;196;ATIVO;GOIÂNIA;Dia 20;NÃO;SUPERMERCADO;180;PRATA
VALE DO SONHO SUPERMERCADO;790106,32;;;20672,13;392,44;308;126;37;0;0;0;256,8;1179,39;145,72;25544,01;7;2026;244;ATIVO;GOIÂNIA;Dia 20;NÃO;SUPERMERCADO;180;PRATA
VALE DO SONHO SUPERMERCADO;789397,22;0;0;1599;1825,63;457;259;99;0;0;0;0;0;0;0;11;2025;208;ATIVO;GOIÂNIA;Dia 20;NÃO;SUPERMERCADO;180;PRATA
VALE DO SONHO SUPERMERCADO;781653,34;0;0;9649,62;16803,35;3458;158;41;0;0;0;0;0;0;0;4;2025;708;ATIVO;GOIÂNIA;Dia 20;NÃO;SUPERMERCADO;180;PRATA
VALE DO SONHO SUPERMERCADO;743114,72;0;0;2527,82;1796,22;458;274;102;0;0;0;0;0;0;0;2;2026;244;ATIVO;GOIÂNIA;Dia 20;NÃO;SUPERMERCADO;180;PRATA
VALE DO SONHO SUPERMERCADO;727372,34;0;0;3207,52;1832,88;587;106;35;0;0;0;0;0;0;0;5;2025;66;ATIVO;GOIÂNIA;Dia 20;NÃO;SUPERMERCADO;180;PRATA
VALE DO SONHO SUPERMERCADO;684818,19;0;0;3235,14;1649,89;290;137;77;0;0;0;0;0;0;0;3;2026;90;ATIVO;GOIÂNIA;Dia 20;NÃO;SUPERMERCADO;180;PRATA
VALE DO SONHO SUPERMERCADO;645961,87;0;0;2332,9;1228,19;391;220;79;0;0;0;0;0;0;0;9;2025;186;ATIVO;GOIÂNIA;Dia 20;NÃO;SUPERMERCADO;180;PRATA
VALE DO SONHO SUPERMERCADO;641154,63;0;0;2814,41;820,34;289;151;60;0;0;0;0;0;0;0;7;2025;138;ATIVO;GOIÂNIA;Dia 20;NÃO;SUPERMERCADO;180;PRATA
VALE DO SONHO SUPERMERCADO;635182,84;0;0;1137,4;1400,03;354;224;88;0;0;0;0;0;0;0;10;2025;172;ATIVO;GOIÂNIA;Dia 20;NÃO;SUPERMERCADO;180;PRATA
VALE DO SONHO SUPERMERCADO;567185,75;0;0;2948,3;677,96;252;126;50;0;0;0;0;0;0;0;6;2025;118;ATIVO;GOIÂNIA;Dia 20;NÃO;SUPERMERCADO;180;PRATA
VAREJÃO PAI & FILHO;1417235;0;0;95,73;969,02;72;87;11;0;349;818;347;1596,44;406,1;2332,46;5;2026;233;ATIVO;ITAPACI;Dia 30;NÃO;SUPERMERCADO;222;PRATA
VAREJÃO PAI & FILHO;1389533,21;0;0;47222,92;4429,55;2140;184;23;176;1058;1085;887,11;4121,19;349,08;8393,8;6;2024;577;ATIVO;ITAPACI;Dia 30;NÃO;SUPERMERCADO;222;PRATA
VAREJÃO PAI & FILHO;1370253,65;0;0;13239,34;1963,13;295;64;21;14;479;538;648,78;3068,89;210,44;1078,9;4;2024;184;ATIVO;ITAPACI;Dia 30;NÃO;SUPERMERCADO;222;PRATA
VAREJÃO PAI & FILHO;1295077,36;0;0;1100,78;574,4;332;39;19;0;305;327;151,19;700,8;52,44;4211,1;12;2025;113;ATIVO;ITAPACI;Dia 30;NÃO;SUPERMERCADO;222;PRATA
VAREJÃO PAI & FILHO;1284635,6;0;0;12570,75;2110,58;1450;127;15;179;1045;1067;805,99;3736,77;384,11;7307,7;7;2024;334;ATIVO;ITAPACI;Dia 30;NÃO;SUPERMERCADO;222;PRATA
VAREJÃO PAI & FILHO;1283874,7;0;0;1306,86;557,8;206;53;4;0;660;676;710,47;3275,36;129,21;5890,08;12;2024;162;ATIVO;ITAPACI;Dia 30;NÃO;SUPERMERCADO;222;PRATA
VAREJÃO PAI & FILHO;1280715,36;0;0;755,98;675,69;307;54;17;0;170;204;195,75;900,89;12,07;3511,16;7;2025;147;ATIVO;ITAPACI;Dia 30;NÃO;SUPERMERCADO;222;PRATA
VAREJÃO PAI & FILHO;1279821,89;0;0;265,82;233,53;46;24;4;0;293;560;232,73;1072,93;580,56;2047,17;6;2026;166;ATIVO;ITAPACI;Dia 30;NÃO;SUPERMERCADO;222;PRATA
VAREJÃO PAI & FILHO;1229110,31;0;0;73,79;1206;65;80;8;0;337;705;442,96;2041,06;39,79;5586,81;4;2026;220;ATIVO;ITAPACI;Dia 30;NÃO;SUPERMERCADO;222;PRATA
VAREJÃO PAI & FILHO;1212186,45;0;0;1900,53;503,72;194;60;5;170;903;920;781,41;3606,74;138,55;6725,91;10;2024;205;ATIVO;ITAPACI;Dia 30;NÃO;SUPERMERCADO;222;PRATA
VAREJÃO PAI & FILHO;1202367,49;0;0;9047,42;1731,34;1209;66;2;171;936;952;749,04;3447,61;211,62;7025,13;8;2024;238;ATIVO;ITAPACI;Dia 30;NÃO;SUPERMERCADO;222;PRATA
VAREJÃO PAI & FILHO;1196654,96;0;0;1043,81;507,28;270;44;13;0;298;330;175,21;807,32;19,77;4026,29;8;2025;133;ATIVO;ITAPACI;Dia 30;NÃO;SUPERMERCADO;222;PRATA
VAREJÃO PAI & FILHO;1195621,73;0;0;566,05;348,57;235;47;15;0;193;221;111,17;512,55;19,52;3724,55;5;2025;141;ATIVO;ITAPACI;Dia 30;NÃO;SUPERMERCADO;222;PRATA
VAREJÃO PAI & FILHO;1185348,41;0;0;1783,71;604,42;206;49;3;0;866;883;544,65;2508,95;171,16;5677,63;11;2024;186;ATIVO;ITAPACI;Dia 30;NÃO;SUPERMERCADO;222;PRATA
VAREJÃO PAI & FILHO;1177856,49;0;0;309,09;460,8;219;40;8;0;210;242;183,44;844,14;63,72;3300,83;4;2025;138;ATIVO;ITAPACI;Dia 30;NÃO;SUPERMERCADO;222;PRATA
VAREJÃO PAI & FILHO;1162203,04;0;0;1443,24;518,78;199;65;3;162;882;897;661,84;3056,19;248,78;7074,43;9;2024;334;ATIVO;ITAPACI;Dia 30;NÃO;SUPERMERCADO;222;PRATA
VAREJÃO PAI & FILHO;1150888,99;0;0;430,23;320,4;204;46;9;0;288;307;190,7;876,57;16,57;3410,57;3;2025;161;ATIVO;ITAPACI;Dia 30;NÃO;SUPERMERCADO;222;PRATA
VAREJÃO PAI & FILHO;1110575,27;0;0;87,19;865,57;74;108;10;0;383;930;323,44;1493,9;8,49;6351,09;3;2026;296;ATIVO;ITAPACI;Dia 30;NÃO;SUPERMERCADO;222;PRATA
VAREJÃO PAI & FILHO;1110377,22;0;0;497,4;387,95;237;46;15;0;184;212;152,18;699,11;21,17;3238,88;6;2025;127;ATIVO;ITAPACI;Dia 30;NÃO;SUPERMERCADO;222;PRATA
VAREJÃO PAI & FILHO;1075641,25;0;0;926,68;471,45;314;35;17;0;313;333;152,39;703,74;77,21;3324,58;11;2025;118;ATIVO;ITAPACI;Dia 30;NÃO;SUPERMERCADO;222;PRATA
VAREJÃO PAI & FILHO;1067300,6;0;0;6078,16;566,63;766;107;52;0;613;659;286,22;1312,74;161,41;4229,03;2;2025;247;ATIVO;ITAPACI;Dia 30;NÃO;SUPERMERCADO;222;PRATA
VAREJÃO PAI & FILHO;1063072,2;0;0;1391,24;662,32;377;58;36;0;257;286;142,27;659,45;86,34;3728,34;2;2026;132;ATIVO;ITAPACI;Dia 30;NÃO;SUPERMERCADO;222;PRATA
VAREJÃO PAI & FILHO;1053648,14;0;0;1072,56;184,88;112;15;0;0;649;659;328,53;1504,69;169,19;6295,51;1;2025;114;ATIVO;ITAPACI;Dia 30;NÃO;SUPERMERCADO;222;PRATA
VAREJÃO PAI & FILHO;1025203,78;0;0;993,89;500,33;350;33;14;0;305;329;114,59;529,71;117,41;3712,46;10;2025;112;ATIVO;ITAPACI;Dia 30;NÃO;SUPERMERCADO;222;PRATA
VAREJÃO PAI & FILHO;996073,14;0;0;857,55;392,1;277;28;9;0;270;296;85,11;392,58;8,9;3811,91;9;2025;106;ATIVO;ITAPACI;Dia 30;NÃO;SUPERMERCADO;222;PRATA
VAREJÃO PAI & FILHO;852410,82;0;0;1019,38;408,74;326;39;22;0;227;254;79,75;368,36;22,98;3258,6;1;2026;121;ATIVO;ITAPACI;Dia 30;NÃO;SUPERMERCADO;222;PRATA
VDL DISTRIBUIÇÃO E SERVIÇOS;1261977,08;0;0;1053,14;2051,83;3;5;0;0;1;2;0;0;0;1127,25;5;2026;4;ATIVO;QUIRINÓPOLIS;Dia 20;NÃO;SUPERMERCADO;184;OURO
VDL DISTRIBUIÇÃO E SERVIÇOS;1134383,71;0;0;39444,32;0;61;36;1;0;87;87;610,04;2809,27;0;60155,57;9;2025;36;ATIVO;QUIRINÓPOLIS;Dia 20;NÃO;SUPERMERCADO;184;OURO
VDL DISTRIBUIÇÃO E SERVIÇOS;1016767,04;0;0;3,24;246,97;3;6;0;0;3;5;69,77;321,34;0;9,12;3;2026;2;ATIVO;QUIRINÓPOLIS;Dia 20;NÃO;SUPERMERCADO;184;OURO
VDL DISTRIBUIÇÃO E SERVIÇOS;1013411,41;0;0;26646,69;966,61;57;24;0;0;81;81;3227,59;14866,42;0;0;4;2025;24;ATIVO;QUIRINÓPOLIS;Dia 20;NÃO;SUPERMERCADO;184;OURO
VDL DISTRIBUIÇÃO E SERVIÇOS;922626,3;0;0;1313,09;1301,47;12;2;0;0;8;8;637,5;2936,27;0;353,55;1;2026;1;ATIVO;QUIRINÓPOLIS;Dia 20;NÃO;SUPERMERCADO;184;OURO
VDL DISTRIBUIÇÃO E SERVIÇOS;917815,86;0;0;19,2;0;1;1;0;0;3;3;335,22;1544,25;0;837,68;10;2025;1;ATIVO;QUIRINÓPOLIS;Dia 20;NÃO;SUPERMERCADO;184;OURO
VDL DISTRIBUIÇÃO E SERVIÇOS;902558,18;0;0;86,19;0,03;2;0;0;0;2;2;0;0;0;92,23;11;2025;0;ATIVO;QUIRINÓPOLIS;Dia 20;NÃO;SUPERMERCADO;184;OURO
VDL DISTRIBUIÇÃO E SERVIÇOS;886837,16;0;0;547,84;196,24;5;7;0;0;2;4;0;30,76;0;586,37;6;2026;3;ATIVO;QUIRINÓPOLIS;Dia 20;NÃO;SUPERMERCADO;184;OURO
VDL DISTRIBUIÇÃO E SERVIÇOS;854812,81;0;0;1038,58;94,27;8;2;1;0;6;7;13,64;62,81;0;793,27;7;2025;1;ATIVO;QUIRINÓPOLIS;Dia 20;NÃO;SUPERMERCADO;184;OURO
VDL DISTRIBUIÇÃO E SERVIÇOS;829164,66;0;0;20847,83;256,86;50;1;0;0;53;54;197,48;909,82;0;25471,78;8;2025;1;ATIVO;QUIRINÓPOLIS;Dia 20;NÃO;SUPERMERCADO;184;OURO
VDL DISTRIBUIÇÃO E SERVIÇOS;782240,93;0;0;2873,3;10336,83;37;1;0;0;73;74;3397,84;15650,22;0;0;6;2025;1;ATIVO;QUIRINÓPOLIS;Dia 20;NÃO;SUPERMERCADO;184;OURO
VDL DISTRIBUIÇÃO E SERVIÇOS;781647,92;0;0;6441,05;3870,44;22;1;0;0;50;50;1155,06;5320,22;0;0;5;2025;0;ATIVO;QUIRINÓPOLIS;Dia 20;NÃO;SUPERMERCADO;184;OURO
VDL DISTRIBUIÇÃO E SERVIÇOS;765448,74;0;0;23081,45;6150,1;60;23;1;0;69;69;2440,47;11240,65;0;0;2;2025;23;ATIVO;QUIRINÓPOLIS;Dia 20;NÃO;SUPERMERCADO;184;OURO
VDL DISTRIBUIÇÃO E SERVIÇOS;635821,82;0;0;29492,81;1576,79;58;23;0;0;72;73;3156,98;14541,2;0;0;3;2025;23;ATIVO;QUIRINÓPOLIS;Dia 20;NÃO;SUPERMERCADO;184;OURO
VDL DISTRIBUIÇÃO E SERVIÇOS;607822,05;0;0;808,4;238,18;10;1;0;0;2;2;13,63;62,84;0;37,7;12;2025;1;ATIVO;QUIRINÓPOLIS;Dia 20;NÃO;SUPERMERCADO;184;OURO
VDL DISTRIBUIÇÃO E SERVIÇOS;530175,47;0;0;3662,3;2383,43;14;3;0;0;9;9;39,55;182,24;0;189,57;2;2026;1;ATIVO;QUIRINÓPOLIS;Dia 20;NÃO;SUPERMERCADO;184;OURO
VDL DISTRIBUIÇÃO E SERVIÇOS;440324,47;0;0;88,17;115,64;3;0;0;1;3;3;36,25;166,97;0;94,39;7;2026;0;ATIVO;QUIRINÓPOLIS;Dia 20;NÃO;SUPERMERCADO;184;OURO
VDL DISTRIBUIÇÃO E SERVIÇOS;435170,02;0;0;504,32;303,17;2;2;0;0;2;3;24,73;113,93;0;539,82;4;2026;1;ATIVO;QUIRINÓPOLIS;Dia 20;NÃO;SUPERMERCADO;184;OURO
VERDURÃO DO ROQUE;334707,02;0;0;1102,56;99,16;53;19;5;87;40;42;0;22,89;11,45;90,92;5;2026;40;ATIVO;SÃO MIGUEL DO ARAGUAIA;Dia 15;NÃO;SUPERMERCADO;39;PRATA
VERDURÃO DO ROQUE;298561,65;0;0;51,18;11,78;10;9;0;0;16;17;5,08;27,09;0;23,65;8;2026;6;ATIVO;SÃO MIGUEL DO ARAGUAIA;Dia 15;NÃO;SUPERMERCADO;39;PRATA
VERDURÃO DO ROQUE;283743,6;0;0;39,62;7,37;9;8;1;0;2;2;0;4,3;0;0;7;2026;5;ATIVO;SÃO MIGUEL DO ARAGUAIA;Dia 15;NÃO;SUPERMERCADO;39;PRATA
VERDURÃO DO ROQUE;275680,8;0;0;278,96;23,87;28;12;0;87;28;30;1,92;11,67;1,32;59,08;6;2026;21;ATIVO;SÃO MIGUEL DO ARAGUAIA;Dia 15;NÃO;SUPERMERCADO;39;PRATA
VERDURÃO ROSA MISTICA;225091,43;0;0;379,32;86,66;48;46;3;63;29;25;5,84;27,13;8,7;252,73;5;2026;24;ATIVO;SÃO MIGUEL DO ARAGUAIA;Dia 15;NÃO;SUPERMERCADO;40;PRATA
VERDURÃO ROSA MISTICA;213723,12;0;0;1,58;20,47;6;3;4;63;4;4;2,92;12,44;0,69;1,11;7;2026;5;ATIVO;SÃO MIGUEL DO ARAGUAIA;Dia 15;NÃO;SUPERMERCADO;40;PRATA
VERDURÃO ROSA MISTICA;208686,62;0;0;0,67;310,84;8;8;0;63;5;5;25,35;116,51;0;1,11;6;2026;6;ATIVO;SÃO MIGUEL DO ARAGUAIA;Dia 15;NÃO;SUPERMERCADO;40;PRATA
VERDURÃO ROSA MISTICA;208631,69;0;0;4,66;11,47;6;2;4;63;4;4;6,83;29,79;1,6;0;8;2026;5;ATIVO;SÃO MIGUEL DO ARAGUAIA;Dia 15;NÃO;SUPERMERCADO;40;PRATA
VMP CENTER;527148,89;0;0;17,68;0,79;5;3;2;0;110;121;113,3;523,81;0;52,31;8;2025;20;ATIVO;GOIÂNIA;Dia 10;NÃO;SUPERMERCADO;113;PRATA
VMP CENTER;507275,63;0;0;10,9;38,67;9;6;0;0;133;150;141,96;654,93;0;87,01;8;2026;15;ATIVO;GOIÂNIA;Dia 10;NÃO;SUPERMERCADO;113;PRATA
VMP CENTER;493626,32;0;0;12,28;4,94;5;4;1;0;106;119;89,44;413,49;0;122,74;6;2026;12;ATIVO;GOIÂNIA;Dia 10;NÃO;SUPERMERCADO;113;PRATA
VMP CENTER;492544,83;0;0;2,64;0,84;3;2;0;0;87;96;74,56;343,33;0;23,38;7;2025;20;ATIVO;GOIÂNIA;Dia 10;NÃO;SUPERMERCADO;113;PRATA
VMP CENTER;487482,62;0;0;263,45;39,48;15;7;0;0;113;127;115,94;534,74;0;320,2;5;2025;119;ATIVO;GOIÂNIA;Dia 10;NÃO;SUPERMERCADO;113;PRATA
VMP CENTER;486896,56;0;0;0,8;12,31;6;7;0;0;104;112;111,82;516,61;0;22,76;10;2025;15;ATIVO;GOIÂNIA;Dia 10;NÃO;SUPERMERCADO;113;PRATA
VMP CENTER;477207,77;0;0;10,59;10,06;5;5;0;0;121;138;93,64;432,39;0;91,29;7;2026;14;ATIVO;GOIÂNIA;Dia 10;NÃO;SUPERMERCADO;113;PRATA
VMP CENTER;475097,97;0;0;42,29;0;4;4;1;0;169;188;133,81;619,49;0;75,81;5;2026;12;ATIVO;GOIÂNIA;Dia 10;NÃO;SUPERMERCADO;113;PRATA
VMP CENTER;475097,97;0;0;42,29;0;4;4;1;0;169;188;133,81;619,49;0;75,81;5;2026;12;ATIVO;GOIÂNIA;Dia 10;NÃO;SUPERMERCADO;113;PRATA
VMP CENTER;473494,73;0;0;208,87;25,85;23;11;0;0;91;98;136,22;628,43;0;189,19;4;2025;121;ATIVO;GOIÂNIA;Dia 10;NÃO;SUPERMERCADO;113;PRATA
VMP CENTER;471180,66;0;0;2,2;33,01;6;7;0;0;82;91;90,12;416,61;0;34,81;9;2025;17;ATIVO;GOIÂNIA;Dia 10;NÃO;SUPERMERCADO;113;PRATA
VMP CENTER;470697,82;0;0;6,98;35,55;11;7;3;0;198;221;240,29;1110,1;0;39,21;3;2026;13;ATIVO;GOIÂNIA;Dia 10;NÃO;SUPERMERCADO;113;PRATA
VMP CENTER;468530,54;0;0;20,91;60,11;8;4;0;0;149;157;180,93;835,07;0;11,54;1;2026;14;ATIVO;GOIÂNIA;Dia 10;NÃO;SUPERMERCADO;113;PRATA
VMP CENTER;467493,53;0;0;75,35;17,43;14;8;0;0;129;143;93,26;430,08;0;98,17;6;2025;106;ATIVO;GOIÂNIA;Dia 10;NÃO;SUPERMERCADO;113;PRATA
VMP CENTER;457604,23;0;0;8,94;53,97;11;5;1;0;219;243;327,41;1512,34;0;20,33;4;2026;18;ATIVO;GOIÂNIA;Dia 10;NÃO;SUPERMERCADO;113;PRATA
VMP CENTER;431501,18;0;0;36,79;19,19;7;4;0;0;155;171;195,08;901,09;0;0;2;2026;12;ATIVO;GOIÂNIA;Dia 10;NÃO;SUPERMERCADO;113;PRATA
